runNumber,numLines,numBytes,schema,table,column,pattern,algorithm,preprocessTime,compileTime,runTime,numMatches
1,140953,1572709,CityMaxCapita,CityMaxCapita_1,First Link in Tweet,"http% instagram.com %",InMemory,0.025438,0.000103,16.135,0
1,140953,1572709,CityMaxCapita,CityMaxCapita_1,First Link in Tweet,"% status % 600",InMemory,0.013547,4e-05,1.06922,0
1,140953,1572709,CityMaxCapita,CityMaxCapita_1,First Link in Tweet,"%instagram.com%p%",InMemory,0.069456,2e-05,27.6247,22589
1,140953,1572709,CityMaxCapita,CityMaxCapita_1,First Link in Tweet,"%twitter.com%status%",InMemory,0.06521,3.4e-05,28.291,13124
1,140953,1572709,CityMaxCapita,CityMaxCapita_1,First Link in Tweet,"https% instagram.com %",InMemory,0.010928,1.6e-05,8.84767,0
1,140953,1572709,CityMaxCapita,CityMaxCapita_1,First Link in Tweet,"% p % taken",InMemory,0.008903,2.3e-05,0.94764,0
1,140953,1572709,CityMaxCapita,CityMaxCapita_1,First Link in Tweet,"%swarmapp.com%c%",InMemory,0.049319,1.4e-05,25.6789,3962
1,140953,1572709,CityMaxCapita,CityMaxCapita_1,First Link in Tweet,"%bit.ly%1%",InMemory,0.033531,2.4e-05,20.8495,4832
1,140953,1572709,CityMaxCapita,CityMaxCapita_1,First Link in Tweet,"http% bit.ly %",InMemory,0.008354,2e-05,14.4035,0
1,140953,1572709,CityMaxCapita,CityMaxCapita_1,First Link in Tweet,"% 2015 % story.html",InMemory,0.009332,4.3e-05,0.946767,0
1,140953,1572709,CityMaxCapita,CityMaxCapita_1,First Link in Tweet,"%youtube.com%watch%",InMemory,0.034675,2e-05,15.807,517
1,140953,1572709,CityMaxCapita,CityMaxCapita_1,First Link in Tweet,"%huffingtonpost.com%2015%",InMemory,0.057996,2.3e-05,13.3532,36
1,140953,1572709,CityMaxCapita,CityMaxCapita_1,First Link in Tweet,"%nytimes.com%2015%",InMemory,0.034576,1.4e-05,23.6726,123
1,140953,1572709,CityMaxCapita,CityMaxCapita_1,First Link in Tweet,"%washingtonpost.com%2015%",InMemory,0.032326,1.5e-05,10.0198,71
1,140953,1572709,CityMaxCapita,CityMaxCapita_1,First Link in Tweet,"%facebook.com%status%",InMemory,0.04512,2.8e-05,11.7637,0
1,140953,1572709,CityMaxCapita,CityMaxCapita_1,First Link in Tweet,"%youtu.be%Jk%",InMemory,0.027114,1.5e-05,15.8732,3
1,402119,1572768,CityMaxCapita,CityMaxCapita_1,User Bio,"Senior % at %",InMemory,0.06186,2.7e-05,2.41184,7
1,402119,1572768,CityMaxCapita,CityMaxCapita_1,User Bio,"% IG% NATHANN",InMemory,0.064796,2.9e-05,2.20916,0
1,402119,1572768,CityMaxCapita,CityMaxCapita_1,User Bio,"%love%peace%",InMemory,0.023329,4.1e-05,27.6613,8
1,402119,1572768,CityMaxCapita,CityMaxCapita_1,User Bio,"%music%art%",InMemory,0.035294,3.2e-05,25.9847,63
1,402119,1572768,CityMaxCapita,CityMaxCapita_1,User Bio,"Student % at % University",InMemory,0.084748,2.2e-05,2.28357,0
1,402119,1572768,CityMaxCapita,CityMaxCapita_1,User Bio,"% im % kitty",InMemory,0.048586,2e-05,2.18538,0
1,402119,1572768,CityMaxCapita,CityMaxCapita_1,User Bio,"%founder%ceo%",InMemory,0.024727,1.4e-05,16.9775,0
1,402119,1572768,CityMaxCapita,CityMaxCapita_1,User Bio,"%born%raised%",InMemory,0.033395,1.9e-05,18.9691,49
1,402119,1572768,CityMaxCapita,CityMaxCapita_1,User Bio,"Live % life % it",InMemory,0.069231,2e-05,2.8445,0
1,402119,1572768,CityMaxCapita,CityMaxCapita_1,User Bio,"% akron % 2019",InMemory,0.069487,2.9e-05,2.14457,0
1,402119,1572768,CityMaxCapita,CityMaxCapita_1,User Bio,"%business%marketing%",InMemory,0.040029,1.5e-05,19.1101,3
1,402119,1572768,CityMaxCapita,CityMaxCapita_1,User Bio,"%social%justice%",InMemory,0.034323,2e-05,26.4967,30
1,402119,1572768,CityMaxCapita,CityMaxCapita_1,User Bio,"%university%graduate%",InMemory,0.050075,3.8e-05,18.8967,1
1,402119,1572768,CityMaxCapita,CityMaxCapita_1,User Bio,"%travel%photography%",InMemory,0.040115,1.7e-05,27.5394,5
1,402119,1572768,CityMaxCapita,CityMaxCapita_1,User Bio,"%food%wine%",InMemory,0.018186,2.3e-05,17.1787,11
1,402119,1572768,CityMaxCapita,CityMaxCapita_1,User Bio,"%digital%media%",InMemory,0.046656,1.7e-05,21.1649,4
1,1715,3813,CommonGovernment,CommonGovernment_1,prod_or_serv_code,"J0% %0%",InMemory,0.035417,2.5e-05,0.038134,0
1,1715,3813,CommonGovernment,CommonGovernment_1,prod_or_serv_code,"% % 1%KF",InMemory,0.010458,1.5e-05,0.011747,0
1,1715,3813,CommonGovernment,CommonGovernment_1,prod_or_serv_code,"%A%1%",InMemory,0.040328,1.5e-05,0.054689,18
1,1715,3813,CommonGovernment,CommonGovernment_1,prod_or_serv_code,"%B%5%",InMemory,0.026172,1.4e-05,0.090104,46
1,1715,3813,CommonGovernment,CommonGovernment_1,prod_or_serv_code,"R4% %1%",InMemory,0.033313,1.5e-05,0.035985,0
1,1715,3813,CommonGovernment,CommonGovernment_1,prod_or_serv_code,"% % 2%44",InMemory,0.009831,1.6e-05,0.035873,0
1,1715,3813,CommonGovernment,CommonGovernment_1,prod_or_serv_code,"%C%1%",InMemory,0.035932,1.5e-05,0.08403,95
1,1715,3813,CommonGovernment,CommonGovernment_1,prod_or_serv_code,"%D%3%",InMemory,0.01788,1.5e-05,0.078554,26
1,1715,3813,CommonGovernment,CommonGovernment_1,prod_or_serv_code,"Z1% %N%",InMemory,0.012896,1.6e-05,0.048929,0
1,1715,3813,CommonGovernment,CommonGovernment_1,prod_or_serv_code,"% % 0%30",InMemory,0.009044,1.5e-05,0.036559,0
1,1715,3813,CommonGovernment,CommonGovernment_1,prod_or_serv_code,"%E%1%",InMemory,0.033484,1.6e-05,0.076907,64
1,1715,3813,CommonGovernment,CommonGovernment_1,prod_or_serv_code,"%J%0%",InMemory,0.025404,1.5e-05,0.076157,59
1,1715,3813,CommonGovernment,CommonGovernment_1,prod_or_serv_code,"%M%1%",InMemory,0.034969,1.5e-05,0.074397,109
1,1715,3813,CommonGovernment,CommonGovernment_1,prod_or_serv_code,"%R%4%",InMemory,0.017716,1.6e-05,0.089779,36
1,1715,3813,CommonGovernment,CommonGovernment_1,prod_or_serv_code,"%Y%1%",InMemory,0.034537,1.5e-05,0.080903,119
1,1715,3813,CommonGovernment,CommonGovernment_1,prod_or_serv_code,"%Z%2%",InMemory,0.028063,1.5e-05,0.095557,112
1,411161,1572796,CommonGovernment,CommonGovernment_1,vend_vendorname,"DEPARTMENT % OF % HEALTH",InMemory,0.047505,2.3e-05,2.75389,0
1,411161,1572796,CommonGovernment,CommonGovernment_1,vend_vendorname,"% % INC.",InMemory,0.04635,3.2e-05,4.75823,17488
1,411161,1572796,CommonGovernment,CommonGovernment_1,vend_vendorname,"%SERVICES%INC%",InMemory,0.062312,2.8e-05,36.7459,2818
1,411161,1572796,CommonGovernment,CommonGovernment_1,vend_vendorname,"%TECHNOLOGIES%LLC%",InMemory,0.050233,3.3e-05,23.3278,227
1,411161,1572796,CommonGovernment,CommonGovernment_1,vend_vendorname,"UNIVERSITY % OF % MISSOURI",InMemory,0.042217,3.2e-05,2.48688,0
1,411161,1572796,CommonGovernment,CommonGovernment_1,vend_vendorname,"% % LLC",InMemory,0.044771,3e-05,5.61288,8362
1,411161,1572796,CommonGovernment,CommonGovernment_1,vend_vendorname,"%SYSTEMS%CORPORATION%",InMemory,0.060081,2.3e-05,30.1104,130
1,411161,1572796,CommonGovernment,CommonGovernment_1,vend_vendorname,"%MANAGEMENT%SERVICES%",InMemory,0.054899,3.4e-05,18.0088,163
1,411161,1572796,CommonGovernment,CommonGovernment_1,vend_vendorname,"COUNTY % OF % SHELBY",InMemory,0.040538,1.5e-05,2.49046,0
1,411161,1572796,CommonGovernment,CommonGovernment_1,vend_vendorname,"% % CORPORATION",InMemory,0.045888,2.6e-05,3.97441,2132
1,411161,1572796,CommonGovernment,CommonGovernment_1,vend_vendorname,"%CONSTRUCTION%INC%",InMemory,0.056725,2e-05,26.9289,921
1,411161,1572796,CommonGovernment,CommonGovernment_1,vend_vendorname,"%HEALTH%CARE%",InMemory,0.039467,4.3e-05,20.7146,597
1,411161,1572796,CommonGovernment,CommonGovernment_1,vend_vendorname,"%INTERNATIONAL%INC%",InMemory,0.067009,2.8e-05,24.3735,956
1,411161,1572796,CommonGovernment,CommonGovernment_1,vend_vendorname,"%COMMUNICATIONS%INC%",InMemory,0.083394,2.9e-05,22.827,605
1,411161,1572796,CommonGovernment,CommonGovernment_1,vend_vendorname,"%GENERAL%DYNAMICS%",InMemory,0.053236,3.8e-05,12.3498,56
1,411161,1572796,CommonGovernment,CommonGovernment_1,vend_vendorname,"%LOCKHEED%MARTIN%",InMemory,0.045718,2.4e-05,19.3229,47
1,494564,1572767,HashTags,HashTags_1,interaction#content,"RT %@% #%",InMemory,0.04623,1.5e-05,3.07916,195
1,494564,1572767,HashTags,HashTags_1,interaction#content,"% #% #GreysAnatomy",InMemory,0.044051,4.7e-05,4.89035,288
1,494564,1572767,HashTags,HashTags_1,interaction#content,"%#Scandal%#%",InMemory,0.028074,4e-05,28.9282,2430
1,494564,1572767,HashTags,HashTags_1,interaction#content,"%#GreysAnatomy%#%",InMemory,0.036811,2.9e-05,24.1283,1218
1,494564,1572767,HashTags,HashTags_1,interaction#content,"Watching #% tonight %",InMemory,0.074986,3.8e-05,2.94731,2
1,494564,1572767,HashTags,HashTags_1,interaction#content,"% #% #Scandal",InMemory,0.044069,3e-05,8.73871,947
1,494564,1572767,HashTags,HashTags_1,interaction#content,"%#SharkTank%#%",InMemory,0.044109,1.6e-05,23.6689,162
1,494564,1572767,HashTags,HashTags_1,interaction#content,"%#Nashville%#%",InMemory,0.03606,1.5e-05,24.7767,572
1,494564,1572767,HashTags,HashTags_1,interaction#content,"I am watching #% on % %",InMemory,0.073144,3.3e-05,2.93921,0
1,494564,1572767,HashTags,HashTags_1,interaction#content,"% tonight % tonight",InMemory,0.077765,3.2e-05,3.01665,0
1,494564,1572767,HashTags,HashTags_1,interaction#content,"%#ModernFamily%#%",InMemory,0.053735,3.4e-05,23.3828,109
1,494564,1572767,HashTags,HashTags_1,interaction#content,"%#ABC%#%",InMemory,0.030289,2e-05,26.0766,1104
1,494564,1572767,HashTags,HashTags_1,interaction#content,"%#tvtag%http%",InMemory,0.053126,2.5e-05,25.9316,1940
1,494564,1572767,HashTags,HashTags_1,interaction#content,"%#ScandalThursday%#%",InMemory,0.049,4.3e-05,24.5553,343
1,494564,1572767,HashTags,HashTags_1,interaction#content,"%#OnceUponATime%#%",InMemory,0.054288,2.7e-05,21.6363,125
1,494564,1572767,HashTags,HashTags_1,interaction#content,"%#Castle%#%",InMemory,0.023216,2.3e-05,26.073,162
1,56749,663585,HashTags,HashTags_1,twitter#user#location,"New York% NY %",InMemory,0.043688,2e-05,0.516542,6
1,56749,663585,HashTags,HashTags_1,twitter#user#location,"% % Ohio",InMemory,0.031375,1.9e-05,0.468166,76
1,56749,663585,HashTags,HashTags_1,twitter#user#location,"%UT% % %",InMemory,0.050323,1.6e-05,6.45783,25
1,56749,663585,HashTags,HashTags_1,twitter#user#location,"% % , % %",InMemory,0.063584,1.5e-05,12.7128,25
1,56749,663585,HashTags,HashTags_1,twitter#user#location,"Chicago% IL %",InMemory,0.039051,3e-05,0.501001,15
1,56749,663585,HashTags,HashTags_1,twitter#user#location,"% % Texas",InMemory,0.029134,1.4e-05,0.67776,173
1,56749,663585,HashTags,HashTags_1,twitter#user#location,"% % - % %",InMemory,0.05826,1.4e-05,12.5474,145
1,56749,663585,HashTags,HashTags_1,twitter#user#location,"% % . % %",InMemory,0.070373,1.9e-05,13.2739,17
1,56749,663585,HashTags,HashTags_1,twitter#user#location,"Los Angeles% CA %",InMemory,0.043416,1.6e-05,0.72129,8
1,56749,663585,HashTags,HashTags_1,twitter#user#location,"% % California",InMemory,0.032824,1.5e-05,0.664418,128
1,56749,663585,HashTags,HashTags_1,twitter#user#location,"% Nashville % TN %",InMemory,0.091667,2.5e-05,8.20703,0
1,56749,663585,HashTags,HashTags_1,twitter#user#location,"% San % Francisco %",InMemory,0.101499,1.7e-05,5.24502,0
1,56749,663585,HashTags,HashTags_1,twitter#user#location,"% New % York %",InMemory,0.090677,2.2e-05,12.7813,0
1,56749,663585,HashTags,HashTags_1,twitter#user#location,"% Atlanta % GA %",InMemory,0.082154,1.6e-05,6.00741,0
1,56749,663585,HashTags,HashTags_1,twitter#user#location,"% % 757 %",InMemory,0.064693,2.2e-05,10.5362,8
1,56749,663585,HashTags,HashTags_1,twitter#user#location,"% % & % %",InMemory,0.070063,1.5e-05,13.5208,219
1,140953,1572709,CityMaxCapita,CityMaxCapita_1,First Link in Tweet,"http% instagram.com %",SSELLVMCompiled,0.021239,11.68,1.98943,0
1,140953,1572709,CityMaxCapita,CityMaxCapita_1,First Link in Tweet,"% status % 600",SSELLVMCompiled,0.013141,3.95973,0.497861,0
1,140953,1572709,CityMaxCapita,CityMaxCapita_1,First Link in Tweet,"%instagram.com%p%",SSELLVMCompiled,0.071598,33.1125,2.10168,22589
1,140953,1572709,CityMaxCapita,CityMaxCapita_1,First Link in Tweet,"%twitter.com%status%",SSELLVMCompiled,0.075639,31.9235,2.3054,13124
1,140953,1572709,CityMaxCapita,CityMaxCapita_1,First Link in Tweet,"https% instagram.com %",SSELLVMCompiled,0.014431,9.18167,1.41095,0
1,140953,1572709,CityMaxCapita,CityMaxCapita_1,First Link in Tweet,"% p % taken",SSELLVMCompiled,0.015147,3.43472,0.453497,0
1,140953,1572709,CityMaxCapita,CityMaxCapita_1,First Link in Tweet,"%swarmapp.com%c%",SSELLVMCompiled,0.065308,25.5514,2.19543,3962
1,140953,1572709,CityMaxCapita,CityMaxCapita_1,First Link in Tweet,"%bit.ly%1%",SSELLVMCompiled,0.048956,26.9738,1.86884,4832
1,140953,1572709,CityMaxCapita,CityMaxCapita_1,First Link in Tweet,"http% bit.ly %",SSELLVMCompiled,0.012667,8.87749,1.72884,0
1,140953,1572709,CityMaxCapita,CityMaxCapita_1,First Link in Tweet,"% 2015 % story.html",SSELLVMCompiled,0.013102,3.55931,0.455502,0
1,140953,1572709,CityMaxCapita,CityMaxCapita_1,First Link in Tweet,"%youtube.com%watch%",SSELLVMCompiled,0.051122,30.5883,1.92637,517
1,140953,1572709,CityMaxCapita,CityMaxCapita_1,First Link in Tweet,"%huffingtonpost.com%2015%",SSELLVMCompiled,0.074285,39.2938,1.88762,36
1,140953,1572709,CityMaxCapita,CityMaxCapita_1,First Link in Tweet,"%nytimes.com%2015%",SSELLVMCompiled,0.060982,29.3583,2.50344,123
1,140953,1572709,CityMaxCapita,CityMaxCapita_1,First Link in Tweet,"%washingtonpost.com%2015%",SSELLVMCompiled,0.045046,27.6631,1.54728,71
1,140953,1572709,CityMaxCapita,CityMaxCapita_1,First Link in Tweet,"%facebook.com%status%",SSELLVMCompiled,0.061185,29.1154,1.72416,0
1,140953,1572709,CityMaxCapita,CityMaxCapita_1,First Link in Tweet,"%youtu.be%Jk%",SSELLVMCompiled,0.049546,26.3091,1.79602,3
1,402119,1572768,CityMaxCapita,CityMaxCapita_1,User Bio,"Senior % at %",SSELLVMCompiled,0.057793,16.2849,1.63274,7
1,402119,1572768,CityMaxCapita,CityMaxCapita_1,User Bio,"% IG% NATHANN",SSELLVMCompiled,0.081715,36.4368,1.76881,0
1,402119,1572768,CityMaxCapita,CityMaxCapita_1,User Bio,"%love%peace%",SSELLVMCompiled,0.029048,23.7809,3.0866,8
1,402119,1572768,CityMaxCapita,CityMaxCapita_1,User Bio,"%music%art%",SSELLVMCompiled,0.050596,24.9337,2.97088,63
1,402119,1572768,CityMaxCapita,CityMaxCapita_1,User Bio,"Student % at % University",SSELLVMCompiled,0.073514,33.0633,1.8198,0
1,402119,1572768,CityMaxCapita,CityMaxCapita_1,User Bio,"% im % kitty",SSELLVMCompiled,0.066236,32.3236,1.95484,0
1,402119,1572768,CityMaxCapita,CityMaxCapita_1,User Bio,"%founder%ceo%",SSELLVMCompiled,0.048061,23.6156,2.55831,0
1,402119,1572768,CityMaxCapita,CityMaxCapita_1,User Bio,"%born%raised%",SSELLVMCompiled,0.048494,26.1217,2.50767,49
1,402119,1572768,CityMaxCapita,CityMaxCapita_1,User Bio,"Live % life % it",SSELLVMCompiled,0.083578,32.8139,2.09924,0
1,402119,1572768,CityMaxCapita,CityMaxCapita_1,User Bio,"% akron % 2019",SSELLVMCompiled,0.096194,50.2765,1.89285,0
1,402119,1572768,CityMaxCapita,CityMaxCapita_1,User Bio,"%business%marketing%",SSELLVMCompiled,0.073995,30.625,2.69402,3
1,402119,1572768,CityMaxCapita,CityMaxCapita_1,User Bio,"%social%justice%",SSELLVMCompiled,0.051214,30.5135,3.59803,30
1,402119,1572768,CityMaxCapita,CityMaxCapita_1,User Bio,"%university%graduate%",SSELLVMCompiled,0.066791,33.3628,2.77324,1
1,402119,1572768,CityMaxCapita,CityMaxCapita_1,User Bio,"%travel%photography%",SSELLVMCompiled,0.065664,28.3313,3.16429,5
1,402119,1572768,CityMaxCapita,CityMaxCapita_1,User Bio,"%food%wine%",SSELLVMCompiled,0.03049,21.6922,2.73522,11
1,402119,1572768,CityMaxCapita,CityMaxCapita_1,User Bio,"%digital%media%",SSELLVMCompiled,0.060254,30.7139,2.96779,4
1,1715,3813,CommonGovernment,CommonGovernment_1,prod_or_serv_code,"J0% %0%",SSELLVMCompiled,0.040192,14.7165,0.016105,0
1,1715,3813,CommonGovernment,CommonGovernment_1,prod_or_serv_code,"% % 1%KF",SSELLVMCompiled,0.019566,15.4009,0.007484,0
1,1715,3813,CommonGovernment,CommonGovernment_1,prod_or_serv_code,"%A%1%",SSELLVMCompiled,0.054057,17.2011,0.023889,18
1,1715,3813,CommonGovernment,CommonGovernment_1,prod_or_serv_code,"%B%5%",SSELLVMCompiled,0.041036,18.1568,0.017498,46
1,1715,3813,CommonGovernment,CommonGovernment_1,prod_or_serv_code,"R4% %1%",SSELLVMCompiled,0.050786,15.2762,0.017358,0
1,1715,3813,CommonGovernment,CommonGovernment_1,prod_or_serv_code,"% % 2%44",SSELLVMCompiled,0.022649,13.9268,0.013648,0
1,1715,3813,CommonGovernment,CommonGovernment_1,prod_or_serv_code,"%C%1%",SSELLVMCompiled,0.062854,18.0915,0.017182,95
1,1715,3813,CommonGovernment,CommonGovernment_1,prod_or_serv_code,"%D%3%",SSELLVMCompiled,0.028369,16.7501,0.016856,26
1,1715,3813,CommonGovernment,CommonGovernment_1,prod_or_serv_code,"Z1% %N%",SSELLVMCompiled,0.022652,17.727,0.019669,0
1,1715,3813,CommonGovernment,CommonGovernment_1,prod_or_serv_code,"% % 0%30",SSELLVMCompiled,0.018991,14.5155,0.012536,0
1,1715,3813,CommonGovernment,CommonGovernment_1,prod_or_serv_code,"%E%1%",SSELLVMCompiled,0.057293,18.9469,0.017003,64
1,1715,3813,CommonGovernment,CommonGovernment_1,prod_or_serv_code,"%J%0%",SSELLVMCompiled,0.048339,18.413,0.01699,59
1,1715,3813,CommonGovernment,CommonGovernment_1,prod_or_serv_code,"%M%1%",SSELLVMCompiled,0.065716,17.7672,0.01687,109
1,1715,3813,CommonGovernment,CommonGovernment_1,prod_or_serv_code,"%R%4%",SSELLVMCompiled,0.02759,16.6933,0.016647,36
1,1715,3813,CommonGovernment,CommonGovernment_1,prod_or_serv_code,"%Y%1%",SSELLVMCompiled,0.056212,18.1781,0.018083,119
1,1715,3813,CommonGovernment,CommonGovernment_1,prod_or_serv_code,"%Z%2%",SSELLVMCompiled,0.076272,14.2806,0.017838,112
1,411161,1572796,CommonGovernment,CommonGovernment_1,vend_vendorname,"DEPARTMENT % OF % HEALTH",SSELLVMCompiled,0.055754,28.6356,2.10258,0
1,411161,1572796,CommonGovernment,CommonGovernment_1,vend_vendorname,"% % INC.",SSELLVMCompiled,0.057732,23.2639,2.27334,17488
1,411161,1572796,CommonGovernment,CommonGovernment_1,vend_vendorname,"%SERVICES%INC%",SSELLVMCompiled,0.078056,24.7873,4.66972,2818
1,411161,1572796,CommonGovernment,CommonGovernment_1,vend_vendorname,"%TECHNOLOGIES%LLC%",SSELLVMCompiled,0.078175,29.7192,4.03925,227
1,411161,1572796,CommonGovernment,CommonGovernment_1,vend_vendorname,"UNIVERSITY % OF % MISSOURI",SSELLVMCompiled,0.055205,27.777,2.10152,0
1,411161,1572796,CommonGovernment,CommonGovernment_1,vend_vendorname,"% % LLC",SSELLVMCompiled,0.060515,23.1198,2.3141,8362
1,411161,1572796,CommonGovernment,CommonGovernment_1,vend_vendorname,"%SYSTEMS%CORPORATION%",SSELLVMCompiled,0.073001,26.8415,4.09891,130
1,411161,1572796,CommonGovernment,CommonGovernment_1,vend_vendorname,"%MANAGEMENT%SERVICES%",SSELLVMCompiled,0.06825,32.2547,3.48201,163
1,411161,1572796,CommonGovernment,CommonGovernment_1,vend_vendorname,"COUNTY % OF % SHELBY",SSELLVMCompiled,0.059628,27.5367,1.89893,0
1,411161,1572796,CommonGovernment,CommonGovernment_1,vend_vendorname,"% % CORPORATION",SSELLVMCompiled,0.072264,25.6349,1.96673,2132
1,411161,1572796,CommonGovernment,CommonGovernment_1,vend_vendorname,"%CONSTRUCTION%INC%",SSELLVMCompiled,0.082988,21.4354,3.94665,921
1,411161,1572796,CommonGovernment,CommonGovernment_1,vend_vendorname,"%HEALTH%CARE%",SSELLVMCompiled,0.054175,27.1037,3.45143,597
1,411161,1572796,CommonGovernment,CommonGovernment_1,vend_vendorname,"%INTERNATIONAL%INC%",SSELLVMCompiled,0.079602,20.586,4.12852,956
1,411161,1572796,CommonGovernment,CommonGovernment_1,vend_vendorname,"%COMMUNICATIONS%INC%",SSELLVMCompiled,0.107835,25.1418,3.75331,605
1,411161,1572796,CommonGovernment,CommonGovernment_1,vend_vendorname,"%GENERAL%DYNAMICS%",SSELLVMCompiled,0.071631,34.9833,2.83373,56
1,411161,1572796,CommonGovernment,CommonGovernment_1,vend_vendorname,"%LOCKHEED%MARTIN%",SSELLVMCompiled,0.061194,32.5921,3.33835,47
1,494564,1572767,HashTags,HashTags_1,interaction#content,"RT %@% #%",SSELLVMCompiled,0.059203,23.0353,2.37625,195
1,494564,1572767,HashTags,HashTags_1,interaction#content,"% #% #GreysAnatomy",SSELLVMCompiled,0.061281,25.8887,2.34392,288
1,494564,1572767,HashTags,HashTags_1,interaction#content,"%#Scandal%#%",SSELLVMCompiled,0.034151,21.6195,3.17566,2430
1,494564,1572767,HashTags,HashTags_1,interaction#content,"%#GreysAnatomy%#%",SSELLVMCompiled,0.048354,27.759,3.41555,1218
1,494564,1572767,HashTags,HashTags_1,interaction#content,"Watching #% tonight %",SSELLVMCompiled,0.098269,25.5418,2.39145,2
1,494564,1572767,HashTags,HashTags_1,interaction#content,"% #% #Scandal",SSELLVMCompiled,0.063955,23.3527,2.85411,947
1,494564,1572767,HashTags,HashTags_1,interaction#content,"%#SharkTank%#%",SSELLVMCompiled,0.064687,33.0257,3.23924,162
1,494564,1572767,HashTags,HashTags_1,interaction#content,"%#Nashville%#%",SSELLVMCompiled,0.053216,30.7153,3.76247,572
1,494564,1572767,HashTags,HashTags_1,interaction#content,"I am watching #% on % %",SSELLVMCompiled,0.093477,21.7151,2.35308,0
1,494564,1572767,HashTags,HashTags_1,interaction#content,"% tonight % tonight",SSELLVMCompiled,0.102696,42.8976,2.35191,0
1,494564,1572767,HashTags,HashTags_1,interaction#content,"%#ModernFamily%#%",SSELLVMCompiled,0.068624,36.6894,3.2575,109
1,494564,1572767,HashTags,HashTags_1,interaction#content,"%#ABC%#%",SSELLVMCompiled,0.04504,27.683,3.76569,1104
1,494564,1572767,HashTags,HashTags_1,interaction#content,"%#tvtag%http%",SSELLVMCompiled,0.073339,35.6122,3.78577,1940
1,494564,1572767,HashTags,HashTags_1,interaction#content,"%#ScandalThursday%#%",SSELLVMCompiled,0.069979,31.7528,3.17938,343
1,494564,1572767,HashTags,HashTags_1,interaction#content,"%#OnceUponATime%#%",SSELLVMCompiled,0.075884,36.9665,3.22411,125
1,494564,1572767,HashTags,HashTags_1,interaction#content,"%#Castle%#%",SSELLVMCompiled,0.038139,25.1087,3.39877,162
1,56749,663585,HashTags,HashTags_1,twitter#user#location,"New York% NY %",SSELLVMCompiled,0.056632,16.7063,0.30207,6
1,56749,663585,HashTags,HashTags_1,twitter#user#location,"% % Ohio",SSELLVMCompiled,0.045881,24.7003,0.271676,76
1,56749,663585,HashTags,HashTags_1,twitter#user#location,"%UT% % %",SSELLVMCompiled,0.082146,23.2428,1.0863,25
1,56749,663585,HashTags,HashTags_1,twitter#user#location,"% % , % %",SSELLVMCompiled,0.081147,20.5503,2.20639,25
1,56749,663585,HashTags,HashTags_1,twitter#user#location,"Chicago% IL %",SSELLVMCompiled,0.057136,17.3627,0.329985,15
1,56749,663585,HashTags,HashTags_1,twitter#user#location,"% % Texas",SSELLVMCompiled,0.04388,25.0624,0.282998,173
1,56749,663585,HashTags,HashTags_1,twitter#user#location,"% % - % %",SSELLVMCompiled,0.085775,20.9023,2.2836,145
1,56749,663585,HashTags,HashTags_1,twitter#user#location,"% % . % %",SSELLVMCompiled,0.101252,22.4164,2.18159,17
1,56749,663585,HashTags,HashTags_1,twitter#user#location,"Los Angeles% CA %",SSELLVMCompiled,0.05738,18.5654,0.518277,8
1,56749,663585,HashTags,HashTags_1,twitter#user#location,"% % California",SSELLVMCompiled,0.046311,25.926,0.306379,128
1,56749,663585,HashTags,HashTags_1,twitter#user#location,"% Nashville % TN %",SSELLVMCompiled,0.112279,26.9354,1.50566,0
1,56749,663585,HashTags,HashTags_1,twitter#user#location,"% San % Francisco %",SSELLVMCompiled,0.127356,33.0447,1.1424,0
1,56749,663585,HashTags,HashTags_1,twitter#user#location,"% New % York %",SSELLVMCompiled,0.115281,28.7596,2.14862,0
1,56749,663585,HashTags,HashTags_1,twitter#user#location,"% Atlanta % GA %",SSELLVMCompiled,0.112878,28.5196,1.12001,0
1,56749,663585,HashTags,HashTags_1,twitter#user#location,"% % 757 %",SSELLVMCompiled,0.083807,21.0258,1.80604,8
1,56749,663585,HashTags,HashTags_1,twitter#user#location,"% % & % %",SSELLVMCompiled,0.091004,22.5943,2.06158,219
1,140953,1572709,CityMaxCapita,CityMaxCapita_1,First Link in Tweet,"http% instagram.com %",SSECppCompiled,0.02479,293.236,0.968248,0
1,140953,1572709,CityMaxCapita,CityMaxCapita_1,First Link in Tweet,"% status % 600",SSECppCompiled,0.020242,289.547,0.506805,0
1,140953,1572709,CityMaxCapita,CityMaxCapita_1,First Link in Tweet,"%instagram.com%p%",SSECppCompiled,0.084318,339.502,2.47117,22589
1,140953,1572709,CityMaxCapita,CityMaxCapita_1,First Link in Tweet,"%twitter.com%status%",SSECppCompiled,0.082339,349.773,2.59667,13124
1,140953,1572709,CityMaxCapita,CityMaxCapita_1,First Link in Tweet,"https% instagram.com %",SSECppCompiled,0.019413,302.967,1.48477,0
1,140953,1572709,CityMaxCapita,CityMaxCapita_1,First Link in Tweet,"% p % taken",SSECppCompiled,0.02101,294.636,0.530137,0
1,140953,1572709,CityMaxCapita,CityMaxCapita_1,First Link in Tweet,"%swarmapp.com%c%",SSECppCompiled,0.076569,328.595,2.2849,3962
1,140953,1572709,CityMaxCapita,CityMaxCapita_1,First Link in Tweet,"%bit.ly%1%",SSECppCompiled,0.046927,324.895,2.0606,4832
1,140953,1572709,CityMaxCapita,CityMaxCapita_1,First Link in Tweet,"http% bit.ly %",SSECppCompiled,0.017684,288.095,0.980041,0
1,140953,1572709,CityMaxCapita,CityMaxCapita_1,First Link in Tweet,"% 2015 % story.html",SSECppCompiled,0.019986,284.523,0.505591,0
1,140953,1572709,CityMaxCapita,CityMaxCapita_1,First Link in Tweet,"%youtube.com%watch%",SSECppCompiled,0.059641,328.535,2.07756,517
1,140953,1572709,CityMaxCapita,CityMaxCapita_1,First Link in Tweet,"%huffingtonpost.com%2015%",SSECppCompiled,0.075366,347.908,1.91987,36
1,140953,1572709,CityMaxCapita,CityMaxCapita_1,First Link in Tweet,"%nytimes.com%2015%",SSECppCompiled,0.050904,324.789,2.75878,123
1,140953,1572709,CityMaxCapita,CityMaxCapita_1,First Link in Tweet,"%washingtonpost.com%2015%",SSECppCompiled,0.051035,322.448,1.66962,71
1,140953,1572709,CityMaxCapita,CityMaxCapita_1,First Link in Tweet,"%facebook.com%status%",SSECppCompiled,0.07206,342.136,1.89486,0
1,140953,1572709,CityMaxCapita,CityMaxCapita_1,First Link in Tweet,"%youtu.be%Jk%",SSECppCompiled,0.040275,316.81,2.08704,3
1,402119,1572768,CityMaxCapita,CityMaxCapita_1,User Bio,"Senior % at %",SSECppCompiled,0.065739,291.429,1.58878,7
1,402119,1572768,CityMaxCapita,CityMaxCapita_1,User Bio,"% IG% NATHANN",SSECppCompiled,0.090297,311.096,1.61424,0
1,402119,1572768,CityMaxCapita,CityMaxCapita_1,User Bio,"%love%peace%",SSECppCompiled,0.037443,306.47,2.95296,8
1,402119,1572768,CityMaxCapita,CityMaxCapita_1,User Bio,"%music%art%",SSECppCompiled,0.054526,321.691,3.00574,63
1,402119,1572768,CityMaxCapita,CityMaxCapita_1,User Bio,"Student % at % University",SSECppCompiled,0.083021,325.499,1.6833,0
1,402119,1572768,CityMaxCapita,CityMaxCapita_1,User Bio,"% im % kitty",SSECppCompiled,0.075141,313.936,1.62509,0
1,402119,1572768,CityMaxCapita,CityMaxCapita_1,User Bio,"%founder%ceo%",SSECppCompiled,0.039943,320.902,2.54744,0
1,402119,1572768,CityMaxCapita,CityMaxCapita_1,User Bio,"%born%raised%",SSECppCompiled,0.054583,334.867,2.63393,49
1,402119,1572768,CityMaxCapita,CityMaxCapita_1,User Bio,"Live % life % it",SSECppCompiled,0.093729,321.088,1.7622,0
1,402119,1572768,CityMaxCapita,CityMaxCapita_1,User Bio,"% akron % 2019",SSECppCompiled,0.097944,327.758,1.63258,0
1,402119,1572768,CityMaxCapita,CityMaxCapita_1,User Bio,"%business%marketing%",SSECppCompiled,0.058241,347.621,2.53936,3
1,402119,1572768,CityMaxCapita,CityMaxCapita_1,User Bio,"%social%justice%",SSECppCompiled,0.051607,332.296,3.42775,30
1,402119,1572768,CityMaxCapita,CityMaxCapita_1,User Bio,"%university%graduate%",SSECppCompiled,0.070761,347.018,2.65753,1
1,402119,1572768,CityMaxCapita,CityMaxCapita_1,User Bio,"%travel%photography%",SSECppCompiled,0.059748,320.092,3.26042,5
1,402119,1572768,CityMaxCapita,CityMaxCapita_1,User Bio,"%food%wine%",SSECppCompiled,0.031537,300.236,2.43843,11
1,402119,1572768,CityMaxCapita,CityMaxCapita_1,User Bio,"%digital%media%",SSECppCompiled,0.061103,331.535,2.97234,4
1,1715,3813,CommonGovernment,CommonGovernment_1,prod_or_serv_code,"J0% %0%",SSECppCompiled,0.050026,286.656,0.026168,0
1,1715,3813,CommonGovernment,CommonGovernment_1,prod_or_serv_code,"% % 1%KF",SSECppCompiled,0.026336,296.095,0.01355,0
1,1715,3813,CommonGovernment,CommonGovernment_1,prod_or_serv_code,"%A%1%",SSECppCompiled,0.065656,295.717,0.092032,18
1,1715,3813,CommonGovernment,CommonGovernment_1,prod_or_serv_code,"%B%5%",SSECppCompiled,0.045453,292.127,0.023636,46
1,1715,3813,CommonGovernment,CommonGovernment_1,prod_or_serv_code,"R4% %1%",SSECppCompiled,0.058084,288.971,0.025177,0
1,1715,3813,CommonGovernment,CommonGovernment_1,prod_or_serv_code,"% % 2%44",SSECppCompiled,0.026019,291.368,0.091274,0
1,1715,3813,CommonGovernment,CommonGovernment_1,prod_or_serv_code,"%C%1%",SSECppCompiled,0.088563,299.316,0.022816,95
1,1715,3813,CommonGovernment,CommonGovernment_1,prod_or_serv_code,"%D%3%",SSECppCompiled,0.03813,303.577,0.024272,26
1,1715,3813,CommonGovernment,CommonGovernment_1,prod_or_serv_code,"Z1% %N%",SSECppCompiled,0.032058,298.67,0.027331,0
1,1715,3813,CommonGovernment,CommonGovernment_1,prod_or_serv_code,"% % 0%30",SSECppCompiled,0.026482,299.475,0.020908,0
1,1715,3813,CommonGovernment,CommonGovernment_1,prod_or_serv_code,"%E%1%",SSECppCompiled,0.062421,304.641,0.022192,64
1,1715,3813,CommonGovernment,CommonGovernment_1,prod_or_serv_code,"%J%0%",SSECppCompiled,0.049161,305.129,0.022514,59
1,1715,3813,CommonGovernment,CommonGovernment_1,prod_or_serv_code,"%M%1%",SSECppCompiled,0.064483,299.939,0.023765,109
1,1715,3813,CommonGovernment,CommonGovernment_1,prod_or_serv_code,"%R%4%",SSECppCompiled,0.037842,303.668,0.022691,36
1,1715,3813,CommonGovernment,CommonGovernment_1,prod_or_serv_code,"%Y%1%",SSECppCompiled,0.066799,304.764,0.023382,119
1,1715,3813,CommonGovernment,CommonGovernment_1,prod_or_serv_code,"%Z%2%",SSECppCompiled,0.053181,298.12,0.025701,112
1,411161,1572796,CommonGovernment,CommonGovernment_1,vend_vendorname,"DEPARTMENT % OF % HEALTH",SSECppCompiled,0.068134,319.999,2.03112,0
1,411161,1572796,CommonGovernment,CommonGovernment_1,vend_vendorname,"% % INC.",SSECppCompiled,0.066586,309.745,2.85968,17488
1,411161,1572796,CommonGovernment,CommonGovernment_1,vend_vendorname,"%SERVICES%INC%",SSECppCompiled,0.088037,320.127,4.42753,2818
1,411161,1572796,CommonGovernment,CommonGovernment_1,vend_vendorname,"%TECHNOLOGIES%LLC%",SSECppCompiled,0.070359,321.821,4.28056,227
1,411161,1572796,CommonGovernment,CommonGovernment_1,vend_vendorname,"UNIVERSITY % OF % MISSOURI",SSECppCompiled,0.061709,310.202,2.03678,0
1,411161,1572796,CommonGovernment,CommonGovernment_1,vend_vendorname,"% % LLC",SSECppCompiled,0.065044,300.76,2.79475,8362
1,411161,1572796,CommonGovernment,CommonGovernment_1,vend_vendorname,"%SYSTEMS%CORPORATION%",SSECppCompiled,0.077555,318.99,4.24771,130
1,411161,1572796,CommonGovernment,CommonGovernment_1,vend_vendorname,"%MANAGEMENT%SERVICES%",SSECppCompiled,0.07039,337.488,3.45802,163
1,411161,1572796,CommonGovernment,CommonGovernment_1,vend_vendorname,"COUNTY % OF % SHELBY",SSECppCompiled,0.060464,310.921,1.9436,0
1,411161,1572796,CommonGovernment,CommonGovernment_1,vend_vendorname,"% % CORPORATION",SSECppCompiled,0.068367,307.404,2.18489,2132
1,411161,1572796,CommonGovernment,CommonGovernment_1,vend_vendorname,"%CONSTRUCTION%INC%",SSECppCompiled,0.090491,310.102,4.15461,921
1,411161,1572796,CommonGovernment,CommonGovernment_1,vend_vendorname,"%HEALTH%CARE%",SSECppCompiled,0.05894,323.604,3.65142,597
1,411161,1572796,CommonGovernment,CommonGovernment_1,vend_vendorname,"%INTERNATIONAL%INC%",SSECppCompiled,0.089014,318.598,4.54773,956
1,411161,1572796,CommonGovernment,CommonGovernment_1,vend_vendorname,"%COMMUNICATIONS%INC%",SSECppCompiled,0.105446,334.785,3.78317,605
1,411161,1572796,CommonGovernment,CommonGovernment_1,vend_vendorname,"%GENERAL%DYNAMICS%",SSECppCompiled,0.072239,350.122,3.11246,56
1,411161,1572796,CommonGovernment,CommonGovernment_1,vend_vendorname,"%LOCKHEED%MARTIN%",SSECppCompiled,0.064118,352.655,3.49702,47
1,494564,1572767,HashTags,HashTags_1,interaction#content,"RT %@% #%",SSECppCompiled,0.063678,311.135,1.93861,195
1,494564,1572767,HashTags,HashTags_1,interaction#content,"% #% #GreysAnatomy",SSECppCompiled,0.064562,316.978,2.29815,288
1,494564,1572767,HashTags,HashTags_1,interaction#content,"%#Scandal%#%",SSECppCompiled,0.040982,312.297,3.25743,2430
1,494564,1572767,HashTags,HashTags_1,interaction#content,"%#GreysAnatomy%#%",SSECppCompiled,0.055867,327.956,2.90068,1218
1,494564,1572767,HashTags,HashTags_1,interaction#content,"Watching #% tonight %",SSECppCompiled,0.090196,310.004,1.94018,2
1,494564,1572767,HashTags,HashTags_1,interaction#content,"% #% #Scandal",SSECppCompiled,0.056668,311.311,2.85653,947
1,494564,1572767,HashTags,HashTags_1,interaction#content,"%#SharkTank%#%",SSECppCompiled,0.070444,331.374,3.2523,162
1,494564,1572767,HashTags,HashTags_1,interaction#content,"%#Nashville%#%",SSECppCompiled,0.056977,325.775,3.35475,572
1,494564,1572767,HashTags,HashTags_1,interaction#content,"I am watching #% on % %",SSECppCompiled,0.098644,295.988,2.00319,0
1,494564,1572767,HashTags,HashTags_1,interaction#content,"% tonight % tonight",SSECppCompiled,0.094779,317.684,1.98669,0
1,494564,1572767,HashTags,HashTags_1,interaction#content,"%#ModernFamily%#%",SSECppCompiled,0.067791,338.302,3.23956,109
1,494564,1572767,HashTags,HashTags_1,interaction#content,"%#ABC%#%",SSECppCompiled,0.045861,312.564,3.41484,1104
1,494564,1572767,HashTags,HashTags_1,interaction#content,"%#tvtag%http%",SSECppCompiled,0.074464,340.361,3.35404,1940
1,494564,1572767,HashTags,HashTags_1,interaction#content,"%#ScandalThursday%#%",SSECppCompiled,0.068022,326.94,3.04901,343
1,494564,1572767,HashTags,HashTags_1,interaction#content,"%#OnceUponATime%#%",SSECppCompiled,0.075591,343.776,3.17903,125
1,494564,1572767,HashTags,HashTags_1,interaction#content,"%#Castle%#%",SSECppCompiled,0.038813,313.928,2.99317,162
1,56749,663585,HashTags,HashTags_1,twitter#user#location,"New York% NY %",SSECppCompiled,0.060278,298.692,0.557233,6
1,56749,663585,HashTags,HashTags_1,twitter#user#location,"% % Ohio",SSECppCompiled,0.047558,309.357,0.410449,76
1,56749,663585,HashTags,HashTags_1,twitter#user#location,"%UT% % %",SSECppCompiled,0.074171,313.462,1.23634,25
1,56749,663585,HashTags,HashTags_1,twitter#user#location,"% % , % %",SSECppCompiled,0.092297,307.523,2.48776,25
1,56749,663585,HashTags,HashTags_1,twitter#user#location,"Chicago% IL %",SSECppCompiled,0.058748,304.11,0.354693,15
1,56749,663585,HashTags,HashTags_1,twitter#user#location,"% % Texas",SSECppCompiled,0.062238,313.736,0.432657,173
1,56749,663585,HashTags,HashTags_1,twitter#user#location,"% % - % %",SSECppCompiled,0.090742,302.067,2.42722,145
1,56749,663585,HashTags,HashTags_1,twitter#user#location,"% % . % %",SSECppCompiled,0.109028,312.42,2.40884,17
1,56749,663585,HashTags,HashTags_1,twitter#user#location,"Los Angeles% CA %",SSECppCompiled,0.06041,299.76,0.732002,8
1,56749,663585,HashTags,HashTags_1,twitter#user#location,"% % California",SSECppCompiled,0.048626,303.544,0.403324,128
1,56749,663585,HashTags,HashTags_1,twitter#user#location,"% Nashville % TN %",SSECppCompiled,0.111683,316.798,1.73555,0
1,56749,663585,HashTags,HashTags_1,twitter#user#location,"% San % Francisco %",SSECppCompiled,0.118352,324.055,1.25837,0
1,56749,663585,HashTags,HashTags_1,twitter#user#location,"% New % York %",SSECppCompiled,0.112992,322.829,2.29378,0
1,56749,663585,HashTags,HashTags_1,twitter#user#location,"% Atlanta % GA %",SSECppCompiled,0.125383,317.129,1.2872,0
1,56749,663585,HashTags,HashTags_1,twitter#user#location,"% % 757 %",SSECppCompiled,0.081588,302.519,1.95712,8
1,56749,663585,HashTags,HashTags_1,twitter#user#location,"% % & % %",SSECppCompiled,0.098448,299.696,2.37424,219
1,140953,1572709,CityMaxCapita,CityMaxCapita_1,First Link in Tweet,"http% instagram.com %",SSEDecoded,0.001836,0,5.72827,0
1,140953,1572709,CityMaxCapita,CityMaxCapita_1,First Link in Tweet,"% status % 600",SSEDecoded,0.00116,0,4.48183,0
1,140953,1572709,CityMaxCapita,CityMaxCapita_1,First Link in Tweet,"%instagram.com%p%",SSEDecoded,0.000996,0,6.48884,22589
1,140953,1572709,CityMaxCapita,CityMaxCapita_1,First Link in Tweet,"%twitter.com%status%",SSEDecoded,0.000905,0,5.2544,13124
1,140953,1572709,CityMaxCapita,CityMaxCapita_1,First Link in Tweet,"https% instagram.com %",SSEDecoded,0.00076,0,5.18395,0
1,140953,1572709,CityMaxCapita,CityMaxCapita_1,First Link in Tweet,"% p % taken",SSEDecoded,0.000658,0,4.46254,0
1,140953,1572709,CityMaxCapita,CityMaxCapita_1,First Link in Tweet,"%swarmapp.com%c%",SSEDecoded,0.00084,0,5.01647,3962
1,140953,1572709,CityMaxCapita,CityMaxCapita_1,First Link in Tweet,"%bit.ly%1%",SSEDecoded,0.000738,0,4.92145,4832
1,140953,1572709,CityMaxCapita,CityMaxCapita_1,First Link in Tweet,"http% bit.ly %",SSEDecoded,0.000713,0,5.08007,0
1,140953,1572709,CityMaxCapita,CityMaxCapita_1,First Link in Tweet,"% 2015 % story.html",SSEDecoded,0.000683,0,4.4719,0
1,140953,1572709,CityMaxCapita,CityMaxCapita_1,First Link in Tweet,"%youtube.com%watch%",SSEDecoded,0.000789,0,4.87749,517
1,140953,1572709,CityMaxCapita,CityMaxCapita_1,First Link in Tweet,"%huffingtonpost.com%2015%",SSEDecoded,0.000763,0,5.64108,36
1,140953,1572709,CityMaxCapita,CityMaxCapita_1,First Link in Tweet,"%nytimes.com%2015%",SSEDecoded,0.000755,0,4.43569,123
1,140953,1572709,CityMaxCapita,CityMaxCapita_1,First Link in Tweet,"%washingtonpost.com%2015%",SSEDecoded,0.000623,0,5.41381,71
1,140953,1572709,CityMaxCapita,CityMaxCapita_1,First Link in Tweet,"%facebook.com%status%",SSEDecoded,0.000823,0,4.58539,0
1,140953,1572709,CityMaxCapita,CityMaxCapita_1,First Link in Tweet,"%youtu.be%Jk%",SSEDecoded,0.00058,0,4.64919,3
1,402119,1572768,CityMaxCapita,CityMaxCapita_1,User Bio,"Senior % at %",SSEDecoded,0.000819,0,5.89362,7
1,402119,1572768,CityMaxCapita,CityMaxCapita_1,User Bio,"% IG% NATHANN",SSEDecoded,0.000795,0,6.30398,0
1,402119,1572768,CityMaxCapita,CityMaxCapita_1,User Bio,"%love%peace%",SSEDecoded,0.000963,0,6.587,8
1,402119,1572768,CityMaxCapita,CityMaxCapita_1,User Bio,"%music%art%",SSEDecoded,0.000946,0,6.46561,63
1,402119,1572768,CityMaxCapita,CityMaxCapita_1,User Bio,"Student % at % University",SSEDecoded,0.000789,0,5.87859,0
1,402119,1572768,CityMaxCapita,CityMaxCapita_1,User Bio,"% im % kitty",SSEDecoded,0.000615,0,5.96115,0
1,402119,1572768,CityMaxCapita,CityMaxCapita_1,User Bio,"%founder%ceo%",SSEDecoded,0.000943,0,6.91939,0
1,402119,1572768,CityMaxCapita,CityMaxCapita_1,User Bio,"%born%raised%",SSEDecoded,0.000928,0,6.87023,49
1,402119,1572768,CityMaxCapita,CityMaxCapita_1,User Bio,"Live % life % it",SSEDecoded,0.000792,0,6.30095,0
1,402119,1572768,CityMaxCapita,CityMaxCapita_1,User Bio,"% akron % 2019",SSEDecoded,0.000699,0,6.62056,0
1,402119,1572768,CityMaxCapita,CityMaxCapita_1,User Bio,"%business%marketing%",SSEDecoded,0.001047,0,6.76817,3
1,402119,1572768,CityMaxCapita,CityMaxCapita_1,User Bio,"%social%justice%",SSEDecoded,0.000906,0,6.25284,30
1,402119,1572768,CityMaxCapita,CityMaxCapita_1,User Bio,"%university%graduate%",SSEDecoded,0.000895,0,6.36417,1
1,402119,1572768,CityMaxCapita,CityMaxCapita_1,User Bio,"%travel%photography%",SSEDecoded,0.000765,0,6.9113,5
1,402119,1572768,CityMaxCapita,CityMaxCapita_1,User Bio,"%food%wine%",SSEDecoded,0.000886,0,6.51113,11
1,402119,1572768,CityMaxCapita,CityMaxCapita_1,User Bio,"%digital%media%",SSEDecoded,0.000867,0,6.56416,4
1,1715,3813,CommonGovernment,CommonGovernment_1,prod_or_serv_code,"J0% %0%",SSEDecoded,0.000814,0,0.064237,0
1,1715,3813,CommonGovernment,CommonGovernment_1,prod_or_serv_code,"% % 1%KF",SSEDecoded,0.000405,0,0.060607,0
1,1715,3813,CommonGovernment,CommonGovernment_1,prod_or_serv_code,"%A%1%",SSEDecoded,0.000234,0,0.070053,18
1,1715,3813,CommonGovernment,CommonGovernment_1,prod_or_serv_code,"%B%5%",SSEDecoded,0.000239,0,0.069831,46
1,1715,3813,CommonGovernment,CommonGovernment_1,prod_or_serv_code,"R4% %1%",SSEDecoded,0.00025,0,0.063184,0
1,1715,3813,CommonGovernment,CommonGovernment_1,prod_or_serv_code,"% % 2%44",SSEDecoded,0.000251,0,0.059023,0
1,1715,3813,CommonGovernment,CommonGovernment_1,prod_or_serv_code,"%C%1%",SSEDecoded,0.000188,0,0.069452,95
1,1715,3813,CommonGovernment,CommonGovernment_1,prod_or_serv_code,"%D%3%",SSEDecoded,0.000189,0,0.069409,26
1,1715,3813,CommonGovernment,CommonGovernment_1,prod_or_serv_code,"Z1% %N%",SSEDecoded,0.000221,0,0.064644,0
1,1715,3813,CommonGovernment,CommonGovernment_1,prod_or_serv_code,"% % 0%30",SSEDecoded,0.000245,0,0.060514,0
1,1715,3813,CommonGovernment,CommonGovernment_1,prod_or_serv_code,"%E%1%",SSEDecoded,0.000194,0,0.07098,64
1,1715,3813,CommonGovernment,CommonGovernment_1,prod_or_serv_code,"%J%0%",SSEDecoded,0.000181,0,0.069175,59
1,1715,3813,CommonGovernment,CommonGovernment_1,prod_or_serv_code,"%M%1%",SSEDecoded,0.000183,0,0.070907,109
1,1715,3813,CommonGovernment,CommonGovernment_1,prod_or_serv_code,"%R%4%",SSEDecoded,0.000179,0,0.095109,36
1,1715,3813,CommonGovernment,CommonGovernment_1,prod_or_serv_code,"%Y%1%",SSEDecoded,0.000209,0,0.077328,119
1,1715,3813,CommonGovernment,CommonGovernment_1,prod_or_serv_code,"%Z%2%",SSEDecoded,0.000201,0,0.078262,112
1,411161,1572796,CommonGovernment,CommonGovernment_1,vend_vendorname,"DEPARTMENT % OF % HEALTH",SSEDecoded,0.000623,0,7.82724,0
1,411161,1572796,CommonGovernment,CommonGovernment_1,vend_vendorname,"% % INC.",SSEDecoded,0.000627,0,8.38051,17488
1,411161,1572796,CommonGovernment,CommonGovernment_1,vend_vendorname,"%SERVICES%INC%",SSEDecoded,0.00088,0,8.50607,2818
1,411161,1572796,CommonGovernment,CommonGovernment_1,vend_vendorname,"%TECHNOLOGIES%LLC%",SSEDecoded,0.000884,0,9.23155,227
1,411161,1572796,CommonGovernment,CommonGovernment_1,vend_vendorname,"UNIVERSITY % OF % MISSOURI",SSEDecoded,0.000845,0,8.33019,0
1,411161,1572796,CommonGovernment,CommonGovernment_1,vend_vendorname,"% % LLC",SSEDecoded,0.000699,0,8.53892,8362
1,411161,1572796,CommonGovernment,CommonGovernment_1,vend_vendorname,"%SYSTEMS%CORPORATION%",SSEDecoded,0.001026,0,9.11602,130
1,411161,1572796,CommonGovernment,CommonGovernment_1,vend_vendorname,"%MANAGEMENT%SERVICES%",SSEDecoded,0.000922,0,9.05011,163
1,411161,1572796,CommonGovernment,CommonGovernment_1,vend_vendorname,"COUNTY % OF % SHELBY",SSEDecoded,0.000738,0,8.03885,0
1,411161,1572796,CommonGovernment,CommonGovernment_1,vend_vendorname,"% % CORPORATION",SSEDecoded,0.000649,0,7.78423,2132
1,411161,1572796,CommonGovernment,CommonGovernment_1,vend_vendorname,"%CONSTRUCTION%INC%",SSEDecoded,0.000836,0,8.67364,921
1,411161,1572796,CommonGovernment,CommonGovernment_1,vend_vendorname,"%HEALTH%CARE%",SSEDecoded,0.000768,0,8.6968,597
1,411161,1572796,CommonGovernment,CommonGovernment_1,vend_vendorname,"%INTERNATIONAL%INC%",SSEDecoded,0.000854,0,11.0628,956
1,411161,1572796,CommonGovernment,CommonGovernment_1,vend_vendorname,"%COMMUNICATIONS%INC%",SSEDecoded,0.000963,0,10.3907,605
1,411161,1572796,CommonGovernment,CommonGovernment_1,vend_vendorname,"%GENERAL%DYNAMICS%",SSEDecoded,0.00081,0,8.55708,56
1,411161,1572796,CommonGovernment,CommonGovernment_1,vend_vendorname,"%LOCKHEED%MARTIN%",SSEDecoded,0.000786,0,8.88555,47
1,494564,1572767,HashTags,HashTags_1,interaction#content,"RT %@% #%",SSEDecoded,0.000704,0,7.5824,195
1,494564,1572767,HashTags,HashTags_1,interaction#content,"% #% #GreysAnatomy",SSEDecoded,0.000757,0,7.38427,288
1,494564,1572767,HashTags,HashTags_1,interaction#content,"%#Scandal%#%",SSEDecoded,0.000873,0,8.02707,2430
1,494564,1572767,HashTags,HashTags_1,interaction#content,"%#GreysAnatomy%#%",SSEDecoded,0.000958,0,8.27844,1218
1,494564,1572767,HashTags,HashTags_1,interaction#content,"Watching #% tonight %",SSEDecoded,0.000856,0,7.06067,2
1,494564,1572767,HashTags,HashTags_1,interaction#content,"% #% #Scandal",SSEDecoded,0.000698,0,7.29708,947
1,494564,1572767,HashTags,HashTags_1,interaction#content,"%#SharkTank%#%",SSEDecoded,0.000837,0,7.19399,162
1,494564,1572767,HashTags,HashTags_1,interaction#content,"%#Nashville%#%",SSEDecoded,0.00082,0,7.34269,572
1,494564,1572767,HashTags,HashTags_1,interaction#content,"I am watching #% on % %",SSEDecoded,0.000838,0,7.10497,0
1,494564,1572767,HashTags,HashTags_1,interaction#content,"% tonight % tonight",SSEDecoded,0.000724,0,6.92661,0
1,494564,1572767,HashTags,HashTags_1,interaction#content,"%#ModernFamily%#%",SSEDecoded,0.000807,0,8.38344,109
1,494564,1572767,HashTags,HashTags_1,interaction#content,"%#ABC%#%",SSEDecoded,0.000737,0,7.50387,1104
1,494564,1572767,HashTags,HashTags_1,interaction#content,"%#tvtag%http%",SSEDecoded,0.000912,0,7.61794,1940
1,494564,1572767,HashTags,HashTags_1,interaction#content,"%#ScandalThursday%#%",SSEDecoded,0.000786,0,8.94356,343
1,494564,1572767,HashTags,HashTags_1,interaction#content,"%#OnceUponATime%#%",SSEDecoded,0.000705,0,8.7871,125
1,494564,1572767,HashTags,HashTags_1,interaction#content,"%#Castle%#%",SSEDecoded,0.000936,0,7.81081,162
1,56749,663585,HashTags,HashTags_1,twitter#user#location,"New York% NY %",SSEDecoded,0.000824,0,2.70261,6
1,56749,663585,HashTags,HashTags_1,twitter#user#location,"% % Ohio",SSEDecoded,0.000585,0,2.80283,76
1,56749,663585,HashTags,HashTags_1,twitter#user#location,"%UT% % %",SSEDecoded,0.000824,0,3.24262,25
1,56749,663585,HashTags,HashTags_1,twitter#user#location,"% % , % %",SSEDecoded,0.000878,0,3.75872,25
1,56749,663585,HashTags,HashTags_1,twitter#user#location,"Chicago% IL %",SSEDecoded,0.000618,0,2.72553,15
1,56749,663585,HashTags,HashTags_1,twitter#user#location,"% % Texas",SSEDecoded,0.000556,0,2.52841,173
1,56749,663585,HashTags,HashTags_1,twitter#user#location,"% % - % %",SSEDecoded,0.000713,0,3.83654,145
1,56749,663585,HashTags,HashTags_1,twitter#user#location,"% % . % %",SSEDecoded,0.000698,0,3.54563,17
1,56749,663585,HashTags,HashTags_1,twitter#user#location,"Los Angeles% CA %",SSEDecoded,0.000596,0,2.73436,8
1,56749,663585,HashTags,HashTags_1,twitter#user#location,"% % California",SSEDecoded,0.000495,0,2.62074,128
1,56749,663585,HashTags,HashTags_1,twitter#user#location,"% Nashville % TN %",SSEDecoded,0.000738,0,2.66378,0
1,56749,663585,HashTags,HashTags_1,twitter#user#location,"% San % Francisco %",SSEDecoded,0.000724,0,2.89293,0
1,56749,663585,HashTags,HashTags_1,twitter#user#location,"% New % York %",SSEDecoded,0.000683,0,3.06035,0
1,56749,663585,HashTags,HashTags_1,twitter#user#location,"% Atlanta % GA %",SSEDecoded,0.000629,0,2.95165,0
1,56749,663585,HashTags,HashTags_1,twitter#user#location,"% % 757 %",SSEDecoded,0.000697,0,3.58928,8
1,56749,663585,HashTags,HashTags_1,twitter#user#location,"% % & % %",SSEDecoded,0.000852,0,3.63262,219
1,140953,1572709,CityMaxCapita,CityMaxCapita_1,First Link in Tweet,"http% instagram.com %",VectorScan,0.975058,0,8.22456,0
1,140953,1572709,CityMaxCapita,CityMaxCapita_1,First Link in Tweet,"% status % 600",VectorScan,0.586095,0,7.65438,0
1,140953,1572709,CityMaxCapita,CityMaxCapita_1,First Link in Tweet,"%instagram.com%p%",VectorScan,0.559159,0,9.5327,22589
1,140953,1572709,CityMaxCapita,CityMaxCapita_1,First Link in Tweet,"%twitter.com%status%",VectorScan,0.443728,0,9.06649,13124
1,140953,1572709,CityMaxCapita,CityMaxCapita_1,First Link in Tweet,"https% instagram.com %",VectorScan,0.58424,0,7.58798,0
1,140953,1572709,CityMaxCapita,CityMaxCapita_1,First Link in Tweet,"% p % taken",VectorScan,0.511629,0,7.48138,0
1,140953,1572709,CityMaxCapita,CityMaxCapita_1,First Link in Tweet,"%swarmapp.com%c%",VectorScan,0.449469,0,7.59776,3962
1,140953,1572709,CityMaxCapita,CityMaxCapita_1,First Link in Tweet,"%bit.ly%1%",VectorScan,0.382455,0,7.40239,4832
1,140953,1572709,CityMaxCapita,CityMaxCapita_1,First Link in Tweet,"http% bit.ly %",VectorScan,0.390046,0,7.48962,0
1,140953,1572709,CityMaxCapita,CityMaxCapita_1,First Link in Tweet,"% 2015 % story.html",VectorScan,0.56427,0,7.04389,0
1,140953,1572709,CityMaxCapita,CityMaxCapita_1,First Link in Tweet,"%youtube.com%watch%",VectorScan,0.404433,0,7.49045,517
1,140953,1572709,CityMaxCapita,CityMaxCapita_1,First Link in Tweet,"%huffingtonpost.com%2015%",VectorScan,0.426411,0,7.06507,36
1,140953,1572709,CityMaxCapita,CityMaxCapita_1,First Link in Tweet,"%nytimes.com%2015%",VectorScan,0.356434,0,9.51988,123
1,140953,1572709,CityMaxCapita,CityMaxCapita_1,First Link in Tweet,"%washingtonpost.com%2015%",VectorScan,0.473114,0,8.12886,71
1,140953,1572709,CityMaxCapita,CityMaxCapita_1,First Link in Tweet,"%facebook.com%status%",VectorScan,0.433362,0,8.09,0
1,140953,1572709,CityMaxCapita,CityMaxCapita_1,First Link in Tweet,"%youtu.be%Jk%",VectorScan,0.431638,0,7.51029,3
1,402119,1572768,CityMaxCapita,CityMaxCapita_1,User Bio,"Senior % at %",VectorScan,0.411318,0,9.52288,7
1,402119,1572768,CityMaxCapita,CityMaxCapita_1,User Bio,"% IG% NATHANN",VectorScan,0.522965,0,10.852,0
1,402119,1572768,CityMaxCapita,CityMaxCapita_1,User Bio,"%love%peace%",VectorScan,0.385528,0,10.8429,8
1,402119,1572768,CityMaxCapita,CityMaxCapita_1,User Bio,"%music%art%",VectorScan,0.305725,0,10.3082,63
1,402119,1572768,CityMaxCapita,CityMaxCapita_1,User Bio,"Student % at % University",VectorScan,0.909231,0,9.49266,0
1,402119,1572768,CityMaxCapita,CityMaxCapita_1,User Bio,"% im % kitty",VectorScan,0.525218,0,10.937,0
1,402119,1572768,CityMaxCapita,CityMaxCapita_1,User Bio,"%founder%ceo%",VectorScan,0.328578,0,10.7029,0
1,402119,1572768,CityMaxCapita,CityMaxCapita_1,User Bio,"%born%raised%",VectorScan,0.393852,0,11.0761,49
1,402119,1572768,CityMaxCapita,CityMaxCapita_1,User Bio,"Live % life % it",VectorScan,0.773288,0,9.71877,0
1,402119,1572768,CityMaxCapita,CityMaxCapita_1,User Bio,"% akron % 2019",VectorScan,0.492869,0,11.3948,0
1,402119,1572768,CityMaxCapita,CityMaxCapita_1,User Bio,"%business%marketing%",VectorScan,0.469133,0,10.4748,3
1,402119,1572768,CityMaxCapita,CityMaxCapita_1,User Bio,"%social%justice%",VectorScan,0.427808,0,10.4257,30
1,402119,1572768,CityMaxCapita,CityMaxCapita_1,User Bio,"%university%graduate%",VectorScan,0.414789,0,10.1986,1
1,402119,1572768,CityMaxCapita,CityMaxCapita_1,User Bio,"%travel%photography%",VectorScan,0.453702,0,10.3041,5
1,402119,1572768,CityMaxCapita,CityMaxCapita_1,User Bio,"%food%wine%",VectorScan,0.323191,0,10.3708,11
1,402119,1572768,CityMaxCapita,CityMaxCapita_1,User Bio,"%digital%media%",VectorScan,0.327635,0,10.1964,4
1,1715,3813,CommonGovernment,CommonGovernment_1,prod_or_serv_code,"J0% %0%",VectorScan,0.428522,0,0.092112,0
1,1715,3813,CommonGovernment,CommonGovernment_1,prod_or_serv_code,"% % 1%KF",VectorScan,0.661255,0,0.078018,0
1,1715,3813,CommonGovernment,CommonGovernment_1,prod_or_serv_code,"%A%1%",VectorScan,0.249619,0,0.107255,18
1,1715,3813,CommonGovernment,CommonGovernment_1,prod_or_serv_code,"%B%5%",VectorScan,0.244444,0,0.104483,46
1,1715,3813,CommonGovernment,CommonGovernment_1,prod_or_serv_code,"R4% %1%",VectorScan,0.410471,0,0.100885,0
1,1715,3813,CommonGovernment,CommonGovernment_1,prod_or_serv_code,"% % 2%44",VectorScan,0.604468,0,0.069117,0
1,1715,3813,CommonGovernment,CommonGovernment_1,prod_or_serv_code,"%C%1%",VectorScan,0.224695,0,0.096391,95
1,1715,3813,CommonGovernment,CommonGovernment_1,prod_or_serv_code,"%D%3%",VectorScan,0.201577,0,0.09562,26
1,1715,3813,CommonGovernment,CommonGovernment_1,prod_or_serv_code,"Z1% %N%",VectorScan,0.382871,0,0.094034,0
1,1715,3813,CommonGovernment,CommonGovernment_1,prod_or_serv_code,"% % 0%30",VectorScan,0.550465,0,0.076256,0
1,1715,3813,CommonGovernment,CommonGovernment_1,prod_or_serv_code,"%E%1%",VectorScan,0.243449,0,0.104772,64
1,1715,3813,CommonGovernment,CommonGovernment_1,prod_or_serv_code,"%J%0%",VectorScan,0.219404,0,0.105722,59
1,1715,3813,CommonGovernment,CommonGovernment_1,prod_or_serv_code,"%M%1%",VectorScan,0.214754,0,0.1147,109
1,1715,3813,CommonGovernment,CommonGovernment_1,prod_or_serv_code,"%R%4%",VectorScan,0.217097,0,0.141619,36
1,1715,3813,CommonGovernment,CommonGovernment_1,prod_or_serv_code,"%Y%1%",VectorScan,0.30099,0,0.109917,119
1,1715,3813,CommonGovernment,CommonGovernment_1,prod_or_serv_code,"%Z%2%",VectorScan,0.247766,0,0.106146,112
1,411161,1572796,CommonGovernment,CommonGovernment_1,vend_vendorname,"DEPARTMENT % OF % HEALTH",VectorScan,0.933048,0,11.889,0
1,411161,1572796,CommonGovernment,CommonGovernment_1,vend_vendorname,"% % INC.",VectorScan,0.533107,0,17.3139,17488
1,411161,1572796,CommonGovernment,CommonGovernment_1,vend_vendorname,"%SERVICES%INC%",VectorScan,0.346521,0,15.3677,2818
1,411161,1572796,CommonGovernment,CommonGovernment_1,vend_vendorname,"%TECHNOLOGIES%LLC%",VectorScan,0.379546,0,14.8278,227
1,411161,1572796,CommonGovernment,CommonGovernment_1,vend_vendorname,"UNIVERSITY % OF % MISSOURI",VectorScan,0.765394,0,11.4536,0
1,411161,1572796,CommonGovernment,CommonGovernment_1,vend_vendorname,"% % LLC",VectorScan,0.493798,0,15.9192,8362
1,411161,1572796,CommonGovernment,CommonGovernment_1,vend_vendorname,"%SYSTEMS%CORPORATION%",VectorScan,0.520486,0,13.9128,130
1,411161,1572796,CommonGovernment,CommonGovernment_1,vend_vendorname,"%MANAGEMENT%SERVICES%",VectorScan,0.447006,0,15.0201,163
1,411161,1572796,CommonGovernment,CommonGovernment_1,vend_vendorname,"COUNTY % OF % SHELBY",VectorScan,0.803591,0,12.1926,0
1,411161,1572796,CommonGovernment,CommonGovernment_1,vend_vendorname,"% % CORPORATION",VectorScan,0.642647,0,15.9104,2132
1,411161,1572796,CommonGovernment,CommonGovernment_1,vend_vendorname,"%CONSTRUCTION%INC%",VectorScan,0.382701,0,15.9971,921
1,411161,1572796,CommonGovernment,CommonGovernment_1,vend_vendorname,"%HEALTH%CARE%",VectorScan,0.338791,0,14.8411,597
1,411161,1572796,CommonGovernment,CommonGovernment_1,vend_vendorname,"%INTERNATIONAL%INC%",VectorScan,0.363724,0,15.949,956
1,411161,1572796,CommonGovernment,CommonGovernment_1,vend_vendorname,"%COMMUNICATIONS%INC%",VectorScan,0.413815,0,15.787,605
1,411161,1572796,CommonGovernment,CommonGovernment_1,vend_vendorname,"%GENERAL%DYNAMICS%",VectorScan,0.460512,0,14.2837,56
1,411161,1572796,CommonGovernment,CommonGovernment_1,vend_vendorname,"%LOCKHEED%MARTIN%",VectorScan,0.375932,0,14.4295,47
1,494564,1572767,HashTags,HashTags_1,interaction#content,"RT %@% #%",VectorScan,0.499666,0,10.7503,195
1,494564,1572767,HashTags,HashTags_1,interaction#content,"% #% #GreysAnatomy",VectorScan,0.64963,0,14.1446,288
1,494564,1572767,HashTags,HashTags_1,interaction#content,"%#Scandal%#%",VectorScan,0.435769,0,12.1948,2400
1,494564,1572767,HashTags,HashTags_1,interaction#content,"%#GreysAnatomy%#%",VectorScan,0.452667,0,10.9682,1207
1,494564,1572767,HashTags,HashTags_1,interaction#content,"Watching #% tonight %",VectorScan,0.428925,0,10.7833,2
1,494564,1572767,HashTags,HashTags_1,interaction#content,"% #% #Scandal",VectorScan,0.585782,0,14.6512,947
1,494564,1572767,HashTags,HashTags_1,interaction#content,"%#SharkTank%#%",VectorScan,0.430536,0,11.6535,150
1,494564,1572767,HashTags,HashTags_1,interaction#content,"%#Nashville%#%",VectorScan,0.432518,0,11.3754,557
1,494564,1572767,HashTags,HashTags_1,interaction#content,"I am watching #% on % %",VectorScan,0.58859,0,10.3507,0
1,494564,1572767,HashTags,HashTags_1,interaction#content,"% tonight % tonight",VectorScan,0.554571,0,11.7197,0
1,494564,1572767,HashTags,HashTags_1,interaction#content,"%#ModernFamily%#%",VectorScan,0.453441,0,11.0949,106
1,494564,1572767,HashTags,HashTags_1,interaction#content,"%#ABC%#%",VectorScan,0.376331,0,11.363,1061
1,494564,1572767,HashTags,HashTags_1,interaction#content,"%#tvtag%http%",VectorScan,0.328301,0,11.5468,1940
1,494564,1572767,HashTags,HashTags_1,interaction#content,"%#ScandalThursday%#%",VectorScan,0.487683,0,11.4936,342
1,494564,1572767,HashTags,HashTags_1,interaction#content,"%#OnceUponATime%#%",VectorScan,0.469386,0,11.2206,124
1,494564,1572767,HashTags,HashTags_1,interaction#content,"%#Castle%#%",VectorScan,0.383774,0,11.6034,159
1,56749,663585,HashTags,HashTags_1,twitter#user#location,"New York% NY %",VectorScan,0.404072,0,3.84689,6
1,56749,663585,HashTags,HashTags_1,twitter#user#location,"% % Ohio",VectorScan,0.55073,0,5.41569,76
1,56749,663585,HashTags,HashTags_1,twitter#user#location,"%UT% % %",VectorScan,0.438337,0,4.91113,25
1,56749,663585,HashTags,HashTags_1,twitter#user#location,"% % , % %",VectorScan,0.486437,0,4.78313,25
1,56749,663585,HashTags,HashTags_1,twitter#user#location,"Chicago% IL %",VectorScan,0.364273,0,3.66015,15
1,56749,663585,HashTags,HashTags_1,twitter#user#location,"% % Texas",VectorScan,0.538927,0,5.32917,173
1,56749,663585,HashTags,HashTags_1,twitter#user#location,"% % - % %",VectorScan,0.533014,0,5.11374,145
1,56749,663585,HashTags,HashTags_1,twitter#user#location,"% % . % %",VectorScan,0.486176,0,5.01333,17
1,56749,663585,HashTags,HashTags_1,twitter#user#location,"Los Angeles% CA %",VectorScan,0.411422,0,3.36843,8
1,56749,663585,HashTags,HashTags_1,twitter#user#location,"% % California",VectorScan,0.589034,0,4.70608,128
1,56749,663585,HashTags,HashTags_1,twitter#user#location,"% Nashville % TN %",VectorScan,0.428494,0,4.12481,0
1,56749,663585,HashTags,HashTags_1,twitter#user#location,"% San % Francisco %",VectorScan,0.460942,0,3.97776,0
1,56749,663585,HashTags,HashTags_1,twitter#user#location,"% New % York %",VectorScan,0.412673,0,5.00857,0
1,56749,663585,HashTags,HashTags_1,twitter#user#location,"% Atlanta % GA %",VectorScan,0.409041,0,4.54292,0
1,56749,663585,HashTags,HashTags_1,twitter#user#location,"% % 757 %",VectorScan,0.42295,0,5.30344,8
1,56749,663585,HashTags,HashTags_1,twitter#user#location,"% % & % %",VectorScan,0.554612,0,5.34814,219
2,140953,1572709,CityMaxCapita,CityMaxCapita_1,First Link in Tweet,"http% instagram.com %",InMemory,0.025317,0.000105,16.1346,0
2,140953,1572709,CityMaxCapita,CityMaxCapita_1,First Link in Tweet,"% status % 600",InMemory,0.012369,2.2e-05,0.974661,0
2,140953,1572709,CityMaxCapita,CityMaxCapita_1,First Link in Tweet,"%instagram.com%p%",InMemory,0.070379,1.7e-05,28.2359,22589
2,140953,1572709,CityMaxCapita,CityMaxCapita_1,First Link in Tweet,"%twitter.com%status%",InMemory,0.069093,4.1e-05,28.9273,13124
2,140953,1572709,CityMaxCapita,CityMaxCapita_1,First Link in Tweet,"https% instagram.com %",InMemory,0.011385,1.7e-05,9.45867,0
2,140953,1572709,CityMaxCapita,CityMaxCapita_1,First Link in Tweet,"% p % taken",InMemory,0.010421,1.6e-05,0.937345,0
2,140953,1572709,CityMaxCapita,CityMaxCapita_1,First Link in Tweet,"%swarmapp.com%c%",InMemory,0.054491,2e-05,25.646,3962
2,140953,1572709,CityMaxCapita,CityMaxCapita_1,First Link in Tweet,"%bit.ly%1%",InMemory,0.034241,2.3e-05,21.2611,4832
2,140953,1572709,CityMaxCapita,CityMaxCapita_1,First Link in Tweet,"http% bit.ly %",InMemory,0.008841,2.5e-05,15.9842,0
2,140953,1572709,CityMaxCapita,CityMaxCapita_1,First Link in Tweet,"% 2015 % story.html",InMemory,0.009996,2.3e-05,0.935755,0
2,140953,1572709,CityMaxCapita,CityMaxCapita_1,First Link in Tweet,"%youtube.com%watch%",InMemory,0.040126,1.7e-05,17.4805,517
2,140953,1572709,CityMaxCapita,CityMaxCapita_1,First Link in Tweet,"%huffingtonpost.com%2015%",InMemory,0.059541,3.5e-05,14.4266,36
2,140953,1572709,CityMaxCapita,CityMaxCapita_1,First Link in Tweet,"%nytimes.com%2015%",InMemory,0.03762,3e-05,25.4734,123
2,140953,1572709,CityMaxCapita,CityMaxCapita_1,First Link in Tweet,"%washingtonpost.com%2015%",InMemory,0.03139,1.9e-05,10.7182,71
2,140953,1572709,CityMaxCapita,CityMaxCapita_1,First Link in Tweet,"%facebook.com%status%",InMemory,0.050719,3e-05,12.956,0
2,140953,1572709,CityMaxCapita,CityMaxCapita_1,First Link in Tweet,"%youtu.be%Jk%",InMemory,0.028225,2e-05,17.0862,3
2,402119,1572768,CityMaxCapita,CityMaxCapita_1,User Bio,"Senior % at %",InMemory,0.052538,4.3e-05,2.42688,7
2,402119,1572768,CityMaxCapita,CityMaxCapita_1,User Bio,"% IG% NATHANN",InMemory,0.059756,3.1e-05,2.32381,0
2,402119,1572768,CityMaxCapita,CityMaxCapita_1,User Bio,"%love%peace%",InMemory,0.026121,2.1e-05,30.5404,8
2,402119,1572768,CityMaxCapita,CityMaxCapita_1,User Bio,"%music%art%",InMemory,0.039003,2e-05,28.0993,63
2,402119,1572768,CityMaxCapita,CityMaxCapita_1,User Bio,"Student % at % University",InMemory,0.063777,2.1e-05,2.50618,0
2,402119,1572768,CityMaxCapita,CityMaxCapita_1,User Bio,"% im % kitty",InMemory,0.05473,2.2e-05,2.46753,0
2,402119,1572768,CityMaxCapita,CityMaxCapita_1,User Bio,"%founder%ceo%",InMemory,0.027648,2.2e-05,18.6126,0
2,402119,1572768,CityMaxCapita,CityMaxCapita_1,User Bio,"%born%raised%",InMemory,0.036656,1.6e-05,21.2915,49
2,402119,1572768,CityMaxCapita,CityMaxCapita_1,User Bio,"Live % life % it",InMemory,0.076369,2.2e-05,3.17026,0
2,402119,1572768,CityMaxCapita,CityMaxCapita_1,User Bio,"% akron % 2019",InMemory,0.076243,2e-05,2.36184,0
2,402119,1572768,CityMaxCapita,CityMaxCapita_1,User Bio,"%business%marketing%",InMemory,0.04451,2.2e-05,19.384,3
2,402119,1572768,CityMaxCapita,CityMaxCapita_1,User Bio,"%social%justice%",InMemory,0.036054,2.1e-05,28.1242,30
2,402119,1572768,CityMaxCapita,CityMaxCapita_1,User Bio,"%university%graduate%",InMemory,0.051421,2.1e-05,19.8707,1
2,402119,1572768,CityMaxCapita,CityMaxCapita_1,User Bio,"%travel%photography%",InMemory,0.039242,2.2e-05,29.2513,5
2,402119,1572768,CityMaxCapita,CityMaxCapita_1,User Bio,"%food%wine%",InMemory,0.028925,2.1e-05,18.3201,11
2,402119,1572768,CityMaxCapita,CityMaxCapita_1,User Bio,"%digital%media%",InMemory,0.046673,2.1e-05,23.6151,4
2,1715,3813,CommonGovernment,CommonGovernment_1,prod_or_serv_code,"J0% %0%",InMemory,0.039172,4e-05,0.042725,0
2,1715,3813,CommonGovernment,CommonGovernment_1,prod_or_serv_code,"% % 1%KF",InMemory,0.011338,1.7e-05,0.013333,0
2,1715,3813,CommonGovernment,CommonGovernment_1,prod_or_serv_code,"%A%1%",InMemory,0.045337,2.2e-05,0.061106,18
2,1715,3813,CommonGovernment,CommonGovernment_1,prod_or_serv_code,"%B%5%",InMemory,0.028205,2.2e-05,0.093147,46
2,1715,3813,CommonGovernment,CommonGovernment_1,prod_or_serv_code,"R4% %1%",InMemory,0.036584,2.3e-05,0.039111,0
2,1715,3813,CommonGovernment,CommonGovernment_1,prod_or_serv_code,"% % 2%44",InMemory,0.01115,2.2e-05,0.038383,0
2,1715,3813,CommonGovernment,CommonGovernment_1,prod_or_serv_code,"%C%1%",InMemory,0.040042,2.1e-05,0.102665,95
2,1715,3813,CommonGovernment,CommonGovernment_1,prod_or_serv_code,"%D%3%",InMemory,0.019791,2.3e-05,0.089607,26
2,1715,3813,CommonGovernment,CommonGovernment_1,prod_or_serv_code,"Z1% %N%",InMemory,0.014595,1.6e-05,0.054173,0
2,1715,3813,CommonGovernment,CommonGovernment_1,prod_or_serv_code,"% % 0%30",InMemory,0.010231,2.2e-05,0.039139,0
2,1715,3813,CommonGovernment,CommonGovernment_1,prod_or_serv_code,"%E%1%",InMemory,0.040659,2.3e-05,0.084717,64
2,1715,3813,CommonGovernment,CommonGovernment_1,prod_or_serv_code,"%J%0%",InMemory,0.029111,2.2e-05,0.086549,59
2,1715,3813,CommonGovernment,CommonGovernment_1,prod_or_serv_code,"%M%1%",InMemory,0.041877,1.7e-05,0.083685,109
2,1715,3813,CommonGovernment,CommonGovernment_1,prod_or_serv_code,"%R%4%",InMemory,0.020548,1.6e-05,0.103164,36
2,1715,3813,CommonGovernment,CommonGovernment_1,prod_or_serv_code,"%Y%1%",InMemory,0.041766,1.7e-05,0.086843,119
2,1715,3813,CommonGovernment,CommonGovernment_1,prod_or_serv_code,"%Z%2%",InMemory,0.032069,1.7e-05,0.11251,112
2,411161,1572796,CommonGovernment,CommonGovernment_1,vend_vendorname,"DEPARTMENT % OF % HEALTH",InMemory,0.051471,2.5e-05,3.11865,0
2,411161,1572796,CommonGovernment,CommonGovernment_1,vend_vendorname,"% % INC.",InMemory,0.052035,2e-05,5.23205,17488
2,411161,1572796,CommonGovernment,CommonGovernment_1,vend_vendorname,"%SERVICES%INC%",InMemory,0.074978,2.2e-05,40.4572,2818
2,411161,1572796,CommonGovernment,CommonGovernment_1,vend_vendorname,"%TECHNOLOGIES%LLC%",InMemory,0.049411,1.8e-05,24.6497,227
2,411161,1572796,CommonGovernment,CommonGovernment_1,vend_vendorname,"UNIVERSITY % OF % MISSOURI",InMemory,0.046054,2.1e-05,2.82071,0
2,411161,1572796,CommonGovernment,CommonGovernment_1,vend_vendorname,"% % LLC",InMemory,0.049033,2.1e-05,5.31235,8362
2,411161,1572796,CommonGovernment,CommonGovernment_1,vend_vendorname,"%SYSTEMS%CORPORATION%",InMemory,0.05316,1.8e-05,29.2526,130
2,411161,1572796,CommonGovernment,CommonGovernment_1,vend_vendorname,"%MANAGEMENT%SERVICES%",InMemory,0.056611,2e-05,19.5687,163
2,411161,1572796,CommonGovernment,CommonGovernment_1,vend_vendorname,"COUNTY % OF % SHELBY",InMemory,0.04506,2.1e-05,2.7913,0
2,411161,1572796,CommonGovernment,CommonGovernment_1,vend_vendorname,"% % CORPORATION",InMemory,0.05,2.2e-05,4.40418,2132
2,411161,1572796,CommonGovernment,CommonGovernment_1,vend_vendorname,"%CONSTRUCTION%INC%",InMemory,0.064733,2.2e-05,29.3919,921
2,411161,1572796,CommonGovernment,CommonGovernment_1,vend_vendorname,"%HEALTH%CARE%",InMemory,0.040238,2e-05,21.9405,597
2,411161,1572796,CommonGovernment,CommonGovernment_1,vend_vendorname,"%INTERNATIONAL%INC%",InMemory,0.062677,1.8e-05,26.1491,956
2,411161,1572796,CommonGovernment,CommonGovernment_1,vend_vendorname,"%COMMUNICATIONS%INC%",InMemory,0.089406,2.2e-05,26.1271,605
2,411161,1572796,CommonGovernment,CommonGovernment_1,vend_vendorname,"%GENERAL%DYNAMICS%",InMemory,0.056787,2.1e-05,13.4045,56
2,411161,1572796,CommonGovernment,CommonGovernment_1,vend_vendorname,"%LOCKHEED%MARTIN%",InMemory,0.047565,1.6e-05,21.3748,47
2,494564,1572767,HashTags,HashTags_1,interaction#content,"RT %@% #%",InMemory,0.064446,2.1e-05,3.29667,195
2,494564,1572767,HashTags,HashTags_1,interaction#content,"% #% #GreysAnatomy",InMemory,0.043159,1.9e-05,5.49423,288
2,494564,1572767,HashTags,HashTags_1,interaction#content,"%#Scandal%#%",InMemory,0.031728,2.2e-05,29.7186,2430
2,494564,1572767,HashTags,HashTags_1,interaction#content,"%#GreysAnatomy%#%",InMemory,0.040146,2.2e-05,26.8014,1218
2,494564,1572767,HashTags,HashTags_1,interaction#content,"Watching #% tonight %",InMemory,0.073975,3.2e-05,3.181,2
2,494564,1572767,HashTags,HashTags_1,interaction#content,"% #% #Scandal",InMemory,0.046015,3e-05,9.54788,947
2,494564,1572767,HashTags,HashTags_1,interaction#content,"%#SharkTank%#%",InMemory,0.051168,2.1e-05,25.6131,162
2,494564,1572767,HashTags,HashTags_1,interaction#content,"%#Nashville%#%",InMemory,0.040154,2e-05,26.3381,572
2,494564,1572767,HashTags,HashTags_1,interaction#content,"I am watching #% on % %",InMemory,0.075447,2.2e-05,3.02097,0
2,494564,1572767,HashTags,HashTags_1,interaction#content,"% tonight % tonight",InMemory,0.079713,2.1e-05,2.94819,0
2,494564,1572767,HashTags,HashTags_1,interaction#content,"%#ModernFamily%#%",InMemory,0.052523,2.9e-05,24.314,109
2,494564,1572767,HashTags,HashTags_1,interaction#content,"%#ABC%#%",InMemory,0.041346,2.2e-05,28.5526,1104
2,494564,1572767,HashTags,HashTags_1,interaction#content,"%#tvtag%http%",InMemory,0.054439,1.7e-05,27.2111,1940
2,494564,1572767,HashTags,HashTags_1,interaction#content,"%#ScandalThursday%#%",InMemory,0.04978,2.1e-05,25.6148,343
2,494564,1572767,HashTags,HashTags_1,interaction#content,"%#OnceUponATime%#%",InMemory,0.056864,2.2e-05,23.9356,125
2,494564,1572767,HashTags,HashTags_1,interaction#content,"%#Castle%#%",InMemory,0.026998,2.2e-05,27.2374,162
2,56749,663585,HashTags,HashTags_1,twitter#user#location,"New York% NY %",InMemory,0.04336,2e-05,0.500339,6
2,56749,663585,HashTags,HashTags_1,twitter#user#location,"% % Ohio",InMemory,0.031246,1.9e-05,0.434494,76
2,56749,663585,HashTags,HashTags_1,twitter#user#location,"%UT% % %",InMemory,0.045871,1.5e-05,6.70567,25
2,56749,663585,HashTags,HashTags_1,twitter#user#location,"% % , % %",InMemory,0.06274,1.9e-05,13.5399,25
2,56749,663585,HashTags,HashTags_1,twitter#user#location,"Chicago% IL %",InMemory,0.039257,1.8e-05,0.53209,15
2,56749,663585,HashTags,HashTags_1,twitter#user#location,"% % Texas",InMemory,0.032312,2.1e-05,0.813238,173
2,56749,663585,HashTags,HashTags_1,twitter#user#location,"% % - % %",InMemory,0.072047,2.1e-05,13.3104,145
2,56749,663585,HashTags,HashTags_1,twitter#user#location,"% % . % %",InMemory,0.080139,2.2e-05,14.0894,17
2,56749,663585,HashTags,HashTags_1,twitter#user#location,"Los Angeles% CA %",InMemory,0.045556,2.1e-05,0.734422,8
2,56749,663585,HashTags,HashTags_1,twitter#user#location,"% % California",InMemory,0.034302,1.7e-05,0.739572,128
2,56749,663585,HashTags,HashTags_1,twitter#user#location,"% Nashville % TN %",InMemory,0.092682,2.4e-05,8.40619,0
2,56749,663585,HashTags,HashTags_1,twitter#user#location,"% San % Francisco %",InMemory,0.095589,2e-05,5.30824,0
2,56749,663585,HashTags,HashTags_1,twitter#user#location,"% New % York %",InMemory,0.093971,2.1e-05,13.5897,0
2,56749,663585,HashTags,HashTags_1,twitter#user#location,"% Atlanta % GA %",InMemory,0.08825,2.2e-05,6.68086,0
2,56749,663585,HashTags,HashTags_1,twitter#user#location,"% % 757 %",InMemory,0.064651,2e-05,11.2944,8
2,56749,663585,HashTags,HashTags_1,twitter#user#location,"% % & % %",InMemory,0.076629,2.1e-05,13.387,219
2,140953,1572709,CityMaxCapita,CityMaxCapita_1,First Link in Tweet,"http% instagram.com %",SSELLVMCompiled,0.022234,11.9184,1.98241,0
2,140953,1572709,CityMaxCapita,CityMaxCapita_1,First Link in Tweet,"% status % 600",SSELLVMCompiled,0.013763,4.05283,0.496747,0
2,140953,1572709,CityMaxCapita,CityMaxCapita_1,First Link in Tweet,"%instagram.com%p%",SSELLVMCompiled,0.073465,33.9901,2.27917,22589
2,140953,1572709,CityMaxCapita,CityMaxCapita_1,First Link in Tweet,"%twitter.com%status%",SSELLVMCompiled,0.083895,35.4325,2.44943,13124
2,140953,1572709,CityMaxCapita,CityMaxCapita_1,First Link in Tweet,"https% instagram.com %",SSELLVMCompiled,0.020964,10.0673,1.47637,0
2,140953,1572709,CityMaxCapita,CityMaxCapita_1,First Link in Tweet,"% p % taken",SSELLVMCompiled,0.015041,3.80669,0.501524,0
2,140953,1572709,CityMaxCapita,CityMaxCapita_1,First Link in Tweet,"%swarmapp.com%c%",SSELLVMCompiled,0.075895,27.703,2.24932,3962
2,140953,1572709,CityMaxCapita,CityMaxCapita_1,First Link in Tweet,"%bit.ly%1%",SSELLVMCompiled,0.048759,27.7321,1.95898,4832
2,140953,1572709,CityMaxCapita,CityMaxCapita_1,First Link in Tweet,"http% bit.ly %",SSELLVMCompiled,0.015684,9.51939,1.91658,0
2,140953,1572709,CityMaxCapita,CityMaxCapita_1,First Link in Tweet,"% 2015 % story.html",SSELLVMCompiled,0.020128,3.76286,0.502889,0
2,140953,1572709,CityMaxCapita,CityMaxCapita_1,First Link in Tweet,"%youtube.com%watch%",SSELLVMCompiled,0.054877,32.3992,1.97383,517
2,140953,1572709,CityMaxCapita,CityMaxCapita_1,First Link in Tweet,"%huffingtonpost.com%2015%",SSELLVMCompiled,0.078942,41.7972,1.86706,36
2,140953,1572709,CityMaxCapita,CityMaxCapita_1,First Link in Tweet,"%nytimes.com%2015%",SSELLVMCompiled,0.047961,32.2478,2.66318,123
2,140953,1572709,CityMaxCapita,CityMaxCapita_1,First Link in Tweet,"%washingtonpost.com%2015%",SSELLVMCompiled,0.0524,29.108,1.67445,71
2,140953,1572709,CityMaxCapita,CityMaxCapita_1,First Link in Tweet,"%facebook.com%status%",SSELLVMCompiled,0.070472,31.1193,1.71987,0
2,140953,1572709,CityMaxCapita,CityMaxCapita_1,First Link in Tweet,"%youtu.be%Jk%",SSELLVMCompiled,0.045242,27.8867,1.9651,3
2,402119,1572768,CityMaxCapita,CityMaxCapita_1,User Bio,"Senior % at %",SSELLVMCompiled,0.065605,17.0537,1.70785,7
2,402119,1572768,CityMaxCapita,CityMaxCapita_1,User Bio,"% IG% NATHANN",SSELLVMCompiled,0.082091,40.1166,1.93502,0
2,402119,1572768,CityMaxCapita,CityMaxCapita_1,User Bio,"%love%peace%",SSELLVMCompiled,0.034019,23.5928,3.27001,8
2,402119,1572768,CityMaxCapita,CityMaxCapita_1,User Bio,"%music%art%",SSELLVMCompiled,0.057293,26.0972,3.19676,63
2,402119,1572768,CityMaxCapita,CityMaxCapita_1,User Bio,"Student % at % University",SSELLVMCompiled,0.081044,36.0374,1.99988,0
2,402119,1572768,CityMaxCapita,CityMaxCapita_1,User Bio,"% im % kitty",SSELLVMCompiled,0.076374,34.1656,1.80119,0
2,402119,1572768,CityMaxCapita,CityMaxCapita_1,User Bio,"%founder%ceo%",SSELLVMCompiled,0.033791,24.1989,2.64005,0
2,402119,1572768,CityMaxCapita,CityMaxCapita_1,User Bio,"%born%raised%",SSELLVMCompiled,0.050297,27.9948,2.8366,49
2,402119,1572768,CityMaxCapita,CityMaxCapita_1,User Bio,"Live % life % it",SSELLVMCompiled,0.096681,35.6744,2.11359,0
2,402119,1572768,CityMaxCapita,CityMaxCapita_1,User Bio,"% akron % 2019",SSELLVMCompiled,0.103543,51.7521,1.95712,0
2,402119,1572768,CityMaxCapita,CityMaxCapita_1,User Bio,"%business%marketing%",SSELLVMCompiled,0.062816,31.9566,2.60747,3
2,402119,1572768,CityMaxCapita,CityMaxCapita_1,User Bio,"%social%justice%",SSELLVMCompiled,0.050139,28.4345,3.31219,30
2,402119,1572768,CityMaxCapita,CityMaxCapita_1,User Bio,"%university%graduate%",SSELLVMCompiled,0.066972,32.6248,2.72406,1
2,402119,1572768,CityMaxCapita,CityMaxCapita_1,User Bio,"%travel%photography%",SSELLVMCompiled,0.059098,28.8469,3.39002,5
2,402119,1572768,CityMaxCapita,CityMaxCapita_1,User Bio,"%food%wine%",SSELLVMCompiled,0.027719,20.8063,2.49722,11
2,402119,1572768,CityMaxCapita,CityMaxCapita_1,User Bio,"%digital%media%",SSELLVMCompiled,0.062421,31.9374,3.26766,4
2,1715,3813,CommonGovernment,CommonGovernment_1,prod_or_serv_code,"J0% %0%",SSELLVMCompiled,0.048961,15.6794,0.016393,0
2,1715,3813,CommonGovernment,CommonGovernment_1,prod_or_serv_code,"% % 1%KF",SSELLVMCompiled,0.027688,16.8129,0.007344,0
2,1715,3813,CommonGovernment,CommonGovernment_1,prod_or_serv_code,"%A%1%",SSELLVMCompiled,0.05657,18.1736,0.015992,18
2,1715,3813,CommonGovernment,CommonGovernment_1,prod_or_serv_code,"%B%5%",SSELLVMCompiled,0.040919,16.7901,0.017149,46
2,1715,3813,CommonGovernment,CommonGovernment_1,prod_or_serv_code,"R4% %1%",SSELLVMCompiled,0.054343,14.5355,0.015771,0
2,1715,3813,CommonGovernment,CommonGovernment_1,prod_or_serv_code,"% % 2%44",SSELLVMCompiled,0.022486,13.5553,0.020045,0
2,1715,3813,CommonGovernment,CommonGovernment_1,prod_or_serv_code,"%C%1%",SSELLVMCompiled,0.062679,18.8667,0.019072,95
2,1715,3813,CommonGovernment,CommonGovernment_1,prod_or_serv_code,"%D%3%",SSELLVMCompiled,0.044108,18.4305,0.017696,26
2,1715,3813,CommonGovernment,CommonGovernment_1,prod_or_serv_code,"Z1% %N%",SSELLVMCompiled,0.026146,19.1995,0.020062,0
2,1715,3813,CommonGovernment,CommonGovernment_1,prod_or_serv_code,"% % 0%30",SSELLVMCompiled,0.032586,14.7978,0.012616,0
2,1715,3813,CommonGovernment,CommonGovernment_1,prod_or_serv_code,"%E%1%",SSELLVMCompiled,0.060322,19.3197,0.017438,64
2,1715,3813,CommonGovernment,CommonGovernment_1,prod_or_serv_code,"%J%0%",SSELLVMCompiled,0.050732,18.269,0.016803,59
2,1715,3813,CommonGovernment,CommonGovernment_1,prod_or_serv_code,"%M%1%",SSELLVMCompiled,0.058068,19.6048,0.018714,109
2,1715,3813,CommonGovernment,CommonGovernment_1,prod_or_serv_code,"%R%4%",SSELLVMCompiled,0.033429,17.7044,0.016633,36
2,1715,3813,CommonGovernment,CommonGovernment_1,prod_or_serv_code,"%Y%1%",SSELLVMCompiled,0.055093,17.8418,0.016354,119
2,1715,3813,CommonGovernment,CommonGovernment_1,prod_or_serv_code,"%Z%2%",SSELLVMCompiled,0.046681,13.1238,0.017565,112
2,411161,1572796,CommonGovernment,CommonGovernment_1,vend_vendorname,"DEPARTMENT % OF % HEALTH",SSELLVMCompiled,0.059627,27.9663,1.96483,0
2,411161,1572796,CommonGovernment,CommonGovernment_1,vend_vendorname,"% % INC.",SSELLVMCompiled,0.059966,25.0116,2.46275,17488
2,411161,1572796,CommonGovernment,CommonGovernment_1,vend_vendorname,"%SERVICES%INC%",SSELLVMCompiled,0.089925,26.048,6.30661,2818
2,411161,1572796,CommonGovernment,CommonGovernment_1,vend_vendorname,"%TECHNOLOGIES%LLC%",SSELLVMCompiled,0.078484,31.1972,4.31032,227
2,411161,1572796,CommonGovernment,CommonGovernment_1,vend_vendorname,"UNIVERSITY % OF % MISSOURI",SSELLVMCompiled,0.070908,31.8071,2.21021,0
2,411161,1572796,CommonGovernment,CommonGovernment_1,vend_vendorname,"% % LLC",SSELLVMCompiled,0.071229,25.7422,2.4796,8362
2,411161,1572796,CommonGovernment,CommonGovernment_1,vend_vendorname,"%SYSTEMS%CORPORATION%",SSELLVMCompiled,0.085314,27.6041,4.40902,130
2,411161,1572796,CommonGovernment,CommonGovernment_1,vend_vendorname,"%MANAGEMENT%SERVICES%",SSELLVMCompiled,0.080657,36.2908,3.71375,163
2,411161,1572796,CommonGovernment,CommonGovernment_1,vend_vendorname,"COUNTY % OF % SHELBY",SSELLVMCompiled,0.069576,31.4476,2.12768,0
2,411161,1572796,CommonGovernment,CommonGovernment_1,vend_vendorname,"% % CORPORATION",SSELLVMCompiled,0.073711,26.6435,1.99862,2132
2,411161,1572796,CommonGovernment,CommonGovernment_1,vend_vendorname,"%CONSTRUCTION%INC%",SSELLVMCompiled,0.090867,23.4436,4.31757,921
2,411161,1572796,CommonGovernment,CommonGovernment_1,vend_vendorname,"%HEALTH%CARE%",SSELLVMCompiled,0.063374,29.2197,3.48548,597
2,411161,1572796,CommonGovernment,CommonGovernment_1,vend_vendorname,"%INTERNATIONAL%INC%",SSELLVMCompiled,0.084288,20.6681,4.25225,956
2,411161,1572796,CommonGovernment,CommonGovernment_1,vend_vendorname,"%COMMUNICATIONS%INC%",SSELLVMCompiled,0.101826,23.8785,4.40247,605
2,411161,1572796,CommonGovernment,CommonGovernment_1,vend_vendorname,"%GENERAL%DYNAMICS%",SSELLVMCompiled,0.075823,34.6735,3.08434,56
2,411161,1572796,CommonGovernment,CommonGovernment_1,vend_vendorname,"%LOCKHEED%MARTIN%",SSELLVMCompiled,0.077757,32.6974,3.56656,47
2,494564,1572767,HashTags,HashTags_1,interaction#content,"RT %@% #%",SSELLVMCompiled,0.061893,21.2749,2.31279,195
2,494564,1572767,HashTags,HashTags_1,interaction#content,"% #% #GreysAnatomy",SSELLVMCompiled,0.064202,26.0211,2.28944,288
2,494564,1572767,HashTags,HashTags_1,interaction#content,"%#Scandal%#%",SSELLVMCompiled,0.050663,22.105,3.19151,2430
2,494564,1572767,HashTags,HashTags_1,interaction#content,"%#GreysAnatomy%#%",SSELLVMCompiled,0.051192,27.2982,3.02961,1218
2,494564,1572767,HashTags,HashTags_1,interaction#content,"Watching #% tonight %",SSELLVMCompiled,0.09565,23.9314,2.38064,2
2,494564,1572767,HashTags,HashTags_1,interaction#content,"% #% #Scandal",SSELLVMCompiled,0.060021,22.8457,2.71203,947
2,494564,1572767,HashTags,HashTags_1,interaction#content,"%#SharkTank%#%",SSELLVMCompiled,0.058424,30.2686,2.94157,162
2,494564,1572767,HashTags,HashTags_1,interaction#content,"%#Nashville%#%",SSELLVMCompiled,0.053767,28.1247,3.34863,572
2,494564,1572767,HashTags,HashTags_1,interaction#content,"I am watching #% on % %",SSELLVMCompiled,0.086832,21.7457,2.26434,0
2,494564,1572767,HashTags,HashTags_1,interaction#content,"% tonight % tonight",SSELLVMCompiled,0.089219,41.3355,2.16505,0
2,494564,1572767,HashTags,HashTags_1,interaction#content,"%#ModernFamily%#%",SSELLVMCompiled,0.064823,33.5946,3.47535,109
2,494564,1572767,HashTags,HashTags_1,interaction#content,"%#ABC%#%",SSELLVMCompiled,0.046698,27.7156,3.84491,1104
2,494564,1572767,HashTags,HashTags_1,interaction#content,"%#tvtag%http%",SSELLVMCompiled,0.078476,35.8478,3.75641,1940
2,494564,1572767,HashTags,HashTags_1,interaction#content,"%#ScandalThursday%#%",SSELLVMCompiled,0.073637,30.0836,3.12572,343
2,494564,1572767,HashTags,HashTags_1,interaction#content,"%#OnceUponATime%#%",SSELLVMCompiled,0.08702,35.7269,2.86128,125
2,494564,1572767,HashTags,HashTags_1,interaction#content,"%#Castle%#%",SSELLVMCompiled,0.034692,22.8649,3.19734,162
2,56749,663585,HashTags,HashTags_1,twitter#user#location,"New York% NY %",SSELLVMCompiled,0.058685,15.1893,0.273899,6
2,56749,663585,HashTags,HashTags_1,twitter#user#location,"% % Ohio",SSELLVMCompiled,0.045787,22.9654,0.29521,76
2,56749,663585,HashTags,HashTags_1,twitter#user#location,"%UT% % %",SSELLVMCompiled,0.073552,22.5258,1.055,25
2,56749,663585,HashTags,HashTags_1,twitter#user#location,"% % , % %",SSELLVMCompiled,0.090479,19.1261,2.10858,25
2,56749,663585,HashTags,HashTags_1,twitter#user#location,"Chicago% IL %",SSELLVMCompiled,0.057545,16.4441,0.342328,15
2,56749,663585,HashTags,HashTags_1,twitter#user#location,"% % Texas",SSELLVMCompiled,0.044541,23.0637,0.250947,173
2,56749,663585,HashTags,HashTags_1,twitter#user#location,"% % - % %",SSELLVMCompiled,0.080412,19.8158,2.08598,145
2,56749,663585,HashTags,HashTags_1,twitter#user#location,"% % . % %",SSELLVMCompiled,0.100141,21.4669,1.934,17
2,56749,663585,HashTags,HashTags_1,twitter#user#location,"Los Angeles% CA %",SSELLVMCompiled,0.056194,16.9654,0.460108,8
2,56749,663585,HashTags,HashTags_1,twitter#user#location,"% % California",SSELLVMCompiled,0.042104,23.9218,0.295289,128
2,56749,663585,HashTags,HashTags_1,twitter#user#location,"% Nashville % TN %",SSELLVMCompiled,0.104447,26.1355,1.51081,0
2,56749,663585,HashTags,HashTags_1,twitter#user#location,"% San % Francisco %",SSELLVMCompiled,0.118481,32.2873,1.0691,0
2,56749,663585,HashTags,HashTags_1,twitter#user#location,"% New % York %",SSELLVMCompiled,0.103258,26.7591,2.05084,0
2,56749,663585,HashTags,HashTags_1,twitter#user#location,"% Atlanta % GA %",SSELLVMCompiled,0.099927,26.3443,1.01363,0
2,56749,663585,HashTags,HashTags_1,twitter#user#location,"% % 757 %",SSELLVMCompiled,0.076705,21.2488,1.74376,8
2,56749,663585,HashTags,HashTags_1,twitter#user#location,"% % & % %",SSELLVMCompiled,0.101012,22.1504,1.93871,219
2,140953,1572709,CityMaxCapita,CityMaxCapita_1,First Link in Tweet,"http% instagram.com %",SSECppCompiled,0.02405,282.034,0.972556,0
2,140953,1572709,CityMaxCapita,CityMaxCapita_1,First Link in Tweet,"% status % 600",SSECppCompiled,0.020385,287.756,0.529557,0
2,140953,1572709,CityMaxCapita,CityMaxCapita_1,First Link in Tweet,"%instagram.com%p%",SSECppCompiled,0.081393,326.12,2.46743,22589
2,140953,1572709,CityMaxCapita,CityMaxCapita_1,First Link in Tweet,"%twitter.com%status%",SSECppCompiled,0.079189,345.079,2.61781,13124
2,140953,1572709,CityMaxCapita,CityMaxCapita_1,First Link in Tweet,"https% instagram.com %",SSECppCompiled,0.019931,294.268,1.0505,0
2,140953,1572709,CityMaxCapita,CityMaxCapita_1,First Link in Tweet,"% p % taken",SSECppCompiled,0.020171,288.67,0.508238,0
2,140953,1572709,CityMaxCapita,CityMaxCapita_1,First Link in Tweet,"%swarmapp.com%c%",SSECppCompiled,0.073106,328.933,2.28757,3962
2,140953,1572709,CityMaxCapita,CityMaxCapita_1,First Link in Tweet,"%bit.ly%1%",SSECppCompiled,0.046558,324.899,2.0558,4832
2,140953,1572709,CityMaxCapita,CityMaxCapita_1,First Link in Tweet,"http% bit.ly %",SSECppCompiled,0.018303,293.004,0.977082,0
2,140953,1572709,CityMaxCapita,CityMaxCapita_1,First Link in Tweet,"% 2015 % story.html",SSECppCompiled,0.021989,291.153,0.511006,0
2,140953,1572709,CityMaxCapita,CityMaxCapita_1,First Link in Tweet,"%youtube.com%watch%",SSECppCompiled,0.069312,337.27,2.22165,517
2,140953,1572709,CityMaxCapita,CityMaxCapita_1,First Link in Tweet,"%huffingtonpost.com%2015%",SSECppCompiled,0.07696,361.427,1.89933,36
2,140953,1572709,CityMaxCapita,CityMaxCapita_1,First Link in Tweet,"%nytimes.com%2015%",SSECppCompiled,0.048978,333.697,2.72186,123
2,140953,1572709,CityMaxCapita,CityMaxCapita_1,First Link in Tweet,"%washingtonpost.com%2015%",SSECppCompiled,0.049042,322.603,1.61636,71
2,140953,1572709,CityMaxCapita,CityMaxCapita_1,First Link in Tweet,"%facebook.com%status%",SSECppCompiled,0.071022,333.418,1.88017,0
2,140953,1572709,CityMaxCapita,CityMaxCapita_1,First Link in Tweet,"%youtu.be%Jk%",SSECppCompiled,0.041956,316.869,2.09563,3
2,402119,1572768,CityMaxCapita,CityMaxCapita_1,User Bio,"Senior % at %",SSECppCompiled,0.074384,289.139,1.57769,7
2,402119,1572768,CityMaxCapita,CityMaxCapita_1,User Bio,"% IG% NATHANN",SSECppCompiled,0.08242,315.578,1.6374,0
2,402119,1572768,CityMaxCapita,CityMaxCapita_1,User Bio,"%love%peace%",SSECppCompiled,0.036091,304.134,2.921,8
2,402119,1572768,CityMaxCapita,CityMaxCapita_1,User Bio,"%music%art%",SSECppCompiled,0.057118,312.828,2.99817,63
2,402119,1572768,CityMaxCapita,CityMaxCapita_1,User Bio,"Student % at % University",SSECppCompiled,0.08139,315.663,1.67037,0
2,402119,1572768,CityMaxCapita,CityMaxCapita_1,User Bio,"% im % kitty",SSECppCompiled,0.073077,310.258,1.63743,0
2,402119,1572768,CityMaxCapita,CityMaxCapita_1,User Bio,"%founder%ceo%",SSECppCompiled,0.039967,316.592,2.50336,0
2,402119,1572768,CityMaxCapita,CityMaxCapita_1,User Bio,"%born%raised%",SSECppCompiled,0.053966,332.656,2.4456,49
2,402119,1572768,CityMaxCapita,CityMaxCapita_1,User Bio,"Live % life % it",SSECppCompiled,0.114786,322.459,1.77383,0
2,402119,1572768,CityMaxCapita,CityMaxCapita_1,User Bio,"% akron % 2019",SSECppCompiled,0.0968,328.941,1.68648,0
2,402119,1572768,CityMaxCapita,CityMaxCapita_1,User Bio,"%business%marketing%",SSECppCompiled,0.059059,345.759,2.50834,3
2,402119,1572768,CityMaxCapita,CityMaxCapita_1,User Bio,"%social%justice%",SSECppCompiled,0.052601,333.525,3.40532,30
2,402119,1572768,CityMaxCapita,CityMaxCapita_1,User Bio,"%university%graduate%",SSECppCompiled,0.071519,353.708,2.57802,1
2,402119,1572768,CityMaxCapita,CityMaxCapita_1,User Bio,"%travel%photography%",SSECppCompiled,0.053258,329.405,3.26184,5
2,402119,1572768,CityMaxCapita,CityMaxCapita_1,User Bio,"%food%wine%",SSECppCompiled,0.030486,301.703,2.52756,11
2,402119,1572768,CityMaxCapita,CityMaxCapita_1,User Bio,"%digital%media%",SSECppCompiled,0.064921,328.556,2.95964,4
2,1715,3813,CommonGovernment,CommonGovernment_1,prod_or_serv_code,"J0% %0%",SSECppCompiled,0.049702,290.85,0.026581,0
2,1715,3813,CommonGovernment,CommonGovernment_1,prod_or_serv_code,"% % 1%KF",SSECppCompiled,0.025331,292.87,0.01419,0
2,1715,3813,CommonGovernment,CommonGovernment_1,prod_or_serv_code,"%A%1%",SSECppCompiled,0.064577,295.939,0.02424,18
2,1715,3813,CommonGovernment,CommonGovernment_1,prod_or_serv_code,"%B%5%",SSECppCompiled,0.04759,296.029,0.024684,46
2,1715,3813,CommonGovernment,CommonGovernment_1,prod_or_serv_code,"R4% %1%",SSECppCompiled,0.061034,288.888,0.02705,0
2,1715,3813,CommonGovernment,CommonGovernment_1,prod_or_serv_code,"% % 2%44",SSECppCompiled,0.026069,296.636,0.020035,0
2,1715,3813,CommonGovernment,CommonGovernment_1,prod_or_serv_code,"%C%1%",SSECppCompiled,0.064918,306.262,0.023987,95
2,1715,3813,CommonGovernment,CommonGovernment_1,prod_or_serv_code,"%D%3%",SSECppCompiled,0.037833,305.797,0.024018,26
2,1715,3813,CommonGovernment,CommonGovernment_1,prod_or_serv_code,"Z1% %N%",SSECppCompiled,0.030926,299.77,0.028754,0
2,1715,3813,CommonGovernment,CommonGovernment_1,prod_or_serv_code,"% % 0%30",SSECppCompiled,0.02618,302.791,0.020225,0
2,1715,3813,CommonGovernment,CommonGovernment_1,prod_or_serv_code,"%E%1%",SSECppCompiled,0.060573,303.125,0.02304,64
2,1715,3813,CommonGovernment,CommonGovernment_1,prod_or_serv_code,"%J%0%",SSECppCompiled,0.049005,304.878,0.023274,59
2,1715,3813,CommonGovernment,CommonGovernment_1,prod_or_serv_code,"%M%1%",SSECppCompiled,0.063143,303.798,0.023414,109
2,1715,3813,CommonGovernment,CommonGovernment_1,prod_or_serv_code,"%R%4%",SSECppCompiled,0.039028,303.785,0.022162,36
2,1715,3813,CommonGovernment,CommonGovernment_1,prod_or_serv_code,"%Y%1%",SSECppCompiled,0.063725,296.474,0.023857,119
2,1715,3813,CommonGovernment,CommonGovernment_1,prod_or_serv_code,"%Z%2%",SSECppCompiled,0.050505,284.031,0.025646,112
2,411161,1572796,CommonGovernment,CommonGovernment_1,vend_vendorname,"DEPARTMENT % OF % HEALTH",SSECppCompiled,0.06728,309.549,2.01875,0
2,411161,1572796,CommonGovernment,CommonGovernment_1,vend_vendorname,"% % INC.",SSECppCompiled,0.064516,305.689,2.77936,17488
2,411161,1572796,CommonGovernment,CommonGovernment_1,vend_vendorname,"%SERVICES%INC%",SSECppCompiled,0.086255,319.246,4.41915,2818
2,411161,1572796,CommonGovernment,CommonGovernment_1,vend_vendorname,"%TECHNOLOGIES%LLC%",SSECppCompiled,0.069797,320.475,4.29981,227
2,411161,1572796,CommonGovernment,CommonGovernment_1,vend_vendorname,"UNIVERSITY % OF % MISSOURI",SSECppCompiled,0.061336,313.213,1.95318,0
2,411161,1572796,CommonGovernment,CommonGovernment_1,vend_vendorname,"% % LLC",SSECppCompiled,0.064186,301.143,2.7631,8362
2,411161,1572796,CommonGovernment,CommonGovernment_1,vend_vendorname,"%SYSTEMS%CORPORATION%",SSECppCompiled,0.077451,321.441,4.21902,130
2,411161,1572796,CommonGovernment,CommonGovernment_1,vend_vendorname,"%MANAGEMENT%SERVICES%",SSECppCompiled,0.071735,351.228,3.49625,163
2,411161,1572796,CommonGovernment,CommonGovernment_1,vend_vendorname,"COUNTY % OF % SHELBY",SSECppCompiled,0.059895,319.904,1.95038,0
2,411161,1572796,CommonGovernment,CommonGovernment_1,vend_vendorname,"% % CORPORATION",SSECppCompiled,0.067263,313.605,2.22088,2132
2,411161,1572796,CommonGovernment,CommonGovernment_1,vend_vendorname,"%CONSTRUCTION%INC%",SSECppCompiled,0.081642,320.344,4.33472,921
2,411161,1572796,CommonGovernment,CommonGovernment_1,vend_vendorname,"%HEALTH%CARE%",SSECppCompiled,0.057786,331.026,3.58992,597
2,411161,1572796,CommonGovernment,CommonGovernment_1,vend_vendorname,"%INTERNATIONAL%INC%",SSECppCompiled,0.092622,321.698,4.59445,956
2,411161,1572796,CommonGovernment,CommonGovernment_1,vend_vendorname,"%COMMUNICATIONS%INC%",SSECppCompiled,0.105285,339.242,3.82188,605
2,411161,1572796,CommonGovernment,CommonGovernment_1,vend_vendorname,"%GENERAL%DYNAMICS%",SSECppCompiled,0.069057,353.422,3.09701,56
2,411161,1572796,CommonGovernment,CommonGovernment_1,vend_vendorname,"%LOCKHEED%MARTIN%",SSECppCompiled,0.064658,346.992,3.51104,47
2,494564,1572767,HashTags,HashTags_1,interaction#content,"RT %@% #%",SSECppCompiled,0.061385,302.973,1.94118,195
2,494564,1572767,HashTags,HashTags_1,interaction#content,"% #% #GreysAnatomy",SSECppCompiled,0.062979,306.948,2.20278,288
2,494564,1572767,HashTags,HashTags_1,interaction#content,"%#Scandal%#%",SSECppCompiled,0.039541,302.497,3.16087,2430
2,494564,1572767,HashTags,HashTags_1,interaction#content,"%#GreysAnatomy%#%",SSECppCompiled,0.052315,320.331,2.89062,1218
2,494564,1572767,HashTags,HashTags_1,interaction#content,"Watching #% tonight %",SSECppCompiled,0.103214,300.69,1.94036,2
2,494564,1572767,HashTags,HashTags_1,interaction#content,"% #% #Scandal",SSECppCompiled,0.056325,302.5,2.86877,947
2,494564,1572767,HashTags,HashTags_1,interaction#content,"%#SharkTank%#%",SSECppCompiled,0.067482,328.147,3.28781,162
2,494564,1572767,HashTags,HashTags_1,interaction#content,"%#Nashville%#%",SSECppCompiled,0.056435,322.225,3.32621,572
2,494564,1572767,HashTags,HashTags_1,interaction#content,"I am watching #% on % %",SSECppCompiled,0.093813,297.122,1.89404,0
2,494564,1572767,HashTags,HashTags_1,interaction#content,"% tonight % tonight",SSECppCompiled,0.096478,324.456,1.97035,0
2,494564,1572767,HashTags,HashTags_1,interaction#content,"%#ModernFamily%#%",SSECppCompiled,0.066157,351.357,3.31444,109
2,494564,1572767,HashTags,HashTags_1,interaction#content,"%#ABC%#%",SSECppCompiled,0.046496,329.143,3.52394,1104
2,494564,1572767,HashTags,HashTags_1,interaction#content,"%#tvtag%http%",SSECppCompiled,0.097558,349.928,3.44459,1940
2,494564,1572767,HashTags,HashTags_1,interaction#content,"%#ScandalThursday%#%",SSECppCompiled,0.066569,338.397,2.99259,343
2,494564,1572767,HashTags,HashTags_1,interaction#content,"%#OnceUponATime%#%",SSECppCompiled,0.075224,355.146,3.18705,125
2,494564,1572767,HashTags,HashTags_1,interaction#content,"%#Castle%#%",SSECppCompiled,0.037366,320.763,2.95474,162
2,56749,663585,HashTags,HashTags_1,twitter#user#location,"New York% NY %",SSECppCompiled,0.06148,305.539,0.339402,6
2,56749,663585,HashTags,HashTags_1,twitter#user#location,"% % Ohio",SSECppCompiled,0.04857,310.721,0.398095,76
2,56749,663585,HashTags,HashTags_1,twitter#user#location,"%UT% % %",SSECppCompiled,0.073864,299.722,1.2429,25
2,56749,663585,HashTags,HashTags_1,twitter#user#location,"% % , % %",SSECppCompiled,0.094837,296.642,2.36937,25
2,56749,663585,HashTags,HashTags_1,twitter#user#location,"Chicago% IL %",SSECppCompiled,0.059433,302.335,0.356425,15
2,56749,663585,HashTags,HashTags_1,twitter#user#location,"% % Texas",SSECppCompiled,0.047626,302.086,0.405927,173
2,56749,663585,HashTags,HashTags_1,twitter#user#location,"% % - % %",SSECppCompiled,0.090352,297.158,2.44099,145
2,56749,663585,HashTags,HashTags_1,twitter#user#location,"% % . % %",SSECppCompiled,0.100999,301.276,2.39774,17
2,56749,663585,HashTags,HashTags_1,twitter#user#location,"Los Angeles% CA %",SSECppCompiled,0.06084,297.012,0.519612,8
2,56749,663585,HashTags,HashTags_1,twitter#user#location,"% % California",SSECppCompiled,0.048131,304.428,0.403315,128
2,56749,663585,HashTags,HashTags_1,twitter#user#location,"% Nashville % TN %",SSECppCompiled,0.111047,314.601,1.70863,0
2,56749,663585,HashTags,HashTags_1,twitter#user#location,"% San % Francisco %",SSECppCompiled,0.11605,333.043,1.25687,0
2,56749,663585,HashTags,HashTags_1,twitter#user#location,"% New % York %",SSECppCompiled,0.108784,335.632,2.29027,0
2,56749,663585,HashTags,HashTags_1,twitter#user#location,"% Atlanta % GA %",SSECppCompiled,0.119448,326.485,1.3411,0
2,56749,663585,HashTags,HashTags_1,twitter#user#location,"% % 757 %",SSECppCompiled,0.090949,312.492,1.9631,8
2,56749,663585,HashTags,HashTags_1,twitter#user#location,"% % & % %",SSECppCompiled,0.09848,310.843,2.37567,219
2,140953,1572709,CityMaxCapita,CityMaxCapita_1,First Link in Tweet,"http% instagram.com %",SSEDecoded,0.001559,0,5.6249,0
2,140953,1572709,CityMaxCapita,CityMaxCapita_1,First Link in Tweet,"% status % 600",SSEDecoded,0.001137,0,4.53218,0
2,140953,1572709,CityMaxCapita,CityMaxCapita_1,First Link in Tweet,"%instagram.com%p%",SSEDecoded,0.001111,0,6.52522,22589
2,140953,1572709,CityMaxCapita,CityMaxCapita_1,First Link in Tweet,"%twitter.com%status%",SSEDecoded,0.001105,0,5.25135,13124
2,140953,1572709,CityMaxCapita,CityMaxCapita_1,First Link in Tweet,"https% instagram.com %",SSEDecoded,0.00098,0,5.20216,0
2,140953,1572709,CityMaxCapita,CityMaxCapita_1,First Link in Tweet,"% p % taken",SSEDecoded,0.000949,0,4.45906,0
2,140953,1572709,CityMaxCapita,CityMaxCapita_1,First Link in Tweet,"%swarmapp.com%c%",SSEDecoded,0.000833,0,5.02421,3962
2,140953,1572709,CityMaxCapita,CityMaxCapita_1,First Link in Tweet,"%bit.ly%1%",SSEDecoded,0.000733,0,4.92314,4832
2,140953,1572709,CityMaxCapita,CityMaxCapita_1,First Link in Tweet,"http% bit.ly %",SSEDecoded,0.000742,0,5.07216,0
2,140953,1572709,CityMaxCapita,CityMaxCapita_1,First Link in Tweet,"% 2015 % story.html",SSEDecoded,0.000696,0,4.46681,0
2,140953,1572709,CityMaxCapita,CityMaxCapita_1,First Link in Tweet,"%youtube.com%watch%",SSEDecoded,0.001053,0,4.93086,517
2,140953,1572709,CityMaxCapita,CityMaxCapita_1,First Link in Tweet,"%huffingtonpost.com%2015%",SSEDecoded,0.000923,0,5.65887,36
2,140953,1572709,CityMaxCapita,CityMaxCapita_1,First Link in Tweet,"%nytimes.com%2015%",SSEDecoded,0.000825,0,4.91476,123
2,140953,1572709,CityMaxCapita,CityMaxCapita_1,First Link in Tweet,"%washingtonpost.com%2015%",SSEDecoded,0.000929,0,5.71208,71
2,140953,1572709,CityMaxCapita,CityMaxCapita_1,First Link in Tweet,"%facebook.com%status%",SSEDecoded,0.000856,0,4.91075,0
2,140953,1572709,CityMaxCapita,CityMaxCapita_1,First Link in Tweet,"%youtu.be%Jk%",SSEDecoded,0.000815,0,4.88043,3
2,402119,1572768,CityMaxCapita,CityMaxCapita_1,User Bio,"Senior % at %",SSEDecoded,0.00106,0,6.47467,7
2,402119,1572768,CityMaxCapita,CityMaxCapita_1,User Bio,"% IG% NATHANN",SSEDecoded,0.000852,0,6.63501,0
2,402119,1572768,CityMaxCapita,CityMaxCapita_1,User Bio,"%love%peace%",SSEDecoded,0.001063,0,7.04664,8
2,402119,1572768,CityMaxCapita,CityMaxCapita_1,User Bio,"%music%art%",SSEDecoded,0.001088,0,6.68841,63
2,402119,1572768,CityMaxCapita,CityMaxCapita_1,User Bio,"Student % at % University",SSEDecoded,0.000791,0,6.14881,0
2,402119,1572768,CityMaxCapita,CityMaxCapita_1,User Bio,"% im % kitty",SSEDecoded,0.000812,0,6.27409,0
2,402119,1572768,CityMaxCapita,CityMaxCapita_1,User Bio,"%founder%ceo%",SSEDecoded,0.000806,0,6.82283,0
2,402119,1572768,CityMaxCapita,CityMaxCapita_1,User Bio,"%born%raised%",SSEDecoded,0.000895,0,6.71072,49
2,402119,1572768,CityMaxCapita,CityMaxCapita_1,User Bio,"Live % life % it",SSEDecoded,0.000846,0,6.27364,0
2,402119,1572768,CityMaxCapita,CityMaxCapita_1,User Bio,"% akron % 2019",SSEDecoded,0.00074,0,6.16782,0
2,402119,1572768,CityMaxCapita,CityMaxCapita_1,User Bio,"%business%marketing%",SSEDecoded,0.000856,0,6.52376,3
2,402119,1572768,CityMaxCapita,CityMaxCapita_1,User Bio,"%social%justice%",SSEDecoded,0.00103,0,6.79624,30
2,402119,1572768,CityMaxCapita,CityMaxCapita_1,User Bio,"%university%graduate%",SSEDecoded,0.001005,0,6.83932,1
2,402119,1572768,CityMaxCapita,CityMaxCapita_1,User Bio,"%travel%photography%",SSEDecoded,0.000852,0,6.81286,5
2,402119,1572768,CityMaxCapita,CityMaxCapita_1,User Bio,"%food%wine%",SSEDecoded,0.00087,0,6.74993,11
2,402119,1572768,CityMaxCapita,CityMaxCapita_1,User Bio,"%digital%media%",SSEDecoded,0.000815,0,6.72389,4
2,1715,3813,CommonGovernment,CommonGovernment_1,prod_or_serv_code,"J0% %0%",SSEDecoded,0.000864,0,0.071,0
2,1715,3813,CommonGovernment,CommonGovernment_1,prod_or_serv_code,"% % 1%KF",SSEDecoded,0.000431,0,0.06598,0
2,1715,3813,CommonGovernment,CommonGovernment_1,prod_or_serv_code,"%A%1%",SSEDecoded,0.000291,0,0.076704,18
2,1715,3813,CommonGovernment,CommonGovernment_1,prod_or_serv_code,"%B%5%",SSEDecoded,0.000185,0,0.077838,46
2,1715,3813,CommonGovernment,CommonGovernment_1,prod_or_serv_code,"R4% %1%",SSEDecoded,0.000253,0,0.07009,0
2,1715,3813,CommonGovernment,CommonGovernment_1,prod_or_serv_code,"% % 2%44",SSEDecoded,0.000245,0,0.065341,0
2,1715,3813,CommonGovernment,CommonGovernment_1,prod_or_serv_code,"%C%1%",SSEDecoded,0.000197,0,0.076856,95
2,1715,3813,CommonGovernment,CommonGovernment_1,prod_or_serv_code,"%D%3%",SSEDecoded,0.000191,0,0.076721,26
2,1715,3813,CommonGovernment,CommonGovernment_1,prod_or_serv_code,"Z1% %N%",SSEDecoded,0.000209,0,0.070417,0
2,1715,3813,CommonGovernment,CommonGovernment_1,prod_or_serv_code,"% % 0%30",SSEDecoded,0.00023,0,0.065505,0
2,1715,3813,CommonGovernment,CommonGovernment_1,prod_or_serv_code,"%E%1%",SSEDecoded,0.000188,0,0.100394,64
2,1715,3813,CommonGovernment,CommonGovernment_1,prod_or_serv_code,"%J%0%",SSEDecoded,0.00022,0,0.078624,59
2,1715,3813,CommonGovernment,CommonGovernment_1,prod_or_serv_code,"%M%1%",SSEDecoded,0.000187,0,0.080862,109
2,1715,3813,CommonGovernment,CommonGovernment_1,prod_or_serv_code,"%R%4%",SSEDecoded,0.00019,0,0.077428,36
2,1715,3813,CommonGovernment,CommonGovernment_1,prod_or_serv_code,"%Y%1%",SSEDecoded,0.000203,0,0.080168,119
2,1715,3813,CommonGovernment,CommonGovernment_1,prod_or_serv_code,"%Z%2%",SSEDecoded,0.000192,0,0.08187,112
2,411161,1572796,CommonGovernment,CommonGovernment_1,vend_vendorname,"DEPARTMENT % OF % HEALTH",SSEDecoded,0.000591,0,8.35314,0
2,411161,1572796,CommonGovernment,CommonGovernment_1,vend_vendorname,"% % INC.",SSEDecoded,0.000684,0,8.81438,17488
2,411161,1572796,CommonGovernment,CommonGovernment_1,vend_vendorname,"%SERVICES%INC%",SSEDecoded,0.00111,0,9.27642,2818
2,411161,1572796,CommonGovernment,CommonGovernment_1,vend_vendorname,"%TECHNOLOGIES%LLC%",SSEDecoded,0.000988,0,8.97711,227
2,411161,1572796,CommonGovernment,CommonGovernment_1,vend_vendorname,"UNIVERSITY % OF % MISSOURI",SSEDecoded,0.000968,0,8.04194,0
2,411161,1572796,CommonGovernment,CommonGovernment_1,vend_vendorname,"% % LLC",SSEDecoded,0.000652,0,8.09149,8362
2,411161,1572796,CommonGovernment,CommonGovernment_1,vend_vendorname,"%SYSTEMS%CORPORATION%",SSEDecoded,0.000943,0,8.521,130
2,411161,1572796,CommonGovernment,CommonGovernment_1,vend_vendorname,"%MANAGEMENT%SERVICES%",SSEDecoded,0.000855,0,8.97142,163
2,411161,1572796,CommonGovernment,CommonGovernment_1,vend_vendorname,"COUNTY % OF % SHELBY",SSEDecoded,0.000904,0,8.30828,0
2,411161,1572796,CommonGovernment,CommonGovernment_1,vend_vendorname,"% % CORPORATION",SSEDecoded,0.00073,0,8.35702,2132
2,411161,1572796,CommonGovernment,CommonGovernment_1,vend_vendorname,"%CONSTRUCTION%INC%",SSEDecoded,0.001001,0,9.22884,921
2,411161,1572796,CommonGovernment,CommonGovernment_1,vend_vendorname,"%HEALTH%CARE%",SSEDecoded,0.000986,0,9.22659,597
2,411161,1572796,CommonGovernment,CommonGovernment_1,vend_vendorname,"%INTERNATIONAL%INC%",SSEDecoded,0.00095,0,11.4141,956
2,411161,1572796,CommonGovernment,CommonGovernment_1,vend_vendorname,"%COMMUNICATIONS%INC%",SSEDecoded,0.001014,0,10.9529,605
2,411161,1572796,CommonGovernment,CommonGovernment_1,vend_vendorname,"%GENERAL%DYNAMICS%",SSEDecoded,0.000843,0,8.83281,56
2,411161,1572796,CommonGovernment,CommonGovernment_1,vend_vendorname,"%LOCKHEED%MARTIN%",SSEDecoded,0.000912,0,8.9757,47
2,494564,1572767,HashTags,HashTags_1,interaction#content,"RT %@% #%",SSEDecoded,0.000806,0,7.22852,195
2,494564,1572767,HashTags,HashTags_1,interaction#content,"% #% #GreysAnatomy",SSEDecoded,0.000814,0,7.27871,288
2,494564,1572767,HashTags,HashTags_1,interaction#content,"%#Scandal%#%",SSEDecoded,0.000966,0,7.90878,2430
2,494564,1572767,HashTags,HashTags_1,interaction#content,"%#GreysAnatomy%#%",SSEDecoded,0.000938,0,8.7808,1218
2,494564,1572767,HashTags,HashTags_1,interaction#content,"Watching #% tonight %",SSEDecoded,0.000903,0,7.39148,2
2,494564,1572767,HashTags,HashTags_1,interaction#content,"% #% #Scandal",SSEDecoded,0.000762,0,7.53703,947
2,494564,1572767,HashTags,HashTags_1,interaction#content,"%#SharkTank%#%",SSEDecoded,0.000952,0,7.69073,162
2,494564,1572767,HashTags,HashTags_1,interaction#content,"%#Nashville%#%",SSEDecoded,0.000933,0,7.84958,572
2,494564,1572767,HashTags,HashTags_1,interaction#content,"I am watching #% on % %",SSEDecoded,0.000826,0,7.48678,0
2,494564,1572767,HashTags,HashTags_1,interaction#content,"% tonight % tonight",SSEDecoded,0.000981,0,6.92331,0
2,494564,1572767,HashTags,HashTags_1,interaction#content,"%#ModernFamily%#%",SSEDecoded,0.000814,0,8.25651,109
2,494564,1572767,HashTags,HashTags_1,interaction#content,"%#ABC%#%",SSEDecoded,0.000834,0,7.50428,1104
2,494564,1572767,HashTags,HashTags_1,interaction#content,"%#tvtag%http%",SSEDecoded,0.000865,0,7.68755,1940
2,494564,1572767,HashTags,HashTags_1,interaction#content,"%#ScandalThursday%#%",SSEDecoded,0.000739,0,8.41968,343
2,494564,1572767,HashTags,HashTags_1,interaction#content,"%#OnceUponATime%#%",SSEDecoded,0.000767,0,8.41533,125
2,494564,1572767,HashTags,HashTags_1,interaction#content,"%#Castle%#%",SSEDecoded,0.000771,0,7.87097,162
2,56749,663585,HashTags,HashTags_1,twitter#user#location,"New York% NY %",SSEDecoded,0.000977,0,2.80668,6
2,56749,663585,HashTags,HashTags_1,twitter#user#location,"% % Ohio",SSEDecoded,0.000699,0,2.85493,76
2,56749,663585,HashTags,HashTags_1,twitter#user#location,"%UT% % %",SSEDecoded,0.000839,0,3.26332,25
2,56749,663585,HashTags,HashTags_1,twitter#user#location,"% % , % %",SSEDecoded,0.00088,0,3.88376,25
2,56749,663585,HashTags,HashTags_1,twitter#user#location,"Chicago% IL %",SSEDecoded,0.000606,0,2.80523,15
2,56749,663585,HashTags,HashTags_1,twitter#user#location,"% % Texas",SSEDecoded,0.000539,0,2.8021,173
2,56749,663585,HashTags,HashTags_1,twitter#user#location,"% % - % %",SSEDecoded,0.000882,0,3.86119,145
2,56749,663585,HashTags,HashTags_1,twitter#user#location,"% % . % %",SSEDecoded,0.000897,0,3.856,17
2,56749,663585,HashTags,HashTags_1,twitter#user#location,"Los Angeles% CA %",SSEDecoded,0.000632,0,2.76124,8
2,56749,663585,HashTags,HashTags_1,twitter#user#location,"% % California",SSEDecoded,0.000512,0,2.79209,128
2,56749,663585,HashTags,HashTags_1,twitter#user#location,"% Nashville % TN %",SSEDecoded,0.000847,0,2.98154,0
2,56749,663585,HashTags,HashTags_1,twitter#user#location,"% San % Francisco %",SSEDecoded,0.000805,0,2.90914,0
2,56749,663585,HashTags,HashTags_1,twitter#user#location,"% New % York %",SSEDecoded,0.000738,0,3.15699,0
2,56749,663585,HashTags,HashTags_1,twitter#user#location,"% Atlanta % GA %",SSEDecoded,0.000791,0,3.12555,0
2,56749,663585,HashTags,HashTags_1,twitter#user#location,"% % 757 %",SSEDecoded,0.000799,0,3.80619,8
2,56749,663585,HashTags,HashTags_1,twitter#user#location,"% % & % %",SSEDecoded,0.000925,0,3.90471,219
2,140953,1572709,CityMaxCapita,CityMaxCapita_1,First Link in Tweet,"http% instagram.com %",VectorScan,0.972141,0,8.28435,0
2,140953,1572709,CityMaxCapita,CityMaxCapita_1,First Link in Tweet,"% status % 600",VectorScan,0.565221,0,7.67387,0
2,140953,1572709,CityMaxCapita,CityMaxCapita_1,First Link in Tweet,"%instagram.com%p%",VectorScan,0.514825,0,9.424,22589
2,140953,1572709,CityMaxCapita,CityMaxCapita_1,First Link in Tweet,"%twitter.com%status%",VectorScan,0.421483,0,9.33469,13124
2,140953,1572709,CityMaxCapita,CityMaxCapita_1,First Link in Tweet,"https% instagram.com %",VectorScan,0.581342,0,7.58117,0
2,140953,1572709,CityMaxCapita,CityMaxCapita_1,First Link in Tweet,"% p % taken",VectorScan,0.526419,0,7.61635,0
2,140953,1572709,CityMaxCapita,CityMaxCapita_1,First Link in Tweet,"%swarmapp.com%c%",VectorScan,0.465426,0,7.88171,3962
2,140953,1572709,CityMaxCapita,CityMaxCapita_1,First Link in Tweet,"%bit.ly%1%",VectorScan,0.381822,0,7.56943,4832
2,140953,1572709,CityMaxCapita,CityMaxCapita_1,First Link in Tweet,"http% bit.ly %",VectorScan,0.44271,0,8.08484,0
2,140953,1572709,CityMaxCapita,CityMaxCapita_1,First Link in Tweet,"% 2015 % story.html",VectorScan,0.570203,0,7.39646,0
2,140953,1572709,CityMaxCapita,CityMaxCapita_1,First Link in Tweet,"%youtube.com%watch%",VectorScan,0.399288,0,7.64308,517
2,140953,1572709,CityMaxCapita,CityMaxCapita_1,First Link in Tweet,"%huffingtonpost.com%2015%",VectorScan,0.459222,0,7.40795,36
2,140953,1572709,CityMaxCapita,CityMaxCapita_1,First Link in Tweet,"%nytimes.com%2015%",VectorScan,0.404096,0,7.60793,123
2,140953,1572709,CityMaxCapita,CityMaxCapita_1,First Link in Tweet,"%washingtonpost.com%2015%",VectorScan,0.427591,0,7.5213,71
2,140953,1572709,CityMaxCapita,CityMaxCapita_1,First Link in Tweet,"%facebook.com%status%",VectorScan,0.37967,0,7.4326,0
2,140953,1572709,CityMaxCapita,CityMaxCapita_1,First Link in Tweet,"%youtu.be%Jk%",VectorScan,0.423167,0,7.23095,3
2,402119,1572768,CityMaxCapita,CityMaxCapita_1,User Bio,"Senior % at %",VectorScan,0.410511,0,9.50813,7
2,402119,1572768,CityMaxCapita,CityMaxCapita_1,User Bio,"% IG% NATHANN",VectorScan,0.532849,0,10.6922,0
2,402119,1572768,CityMaxCapita,CityMaxCapita_1,User Bio,"%love%peace%",VectorScan,0.381234,0,10.8255,8
2,402119,1572768,CityMaxCapita,CityMaxCapita_1,User Bio,"%music%art%",VectorScan,0.305865,0,10.5147,63
2,402119,1572768,CityMaxCapita,CityMaxCapita_1,User Bio,"Student % at % University",VectorScan,0.877941,0,9.27231,0
2,402119,1572768,CityMaxCapita,CityMaxCapita_1,User Bio,"% im % kitty",VectorScan,0.509966,0,10.3727,0
2,402119,1572768,CityMaxCapita,CityMaxCapita_1,User Bio,"%founder%ceo%",VectorScan,0.302062,0,10.2795,0
2,402119,1572768,CityMaxCapita,CityMaxCapita_1,User Bio,"%born%raised%",VectorScan,0.39309,0,9.94416,49
2,402119,1572768,CityMaxCapita,CityMaxCapita_1,User Bio,"Live % life % it",VectorScan,0.683294,0,9.23308,0
2,402119,1572768,CityMaxCapita,CityMaxCapita_1,User Bio,"% akron % 2019",VectorScan,0.460915,0,10.9989,0
2,402119,1572768,CityMaxCapita,CityMaxCapita_1,User Bio,"%business%marketing%",VectorScan,0.468718,0,10.5735,3
2,402119,1572768,CityMaxCapita,CityMaxCapita_1,User Bio,"%social%justice%",VectorScan,0.44029,0,10.6214,30
2,402119,1572768,CityMaxCapita,CityMaxCapita_1,User Bio,"%university%graduate%",VectorScan,0.415038,0,10.4284,1
2,402119,1572768,CityMaxCapita,CityMaxCapita_1,User Bio,"%travel%photography%",VectorScan,0.504649,0,10.3447,5
2,402119,1572768,CityMaxCapita,CityMaxCapita_1,User Bio,"%food%wine%",VectorScan,0.369968,0,10.2233,11
2,402119,1572768,CityMaxCapita,CityMaxCapita_1,User Bio,"%digital%media%",VectorScan,0.357789,0,10.0266,4
2,1715,3813,CommonGovernment,CommonGovernment_1,prod_or_serv_code,"J0% %0%",VectorScan,0.46554,0,0.110141,0
2,1715,3813,CommonGovernment,CommonGovernment_1,prod_or_serv_code,"% % 1%KF",VectorScan,0.626181,0,0.075773,0
2,1715,3813,CommonGovernment,CommonGovernment_1,prod_or_serv_code,"%A%1%",VectorScan,0.243683,0,0.121596,18
2,1715,3813,CommonGovernment,CommonGovernment_1,prod_or_serv_code,"%B%5%",VectorScan,0.205773,0,0.096177,46
2,1715,3813,CommonGovernment,CommonGovernment_1,prod_or_serv_code,"R4% %1%",VectorScan,0.373815,0,0.091959,0
2,1715,3813,CommonGovernment,CommonGovernment_1,prod_or_serv_code,"% % 2%44",VectorScan,0.560647,0,0.069131,0
2,1715,3813,CommonGovernment,CommonGovernment_1,prod_or_serv_code,"%C%1%",VectorScan,0.225228,0,0.098072,95
2,1715,3813,CommonGovernment,CommonGovernment_1,prod_or_serv_code,"%D%3%",VectorScan,0.210421,0,0.095092,26
2,1715,3813,CommonGovernment,CommonGovernment_1,prod_or_serv_code,"Z1% %N%",VectorScan,0.375747,0,0.094855,0
2,1715,3813,CommonGovernment,CommonGovernment_1,prod_or_serv_code,"% % 0%30",VectorScan,0.605944,0,0.075762,0
2,1715,3813,CommonGovernment,CommonGovernment_1,prod_or_serv_code,"%E%1%",VectorScan,0.239803,0,0.106997,64
2,1715,3813,CommonGovernment,CommonGovernment_1,prod_or_serv_code,"%J%0%",VectorScan,0.219806,0,0.10602,59
2,1715,3813,CommonGovernment,CommonGovernment_1,prod_or_serv_code,"%M%1%",VectorScan,0.245204,0,0.110871,109
2,1715,3813,CommonGovernment,CommonGovernment_1,prod_or_serv_code,"%R%4%",VectorScan,0.218106,0,0.108348,36
2,1715,3813,CommonGovernment,CommonGovernment_1,prod_or_serv_code,"%Y%1%",VectorScan,0.216531,0,0.120657,119
2,1715,3813,CommonGovernment,CommonGovernment_1,prod_or_serv_code,"%Z%2%",VectorScan,0.229219,0,0.107799,112
2,411161,1572796,CommonGovernment,CommonGovernment_1,vend_vendorname,"DEPARTMENT % OF % HEALTH",VectorScan,0.809889,0,11.1376,0
2,411161,1572796,CommonGovernment,CommonGovernment_1,vend_vendorname,"% % INC.",VectorScan,0.497564,0,16.5111,17488
2,411161,1572796,CommonGovernment,CommonGovernment_1,vend_vendorname,"%SERVICES%INC%",VectorScan,0.348283,0,15.2555,2818
2,411161,1572796,CommonGovernment,CommonGovernment_1,vend_vendorname,"%TECHNOLOGIES%LLC%",VectorScan,0.379445,0,15.4231,227
2,411161,1572796,CommonGovernment,CommonGovernment_1,vend_vendorname,"UNIVERSITY % OF % MISSOURI",VectorScan,0.834819,0,11.278,0
2,411161,1572796,CommonGovernment,CommonGovernment_1,vend_vendorname,"% % LLC",VectorScan,0.53383,0,15.457,8362
2,411161,1572796,CommonGovernment,CommonGovernment_1,vend_vendorname,"%SYSTEMS%CORPORATION%",VectorScan,0.499938,0,13.1054,130
2,411161,1572796,CommonGovernment,CommonGovernment_1,vend_vendorname,"%MANAGEMENT%SERVICES%",VectorScan,0.390377,0,13.4741,163
2,411161,1572796,CommonGovernment,CommonGovernment_1,vend_vendorname,"COUNTY % OF % SHELBY",VectorScan,0.760653,0,11.6378,0
2,411161,1572796,CommonGovernment,CommonGovernment_1,vend_vendorname,"% % CORPORATION",VectorScan,0.614083,0,15.802,2132
2,411161,1572796,CommonGovernment,CommonGovernment_1,vend_vendorname,"%CONSTRUCTION%INC%",VectorScan,0.384222,0,16.0556,921
2,411161,1572796,CommonGovernment,CommonGovernment_1,vend_vendorname,"%HEALTH%CARE%",VectorScan,0.335287,0,15.0593,597
2,411161,1572796,CommonGovernment,CommonGovernment_1,vend_vendorname,"%INTERNATIONAL%INC%",VectorScan,0.389793,0,16.2477,956
2,411161,1572796,CommonGovernment,CommonGovernment_1,vend_vendorname,"%COMMUNICATIONS%INC%",VectorScan,0.397091,0,15.0485,605
2,411161,1572796,CommonGovernment,CommonGovernment_1,vend_vendorname,"%GENERAL%DYNAMICS%",VectorScan,0.44087,0,13.7745,56
2,411161,1572796,CommonGovernment,CommonGovernment_1,vend_vendorname,"%LOCKHEED%MARTIN%",VectorScan,0.381761,0,14.8744,47
2,494564,1572767,HashTags,HashTags_1,interaction#content,"RT %@% #%",VectorScan,0.503492,0,11.1619,195
2,494564,1572767,HashTags,HashTags_1,interaction#content,"% #% #GreysAnatomy",VectorScan,0.640265,0,14.215,288
2,494564,1572767,HashTags,HashTags_1,interaction#content,"%#Scandal%#%",VectorScan,0.433602,0,12.4874,2400
2,494564,1572767,HashTags,HashTags_1,interaction#content,"%#GreysAnatomy%#%",VectorScan,0.45427,0,11.8514,1207
2,494564,1572767,HashTags,HashTags_1,interaction#content,"Watching #% tonight %",VectorScan,0.461348,0,10.7451,2
2,494564,1572767,HashTags,HashTags_1,interaction#content,"% #% #Scandal",VectorScan,0.568024,0,13.772,947
2,494564,1572767,HashTags,HashTags_1,interaction#content,"%#SharkTank%#%",VectorScan,0.430809,0,11.3607,150
2,494564,1572767,HashTags,HashTags_1,interaction#content,"%#Nashville%#%",VectorScan,0.437017,0,11.6375,557
2,494564,1572767,HashTags,HashTags_1,interaction#content,"I am watching #% on % %",VectorScan,0.644583,0,10.7504,0
2,494564,1572767,HashTags,HashTags_1,interaction#content,"% tonight % tonight",VectorScan,0.596902,0,12.3385,0
2,494564,1572767,HashTags,HashTags_1,interaction#content,"%#ModernFamily%#%",VectorScan,0.454769,0,11.2211,106
2,494564,1572767,HashTags,HashTags_1,interaction#content,"%#ABC%#%",VectorScan,0.32725,0,10.9293,1061
2,494564,1572767,HashTags,HashTags_1,interaction#content,"%#tvtag%http%",VectorScan,0.327315,0,11.3298,1940
2,494564,1572767,HashTags,HashTags_1,interaction#content,"%#ScandalThursday%#%",VectorScan,0.490309,0,10.8542,342
2,494564,1572767,HashTags,HashTags_1,interaction#content,"%#OnceUponATime%#%",VectorScan,0.459558,0,10.5425,124
2,494564,1572767,HashTags,HashTags_1,interaction#content,"%#Castle%#%",VectorScan,0.353333,0,11.2078,159
2,56749,663585,HashTags,HashTags_1,twitter#user#location,"New York% NY %",VectorScan,0.401696,0,3.83775,6
2,56749,663585,HashTags,HashTags_1,twitter#user#location,"% % Ohio",VectorScan,0.543533,0,5.45807,76
2,56749,663585,HashTags,HashTags_1,twitter#user#location,"%UT% % %",VectorScan,0.420458,0,4.95266,25
2,56749,663585,HashTags,HashTags_1,twitter#user#location,"% % , % %",VectorScan,0.552409,0,5.37777,25
2,56749,663585,HashTags,HashTags_1,twitter#user#location,"Chicago% IL %",VectorScan,0.380718,0,3.7739,15
2,56749,663585,HashTags,HashTags_1,twitter#user#location,"% % Texas",VectorScan,0.561896,0,5.33095,173
2,56749,663585,HashTags,HashTags_1,twitter#user#location,"% % - % %",VectorScan,0.524649,0,5.14137,145
2,56749,663585,HashTags,HashTags_1,twitter#user#location,"% % . % %",VectorScan,0.532573,0,5.22276,17
2,56749,663585,HashTags,HashTags_1,twitter#user#location,"Los Angeles% CA %",VectorScan,0.381903,0,3.49246,8
2,56749,663585,HashTags,HashTags_1,twitter#user#location,"% % California",VectorScan,0.591374,0,4.92347,128
2,56749,663585,HashTags,HashTags_1,twitter#user#location,"% Nashville % TN %",VectorScan,0.418504,0,4.36438,0
2,56749,663585,HashTags,HashTags_1,twitter#user#location,"% San % Francisco %",VectorScan,0.503596,0,3.89776,0
2,56749,663585,HashTags,HashTags_1,twitter#user#location,"% New % York %",VectorScan,0.398938,0,4.4849,0
2,56749,663585,HashTags,HashTags_1,twitter#user#location,"% Atlanta % GA %",VectorScan,0.39775,0,4.25974,0
2,56749,663585,HashTags,HashTags_1,twitter#user#location,"% % 757 %",VectorScan,0.382008,0,5.27757,8
2,56749,663585,HashTags,HashTags_1,twitter#user#location,"% % & % %",VectorScan,0.539451,0,4.93785,219
3,140953,1572709,CityMaxCapita,CityMaxCapita_1,First Link in Tweet,"http% instagram.com %",InMemory,0.026298,0.000109,16.5692,0
3,140953,1572709,CityMaxCapita,CityMaxCapita_1,First Link in Tweet,"% status % 600",InMemory,0.01342,4.4e-05,0.987727,0
3,140953,1572709,CityMaxCapita,CityMaxCapita_1,First Link in Tweet,"%instagram.com%p%",InMemory,0.069708,2.2e-05,27.4911,22589
3,140953,1572709,CityMaxCapita,CityMaxCapita_1,First Link in Tweet,"%twitter.com%status%",InMemory,0.060122,4.4e-05,26.4579,13124
3,140953,1572709,CityMaxCapita,CityMaxCapita_1,First Link in Tweet,"https% instagram.com %",InMemory,0.010632,1.5e-05,8.95428,0
3,140953,1572709,CityMaxCapita,CityMaxCapita_1,First Link in Tweet,"% p % taken",InMemory,0.009238,1.5e-05,0.8538,0
3,140953,1572709,CityMaxCapita,CityMaxCapita_1,First Link in Tweet,"%swarmapp.com%c%",InMemory,0.050665,1.5e-05,24.4471,3962
3,140953,1572709,CityMaxCapita,CityMaxCapita_1,First Link in Tweet,"%bit.ly%1%",InMemory,0.031173,1.8e-05,20.4199,4832
3,140953,1572709,CityMaxCapita,CityMaxCapita_1,First Link in Tweet,"http% bit.ly %",InMemory,0.00929,4.4e-05,15.7775,0
3,140953,1572709,CityMaxCapita,CityMaxCapita_1,First Link in Tweet,"% 2015 % story.html",InMemory,0.009364,5e-05,0.853286,0
3,140953,1572709,CityMaxCapita,CityMaxCapita_1,First Link in Tweet,"%youtube.com%watch%",InMemory,0.038156,2e-05,16.3216,517
3,140953,1572709,CityMaxCapita,CityMaxCapita_1,First Link in Tweet,"%huffingtonpost.com%2015%",InMemory,0.053933,3.4e-05,13.8839,36
3,140953,1572709,CityMaxCapita,CityMaxCapita_1,First Link in Tweet,"%nytimes.com%2015%",InMemory,0.036643,3.5e-05,24.1997,123
3,140953,1572709,CityMaxCapita,CityMaxCapita_1,First Link in Tweet,"%washingtonpost.com%2015%",InMemory,0.033873,3.6e-05,9.75091,71
3,140953,1572709,CityMaxCapita,CityMaxCapita_1,First Link in Tweet,"%facebook.com%status%",InMemory,0.045937,2e-05,11.9779,0
3,140953,1572709,CityMaxCapita,CityMaxCapita_1,First Link in Tweet,"%youtu.be%Jk%",InMemory,0.025865,1.9e-05,17.1908,3
3,402119,1572768,CityMaxCapita,CityMaxCapita_1,User Bio,"Senior % at %",InMemory,0.052851,3.3e-05,2.58065,7
3,402119,1572768,CityMaxCapita,CityMaxCapita_1,User Bio,"% IG% NATHANN",InMemory,0.061022,2e-05,2.33055,0
3,402119,1572768,CityMaxCapita,CityMaxCapita_1,User Bio,"%love%peace%",InMemory,0.023834,3.9e-05,28.3605,8
3,402119,1572768,CityMaxCapita,CityMaxCapita_1,User Bio,"%music%art%",InMemory,0.035213,3.9e-05,26.1168,63
3,402119,1572768,CityMaxCapita,CityMaxCapita_1,User Bio,"Student % at % University",InMemory,0.057095,1.9e-05,2.16354,0
3,402119,1572768,CityMaxCapita,CityMaxCapita_1,User Bio,"% im % kitty",InMemory,0.049161,2.1e-05,2.18108,0
3,402119,1572768,CityMaxCapita,CityMaxCapita_1,User Bio,"%founder%ceo%",InMemory,0.025756,1.5e-05,16.8789,0
3,402119,1572768,CityMaxCapita,CityMaxCapita_1,User Bio,"%born%raised%",InMemory,0.033238,1.5e-05,21.2855,49
3,402119,1572768,CityMaxCapita,CityMaxCapita_1,User Bio,"Live % life % it",InMemory,0.077102,2.2e-05,3.04416,0
3,402119,1572768,CityMaxCapita,CityMaxCapita_1,User Bio,"% akron % 2019",InMemory,0.079112,5e-05,2.3081,0
3,402119,1572768,CityMaxCapita,CityMaxCapita_1,User Bio,"%business%marketing%",InMemory,0.044291,1.6e-05,17.6768,3
3,402119,1572768,CityMaxCapita,CityMaxCapita_1,User Bio,"%social%justice%",InMemory,0.034066,3e-05,25.7133,30
3,402119,1572768,CityMaxCapita,CityMaxCapita_1,User Bio,"%university%graduate%",InMemory,0.048108,1.5e-05,17.7174,1
3,402119,1572768,CityMaxCapita,CityMaxCapita_1,User Bio,"%travel%photography%",InMemory,0.034287,1.9e-05,27.271,5
3,402119,1572768,CityMaxCapita,CityMaxCapita_1,User Bio,"%food%wine%",InMemory,0.020792,4.2e-05,16.8839,11
3,402119,1572768,CityMaxCapita,CityMaxCapita_1,User Bio,"%digital%media%",InMemory,0.043844,1.6e-05,21.7601,4
3,1715,3813,CommonGovernment,CommonGovernment_1,prod_or_serv_code,"J0% %0%",InMemory,0.038941,4e-05,0.04254,0
3,1715,3813,CommonGovernment,CommonGovernment_1,prod_or_serv_code,"% % 1%KF",InMemory,0.011431,1.6e-05,0.014048,0
3,1715,3813,CommonGovernment,CommonGovernment_1,prod_or_serv_code,"%A%1%",InMemory,0.045437,1.6e-05,0.069803,18
3,1715,3813,CommonGovernment,CommonGovernment_1,prod_or_serv_code,"%B%5%",InMemory,0.037501,1.5e-05,0.082888,46
3,1715,3813,CommonGovernment,CommonGovernment_1,prod_or_serv_code,"R4% %1%",InMemory,0.032879,1.9e-05,0.034787,0
3,1715,3813,CommonGovernment,CommonGovernment_1,prod_or_serv_code,"% % 2%44",InMemory,0.009778,1.6e-05,0.035322,0
3,1715,3813,CommonGovernment,CommonGovernment_1,prod_or_serv_code,"%C%1%",InMemory,0.035847,1.5e-05,0.110299,95
3,1715,3813,CommonGovernment,CommonGovernment_1,prod_or_serv_code,"%D%3%",InMemory,0.019404,2.3e-05,0.095129,26
3,1715,3813,CommonGovernment,CommonGovernment_1,prod_or_serv_code,"Z1% %N%",InMemory,0.012913,2e-05,0.048087,0
3,1715,3813,CommonGovernment,CommonGovernment_1,prod_or_serv_code,"% % 0%30",InMemory,0.009085,1.5e-05,0.035218,0
3,1715,3813,CommonGovernment,CommonGovernment_1,prod_or_serv_code,"%E%1%",InMemory,0.036152,1.4e-05,0.076333,64
3,1715,3813,CommonGovernment,CommonGovernment_1,prod_or_serv_code,"%J%0%",InMemory,0.025707,1.9e-05,0.07878,59
3,1715,3813,CommonGovernment,CommonGovernment_1,prod_or_serv_code,"%M%1%",InMemory,0.037476,1.9e-05,0.074543,109
3,1715,3813,CommonGovernment,CommonGovernment_1,prod_or_serv_code,"%R%4%",InMemory,0.018085,2e-05,0.090962,36
3,1715,3813,CommonGovernment,CommonGovernment_1,prod_or_serv_code,"%Y%1%",InMemory,0.037222,2e-05,0.076518,119
3,1715,3813,CommonGovernment,CommonGovernment_1,prod_or_serv_code,"%Z%2%",InMemory,0.028465,2e-05,0.099748,112
3,411161,1572796,CommonGovernment,CommonGovernment_1,vend_vendorname,"DEPARTMENT % OF % HEALTH",InMemory,0.046735,1.5e-05,2.94976,0
3,411161,1572796,CommonGovernment,CommonGovernment_1,vend_vendorname,"% % INC.",InMemory,0.060355,4.1e-05,5.20993,17488
3,411161,1572796,CommonGovernment,CommonGovernment_1,vend_vendorname,"%SERVICES%INC%",InMemory,0.068872,4.3e-05,36.939,2818
3,411161,1572796,CommonGovernment,CommonGovernment_1,vend_vendorname,"%TECHNOLOGIES%LLC%",InMemory,0.053507,4.7e-05,24.9015,227
3,411161,1572796,CommonGovernment,CommonGovernment_1,vend_vendorname,"UNIVERSITY % OF % MISSOURI",InMemory,0.04852,4.4e-05,2.56038,0
3,411161,1572796,CommonGovernment,CommonGovernment_1,vend_vendorname,"% % LLC",InMemory,0.045174,3.1e-05,5.45379,8362
3,411161,1572796,CommonGovernment,CommonGovernment_1,vend_vendorname,"%SYSTEMS%CORPORATION%",InMemory,0.058837,3.3e-05,28.5232,130
3,411161,1572796,CommonGovernment,CommonGovernment_1,vend_vendorname,"%MANAGEMENT%SERVICES%",InMemory,0.052259,2e-05,17.5767,163
3,411161,1572796,CommonGovernment,CommonGovernment_1,vend_vendorname,"COUNTY % OF % SHELBY",InMemory,0.045382,2e-05,2.48364,0
3,411161,1572796,CommonGovernment,CommonGovernment_1,vend_vendorname,"% % CORPORATION",InMemory,0.045931,1.9e-05,4.02338,2132
3,411161,1572796,CommonGovernment,CommonGovernment_1,vend_vendorname,"%CONSTRUCTION%INC%",InMemory,0.058181,1.5e-05,28.3878,921
3,411161,1572796,CommonGovernment,CommonGovernment_1,vend_vendorname,"%HEALTH%CARE%",InMemory,0.057608,3.6e-05,21.2393,597
3,411161,1572796,CommonGovernment,CommonGovernment_1,vend_vendorname,"%INTERNATIONAL%INC%",InMemory,0.070297,3.8e-05,25.0946,956
3,411161,1572796,CommonGovernment,CommonGovernment_1,vend_vendorname,"%COMMUNICATIONS%INC%",InMemory,0.083021,3.8e-05,23.746,605
3,411161,1572796,CommonGovernment,CommonGovernment_1,vend_vendorname,"%GENERAL%DYNAMICS%",InMemory,0.057338,2.2e-05,12.3896,56
3,411161,1572796,CommonGovernment,CommonGovernment_1,vend_vendorname,"%LOCKHEED%MARTIN%",InMemory,0.043577,1.9e-05,20.3917,47
3,494564,1572767,HashTags,HashTags_1,interaction#content,"RT %@% #%",InMemory,0.051443,4.1e-05,3.34299,195
3,494564,1572767,HashTags,HashTags_1,interaction#content,"% #% #GreysAnatomy",InMemory,0.044451,1.9e-05,5.02997,288
3,494564,1572767,HashTags,HashTags_1,interaction#content,"%#Scandal%#%",InMemory,0.029416,3.9e-05,27.3617,2430
3,494564,1572767,HashTags,HashTags_1,interaction#content,"%#GreysAnatomy%#%",InMemory,0.038097,5.6e-05,25.398,1218
3,494564,1572767,HashTags,HashTags_1,interaction#content,"Watching #% tonight %",InMemory,0.068839,4.3e-05,2.84792,2
3,494564,1572767,HashTags,HashTags_1,interaction#content,"% #% #Scandal",InMemory,0.04218,1.4e-05,8.66246,947
3,494564,1572767,HashTags,HashTags_1,interaction#content,"%#SharkTank%#%",InMemory,0.046477,1.8e-05,23.7342,162
3,494564,1572767,HashTags,HashTags_1,interaction#content,"%#Nashville%#%",InMemory,0.055596,4.1e-05,25.0117,572
3,494564,1572767,HashTags,HashTags_1,interaction#content,"I am watching #% on % %",InMemory,0.07114,5.3e-05,2.65097,0
3,494564,1572767,HashTags,HashTags_1,interaction#content,"% tonight % tonight",InMemory,0.073471,1.9e-05,2.65278,0
3,494564,1572767,HashTags,HashTags_1,interaction#content,"%#ModernFamily%#%",InMemory,0.04781,3.9e-05,22.0346,109
3,494564,1572767,HashTags,HashTags_1,interaction#content,"%#ABC%#%",InMemory,0.032224,1.9e-05,27.2467,1104
3,494564,1572767,HashTags,HashTags_1,interaction#content,"%#tvtag%http%",InMemory,0.047739,3.9e-05,26.4249,1940
3,494564,1572767,HashTags,HashTags_1,interaction#content,"%#ScandalThursday%#%",InMemory,0.052092,4.1e-05,24.2137,343
3,494564,1572767,HashTags,HashTags_1,interaction#content,"%#OnceUponATime%#%",InMemory,0.055454,4.5e-05,22.5683,125
3,494564,1572767,HashTags,HashTags_1,interaction#content,"%#Castle%#%",InMemory,0.029745,1.5e-05,26.8448,162
3,56749,663585,HashTags,HashTags_1,twitter#user#location,"New York% NY %",InMemory,0.052052,3.6e-05,0.530393,6
3,56749,663585,HashTags,HashTags_1,twitter#user#location,"% % Ohio",InMemory,0.049633,3e-05,0.466672,76
3,56749,663585,HashTags,HashTags_1,twitter#user#location,"%UT% % %",InMemory,0.04641,1.4e-05,6.63789,25
3,56749,663585,HashTags,HashTags_1,twitter#user#location,"% % , % %",InMemory,0.065343,3.3e-05,13.0947,25
3,56749,663585,HashTags,HashTags_1,twitter#user#location,"Chicago% IL %",InMemory,0.047397,3.9e-05,0.566866,15
3,56749,663585,HashTags,HashTags_1,twitter#user#location,"% % Texas",InMemory,0.034103,2.8e-05,0.712483,173
3,56749,663585,HashTags,HashTags_1,twitter#user#location,"% % - % %",InMemory,0.060495,2.6e-05,13.3505,145
3,56749,663585,HashTags,HashTags_1,twitter#user#location,"% % . % %",InMemory,0.087074,2.2e-05,13.1337,17
3,56749,663585,HashTags,HashTags_1,twitter#user#location,"Los Angeles% CA %",InMemory,0.040461,2.1e-05,0.649187,8
3,56749,663585,HashTags,HashTags_1,twitter#user#location,"% % California",InMemory,0.031036,2e-05,0.605447,128
3,56749,663585,HashTags,HashTags_1,twitter#user#location,"% Nashville % TN %",InMemory,0.083216,1.5e-05,7.61642,0
3,56749,663585,HashTags,HashTags_1,twitter#user#location,"% San % Francisco %",InMemory,0.08799,1.5e-05,4.98907,0
3,56749,663585,HashTags,HashTags_1,twitter#user#location,"% New % York %",InMemory,0.088796,4.7e-05,12.4525,0
3,56749,663585,HashTags,HashTags_1,twitter#user#location,"% Atlanta % GA %",InMemory,0.081901,2.4e-05,6.02224,0
3,56749,663585,HashTags,HashTags_1,twitter#user#location,"% % 757 %",InMemory,0.058281,2.9e-05,10.2669,8
3,56749,663585,HashTags,HashTags_1,twitter#user#location,"% % & % %",InMemory,0.069949,1.6e-05,12.8335,219
3,140953,1572709,CityMaxCapita,CityMaxCapita_1,First Link in Tweet,"http% instagram.com %",SSELLVMCompiled,0.019716,11.747,2.00754,0
3,140953,1572709,CityMaxCapita,CityMaxCapita_1,First Link in Tweet,"% status % 600",SSELLVMCompiled,0.012048,3.99196,0.532063,0
3,140953,1572709,CityMaxCapita,CityMaxCapita_1,First Link in Tweet,"%instagram.com%p%",SSELLVMCompiled,0.071203,33.6039,2.05629,22589
3,140953,1572709,CityMaxCapita,CityMaxCapita_1,First Link in Tweet,"%twitter.com%status%",SSELLVMCompiled,0.073299,32.558,2.24644,13124
3,140953,1572709,CityMaxCapita,CityMaxCapita_1,First Link in Tweet,"https% instagram.com %",SSELLVMCompiled,0.014056,9.33958,1.34217,0
3,140953,1572709,CityMaxCapita,CityMaxCapita_1,First Link in Tweet,"% p % taken",SSELLVMCompiled,0.02863,3.44545,0.735351,0
3,140953,1572709,CityMaxCapita,CityMaxCapita_1,First Link in Tweet,"%swarmapp.com%c%",SSELLVMCompiled,0.064429,27.6528,2.13285,3962
3,140953,1572709,CityMaxCapita,CityMaxCapita_1,First Link in Tweet,"%bit.ly%1%",SSELLVMCompiled,0.043923,26.1484,1.81801,4832
3,140953,1572709,CityMaxCapita,CityMaxCapita_1,First Link in Tweet,"http% bit.ly %",SSELLVMCompiled,0.012372,8.62349,1.7517,0
3,140953,1572709,CityMaxCapita,CityMaxCapita_1,First Link in Tweet,"% 2015 % story.html",SSELLVMCompiled,0.016545,3.40563,0.497617,0
3,140953,1572709,CityMaxCapita,CityMaxCapita_1,First Link in Tweet,"%youtube.com%watch%",SSELLVMCompiled,0.054934,30.4334,1.98257,517
3,140953,1572709,CityMaxCapita,CityMaxCapita_1,First Link in Tweet,"%huffingtonpost.com%2015%",SSELLVMCompiled,0.084416,38.9154,1.86975,36
3,140953,1572709,CityMaxCapita,CityMaxCapita_1,First Link in Tweet,"%nytimes.com%2015%",SSELLVMCompiled,0.047278,29.9153,2.65664,123
3,140953,1572709,CityMaxCapita,CityMaxCapita_1,First Link in Tweet,"%washingtonpost.com%2015%",SSELLVMCompiled,0.045128,27.1243,1.65017,71
3,140953,1572709,CityMaxCapita,CityMaxCapita_1,First Link in Tweet,"%facebook.com%status%",SSELLVMCompiled,0.066428,30.2205,1.77428,0
3,140953,1572709,CityMaxCapita,CityMaxCapita_1,First Link in Tweet,"%youtu.be%Jk%",SSELLVMCompiled,0.047508,27.7562,1.80578,3
3,402119,1572768,CityMaxCapita,CityMaxCapita_1,User Bio,"Senior % at %",SSELLVMCompiled,0.060355,15.8255,1.78908,7
3,402119,1572768,CityMaxCapita,CityMaxCapita_1,User Bio,"% IG% NATHANN",SSELLVMCompiled,0.090532,37.1659,1.80296,0
3,402119,1572768,CityMaxCapita,CityMaxCapita_1,User Bio,"%love%peace%",SSELLVMCompiled,0.033406,22.465,2.97551,8
3,402119,1572768,CityMaxCapita,CityMaxCapita_1,User Bio,"%music%art%",SSELLVMCompiled,0.048973,24.0857,2.9058,63
3,402119,1572768,CityMaxCapita,CityMaxCapita_1,User Bio,"Student % at % University",SSELLVMCompiled,0.073602,35.2649,2.01595,0
3,402119,1572768,CityMaxCapita,CityMaxCapita_1,User Bio,"% im % kitty",SSELLVMCompiled,0.076262,32.3824,1.87626,0
3,402119,1572768,CityMaxCapita,CityMaxCapita_1,User Bio,"%founder%ceo%",SSELLVMCompiled,0.032833,23.0289,2.65046,0
3,402119,1572768,CityMaxCapita,CityMaxCapita_1,User Bio,"%born%raised%",SSELLVMCompiled,0.048177,25.7834,2.58557,49
3,402119,1572768,CityMaxCapita,CityMaxCapita_1,User Bio,"Live % life % it",SSELLVMCompiled,0.089534,34.2686,2.10356,0
3,402119,1572768,CityMaxCapita,CityMaxCapita_1,User Bio,"% akron % 2019",SSELLVMCompiled,0.10192,50.5179,1.75212,0
3,402119,1572768,CityMaxCapita,CityMaxCapita_1,User Bio,"%business%marketing%",SSELLVMCompiled,0.051601,32.2636,2.81457,3
3,402119,1572768,CityMaxCapita,CityMaxCapita_1,User Bio,"%social%justice%",SSELLVMCompiled,0.050482,29.7401,3.67859,30
3,402119,1572768,CityMaxCapita,CityMaxCapita_1,User Bio,"%university%graduate%",SSELLVMCompiled,0.068651,32.7791,2.48692,1
3,402119,1572768,CityMaxCapita,CityMaxCapita_1,User Bio,"%travel%photography%",SSELLVMCompiled,0.049319,28.6798,3.15658,5
3,402119,1572768,CityMaxCapita,CityMaxCapita_1,User Bio,"%food%wine%",SSELLVMCompiled,0.023763,20.4986,2.85879,11
3,402119,1572768,CityMaxCapita,CityMaxCapita_1,User Bio,"%digital%media%",SSELLVMCompiled,0.064152,30.4137,3.19832,4
3,1715,3813,CommonGovernment,CommonGovernment_1,prod_or_serv_code,"J0% %0%",SSELLVMCompiled,0.041074,14.2997,0.015104,0
3,1715,3813,CommonGovernment,CommonGovernment_1,prod_or_serv_code,"% % 1%KF",SSELLVMCompiled,0.02141,16.4335,0.008509,0
3,1715,3813,CommonGovernment,CommonGovernment_1,prod_or_serv_code,"%A%1%",SSELLVMCompiled,0.062058,18.0144,0.016121,18
3,1715,3813,CommonGovernment,CommonGovernment_1,prod_or_serv_code,"%B%5%",SSELLVMCompiled,0.042081,17.3196,0.017317,46
3,1715,3813,CommonGovernment,CommonGovernment_1,prod_or_serv_code,"R4% %1%",SSELLVMCompiled,0.050238,14.6622,0.015781,0
3,1715,3813,CommonGovernment,CommonGovernment_1,prod_or_serv_code,"% % 2%44",SSELLVMCompiled,0.02202,13.7247,0.011885,0
3,1715,3813,CommonGovernment,CommonGovernment_1,prod_or_serv_code,"%C%1%",SSELLVMCompiled,0.054162,17.8708,0.016943,95
3,1715,3813,CommonGovernment,CommonGovernment_1,prod_or_serv_code,"%D%3%",SSELLVMCompiled,0.030027,17.7493,0.017976,26
3,1715,3813,CommonGovernment,CommonGovernment_1,prod_or_serv_code,"Z1% %N%",SSELLVMCompiled,0.024464,18.4943,0.0191,0
3,1715,3813,CommonGovernment,CommonGovernment_1,prod_or_serv_code,"% % 0%30",SSELLVMCompiled,0.018304,14.7388,0.012819,0
3,1715,3813,CommonGovernment,CommonGovernment_1,prod_or_serv_code,"%E%1%",SSELLVMCompiled,0.057514,18.6748,0.016426,64
3,1715,3813,CommonGovernment,CommonGovernment_1,prod_or_serv_code,"%J%0%",SSELLVMCompiled,0.042005,17.7397,0.016932,59
3,1715,3813,CommonGovernment,CommonGovernment_1,prod_or_serv_code,"%M%1%",SSELLVMCompiled,0.05788,17.7308,0.016856,109
3,1715,3813,CommonGovernment,CommonGovernment_1,prod_or_serv_code,"%R%4%",SSELLVMCompiled,0.028632,18.1498,0.018185,36
3,1715,3813,CommonGovernment,CommonGovernment_1,prod_or_serv_code,"%Y%1%",SSELLVMCompiled,0.058432,19.5995,0.016195,119
3,1715,3813,CommonGovernment,CommonGovernment_1,prod_or_serv_code,"%Z%2%",SSELLVMCompiled,0.045266,13.7081,0.025414,112
3,411161,1572796,CommonGovernment,CommonGovernment_1,vend_vendorname,"DEPARTMENT % OF % HEALTH",SSELLVMCompiled,0.054905,27.803,2.07199,0
3,411161,1572796,CommonGovernment,CommonGovernment_1,vend_vendorname,"% % INC.",SSELLVMCompiled,0.056441,23.6488,2.54117,17488
3,411161,1572796,CommonGovernment,CommonGovernment_1,vend_vendorname,"%SERVICES%INC%",SSELLVMCompiled,0.08815,25.6591,4.70525,2818
3,411161,1572796,CommonGovernment,CommonGovernment_1,vend_vendorname,"%TECHNOLOGIES%LLC%",SSELLVMCompiled,0.069792,27.2065,3.97677,227
3,411161,1572796,CommonGovernment,CommonGovernment_1,vend_vendorname,"UNIVERSITY % OF % MISSOURI",SSELLVMCompiled,0.054713,27.5692,1.9636,0
3,411161,1572796,CommonGovernment,CommonGovernment_1,vend_vendorname,"% % LLC",SSELLVMCompiled,0.059929,25.0399,2.64648,8362
3,411161,1572796,CommonGovernment,CommonGovernment_1,vend_vendorname,"%SYSTEMS%CORPORATION%",SSELLVMCompiled,0.080991,25.7269,3.93136,130
3,411161,1572796,CommonGovernment,CommonGovernment_1,vend_vendorname,"%MANAGEMENT%SERVICES%",SSELLVMCompiled,0.095246,32.1403,3.69496,163
3,411161,1572796,CommonGovernment,CommonGovernment_1,vend_vendorname,"COUNTY % OF % SHELBY",SSELLVMCompiled,0.063387,31.1559,2.12603,0
3,411161,1572796,CommonGovernment,CommonGovernment_1,vend_vendorname,"% % CORPORATION",SSELLVMCompiled,0.069331,26.0062,1.92284,2132
3,411161,1572796,CommonGovernment,CommonGovernment_1,vend_vendorname,"%CONSTRUCTION%INC%",SSELLVMCompiled,0.081445,20.7514,4.03558,921
3,411161,1572796,CommonGovernment,CommonGovernment_1,vend_vendorname,"%HEALTH%CARE%",SSELLVMCompiled,0.052877,26.5563,3.81457,597
3,411161,1572796,CommonGovernment,CommonGovernment_1,vend_vendorname,"%INTERNATIONAL%INC%",SSELLVMCompiled,0.091026,21.4253,4.24095,956
3,411161,1572796,CommonGovernment,CommonGovernment_1,vend_vendorname,"%COMMUNICATIONS%INC%",SSELLVMCompiled,0.117056,24.4763,3.77516,605
3,411161,1572796,CommonGovernment,CommonGovernment_1,vend_vendorname,"%GENERAL%DYNAMICS%",SSELLVMCompiled,0.064265,34.5709,2.97978,56
3,411161,1572796,CommonGovernment,CommonGovernment_1,vend_vendorname,"%LOCKHEED%MARTIN%",SSELLVMCompiled,0.065614,36.0697,3.73682,47
3,494564,1572767,HashTags,HashTags_1,interaction#content,"RT %@% #%",SSELLVMCompiled,0.061261,23.1194,2.4532,195
3,494564,1572767,HashTags,HashTags_1,interaction#content,"% #% #GreysAnatomy",SSELLVMCompiled,0.064162,27.5124,2.50981,288
3,494564,1572767,HashTags,HashTags_1,interaction#content,"%#Scandal%#%",SSELLVMCompiled,0.04532,23.7736,3.52588,2430
3,494564,1572767,HashTags,HashTags_1,interaction#content,"%#GreysAnatomy%#%",SSELLVMCompiled,0.056621,28.9842,3.14396,1218
3,494564,1572767,HashTags,HashTags_1,interaction#content,"Watching #% tonight %",SSELLVMCompiled,0.087103,24.8183,2.34694,2
3,494564,1572767,HashTags,HashTags_1,interaction#content,"% #% #Scandal",SSELLVMCompiled,0.05729,22.9079,2.87356,947
3,494564,1572767,HashTags,HashTags_1,interaction#content,"%#SharkTank%#%",SSELLVMCompiled,0.068593,33.4035,3.28835,162
3,494564,1572767,HashTags,HashTags_1,interaction#content,"%#Nashville%#%",SSELLVMCompiled,0.052812,30.3154,3.69255,572
3,494564,1572767,HashTags,HashTags_1,interaction#content,"I am watching #% on % %",SSELLVMCompiled,0.093158,21.4856,2.31997,0
3,494564,1572767,HashTags,HashTags_1,interaction#content,"% tonight % tonight",SSELLVMCompiled,0.0936,44.5265,2.26397,0
3,494564,1572767,HashTags,HashTags_1,interaction#content,"%#ModernFamily%#%",SSELLVMCompiled,0.066427,35.2936,3.11047,109
3,494564,1572767,HashTags,HashTags_1,interaction#content,"%#ABC%#%",SSELLVMCompiled,0.040821,27.6033,3.82408,1104
3,494564,1572767,HashTags,HashTags_1,interaction#content,"%#tvtag%http%",SSELLVMCompiled,0.072029,36.2598,3.70872,1940
3,494564,1572767,HashTags,HashTags_1,interaction#content,"%#ScandalThursday%#%",SSELLVMCompiled,0.067392,30.9398,3.1536,343
3,494564,1572767,HashTags,HashTags_1,interaction#content,"%#OnceUponATime%#%",SSELLVMCompiled,0.080325,37.2968,3.13739,125
3,494564,1572767,HashTags,HashTags_1,interaction#content,"%#Castle%#%",SSELLVMCompiled,0.033704,24.502,3.36241,162
3,56749,663585,HashTags,HashTags_1,twitter#user#location,"New York% NY %",SSELLVMCompiled,0.056257,16.6199,0.299987,6
3,56749,663585,HashTags,HashTags_1,twitter#user#location,"% % Ohio",SSELLVMCompiled,0.055732,24.2162,0.273194,76
3,56749,663585,HashTags,HashTags_1,twitter#user#location,"%UT% % %",SSELLVMCompiled,0.082565,23.1596,1.12439,25
3,56749,663585,HashTags,HashTags_1,twitter#user#location,"% % , % %",SSELLVMCompiled,0.089436,20.4556,2.14774,25
3,56749,663585,HashTags,HashTags_1,twitter#user#location,"Chicago% IL %",SSELLVMCompiled,0.051666,16.555,0.315222,15
3,56749,663585,HashTags,HashTags_1,twitter#user#location,"% % Texas",SSELLVMCompiled,0.045593,24.5457,0.274638,173
3,56749,663585,HashTags,HashTags_1,twitter#user#location,"% % - % %",SSELLVMCompiled,0.086524,20.6735,2.3389,145
3,56749,663585,HashTags,HashTags_1,twitter#user#location,"% % . % %",SSELLVMCompiled,0.107651,22.5886,2.22472,17
3,56749,663585,HashTags,HashTags_1,twitter#user#location,"Los Angeles% CA %",SSELLVMCompiled,0.081369,18.5905,0.517954,8
3,56749,663585,HashTags,HashTags_1,twitter#user#location,"% % California",SSELLVMCompiled,0.046123,25.3967,0.283922,128
3,56749,663585,HashTags,HashTags_1,twitter#user#location,"% Nashville % TN %",SSELLVMCompiled,0.106115,26.0193,1.54404,0
3,56749,663585,HashTags,HashTags_1,twitter#user#location,"% San % Francisco %",SSELLVMCompiled,0.120231,32.7848,1.00947,0
3,56749,663585,HashTags,HashTags_1,twitter#user#location,"% New % York %",SSELLVMCompiled,0.105684,28.2771,2.13228,0
3,56749,663585,HashTags,HashTags_1,twitter#user#location,"% Atlanta % GA %",SSELLVMCompiled,0.109006,28.7472,1.1414,0
3,56749,663585,HashTags,HashTags_1,twitter#user#location,"% % 757 %",SSELLVMCompiled,0.081698,21.3446,1.90809,8
3,56749,663585,HashTags,HashTags_1,twitter#user#location,"% % & % %",SSELLVMCompiled,0.100508,22.6247,2.04503,219
3,140953,1572709,CityMaxCapita,CityMaxCapita_1,First Link in Tweet,"http% instagram.com %",SSECppCompiled,0.024065,294.299,0.982995,0
3,140953,1572709,CityMaxCapita,CityMaxCapita_1,First Link in Tweet,"% status % 600",SSECppCompiled,0.019531,295.522,0.510397,0
3,140953,1572709,CityMaxCapita,CityMaxCapita_1,First Link in Tweet,"%instagram.com%p%",SSECppCompiled,0.083254,338.766,2.43834,22589
3,140953,1572709,CityMaxCapita,CityMaxCapita_1,First Link in Tweet,"%twitter.com%status%",SSECppCompiled,0.087888,357.673,2.73586,13124
3,140953,1572709,CityMaxCapita,CityMaxCapita_1,First Link in Tweet,"https% instagram.com %",SSECppCompiled,0.01914,292.555,1.06882,0
3,140953,1572709,CityMaxCapita,CityMaxCapita_1,First Link in Tweet,"% p % taken",SSECppCompiled,0.020272,294.094,0.508135,0
3,140953,1572709,CityMaxCapita,CityMaxCapita_1,First Link in Tweet,"%swarmapp.com%c%",SSECppCompiled,0.088508,330.947,2.29546,3962
3,140953,1572709,CityMaxCapita,CityMaxCapita_1,First Link in Tweet,"%bit.ly%1%",SSECppCompiled,0.047108,324.357,2.01343,4832
3,140953,1572709,CityMaxCapita,CityMaxCapita_1,First Link in Tweet,"http% bit.ly %",SSECppCompiled,0.019389,281.275,0.958596,0
3,140953,1572709,CityMaxCapita,CityMaxCapita_1,First Link in Tweet,"% 2015 % story.html",SSECppCompiled,0.020932,283.01,0.50785,0
3,140953,1572709,CityMaxCapita,CityMaxCapita_1,First Link in Tweet,"%youtube.com%watch%",SSECppCompiled,0.058787,334.535,2.10111,517
3,140953,1572709,CityMaxCapita,CityMaxCapita_1,First Link in Tweet,"%huffingtonpost.com%2015%",SSECppCompiled,0.076658,352.374,1.92651,36
3,140953,1572709,CityMaxCapita,CityMaxCapita_1,First Link in Tweet,"%nytimes.com%2015%",SSECppCompiled,0.058127,324.97,2.7337,123
3,140953,1572709,CityMaxCapita,CityMaxCapita_1,First Link in Tweet,"%washingtonpost.com%2015%",SSECppCompiled,0.048618,325.794,1.72797,71
3,140953,1572709,CityMaxCapita,CityMaxCapita_1,First Link in Tweet,"%facebook.com%status%",SSECppCompiled,0.070427,331.141,1.86826,0
3,140953,1572709,CityMaxCapita,CityMaxCapita_1,First Link in Tweet,"%youtu.be%Jk%",SSECppCompiled,0.039708,319.501,2.09531,3
3,402119,1572768,CityMaxCapita,CityMaxCapita_1,User Bio,"Senior % at %",SSECppCompiled,0.065665,290.12,1.59857,7
3,402119,1572768,CityMaxCapita,CityMaxCapita_1,User Bio,"% IG% NATHANN",SSECppCompiled,0.084719,311.89,1.60958,0
3,402119,1572768,CityMaxCapita,CityMaxCapita_1,User Bio,"%love%peace%",SSECppCompiled,0.037665,306.438,2.93322,8
3,402119,1572768,CityMaxCapita,CityMaxCapita_1,User Bio,"%music%art%",SSECppCompiled,0.056851,322.124,2.97966,63
3,402119,1572768,CityMaxCapita,CityMaxCapita_1,User Bio,"Student % at % University",SSECppCompiled,0.080073,319.625,1.65577,0
3,402119,1572768,CityMaxCapita,CityMaxCapita_1,User Bio,"% im % kitty",SSECppCompiled,0.0722,317.423,1.65389,0
3,402119,1572768,CityMaxCapita,CityMaxCapita_1,User Bio,"%founder%ceo%",SSECppCompiled,0.040652,321.396,2.54271,0
3,402119,1572768,CityMaxCapita,CityMaxCapita_1,User Bio,"%born%raised%",SSECppCompiled,0.056706,331.767,2.52184,49
3,402119,1572768,CityMaxCapita,CityMaxCapita_1,User Bio,"Live % life % it",SSECppCompiled,0.092115,322.436,1.74737,0
3,402119,1572768,CityMaxCapita,CityMaxCapita_1,User Bio,"% akron % 2019",SSECppCompiled,0.097602,327.849,1.6789,0
3,402119,1572768,CityMaxCapita,CityMaxCapita_1,User Bio,"%business%marketing%",SSECppCompiled,0.058914,342.84,2.507,3
3,402119,1572768,CityMaxCapita,CityMaxCapita_1,User Bio,"%social%justice%",SSECppCompiled,0.054235,321.903,3.37085,30
3,402119,1572768,CityMaxCapita,CityMaxCapita_1,User Bio,"%university%graduate%",SSECppCompiled,0.069868,346.468,2.57849,1
3,402119,1572768,CityMaxCapita,CityMaxCapita_1,User Bio,"%travel%photography%",SSECppCompiled,0.057082,319.401,3.2645,5
3,402119,1572768,CityMaxCapita,CityMaxCapita_1,User Bio,"%food%wine%",SSECppCompiled,0.031405,303.334,2.51384,11
3,402119,1572768,CityMaxCapita,CityMaxCapita_1,User Bio,"%digital%media%",SSECppCompiled,0.067339,333.19,2.99512,4
3,1715,3813,CommonGovernment,CommonGovernment_1,prod_or_serv_code,"J0% %0%",SSECppCompiled,0.048584,287.647,0.02615,0
3,1715,3813,CommonGovernment,CommonGovernment_1,prod_or_serv_code,"% % 1%KF",SSECppCompiled,0.025937,295.58,0.013576,0
3,1715,3813,CommonGovernment,CommonGovernment_1,prod_or_serv_code,"%A%1%",SSECppCompiled,0.066215,297.633,0.024152,18
3,1715,3813,CommonGovernment,CommonGovernment_1,prod_or_serv_code,"%B%5%",SSECppCompiled,0.047014,295.077,0.024271,46
3,1715,3813,CommonGovernment,CommonGovernment_1,prod_or_serv_code,"R4% %1%",SSECppCompiled,0.061,296.108,0.026696,0
3,1715,3813,CommonGovernment,CommonGovernment_1,prod_or_serv_code,"% % 2%44",SSECppCompiled,0.026114,301.908,0.019205,0
3,1715,3813,CommonGovernment,CommonGovernment_1,prod_or_serv_code,"%C%1%",SSECppCompiled,0.065429,307.279,0.023002,95
3,1715,3813,CommonGovernment,CommonGovernment_1,prod_or_serv_code,"%D%3%",SSECppCompiled,0.037324,304.561,0.024461,26
3,1715,3813,CommonGovernment,CommonGovernment_1,prod_or_serv_code,"Z1% %N%",SSECppCompiled,0.033452,301.05,0.028121,0
3,1715,3813,CommonGovernment,CommonGovernment_1,prod_or_serv_code,"% % 0%30",SSECppCompiled,0.027075,303.288,0.020442,0
3,1715,3813,CommonGovernment,CommonGovernment_1,prod_or_serv_code,"%E%1%",SSECppCompiled,0.062476,304.243,0.022347,64
3,1715,3813,CommonGovernment,CommonGovernment_1,prod_or_serv_code,"%J%0%",SSECppCompiled,0.051236,304.16,0.023742,59
3,1715,3813,CommonGovernment,CommonGovernment_1,prod_or_serv_code,"%M%1%",SSECppCompiled,0.06448,303.416,0.023147,109
3,1715,3813,CommonGovernment,CommonGovernment_1,prod_or_serv_code,"%R%4%",SSECppCompiled,0.038496,290.683,0.022075,36
3,1715,3813,CommonGovernment,CommonGovernment_1,prod_or_serv_code,"%Y%1%",SSECppCompiled,0.065323,293.374,0.024031,119
3,1715,3813,CommonGovernment,CommonGovernment_1,prod_or_serv_code,"%Z%2%",SSECppCompiled,0.052833,289.295,0.025526,112
3,411161,1572796,CommonGovernment,CommonGovernment_1,vend_vendorname,"DEPARTMENT % OF % HEALTH",SSECppCompiled,0.069592,308.74,2.00694,0
3,411161,1572796,CommonGovernment,CommonGovernment_1,vend_vendorname,"% % INC.",SSECppCompiled,0.066421,301.065,2.74164,17488
3,411161,1572796,CommonGovernment,CommonGovernment_1,vend_vendorname,"%SERVICES%INC%",SSECppCompiled,0.085116,321.382,4.43094,2818
3,411161,1572796,CommonGovernment,CommonGovernment_1,vend_vendorname,"%TECHNOLOGIES%LLC%",SSECppCompiled,0.070501,320.713,4.26985,227
3,411161,1572796,CommonGovernment,CommonGovernment_1,vend_vendorname,"UNIVERSITY % OF % MISSOURI",SSECppCompiled,0.06658,310.028,1.99608,0
3,411161,1572796,CommonGovernment,CommonGovernment_1,vend_vendorname,"% % LLC",SSECppCompiled,0.06524,312.486,2.80557,8362
3,411161,1572796,CommonGovernment,CommonGovernment_1,vend_vendorname,"%SYSTEMS%CORPORATION%",SSECppCompiled,0.078673,331.718,4.2465,130
3,411161,1572796,CommonGovernment,CommonGovernment_1,vend_vendorname,"%MANAGEMENT%SERVICES%",SSECppCompiled,0.073883,350.832,3.50454,163
3,411161,1572796,CommonGovernment,CommonGovernment_1,vend_vendorname,"COUNTY % OF % SHELBY",SSECppCompiled,0.059357,320.162,1.95207,0
3,411161,1572796,CommonGovernment,CommonGovernment_1,vend_vendorname,"% % CORPORATION",SSECppCompiled,0.068106,311.508,2.20419,2132
3,411161,1572796,CommonGovernment,CommonGovernment_1,vend_vendorname,"%CONSTRUCTION%INC%",SSECppCompiled,0.084853,320.446,4.142,921
3,411161,1572796,CommonGovernment,CommonGovernment_1,vend_vendorname,"%HEALTH%CARE%",SSECppCompiled,0.064674,332.873,3.6366,597
3,411161,1572796,CommonGovernment,CommonGovernment_1,vend_vendorname,"%INTERNATIONAL%INC%",SSECppCompiled,0.090048,325.276,4.45315,956
3,411161,1572796,CommonGovernment,CommonGovernment_1,vend_vendorname,"%COMMUNICATIONS%INC%",SSECppCompiled,0.10381,322.519,3.71999,605
3,411161,1572796,CommonGovernment,CommonGovernment_1,vend_vendorname,"%GENERAL%DYNAMICS%",SSECppCompiled,0.075125,336.52,3.37849,56
3,411161,1572796,CommonGovernment,CommonGovernment_1,vend_vendorname,"%LOCKHEED%MARTIN%",SSECppCompiled,0.072271,349.539,3.52494,47
3,494564,1572767,HashTags,HashTags_1,interaction#content,"RT %@% #%",SSECppCompiled,0.062319,300.463,1.95248,195
3,494564,1572767,HashTags,HashTags_1,interaction#content,"% #% #GreysAnatomy",SSECppCompiled,0.062306,305.85,2.27314,288
3,494564,1572767,HashTags,HashTags_1,interaction#content,"%#Scandal%#%",SSECppCompiled,0.041011,305.167,3.19879,2430
3,494564,1572767,HashTags,HashTags_1,interaction#content,"%#GreysAnatomy%#%",SSECppCompiled,0.05669,315.667,2.94407,1218
3,494564,1572767,HashTags,HashTags_1,interaction#content,"Watching #% tonight %",SSECppCompiled,0.091099,299.655,1.84314,2
3,494564,1572767,HashTags,HashTags_1,interaction#content,"% #% #Scandal",SSECppCompiled,0.056178,311.295,2.82854,947
3,494564,1572767,HashTags,HashTags_1,interaction#content,"%#SharkTank%#%",SSECppCompiled,0.066978,340.246,3.29871,162
3,494564,1572767,HashTags,HashTags_1,interaction#content,"%#Nashville%#%",SSECppCompiled,0.057357,333.516,3.38891,572
3,494564,1572767,HashTags,HashTags_1,interaction#content,"I am watching #% on % %",SSECppCompiled,0.096769,307.401,1.93612,0
3,494564,1572767,HashTags,HashTags_1,interaction#content,"% tonight % tonight",SSECppCompiled,0.102421,328.973,1.94852,0
3,494564,1572767,HashTags,HashTags_1,interaction#content,"%#ModernFamily%#%",SSECppCompiled,0.067999,351.493,3.24559,109
3,494564,1572767,HashTags,HashTags_1,interaction#content,"%#ABC%#%",SSECppCompiled,0.046554,327.664,3.50587,1104
3,494564,1572767,HashTags,HashTags_1,interaction#content,"%#tvtag%http%",SSECppCompiled,0.07468,352.557,3.45131,1940
3,494564,1572767,HashTags,HashTags_1,interaction#content,"%#ScandalThursday%#%",SSECppCompiled,0.068886,339.809,3.07102,343
3,494564,1572767,HashTags,HashTags_1,interaction#content,"%#OnceUponATime%#%",SSECppCompiled,0.076017,345.644,3.21897,125
3,494564,1572767,HashTags,HashTags_1,interaction#content,"%#Castle%#%",SSECppCompiled,0.03822,304.578,2.89104,162
3,56749,663585,HashTags,HashTags_1,twitter#user#location,"New York% NY %",SSECppCompiled,0.059152,294.462,0.356196,6
3,56749,663585,HashTags,HashTags_1,twitter#user#location,"% % Ohio",SSECppCompiled,0.046997,303.995,0.39686,76
3,56749,663585,HashTags,HashTags_1,twitter#user#location,"%UT% % %",SSECppCompiled,0.073767,301.884,1.23098,25
3,56749,663585,HashTags,HashTags_1,twitter#user#location,"% % , % %",SSECppCompiled,0.093243,295.123,2.3434,25
3,56749,663585,HashTags,HashTags_1,twitter#user#location,"Chicago% IL %",SSECppCompiled,0.059197,297.054,0.37368,15
3,56749,663585,HashTags,HashTags_1,twitter#user#location,"% % Texas",SSECppCompiled,0.048251,306.154,0.406525,173
3,56749,663585,HashTags,HashTags_1,twitter#user#location,"% % - % %",SSECppCompiled,0.090145,298.775,2.4317,145
3,56749,663585,HashTags,HashTags_1,twitter#user#location,"% % . % %",SSECppCompiled,0.102113,309.933,2.38979,17
3,56749,663585,HashTags,HashTags_1,twitter#user#location,"Los Angeles% CA %",SSECppCompiled,0.059472,308.005,0.526885,8
3,56749,663585,HashTags,HashTags_1,twitter#user#location,"% % California",SSECppCompiled,0.049985,314.987,0.409153,128
3,56749,663585,HashTags,HashTags_1,twitter#user#location,"% Nashville % TN %",SSECppCompiled,0.124199,330.866,1.71456,0
3,56749,663585,HashTags,HashTags_1,twitter#user#location,"% San % Francisco %",SSECppCompiled,0.114334,339.404,1.26049,0
3,56749,663585,HashTags,HashTags_1,twitter#user#location,"% New % York %",SSECppCompiled,0.112727,333.763,2.28484,0
3,56749,663585,HashTags,HashTags_1,twitter#user#location,"% Atlanta % GA %",SSECppCompiled,0.111989,329.719,1.28885,0
3,56749,663585,HashTags,HashTags_1,twitter#user#location,"% % 757 %",SSECppCompiled,0.084033,313.133,1.9545,8
3,56749,663585,HashTags,HashTags_1,twitter#user#location,"% % & % %",SSECppCompiled,0.097524,311.362,2.39066,219
3,140953,1572709,CityMaxCapita,CityMaxCapita_1,First Link in Tweet,"http% instagram.com %",SSEDecoded,0.001862,0,5.69382,0
3,140953,1572709,CityMaxCapita,CityMaxCapita_1,First Link in Tweet,"% status % 600",SSEDecoded,0.001116,0,4.4828,0
3,140953,1572709,CityMaxCapita,CityMaxCapita_1,First Link in Tweet,"%instagram.com%p%",SSEDecoded,0.00117,0,6.53125,22589
3,140953,1572709,CityMaxCapita,CityMaxCapita_1,First Link in Tweet,"%twitter.com%status%",SSEDecoded,0.000986,0,5.26429,13124
3,140953,1572709,CityMaxCapita,CityMaxCapita_1,First Link in Tweet,"https% instagram.com %",SSEDecoded,0.000996,0,5.21302,0
3,140953,1572709,CityMaxCapita,CityMaxCapita_1,First Link in Tweet,"% p % taken",SSEDecoded,0.000898,0,4.46897,0
3,140953,1572709,CityMaxCapita,CityMaxCapita_1,First Link in Tweet,"%swarmapp.com%c%",SSEDecoded,0.00084,0,5.03521,3962
3,140953,1572709,CityMaxCapita,CityMaxCapita_1,First Link in Tweet,"%bit.ly%1%",SSEDecoded,0.000749,0,4.93891,4832
3,140953,1572709,CityMaxCapita,CityMaxCapita_1,First Link in Tweet,"http% bit.ly %",SSEDecoded,0.000773,0,5.09177,0
3,140953,1572709,CityMaxCapita,CityMaxCapita_1,First Link in Tweet,"% 2015 % story.html",SSEDecoded,0.000782,0,4.45613,0
3,140953,1572709,CityMaxCapita,CityMaxCapita_1,First Link in Tweet,"%youtube.com%watch%",SSEDecoded,0.000829,0,4.913,517
3,140953,1572709,CityMaxCapita,CityMaxCapita_1,First Link in Tweet,"%huffingtonpost.com%2015%",SSEDecoded,0.000965,0,5.65268,36
3,140953,1572709,CityMaxCapita,CityMaxCapita_1,First Link in Tweet,"%nytimes.com%2015%",SSEDecoded,0.000718,0,4.84534,123
3,140953,1572709,CityMaxCapita,CityMaxCapita_1,First Link in Tweet,"%washingtonpost.com%2015%",SSEDecoded,0.000739,0,5.73499,71
3,140953,1572709,CityMaxCapita,CityMaxCapita_1,First Link in Tweet,"%facebook.com%status%",SSEDecoded,0.000805,0,4.79196,0
3,140953,1572709,CityMaxCapita,CityMaxCapita_1,First Link in Tweet,"%youtu.be%Jk%",SSEDecoded,0.001123,0,4.66613,3
3,402119,1572768,CityMaxCapita,CityMaxCapita_1,User Bio,"Senior % at %",SSEDecoded,0.00096,0,6.35235,7
3,402119,1572768,CityMaxCapita,CityMaxCapita_1,User Bio,"% IG% NATHANN",SSEDecoded,0.00093,0,6.5068,0
3,402119,1572768,CityMaxCapita,CityMaxCapita_1,User Bio,"%love%peace%",SSEDecoded,0.001119,0,7.00229,8
3,402119,1572768,CityMaxCapita,CityMaxCapita_1,User Bio,"%music%art%",SSEDecoded,0.001016,0,6.92718,63
3,402119,1572768,CityMaxCapita,CityMaxCapita_1,User Bio,"Student % at % University",SSEDecoded,0.000806,0,6.44815,0
3,402119,1572768,CityMaxCapita,CityMaxCapita_1,User Bio,"% im % kitty",SSEDecoded,0.000729,0,6.38456,0
3,402119,1572768,CityMaxCapita,CityMaxCapita_1,User Bio,"%founder%ceo%",SSEDecoded,0.001047,0,6.82657,0
3,402119,1572768,CityMaxCapita,CityMaxCapita_1,User Bio,"%born%raised%",SSEDecoded,0.000981,0,6.58689,49
3,402119,1572768,CityMaxCapita,CityMaxCapita_1,User Bio,"Live % life % it",SSEDecoded,0.000877,0,6.05807,0
3,402119,1572768,CityMaxCapita,CityMaxCapita_1,User Bio,"% akron % 2019",SSEDecoded,0.000791,0,6.29961,0
3,402119,1572768,CityMaxCapita,CityMaxCapita_1,User Bio,"%business%marketing%",SSEDecoded,0.00108,0,6.21742,3
3,402119,1572768,CityMaxCapita,CityMaxCapita_1,User Bio,"%social%justice%",SSEDecoded,0.000937,0,6.79363,30
3,402119,1572768,CityMaxCapita,CityMaxCapita_1,User Bio,"%university%graduate%",SSEDecoded,0.000927,0,6.32751,1
3,402119,1572768,CityMaxCapita,CityMaxCapita_1,User Bio,"%travel%photography%",SSEDecoded,0.00083,0,6.44599,5
3,402119,1572768,CityMaxCapita,CityMaxCapita_1,User Bio,"%food%wine%",SSEDecoded,0.0008,0,6.68225,11
3,402119,1572768,CityMaxCapita,CityMaxCapita_1,User Bio,"%digital%media%",SSEDecoded,0.000832,0,6.55331,4
3,1715,3813,CommonGovernment,CommonGovernment_1,prod_or_serv_code,"J0% %0%",SSEDecoded,0.000735,0,0.06436,0
3,1715,3813,CommonGovernment,CommonGovernment_1,prod_or_serv_code,"% % 1%KF",SSEDecoded,0.000336,0,0.0596,0
3,1715,3813,CommonGovernment,CommonGovernment_1,prod_or_serv_code,"%A%1%",SSEDecoded,0.00023,0,0.069675,18
3,1715,3813,CommonGovernment,CommonGovernment_1,prod_or_serv_code,"%B%5%",SSEDecoded,0.000218,0,0.069429,46
3,1715,3813,CommonGovernment,CommonGovernment_1,prod_or_serv_code,"R4% %1%",SSEDecoded,0.000226,0,0.063001,0
3,1715,3813,CommonGovernment,CommonGovernment_1,prod_or_serv_code,"% % 2%44",SSEDecoded,0.000273,0,0.064967,0
3,1715,3813,CommonGovernment,CommonGovernment_1,prod_or_serv_code,"%C%1%",SSEDecoded,0.000218,0,0.06937,95
3,1715,3813,CommonGovernment,CommonGovernment_1,prod_or_serv_code,"%D%3%",SSEDecoded,0.000174,0,0.06983,26
3,1715,3813,CommonGovernment,CommonGovernment_1,prod_or_serv_code,"Z1% %N%",SSEDecoded,0.000212,0,0.065355,0
3,1715,3813,CommonGovernment,CommonGovernment_1,prod_or_serv_code,"% % 0%30",SSEDecoded,0.000225,0,0.059137,0
3,1715,3813,CommonGovernment,CommonGovernment_1,prod_or_serv_code,"%E%1%",SSEDecoded,0.000186,0,0.069602,64
3,1715,3813,CommonGovernment,CommonGovernment_1,prod_or_serv_code,"%J%0%",SSEDecoded,0.000183,0,0.069951,59
3,1715,3813,CommonGovernment,CommonGovernment_1,prod_or_serv_code,"%M%1%",SSEDecoded,0.000175,0,0.070329,109
3,1715,3813,CommonGovernment,CommonGovernment_1,prod_or_serv_code,"%R%4%",SSEDecoded,0.000171,0,0.07026,36
3,1715,3813,CommonGovernment,CommonGovernment_1,prod_or_serv_code,"%Y%1%",SSEDecoded,0.000185,0,0.069412,119
3,1715,3813,CommonGovernment,CommonGovernment_1,prod_or_serv_code,"%Z%2%",SSEDecoded,0.000174,0,0.071671,112
3,411161,1572796,CommonGovernment,CommonGovernment_1,vend_vendorname,"DEPARTMENT % OF % HEALTH",SSEDecoded,0.000645,0,7.75324,0
3,411161,1572796,CommonGovernment,CommonGovernment_1,vend_vendorname,"% % INC.",SSEDecoded,0.000727,0,8.88287,17488
3,411161,1572796,CommonGovernment,CommonGovernment_1,vend_vendorname,"%SERVICES%INC%",SSEDecoded,0.000854,0,9.49289,2818
3,411161,1572796,CommonGovernment,CommonGovernment_1,vend_vendorname,"%TECHNOLOGIES%LLC%",SSEDecoded,0.000899,0,9.25873,227
3,411161,1572796,CommonGovernment,CommonGovernment_1,vend_vendorname,"UNIVERSITY % OF % MISSOURI",SSEDecoded,0.000886,0,8.15561,0
3,411161,1572796,CommonGovernment,CommonGovernment_1,vend_vendorname,"% % LLC",SSEDecoded,0.000651,0,8.15502,8362
3,411161,1572796,CommonGovernment,CommonGovernment_1,vend_vendorname,"%SYSTEMS%CORPORATION%",SSEDecoded,0.000957,0,8.70101,130
3,411161,1572796,CommonGovernment,CommonGovernment_1,vend_vendorname,"%MANAGEMENT%SERVICES%",SSEDecoded,0.000957,0,8.26879,163
3,411161,1572796,CommonGovernment,CommonGovernment_1,vend_vendorname,"COUNTY % OF % SHELBY",SSEDecoded,0.000804,0,7.74186,0
3,411161,1572796,CommonGovernment,CommonGovernment_1,vend_vendorname,"% % CORPORATION",SSEDecoded,0.000815,0,8.33981,2132
3,411161,1572796,CommonGovernment,CommonGovernment_1,vend_vendorname,"%CONSTRUCTION%INC%",SSEDecoded,0.000919,0,8.84633,921
3,411161,1572796,CommonGovernment,CommonGovernment_1,vend_vendorname,"%HEALTH%CARE%",SSEDecoded,0.000882,0,8.44994,597
3,411161,1572796,CommonGovernment,CommonGovernment_1,vend_vendorname,"%INTERNATIONAL%INC%",SSEDecoded,0.000892,0,10.7962,956
3,411161,1572796,CommonGovernment,CommonGovernment_1,vend_vendorname,"%COMMUNICATIONS%INC%",SSEDecoded,0.000837,0,11.0514,605
3,411161,1572796,CommonGovernment,CommonGovernment_1,vend_vendorname,"%GENERAL%DYNAMICS%",SSEDecoded,0.000761,0,9.01467,56
3,411161,1572796,CommonGovernment,CommonGovernment_1,vend_vendorname,"%LOCKHEED%MARTIN%",SSEDecoded,0.000793,0,9.16928,47
3,494564,1572767,HashTags,HashTags_1,interaction#content,"RT %@% #%",SSEDecoded,0.000903,0,7.31162,195
3,494564,1572767,HashTags,HashTags_1,interaction#content,"% #% #GreysAnatomy",SSEDecoded,0.000851,0,6.80565,288
3,494564,1572767,HashTags,HashTags_1,interaction#content,"%#Scandal%#%",SSEDecoded,0.000935,0,7.62448,2430
3,494564,1572767,HashTags,HashTags_1,interaction#content,"%#GreysAnatomy%#%",SSEDecoded,0.000956,0,8.37512,1218
3,494564,1572767,HashTags,HashTags_1,interaction#content,"Watching #% tonight %",SSEDecoded,0.000891,0,6.56266,2
3,494564,1572767,HashTags,HashTags_1,interaction#content,"% #% #Scandal",SSEDecoded,0.000623,0,7.01872,947
3,494564,1572767,HashTags,HashTags_1,interaction#content,"%#SharkTank%#%",SSEDecoded,0.000865,0,6.97658,162
3,494564,1572767,HashTags,HashTags_1,interaction#content,"%#Nashville%#%",SSEDecoded,0.000659,0,7.01507,572
3,494564,1572767,HashTags,HashTags_1,interaction#content,"I am watching #% on % %",SSEDecoded,0.000725,0,6.60789,0
3,494564,1572767,HashTags,HashTags_1,interaction#content,"% tonight % tonight",SSEDecoded,0.000711,0,7.1819,0
3,494564,1572767,HashTags,HashTags_1,interaction#content,"%#ModernFamily%#%",SSEDecoded,0.000833,0,8.55214,109
3,494564,1572767,HashTags,HashTags_1,interaction#content,"%#ABC%#%",SSEDecoded,0.000744,0,6.9961,1104
3,494564,1572767,HashTags,HashTags_1,interaction#content,"%#tvtag%http%",SSEDecoded,0.00096,0,6.98299,1940
3,494564,1572767,HashTags,HashTags_1,interaction#content,"%#ScandalThursday%#%",SSEDecoded,0.000738,0,8.30624,343
3,494564,1572767,HashTags,HashTags_1,interaction#content,"%#OnceUponATime%#%",SSEDecoded,0.000739,0,8.01905,125
3,494564,1572767,HashTags,HashTags_1,interaction#content,"%#Castle%#%",SSEDecoded,0.000716,0,7.21114,162
3,56749,663585,HashTags,HashTags_1,twitter#user#location,"New York% NY %",SSEDecoded,0.000948,0,2.66683,6
3,56749,663585,HashTags,HashTags_1,twitter#user#location,"% % Ohio",SSEDecoded,0.000587,0,2.5391,76
3,56749,663585,HashTags,HashTags_1,twitter#user#location,"%UT% % %",SSEDecoded,0.00077,0,2.91618,25
3,56749,663585,HashTags,HashTags_1,twitter#user#location,"% % , % %",SSEDecoded,0.00083,0,3.68637,25
3,56749,663585,HashTags,HashTags_1,twitter#user#location,"Chicago% IL %",SSEDecoded,0.00067,0,2.47989,15
3,56749,663585,HashTags,HashTags_1,twitter#user#location,"% % Texas",SSEDecoded,0.000523,0,2.50096,173
3,56749,663585,HashTags,HashTags_1,twitter#user#location,"% % - % %",SSEDecoded,0.000773,0,3.6228,145
3,56749,663585,HashTags,HashTags_1,twitter#user#location,"% % . % %",SSEDecoded,0.000825,0,3.67861,17
3,56749,663585,HashTags,HashTags_1,twitter#user#location,"Los Angeles% CA %",SSEDecoded,0.000742,0,2.4833,8
3,56749,663585,HashTags,HashTags_1,twitter#user#location,"% % California",SSEDecoded,0.000552,0,2.49491,128
3,56749,663585,HashTags,HashTags_1,twitter#user#location,"% Nashville % TN %",SSEDecoded,0.000723,0,2.87195,0
3,56749,663585,HashTags,HashTags_1,twitter#user#location,"% San % Francisco %",SSEDecoded,0.00084,0,2.88902,0
3,56749,663585,HashTags,HashTags_1,twitter#user#location,"% New % York %",SSEDecoded,0.000656,0,2.84525,0
3,56749,663585,HashTags,HashTags_1,twitter#user#location,"% Atlanta % GA %",SSEDecoded,0.000769,0,2.73735,0
3,56749,663585,HashTags,HashTags_1,twitter#user#location,"% % 757 %",SSEDecoded,0.000672,0,3.38819,8
3,56749,663585,HashTags,HashTags_1,twitter#user#location,"% % & % %",SSEDecoded,0.000887,0,3.48386,219
3,140953,1572709,CityMaxCapita,CityMaxCapita_1,First Link in Tweet,"http% instagram.com %",VectorScan,0.969259,0,8.34112,0
3,140953,1572709,CityMaxCapita,CityMaxCapita_1,First Link in Tweet,"% status % 600",VectorScan,0.576738,0,7.60453,0
3,140953,1572709,CityMaxCapita,CityMaxCapita_1,First Link in Tweet,"%instagram.com%p%",VectorScan,0.516286,0,9.39418,22589
3,140953,1572709,CityMaxCapita,CityMaxCapita_1,First Link in Tweet,"%twitter.com%status%",VectorScan,0.437417,0,9.12275,13124
3,140953,1572709,CityMaxCapita,CityMaxCapita_1,First Link in Tweet,"https% instagram.com %",VectorScan,0.566129,0,7.13508,0
3,140953,1572709,CityMaxCapita,CityMaxCapita_1,First Link in Tweet,"% p % taken",VectorScan,0.535905,0,6.79803,0
3,140953,1572709,CityMaxCapita,CityMaxCapita_1,First Link in Tweet,"%swarmapp.com%c%",VectorScan,0.455265,0,7.3461,3962
3,140953,1572709,CityMaxCapita,CityMaxCapita_1,First Link in Tweet,"%bit.ly%1%",VectorScan,0.350956,0,7.15811,4832
3,140953,1572709,CityMaxCapita,CityMaxCapita_1,First Link in Tweet,"http% bit.ly %",VectorScan,0.391222,0,7.2877,0
3,140953,1572709,CityMaxCapita,CityMaxCapita_1,First Link in Tweet,"% 2015 % story.html",VectorScan,0.569051,0,6.81638,0
3,140953,1572709,CityMaxCapita,CityMaxCapita_1,First Link in Tweet,"%youtube.com%watch%",VectorScan,0.364306,0,7.52561,517
3,140953,1572709,CityMaxCapita,CityMaxCapita_1,First Link in Tweet,"%huffingtonpost.com%2015%",VectorScan,0.419513,0,7.24692,36
3,140953,1572709,CityMaxCapita,CityMaxCapita_1,First Link in Tweet,"%nytimes.com%2015%",VectorScan,0.393959,0,7.76325,123
3,140953,1572709,CityMaxCapita,CityMaxCapita_1,First Link in Tweet,"%washingtonpost.com%2015%",VectorScan,0.460104,0,7.30381,71
3,140953,1572709,CityMaxCapita,CityMaxCapita_1,First Link in Tweet,"%facebook.com%status%",VectorScan,0.382941,0,7.79823,0
3,140953,1572709,CityMaxCapita,CityMaxCapita_1,First Link in Tweet,"%youtu.be%Jk%",VectorScan,0.46322,0,7.25577,3
3,402119,1572768,CityMaxCapita,CityMaxCapita_1,User Bio,"Senior % at %",VectorScan,0.446426,0,9.04095,7
3,402119,1572768,CityMaxCapita,CityMaxCapita_1,User Bio,"% IG% NATHANN",VectorScan,0.524484,0,10.3806,0
3,402119,1572768,CityMaxCapita,CityMaxCapita_1,User Bio,"%love%peace%",VectorScan,0.360415,0,9.99419,8
3,402119,1572768,CityMaxCapita,CityMaxCapita_1,User Bio,"%music%art%",VectorScan,0.317992,0,9.95163,63
3,402119,1572768,CityMaxCapita,CityMaxCapita_1,User Bio,"Student % at % University",VectorScan,0.814617,0,8.58438,0
3,402119,1572768,CityMaxCapita,CityMaxCapita_1,User Bio,"% im % kitty",VectorScan,0.471729,0,9.92912,0
3,402119,1572768,CityMaxCapita,CityMaxCapita_1,User Bio,"%founder%ceo%",VectorScan,0.30794,0,11.0322,0
3,402119,1572768,CityMaxCapita,CityMaxCapita_1,User Bio,"%born%raised%",VectorScan,0.395311,0,10.1374,49
3,402119,1572768,CityMaxCapita,CityMaxCapita_1,User Bio,"Live % life % it",VectorScan,0.693345,0,8.89214,0
3,402119,1572768,CityMaxCapita,CityMaxCapita_1,User Bio,"% akron % 2019",VectorScan,0.433583,0,10.3422,0
3,402119,1572768,CityMaxCapita,CityMaxCapita_1,User Bio,"%business%marketing%",VectorScan,0.429759,0,9.4569,3
3,402119,1572768,CityMaxCapita,CityMaxCapita_1,User Bio,"%social%justice%",VectorScan,0.39245,0,9.90696,30
3,402119,1572768,CityMaxCapita,CityMaxCapita_1,User Bio,"%university%graduate%",VectorScan,0.381446,0,9.79077,1
3,402119,1572768,CityMaxCapita,CityMaxCapita_1,User Bio,"%travel%photography%",VectorScan,0.49228,0,9.57261,5
3,402119,1572768,CityMaxCapita,CityMaxCapita_1,User Bio,"%food%wine%",VectorScan,0.323314,0,9.68516,11
3,402119,1572768,CityMaxCapita,CityMaxCapita_1,User Bio,"%digital%media%",VectorScan,0.327288,0,9.59313,4
3,1715,3813,CommonGovernment,CommonGovernment_1,prod_or_serv_code,"J0% %0%",VectorScan,0.466506,0,0.101162,0
3,1715,3813,CommonGovernment,CommonGovernment_1,prod_or_serv_code,"% % 1%KF",VectorScan,0.608148,0,0.093687,0
3,1715,3813,CommonGovernment,CommonGovernment_1,prod_or_serv_code,"%A%1%",VectorScan,0.226683,0,0.095211,18
3,1715,3813,CommonGovernment,CommonGovernment_1,prod_or_serv_code,"%B%5%",VectorScan,0.201987,0,0.095518,46
3,1715,3813,CommonGovernment,CommonGovernment_1,prod_or_serv_code,"R4% %1%",VectorScan,0.440837,0,0.173868,0
3,1715,3813,CommonGovernment,CommonGovernment_1,prod_or_serv_code,"% % 2%44",VectorScan,0.714229,0,0.076121,0
3,1715,3813,CommonGovernment,CommonGovernment_1,prod_or_serv_code,"%C%1%",VectorScan,0.246816,0,0.116649,95
3,1715,3813,CommonGovernment,CommonGovernment_1,prod_or_serv_code,"%D%3%",VectorScan,0.202572,0,0.094991,26
3,1715,3813,CommonGovernment,CommonGovernment_1,prod_or_serv_code,"Z1% %N%",VectorScan,0.41602,0,0.103907,0
3,1715,3813,CommonGovernment,CommonGovernment_1,prod_or_serv_code,"% % 0%30",VectorScan,0.603558,0,0.083834,0
3,1715,3813,CommonGovernment,CommonGovernment_1,prod_or_serv_code,"%E%1%",VectorScan,0.2374,0,0.095626,64
3,1715,3813,CommonGovernment,CommonGovernment_1,prod_or_serv_code,"%J%0%",VectorScan,0.201722,0,0.095451,59
3,1715,3813,CommonGovernment,CommonGovernment_1,prod_or_serv_code,"%M%1%",VectorScan,0.196725,0,0.096388,109
3,1715,3813,CommonGovernment,CommonGovernment_1,prod_or_serv_code,"%R%4%",VectorScan,0.209901,0,0.094793,36
3,1715,3813,CommonGovernment,CommonGovernment_1,prod_or_serv_code,"%Y%1%",VectorScan,0.194978,0,0.096359,119
3,1715,3813,CommonGovernment,CommonGovernment_1,prod_or_serv_code,"%Z%2%",VectorScan,0.193227,0,0.096768,112
3,411161,1572796,CommonGovernment,CommonGovernment_1,vend_vendorname,"DEPARTMENT % OF % HEALTH",VectorScan,0.73616,0,11.0971,0
3,411161,1572796,CommonGovernment,CommonGovernment_1,vend_vendorname,"% % INC.",VectorScan,0.487367,0,16.1606,17488
3,411161,1572796,CommonGovernment,CommonGovernment_1,vend_vendorname,"%SERVICES%INC%",VectorScan,0.320493,0,13.7799,2818
3,411161,1572796,CommonGovernment,CommonGovernment_1,vend_vendorname,"%TECHNOLOGIES%LLC%",VectorScan,0.354442,0,14.1468,227
3,411161,1572796,CommonGovernment,CommonGovernment_1,vend_vendorname,"UNIVERSITY % OF % MISSOURI",VectorScan,0.766541,0,10.6478,0
3,411161,1572796,CommonGovernment,CommonGovernment_1,vend_vendorname,"% % LLC",VectorScan,0.482367,0,14.7669,8362
3,411161,1572796,CommonGovernment,CommonGovernment_1,vend_vendorname,"%SYSTEMS%CORPORATION%",VectorScan,0.464787,0,13.073,130
3,411161,1572796,CommonGovernment,CommonGovernment_1,vend_vendorname,"%MANAGEMENT%SERVICES%",VectorScan,0.443761,0,14.254,163
3,411161,1572796,CommonGovernment,CommonGovernment_1,vend_vendorname,"COUNTY % OF % SHELBY",VectorScan,0.771042,0,11.4423,0
3,411161,1572796,CommonGovernment,CommonGovernment_1,vend_vendorname,"% % CORPORATION",VectorScan,0.621963,0,14.3162,2132
3,411161,1572796,CommonGovernment,CommonGovernment_1,vend_vendorname,"%CONSTRUCTION%INC%",VectorScan,0.380533,0,14.5023,921
3,411161,1572796,CommonGovernment,CommonGovernment_1,vend_vendorname,"%HEALTH%CARE%",VectorScan,0.297914,0,13.5719,597
3,411161,1572796,CommonGovernment,CommonGovernment_1,vend_vendorname,"%INTERNATIONAL%INC%",VectorScan,0.355252,0,14.5389,956
3,411161,1572796,CommonGovernment,CommonGovernment_1,vend_vendorname,"%COMMUNICATIONS%INC%",VectorScan,0.363599,0,14.3649,605
3,411161,1572796,CommonGovernment,CommonGovernment_1,vend_vendorname,"%GENERAL%DYNAMICS%",VectorScan,0.464605,0,14.1994,56
3,411161,1572796,CommonGovernment,CommonGovernment_1,vend_vendorname,"%LOCKHEED%MARTIN%",VectorScan,0.342857,0,14.078,47
3,494564,1572767,HashTags,HashTags_1,interaction#content,"RT %@% #%",VectorScan,0.437873,0,10.142,195
3,494564,1572767,HashTags,HashTags_1,interaction#content,"% #% #GreysAnatomy",VectorScan,0.584511,0,12.9625,288
3,494564,1572767,HashTags,HashTags_1,interaction#content,"%#Scandal%#%",VectorScan,0.380463,0,11.3791,2400
3,494564,1572767,HashTags,HashTags_1,interaction#content,"%#GreysAnatomy%#%",VectorScan,0.413752,0,10.703,1207
3,494564,1572767,HashTags,HashTags_1,interaction#content,"Watching #% tonight %",VectorScan,0.421673,0,9.84043,2
3,494564,1572767,HashTags,HashTags_1,interaction#content,"% #% #Scandal",VectorScan,0.57301,0,13.1904,947
3,494564,1572767,HashTags,HashTags_1,interaction#content,"%#SharkTank%#%",VectorScan,0.431432,0,11.5831,150
3,494564,1572767,HashTags,HashTags_1,interaction#content,"%#Nashville%#%",VectorScan,0.424226,0,11.1184,557
3,494564,1572767,HashTags,HashTags_1,interaction#content,"I am watching #% on % %",VectorScan,0.584962,0,9.86065,0
3,494564,1572767,HashTags,HashTags_1,interaction#content,"% tonight % tonight",VectorScan,0.554711,0,11.1187,0
3,494564,1572767,HashTags,HashTags_1,interaction#content,"%#ModernFamily%#%",VectorScan,0.415378,0,10.2731,106
3,494564,1572767,HashTags,HashTags_1,interaction#content,"%#ABC%#%",VectorScan,0.318596,0,10.3725,1061
3,494564,1572767,HashTags,HashTags_1,interaction#content,"%#tvtag%http%",VectorScan,0.306187,0,10.8134,1940
3,494564,1572767,HashTags,HashTags_1,interaction#content,"%#ScandalThursday%#%",VectorScan,0.456935,0,10.4872,342
3,494564,1572767,HashTags,HashTags_1,interaction#content,"%#OnceUponATime%#%",VectorScan,0.426978,0,10.196,124
3,494564,1572767,HashTags,HashTags_1,interaction#content,"%#Castle%#%",VectorScan,0.39148,0,11.1873,159
3,56749,663585,HashTags,HashTags_1,twitter#user#location,"New York% NY %",VectorScan,0.354902,0,3.42962,6
3,56749,663585,HashTags,HashTags_1,twitter#user#location,"% % Ohio",VectorScan,0.48492,0,5.06874,76
3,56749,663585,HashTags,HashTags_1,twitter#user#location,"%UT% % %",VectorScan,0.429387,0,4.47641,25
3,56749,663585,HashTags,HashTags_1,twitter#user#location,"% % , % %",VectorScan,0.502109,0,5.05822,25
3,56749,663585,HashTags,HashTags_1,twitter#user#location,"Chicago% IL %",VectorScan,0.334919,0,3.39631,15
3,56749,663585,HashTags,HashTags_1,twitter#user#location,"% % Texas",VectorScan,0.493814,0,4.89537,173
3,56749,663585,HashTags,HashTags_1,twitter#user#location,"% % - % %",VectorScan,0.486979,0,4.74407,145
3,56749,663585,HashTags,HashTags_1,twitter#user#location,"% % . % %",VectorScan,0.49392,0,4.90512,17
3,56749,663585,HashTags,HashTags_1,twitter#user#location,"Los Angeles% CA %",VectorScan,0.387072,0,3.36747,8
3,56749,663585,HashTags,HashTags_1,twitter#user#location,"% % California",VectorScan,0.54773,0,4.52936,128
3,56749,663585,HashTags,HashTags_1,twitter#user#location,"% Nashville % TN %",VectorScan,0.389582,0,4.1173,0
3,56749,663585,HashTags,HashTags_1,twitter#user#location,"% San % Francisco %",VectorScan,0.458861,0,3.78849,0
3,56749,663585,HashTags,HashTags_1,twitter#user#location,"% New % York %",VectorScan,0.388896,0,4.25235,0
3,56749,663585,HashTags,HashTags_1,twitter#user#location,"% Atlanta % GA %",VectorScan,0.355855,0,4.07754,0
3,56749,663585,HashTags,HashTags_1,twitter#user#location,"% % 757 %",VectorScan,0.385979,0,4.72543,8
3,56749,663585,HashTags,HashTags_1,twitter#user#location,"% % & % %",VectorScan,0.493464,0,5.00557,219
4,140953,1572709,CityMaxCapita,CityMaxCapita_1,First Link in Tweet,"http% instagram.com %",InMemory,0.02679,0.000105,16.0654,0
4,140953,1572709,CityMaxCapita,CityMaxCapita_1,First Link in Tweet,"% status % 600",InMemory,0.011193,5.1e-05,0.949699,0
4,140953,1572709,CityMaxCapita,CityMaxCapita_1,First Link in Tweet,"%instagram.com%p%",InMemory,0.070606,3.4e-05,26.9059,22589
4,140953,1572709,CityMaxCapita,CityMaxCapita_1,First Link in Tweet,"%twitter.com%status%",InMemory,0.065833,4.3e-05,28.1179,13124
4,140953,1572709,CityMaxCapita,CityMaxCapita_1,First Link in Tweet,"https% instagram.com %",InMemory,0.010895,3.9e-05,8.71898,0
4,140953,1572709,CityMaxCapita,CityMaxCapita_1,First Link in Tweet,"% p % taken",InMemory,0.010224,2.1e-05,0.959523,0
4,140953,1572709,CityMaxCapita,CityMaxCapita_1,First Link in Tweet,"%swarmapp.com%c%",InMemory,0.055763,2.3e-05,24.8627,3962
4,140953,1572709,CityMaxCapita,CityMaxCapita_1,First Link in Tweet,"%bit.ly%1%",InMemory,0.031791,1.9e-05,19.7563,4832
4,140953,1572709,CityMaxCapita,CityMaxCapita_1,First Link in Tweet,"http% bit.ly %",InMemory,0.007875,1.9e-05,14.5353,0
4,140953,1572709,CityMaxCapita,CityMaxCapita_1,First Link in Tweet,"% 2015 % story.html",InMemory,0.008906,3.6e-05,0.854114,0
4,140953,1572709,CityMaxCapita,CityMaxCapita_1,First Link in Tweet,"%youtube.com%watch%",InMemory,0.034956,2e-05,17.099,517
4,140953,1572709,CityMaxCapita,CityMaxCapita_1,First Link in Tweet,"%huffingtonpost.com%2015%",InMemory,0.058118,3.6e-05,13.6202,36
4,140953,1572709,CityMaxCapita,CityMaxCapita_1,First Link in Tweet,"%nytimes.com%2015%",InMemory,0.040054,7.3e-05,23.9538,123
4,140953,1572709,CityMaxCapita,CityMaxCapita_1,First Link in Tweet,"%washingtonpost.com%2015%",InMemory,0.032216,3e-05,10.0659,71
4,140953,1572709,CityMaxCapita,CityMaxCapita_1,First Link in Tweet,"%facebook.com%status%",InMemory,0.050333,3.7e-05,12.0286,0
4,140953,1572709,CityMaxCapita,CityMaxCapita_1,First Link in Tweet,"%youtu.be%Jk%",InMemory,0.02615,3.2e-05,16.022,3
4,402119,1572768,CityMaxCapita,CityMaxCapita_1,User Bio,"Senior % at %",InMemory,0.058541,3.4e-05,2.43842,7
4,402119,1572768,CityMaxCapita,CityMaxCapita_1,User Bio,"% IG% NATHANN",InMemory,0.060622,4.2e-05,2.37852,0
4,402119,1572768,CityMaxCapita,CityMaxCapita_1,User Bio,"%love%peace%",InMemory,0.025535,4.2e-05,30.3474,8
4,402119,1572768,CityMaxCapita,CityMaxCapita_1,User Bio,"%music%art%",InMemory,0.037751,3.7e-05,26.2563,63
4,402119,1572768,CityMaxCapita,CityMaxCapita_1,User Bio,"Student % at % University",InMemory,0.056597,2e-05,2.15534,0
4,402119,1572768,CityMaxCapita,CityMaxCapita_1,User Bio,"% im % kitty",InMemory,0.04857,2e-05,2.18146,0
4,402119,1572768,CityMaxCapita,CityMaxCapita_1,User Bio,"%founder%ceo%",InMemory,0.024693,2e-05,18.0158,0
4,402119,1572768,CityMaxCapita,CityMaxCapita_1,User Bio,"%born%raised%",InMemory,0.032769,1.9e-05,19.0985,49
4,402119,1572768,CityMaxCapita,CityMaxCapita_1,User Bio,"Live % life % it",InMemory,0.069798,2.1e-05,2.93926,0
4,402119,1572768,CityMaxCapita,CityMaxCapita_1,User Bio,"% akron % 2019",InMemory,0.069888,4.1e-05,2.15106,0
4,402119,1572768,CityMaxCapita,CityMaxCapita_1,User Bio,"%business%marketing%",InMemory,0.040178,2e-05,18.9285,3
4,402119,1572768,CityMaxCapita,CityMaxCapita_1,User Bio,"%social%justice%",InMemory,0.036082,2.1e-05,26.3168,30
4,402119,1572768,CityMaxCapita,CityMaxCapita_1,User Bio,"%university%graduate%",InMemory,0.05314,3.5e-05,18.1556,1
4,402119,1572768,CityMaxCapita,CityMaxCapita_1,User Bio,"%travel%photography%",InMemory,0.039609,3e-05,26.2193,5
4,402119,1572768,CityMaxCapita,CityMaxCapita_1,User Bio,"%food%wine%",InMemory,0.018263,1.5e-05,17.2545,11
4,402119,1572768,CityMaxCapita,CityMaxCapita_1,User Bio,"%digital%media%",InMemory,0.045636,4.4e-05,23.9517,4
4,1715,3813,CommonGovernment,CommonGovernment_1,prod_or_serv_code,"J0% %0%",InMemory,0.038224,3.9e-05,0.041732,0
4,1715,3813,CommonGovernment,CommonGovernment_1,prod_or_serv_code,"% % 1%KF",InMemory,0.011201,2.1e-05,0.012863,0
4,1715,3813,CommonGovernment,CommonGovernment_1,prod_or_serv_code,"%A%1%",InMemory,0.043981,2.2e-05,0.059892,18
4,1715,3813,CommonGovernment,CommonGovernment_1,prod_or_serv_code,"%B%5%",InMemory,0.027191,2.1e-05,0.092374,46
4,1715,3813,CommonGovernment,CommonGovernment_1,prod_or_serv_code,"R4% %1%",InMemory,0.035345,2.2e-05,0.03826,0
4,1715,3813,CommonGovernment,CommonGovernment_1,prod_or_serv_code,"% % 2%44",InMemory,0.010536,2.1e-05,0.03694,0
4,1715,3813,CommonGovernment,CommonGovernment_1,prod_or_serv_code,"%C%1%",InMemory,0.038858,2.3e-05,0.099192,95
4,1715,3813,CommonGovernment,CommonGovernment_1,prod_or_serv_code,"%D%3%",InMemory,0.01928,2.1e-05,0.08884,26
4,1715,3813,CommonGovernment,CommonGovernment_1,prod_or_serv_code,"Z1% %N%",InMemory,0.014059,2e-05,0.052739,0
4,1715,3813,CommonGovernment,CommonGovernment_1,prod_or_serv_code,"% % 0%30",InMemory,0.009963,1.6e-05,0.039396,0
4,1715,3813,CommonGovernment,CommonGovernment_1,prod_or_serv_code,"%E%1%",InMemory,0.039828,2.2e-05,0.085765,64
4,1715,3813,CommonGovernment,CommonGovernment_1,prod_or_serv_code,"%J%0%",InMemory,0.028339,2.1e-05,0.084474,59
4,1715,3813,CommonGovernment,CommonGovernment_1,prod_or_serv_code,"%M%1%",InMemory,0.041135,2.1e-05,0.081225,109
4,1715,3813,CommonGovernment,CommonGovernment_1,prod_or_serv_code,"%R%4%",InMemory,0.019833,2e-05,0.100468,36
4,1715,3813,CommonGovernment,CommonGovernment_1,prod_or_serv_code,"%Y%1%",InMemory,0.040755,2.1e-05,0.084811,119
4,1715,3813,CommonGovernment,CommonGovernment_1,prod_or_serv_code,"%Z%2%",InMemory,0.031273,2e-05,0.110221,112
4,411161,1572796,CommonGovernment,CommonGovernment_1,vend_vendorname,"DEPARTMENT % OF % HEALTH",InMemory,0.051913,2.4e-05,3.06685,0
4,411161,1572796,CommonGovernment,CommonGovernment_1,vend_vendorname,"% % INC.",InMemory,0.04973,2.2e-05,5.03956,17488
4,411161,1572796,CommonGovernment,CommonGovernment_1,vend_vendorname,"%SERVICES%INC%",InMemory,0.061822,3.7e-05,36.6508,2818
4,411161,1572796,CommonGovernment,CommonGovernment_1,vend_vendorname,"%TECHNOLOGIES%LLC%",InMemory,0.048895,4e-05,24.0306,227
4,411161,1572796,CommonGovernment,CommonGovernment_1,vend_vendorname,"UNIVERSITY % OF % MISSOURI",InMemory,0.041769,2e-05,2.74267,0
4,411161,1572796,CommonGovernment,CommonGovernment_1,vend_vendorname,"% % LLC",InMemory,0.049179,3.8e-05,5.57042,8362
4,411161,1572796,CommonGovernment,CommonGovernment_1,vend_vendorname,"%SYSTEMS%CORPORATION%",InMemory,0.058299,3.9e-05,29.2066,130
4,411161,1572796,CommonGovernment,CommonGovernment_1,vend_vendorname,"%MANAGEMENT%SERVICES%",InMemory,0.056263,5.5e-05,17.9997,163
4,411161,1572796,CommonGovernment,CommonGovernment_1,vend_vendorname,"COUNTY % OF % SHELBY",InMemory,0.041786,3.4e-05,2.50104,0
4,411161,1572796,CommonGovernment,CommonGovernment_1,vend_vendorname,"% % CORPORATION",InMemory,0.045528,1.5e-05,4.26478,2132
4,411161,1572796,CommonGovernment,CommonGovernment_1,vend_vendorname,"%CONSTRUCTION%INC%",InMemory,0.059876,2e-05,27.8041,921
4,411161,1572796,CommonGovernment,CommonGovernment_1,vend_vendorname,"%HEALTH%CARE%",InMemory,0.040506,2.1e-05,22.23,597
4,411161,1572796,CommonGovernment,CommonGovernment_1,vend_vendorname,"%INTERNATIONAL%INC%",InMemory,0.070955,4.2e-05,25.3828,956
4,411161,1572796,CommonGovernment,CommonGovernment_1,vend_vendorname,"%COMMUNICATIONS%INC%",InMemory,0.079555,4.1e-05,23.9311,605
4,411161,1572796,CommonGovernment,CommonGovernment_1,vend_vendorname,"%GENERAL%DYNAMICS%",InMemory,0.051896,4.5e-05,12.0775,56
4,411161,1572796,CommonGovernment,CommonGovernment_1,vend_vendorname,"%LOCKHEED%MARTIN%",InMemory,0.04318,4.3e-05,20.1872,47
4,494564,1572767,HashTags,HashTags_1,interaction#content,"RT %@% #%",InMemory,0.046278,2.4e-05,3.24172,195
4,494564,1572767,HashTags,HashTags_1,interaction#content,"% #% #GreysAnatomy",InMemory,0.044069,3.6e-05,5.16656,288
4,494564,1572767,HashTags,HashTags_1,interaction#content,"%#Scandal%#%",InMemory,0.031097,3.6e-05,28.644,2430
4,494564,1572767,HashTags,HashTags_1,interaction#content,"%#GreysAnatomy%#%",InMemory,0.036244,2.1e-05,24.0431,1218
4,494564,1572767,HashTags,HashTags_1,interaction#content,"Watching #% tonight %",InMemory,0.067241,2.5e-05,2.84756,2
4,494564,1572767,HashTags,HashTags_1,interaction#content,"% #% #Scandal",InMemory,0.041009,1.9e-05,9.17333,947
4,494564,1572767,HashTags,HashTags_1,interaction#content,"%#SharkTank%#%",InMemory,0.049362,3.6e-05,23.5662,162
4,494564,1572767,HashTags,HashTags_1,interaction#content,"%#Nashville%#%",InMemory,0.036464,2.6e-05,25.5067,572
4,494564,1572767,HashTags,HashTags_1,interaction#content,"I am watching #% on % %",InMemory,0.074915,3.8e-05,2.83482,0
4,494564,1572767,HashTags,HashTags_1,interaction#content,"% tonight % tonight",InMemory,0.074422,4e-05,2.95963,0
4,494564,1572767,HashTags,HashTags_1,interaction#content,"%#ModernFamily%#%",InMemory,0.051962,3.6e-05,21.9049,109
4,494564,1572767,HashTags,HashTags_1,interaction#content,"%#ABC%#%",InMemory,0.032017,1.5e-05,26.1352,1104
4,494564,1572767,HashTags,HashTags_1,interaction#content,"%#tvtag%http%",InMemory,0.049386,3.5e-05,25.0961,1940
4,494564,1572767,HashTags,HashTags_1,interaction#content,"%#ScandalThursday%#%",InMemory,0.045522,4.5e-05,25.4439,343
4,494564,1572767,HashTags,HashTags_1,interaction#content,"%#OnceUponATime%#%",InMemory,0.060163,4e-05,21.6753,125
4,494564,1572767,HashTags,HashTags_1,interaction#content,"%#Castle%#%",InMemory,0.023902,2.5e-05,25.9256,162
4,56749,663585,HashTags,HashTags_1,twitter#user#location,"New York% NY %",InMemory,0.048302,4.4e-05,0.555767,6
4,56749,663585,HashTags,HashTags_1,twitter#user#location,"% % Ohio",InMemory,0.042351,3.4e-05,0.438247,76
4,56749,663585,HashTags,HashTags_1,twitter#user#location,"%UT% % %",InMemory,0.045108,1.8e-05,6.25362,25
4,56749,663585,HashTags,HashTags_1,twitter#user#location,"% % , % %",InMemory,0.062267,2.4e-05,13.073,25
4,56749,663585,HashTags,HashTags_1,twitter#user#location,"Chicago% IL %",InMemory,0.040953,1.9e-05,0.506395,15
4,56749,663585,HashTags,HashTags_1,twitter#user#location,"% % Texas",InMemory,0.029255,2e-05,0.670854,173
4,56749,663585,HashTags,HashTags_1,twitter#user#location,"% % - % %",InMemory,0.058306,1.9e-05,12.788,145
4,56749,663585,HashTags,HashTags_1,twitter#user#location,"% % . % %",InMemory,0.07696,2.1e-05,14.175,17
4,56749,663585,HashTags,HashTags_1,twitter#user#location,"Los Angeles% CA %",InMemory,0.04812,2.5e-05,0.740789,8
4,56749,663585,HashTags,HashTags_1,twitter#user#location,"% % California",InMemory,0.034392,2.1e-05,0.670302,128
4,56749,663585,HashTags,HashTags_1,twitter#user#location,"% Nashville % TN %",InMemory,0.089869,2.1e-05,7.93029,0
4,56749,663585,HashTags,HashTags_1,twitter#user#location,"% San % Francisco %",InMemory,0.093014,2e-05,4.89521,0
4,56749,663585,HashTags,HashTags_1,twitter#user#location,"% New % York %",InMemory,0.086127,1.9e-05,12.8205,0
4,56749,663585,HashTags,HashTags_1,twitter#user#location,"% Atlanta % GA %",InMemory,0.08126,1.8e-05,6.1227,0
4,56749,663585,HashTags,HashTags_1,twitter#user#location,"% % 757 %",InMemory,0.059927,2e-05,10.3484,8
4,56749,663585,HashTags,HashTags_1,twitter#user#location,"% % & % %",InMemory,0.069738,1.9e-05,12.7069,219
4,140953,1572709,CityMaxCapita,CityMaxCapita_1,First Link in Tweet,"http% instagram.com %",SSELLVMCompiled,0.021439,11.8708,1.97248,0
4,140953,1572709,CityMaxCapita,CityMaxCapita_1,First Link in Tweet,"% status % 600",SSELLVMCompiled,0.01268,3.82918,0.452701,0
4,140953,1572709,CityMaxCapita,CityMaxCapita_1,First Link in Tweet,"%instagram.com%p%",SSELLVMCompiled,0.072831,33.6478,2.1325,22589
4,140953,1572709,CityMaxCapita,CityMaxCapita_1,First Link in Tweet,"%twitter.com%status%",SSELLVMCompiled,0.073214,32.115,2.21408,13124
4,140953,1572709,CityMaxCapita,CityMaxCapita_1,First Link in Tweet,"https% instagram.com %",SSELLVMCompiled,0.013593,9.07601,1.34199,0
4,140953,1572709,CityMaxCapita,CityMaxCapita_1,First Link in Tweet,"% p % taken",SSELLVMCompiled,0.013158,3.69793,0.45902,0
4,140953,1572709,CityMaxCapita,CityMaxCapita_1,First Link in Tweet,"%swarmapp.com%c%",SSELLVMCompiled,0.066643,25.9976,2.22644,3962
4,140953,1572709,CityMaxCapita,CityMaxCapita_1,First Link in Tweet,"%bit.ly%1%",SSELLVMCompiled,0.045385,26.764,1.9084,4832
4,140953,1572709,CityMaxCapita,CityMaxCapita_1,First Link in Tweet,"http% bit.ly %",SSELLVMCompiled,0.011643,8.94889,1.72969,0
4,140953,1572709,CityMaxCapita,CityMaxCapita_1,First Link in Tweet,"% 2015 % story.html",SSELLVMCompiled,0.014044,3.53902,0.53209,0
4,140953,1572709,CityMaxCapita,CityMaxCapita_1,First Link in Tweet,"%youtube.com%watch%",SSELLVMCompiled,0.055492,29.7955,1.76472,517
4,140953,1572709,CityMaxCapita,CityMaxCapita_1,First Link in Tweet,"%huffingtonpost.com%2015%",SSELLVMCompiled,0.074114,39.0252,1.66096,36
4,140953,1572709,CityMaxCapita,CityMaxCapita_1,First Link in Tweet,"%nytimes.com%2015%",SSELLVMCompiled,0.04826,29.7302,2.50829,123
4,140953,1572709,CityMaxCapita,CityMaxCapita_1,First Link in Tweet,"%washingtonpost.com%2015%",SSELLVMCompiled,0.044899,26.6547,1.49514,71
4,140953,1572709,CityMaxCapita,CityMaxCapita_1,First Link in Tweet,"%facebook.com%status%",SSELLVMCompiled,0.060353,30.1408,1.74873,0
4,140953,1572709,CityMaxCapita,CityMaxCapita_1,First Link in Tweet,"%youtu.be%Jk%",SSELLVMCompiled,0.042091,27.7646,1.95877,3
4,402119,1572768,CityMaxCapita,CityMaxCapita_1,User Bio,"Senior % at %",SSELLVMCompiled,0.056449,15.9814,1.65799,7
4,402119,1572768,CityMaxCapita,CityMaxCapita_1,User Bio,"% IG% NATHANN",SSELLVMCompiled,0.080027,37.152,1.97547,0
4,402119,1572768,CityMaxCapita,CityMaxCapita_1,User Bio,"%love%peace%",SSELLVMCompiled,0.037368,23.5304,3.05133,8
4,402119,1572768,CityMaxCapita,CityMaxCapita_1,User Bio,"%music%art%",SSELLVMCompiled,0.050265,24.6433,3.0449,63
4,402119,1572768,CityMaxCapita,CityMaxCapita_1,User Bio,"Student % at % University",SSELLVMCompiled,0.080268,32.847,1.87804,0
4,402119,1572768,CityMaxCapita,CityMaxCapita_1,User Bio,"% im % kitty",SSELLVMCompiled,0.072249,33.122,1.87042,0
4,402119,1572768,CityMaxCapita,CityMaxCapita_1,User Bio,"%founder%ceo%",SSELLVMCompiled,0.032082,23.6776,2.68562,0
4,402119,1572768,CityMaxCapita,CityMaxCapita_1,User Bio,"%born%raised%",SSELLVMCompiled,0.04893,25.8913,2.50621,49
4,402119,1572768,CityMaxCapita,CityMaxCapita_1,User Bio,"Live % life % it",SSELLVMCompiled,0.089106,33.5742,1.97494,0
4,402119,1572768,CityMaxCapita,CityMaxCapita_1,User Bio,"% akron % 2019",SSELLVMCompiled,0.100821,48.7814,1.75152,0
4,402119,1572768,CityMaxCapita,CityMaxCapita_1,User Bio,"%business%marketing%",SSELLVMCompiled,0.053434,30.6232,2.69218,3
4,402119,1572768,CityMaxCapita,CityMaxCapita_1,User Bio,"%social%justice%",SSELLVMCompiled,0.054311,30.3114,3.37108,30
4,402119,1572768,CityMaxCapita,CityMaxCapita_1,User Bio,"%university%graduate%",SSELLVMCompiled,0.063023,32.0567,2.50846,1
4,402119,1572768,CityMaxCapita,CityMaxCapita_1,User Bio,"%travel%photography%",SSELLVMCompiled,0.049433,27.4227,3.18419,5
4,402119,1572768,CityMaxCapita,CityMaxCapita_1,User Bio,"%food%wine%",SSELLVMCompiled,0.025444,22.0693,2.71218,11
4,402119,1572768,CityMaxCapita,CityMaxCapita_1,User Bio,"%digital%media%",SSELLVMCompiled,0.065358,30.7215,2.94032,4
4,1715,3813,CommonGovernment,CommonGovernment_1,prod_or_serv_code,"J0% %0%",SSELLVMCompiled,0.041012,14.6773,0.017169,0
4,1715,3813,CommonGovernment,CommonGovernment_1,prod_or_serv_code,"% % 1%KF",SSELLVMCompiled,0.020131,15.6468,0.007463,0
4,1715,3813,CommonGovernment,CommonGovernment_1,prod_or_serv_code,"%A%1%",SSELLVMCompiled,0.054973,18.0922,0.017617,18
4,1715,3813,CommonGovernment,CommonGovernment_1,prod_or_serv_code,"%B%5%",SSELLVMCompiled,0.043865,18.3832,0.019884,46
4,1715,3813,CommonGovernment,CommonGovernment_1,prod_or_serv_code,"R4% %1%",SSELLVMCompiled,0.057938,16.0286,0.018086,0
4,1715,3813,CommonGovernment,CommonGovernment_1,prod_or_serv_code,"% % 2%44",SSELLVMCompiled,0.023452,14.5752,0.013637,0
4,1715,3813,CommonGovernment,CommonGovernment_1,prod_or_serv_code,"%C%1%",SSELLVMCompiled,0.071768,18.8321,0.017036,95
4,1715,3813,CommonGovernment,CommonGovernment_1,prod_or_serv_code,"%D%3%",SSELLVMCompiled,0.030042,18.3033,0.017841,26
4,1715,3813,CommonGovernment,CommonGovernment_1,prod_or_serv_code,"Z1% %N%",SSELLVMCompiled,0.025765,19.4029,0.019585,0
4,1715,3813,CommonGovernment,CommonGovernment_1,prod_or_serv_code,"% % 0%30",SSELLVMCompiled,0.018764,14.4702,0.011269,0
4,1715,3813,CommonGovernment,CommonGovernment_1,prod_or_serv_code,"%E%1%",SSELLVMCompiled,0.05204,18.7151,0.016952,64
4,1715,3813,CommonGovernment,CommonGovernment_1,prod_or_serv_code,"%J%0%",SSELLVMCompiled,0.046117,18.271,0.01691,59
4,1715,3813,CommonGovernment,CommonGovernment_1,prod_or_serv_code,"%M%1%",SSELLVMCompiled,0.055458,18.3101,0.016843,109
4,1715,3813,CommonGovernment,CommonGovernment_1,prod_or_serv_code,"%R%4%",SSELLVMCompiled,0.028566,17.5919,0.025346,36
4,1715,3813,CommonGovernment,CommonGovernment_1,prod_or_serv_code,"%Y%1%",SSELLVMCompiled,0.058752,19.3832,0.018459,119
4,1715,3813,CommonGovernment,CommonGovernment_1,prod_or_serv_code,"%Z%2%",SSELLVMCompiled,0.050587,14.4007,0.019965,112
4,411161,1572796,CommonGovernment,CommonGovernment_1,vend_vendorname,"DEPARTMENT % OF % HEALTH",SSELLVMCompiled,0.063287,29.1751,1.99903,0
4,411161,1572796,CommonGovernment,CommonGovernment_1,vend_vendorname,"% % INC.",SSELLVMCompiled,0.057943,23.7343,2.23632,17488
4,411161,1572796,CommonGovernment,CommonGovernment_1,vend_vendorname,"%SERVICES%INC%",SSELLVMCompiled,0.101796,26.7749,4.66819,2818
4,411161,1572796,CommonGovernment,CommonGovernment_1,vend_vendorname,"%TECHNOLOGIES%LLC%",SSELLVMCompiled,0.071205,29.1489,4.11807,227
4,411161,1572796,CommonGovernment,CommonGovernment_1,vend_vendorname,"UNIVERSITY % OF % MISSOURI",SSELLVMCompiled,0.059788,28.7983,1.98146,0
4,411161,1572796,CommonGovernment,CommonGovernment_1,vend_vendorname,"% % LLC",SSELLVMCompiled,0.05848,25.0768,2.47769,8362
4,411161,1572796,CommonGovernment,CommonGovernment_1,vend_vendorname,"%SYSTEMS%CORPORATION%",SSELLVMCompiled,0.081782,27.2275,4.44736,130
4,411161,1572796,CommonGovernment,CommonGovernment_1,vend_vendorname,"%MANAGEMENT%SERVICES%",SSELLVMCompiled,0.068223,33.9545,3.44807,163
4,411161,1572796,CommonGovernment,CommonGovernment_1,vend_vendorname,"COUNTY % OF % SHELBY",SSELLVMCompiled,0.055947,29.6488,2.10449,0
4,411161,1572796,CommonGovernment,CommonGovernment_1,vend_vendorname,"% % CORPORATION",SSELLVMCompiled,0.067142,25.4996,1.78373,2132
4,411161,1572796,CommonGovernment,CommonGovernment_1,vend_vendorname,"%CONSTRUCTION%INC%",SSELLVMCompiled,0.073675,21.6131,4.16959,921
4,411161,1572796,CommonGovernment,CommonGovernment_1,vend_vendorname,"%HEALTH%CARE%",SSELLVMCompiled,0.06042,27.407,3.57188,597
4,411161,1572796,CommonGovernment,CommonGovernment_1,vend_vendorname,"%INTERNATIONAL%INC%",SSELLVMCompiled,0.079396,22.9555,4.66054,956
4,411161,1572796,CommonGovernment,CommonGovernment_1,vend_vendorname,"%COMMUNICATIONS%INC%",SSELLVMCompiled,0.111345,25.0917,3.75986,605
4,411161,1572796,CommonGovernment,CommonGovernment_1,vend_vendorname,"%GENERAL%DYNAMICS%",SSELLVMCompiled,0.066909,35.2678,2.97463,56
4,411161,1572796,CommonGovernment,CommonGovernment_1,vend_vendorname,"%LOCKHEED%MARTIN%",SSELLVMCompiled,0.063814,35.7227,3.59901,47
4,494564,1572767,HashTags,HashTags_1,interaction#content,"RT %@% #%",SSELLVMCompiled,0.053784,22.2703,2.36903,195
4,494564,1572767,HashTags,HashTags_1,interaction#content,"% #% #GreysAnatomy",SSELLVMCompiled,0.062734,26.8598,2.42077,288
4,494564,1572767,HashTags,HashTags_1,interaction#content,"%#Scandal%#%",SSELLVMCompiled,0.048281,23.8428,3.56224,2430
4,494564,1572767,HashTags,HashTags_1,interaction#content,"%#GreysAnatomy%#%",SSELLVMCompiled,0.054923,29.3874,3.32323,1218
4,494564,1572767,HashTags,HashTags_1,interaction#content,"Watching #% tonight %",SSELLVMCompiled,0.092951,25.1391,2.33734,2
4,494564,1572767,HashTags,HashTags_1,interaction#content,"% #% #Scandal",SSELLVMCompiled,0.059104,23.8346,2.87412,947
4,494564,1572767,HashTags,HashTags_1,interaction#content,"%#SharkTank%#%",SSELLVMCompiled,0.063965,33.4823,3.21814,162
4,494564,1572767,HashTags,HashTags_1,interaction#content,"%#Nashville%#%",SSELLVMCompiled,0.056228,29.8622,3.74205,572
4,494564,1572767,HashTags,HashTags_1,interaction#content,"I am watching #% on % %",SSELLVMCompiled,0.09148,21.4426,2.34586,0
4,494564,1572767,HashTags,HashTags_1,interaction#content,"% tonight % tonight",SSELLVMCompiled,0.087459,44.4531,2.39564,0
4,494564,1572767,HashTags,HashTags_1,interaction#content,"%#ModernFamily%#%",SSELLVMCompiled,0.071699,36.5195,3.15855,109
4,494564,1572767,HashTags,HashTags_1,interaction#content,"%#ABC%#%",SSELLVMCompiled,0.046202,27.6793,3.8162,1104
4,494564,1572767,HashTags,HashTags_1,interaction#content,"%#tvtag%http%",SSELLVMCompiled,0.082647,36.1283,3.67784,1940
4,494564,1572767,HashTags,HashTags_1,interaction#content,"%#ScandalThursday%#%",SSELLVMCompiled,0.073225,31.0511,3.07649,343
4,494564,1572767,HashTags,HashTags_1,interaction#content,"%#OnceUponATime%#%",SSELLVMCompiled,0.076741,37.6237,3.25087,125
4,494564,1572767,HashTags,HashTags_1,interaction#content,"%#Castle%#%",SSELLVMCompiled,0.036817,24.7186,3.30513,162
4,56749,663585,HashTags,HashTags_1,twitter#user#location,"New York% NY %",SSELLVMCompiled,0.053573,15.7307,0.300323,6
4,56749,663585,HashTags,HashTags_1,twitter#user#location,"% % Ohio",SSELLVMCompiled,0.062489,24.4665,0.272155,76
4,56749,663585,HashTags,HashTags_1,twitter#user#location,"%UT% % %",SSELLVMCompiled,0.071933,22.9961,1.08463,25
4,56749,663585,HashTags,HashTags_1,twitter#user#location,"% % , % %",SSELLVMCompiled,0.090712,20.8688,2.19166,25
4,56749,663585,HashTags,HashTags_1,twitter#user#location,"Chicago% IL %",SSELLVMCompiled,0.056067,17.1536,0.315571,15
4,56749,663585,HashTags,HashTags_1,twitter#user#location,"% % Texas",SSELLVMCompiled,0.042402,25.0076,0.284839,173
4,56749,663585,HashTags,HashTags_1,twitter#user#location,"% % - % %",SSELLVMCompiled,0.088597,20.9247,2.311,145
4,56749,663585,HashTags,HashTags_1,twitter#user#location,"% % . % %",SSELLVMCompiled,0.100539,23.0456,2.20412,17
4,56749,663585,HashTags,HashTags_1,twitter#user#location,"Los Angeles% CA %",SSELLVMCompiled,0.061303,18.6208,0.544592,8
4,56749,663585,HashTags,HashTags_1,twitter#user#location,"% % California",SSELLVMCompiled,0.045434,25.6135,0.282937,128
4,56749,663585,HashTags,HashTags_1,twitter#user#location,"% Nashville % TN %",SSELLVMCompiled,0.10358,26.5896,1.54585,0
4,56749,663585,HashTags,HashTags_1,twitter#user#location,"% San % Francisco %",SSELLVMCompiled,0.120368,33.5559,1.13239,0
4,56749,663585,HashTags,HashTags_1,twitter#user#location,"% New % York %",SSELLVMCompiled,0.116127,28.3849,2.04882,0
4,56749,663585,HashTags,HashTags_1,twitter#user#location,"% Atlanta % GA %",SSELLVMCompiled,0.099212,28.2299,1.15494,0
4,56749,663585,HashTags,HashTags_1,twitter#user#location,"% % 757 %",SSELLVMCompiled,0.082165,21.6485,1.87675,8
4,56749,663585,HashTags,HashTags_1,twitter#user#location,"% % & % %",SSELLVMCompiled,0.092331,22.0744,1.87818,219
4,140953,1572709,CityMaxCapita,CityMaxCapita_1,First Link in Tweet,"http% instagram.com %",SSECppCompiled,0.025607,291.814,0.945358,0
4,140953,1572709,CityMaxCapita,CityMaxCapita_1,First Link in Tweet,"% status % 600",SSECppCompiled,0.020873,288.906,0.528371,0
4,140953,1572709,CityMaxCapita,CityMaxCapita_1,First Link in Tweet,"%instagram.com%p%",SSECppCompiled,0.080079,336.263,2.46934,22589
4,140953,1572709,CityMaxCapita,CityMaxCapita_1,First Link in Tweet,"%twitter.com%status%",SSECppCompiled,0.080358,360.998,2.65283,13124
4,140953,1572709,CityMaxCapita,CityMaxCapita_1,First Link in Tweet,"https% instagram.com %",SSECppCompiled,0.020993,289.826,1.04869,0
4,140953,1572709,CityMaxCapita,CityMaxCapita_1,First Link in Tweet,"% p % taken",SSECppCompiled,0.020661,289.967,0.507553,0
4,140953,1572709,CityMaxCapita,CityMaxCapita_1,First Link in Tweet,"%swarmapp.com%c%",SSECppCompiled,0.075536,320.401,2.2759,3962
4,140953,1572709,CityMaxCapita,CityMaxCapita_1,First Link in Tweet,"%bit.ly%1%",SSECppCompiled,0.046435,318.829,2.05469,4832
4,140953,1572709,CityMaxCapita,CityMaxCapita_1,First Link in Tweet,"http% bit.ly %",SSECppCompiled,0.018633,285.795,0.980271,0
4,140953,1572709,CityMaxCapita,CityMaxCapita_1,First Link in Tweet,"% 2015 % story.html",SSECppCompiled,0.021536,286.953,0.507721,0
4,140953,1572709,CityMaxCapita,CityMaxCapita_1,First Link in Tweet,"%youtube.com%watch%",SSECppCompiled,0.059069,325.835,2.09861,517
4,140953,1572709,CityMaxCapita,CityMaxCapita_1,First Link in Tweet,"%huffingtonpost.com%2015%",SSECppCompiled,0.086739,349.204,1.93192,36
4,140953,1572709,CityMaxCapita,CityMaxCapita_1,First Link in Tweet,"%nytimes.com%2015%",SSECppCompiled,0.050618,320.28,2.7615,123
4,140953,1572709,CityMaxCapita,CityMaxCapita_1,First Link in Tweet,"%washingtonpost.com%2015%",SSECppCompiled,0.051679,322.35,1.65595,71
4,140953,1572709,CityMaxCapita,CityMaxCapita_1,First Link in Tweet,"%facebook.com%status%",SSECppCompiled,0.072419,328.07,1.88991,0
4,140953,1572709,CityMaxCapita,CityMaxCapita_1,First Link in Tweet,"%youtu.be%Jk%",SSECppCompiled,0.044412,317.425,2.09669,3
4,402119,1572768,CityMaxCapita,CityMaxCapita_1,User Bio,"Senior % at %",SSECppCompiled,0.064597,286.57,1.6081,7
4,402119,1572768,CityMaxCapita,CityMaxCapita_1,User Bio,"% IG% NATHANN",SSECppCompiled,0.08705,320.629,1.66701,0
4,402119,1572768,CityMaxCapita,CityMaxCapita_1,User Bio,"%love%peace%",SSECppCompiled,0.03614,312.803,2.93004,8
4,402119,1572768,CityMaxCapita,CityMaxCapita_1,User Bio,"%music%art%",SSECppCompiled,0.058827,323.464,3.24699,63
4,402119,1572768,CityMaxCapita,CityMaxCapita_1,User Bio,"Student % at % University",SSECppCompiled,0.087306,320.076,1.67217,0
4,402119,1572768,CityMaxCapita,CityMaxCapita_1,User Bio,"% im % kitty",SSECppCompiled,0.074952,316.13,1.64219,0
4,402119,1572768,CityMaxCapita,CityMaxCapita_1,User Bio,"%founder%ceo%",SSECppCompiled,0.041383,322.522,2.66609,0
4,402119,1572768,CityMaxCapita,CityMaxCapita_1,User Bio,"%born%raised%",SSECppCompiled,0.0544,325.668,2.50937,49
4,402119,1572768,CityMaxCapita,CityMaxCapita_1,User Bio,"Live % life % it",SSECppCompiled,0.094348,317.684,1.7307,0
4,402119,1572768,CityMaxCapita,CityMaxCapita_1,User Bio,"% akron % 2019",SSECppCompiled,0.102856,322.77,1.6708,0
4,402119,1572768,CityMaxCapita,CityMaxCapita_1,User Bio,"%business%marketing%",SSECppCompiled,0.060011,331.861,2.74112,3
4,402119,1572768,CityMaxCapita,CityMaxCapita_1,User Bio,"%social%justice%",SSECppCompiled,0.052916,320.191,3.41942,30
4,402119,1572768,CityMaxCapita,CityMaxCapita_1,User Bio,"%university%graduate%",SSECppCompiled,0.069502,343.516,2.57479,1
4,402119,1572768,CityMaxCapita,CityMaxCapita_1,User Bio,"%travel%photography%",SSECppCompiled,0.05371,318.718,3.23891,5
4,402119,1572768,CityMaxCapita,CityMaxCapita_1,User Bio,"%food%wine%",SSECppCompiled,0.030551,304.659,2.57069,11
4,402119,1572768,CityMaxCapita,CityMaxCapita_1,User Bio,"%digital%media%",SSECppCompiled,0.066795,332.551,3.02415,4
4,1715,3813,CommonGovernment,CommonGovernment_1,prod_or_serv_code,"J0% %0%",SSECppCompiled,0.049136,288.201,0.026102,0
4,1715,3813,CommonGovernment,CommonGovernment_1,prod_or_serv_code,"% % 1%KF",SSECppCompiled,0.037626,294.168,0.01379,0
4,1715,3813,CommonGovernment,CommonGovernment_1,prod_or_serv_code,"%A%1%",SSECppCompiled,0.065583,293.407,0.039248,18
4,1715,3813,CommonGovernment,CommonGovernment_1,prod_or_serv_code,"%B%5%",SSECppCompiled,0.047673,300.401,0.024339,46
4,1715,3813,CommonGovernment,CommonGovernment_1,prod_or_serv_code,"R4% %1%",SSECppCompiled,0.060229,297.342,0.025869,0
4,1715,3813,CommonGovernment,CommonGovernment_1,prod_or_serv_code,"% % 2%44",SSECppCompiled,0.026732,302.442,0.018473,0
4,1715,3813,CommonGovernment,CommonGovernment_1,prod_or_serv_code,"%C%1%",SSECppCompiled,0.064874,304.637,0.023489,95
4,1715,3813,CommonGovernment,CommonGovernment_1,prod_or_serv_code,"%D%3%",SSECppCompiled,0.038012,302.001,0.023747,26
4,1715,3813,CommonGovernment,CommonGovernment_1,prod_or_serv_code,"Z1% %N%",SSECppCompiled,0.032169,304.303,0.028038,0
4,1715,3813,CommonGovernment,CommonGovernment_1,prod_or_serv_code,"% % 0%30",SSECppCompiled,0.028425,297.93,0.020213,0
4,1715,3813,CommonGovernment,CommonGovernment_1,prod_or_serv_code,"%E%1%",SSECppCompiled,0.061487,304.677,0.022465,64
4,1715,3813,CommonGovernment,CommonGovernment_1,prod_or_serv_code,"%J%0%",SSECppCompiled,0.050362,302.892,0.023637,59
4,1715,3813,CommonGovernment,CommonGovernment_1,prod_or_serv_code,"%M%1%",SSECppCompiled,0.063677,302.622,0.023009,109
4,1715,3813,CommonGovernment,CommonGovernment_1,prod_or_serv_code,"%R%4%",SSECppCompiled,0.038387,294.907,0.022868,36
4,1715,3813,CommonGovernment,CommonGovernment_1,prod_or_serv_code,"%Y%1%",SSECppCompiled,0.064667,295.913,0.024229,119
4,1715,3813,CommonGovernment,CommonGovernment_1,prod_or_serv_code,"%Z%2%",SSECppCompiled,0.052965,289.91,0.025361,112
4,411161,1572796,CommonGovernment,CommonGovernment_1,vend_vendorname,"DEPARTMENT % OF % HEALTH",SSECppCompiled,0.071366,310.641,2.00781,0
4,411161,1572796,CommonGovernment,CommonGovernment_1,vend_vendorname,"% % INC.",SSECppCompiled,0.06659,299.869,2.79078,17488
4,411161,1572796,CommonGovernment,CommonGovernment_1,vend_vendorname,"%SERVICES%INC%",SSECppCompiled,0.087194,323.042,4.47598,2818
4,411161,1572796,CommonGovernment,CommonGovernment_1,vend_vendorname,"%TECHNOLOGIES%LLC%",SSECppCompiled,0.070765,318.508,4.33211,227
4,411161,1572796,CommonGovernment,CommonGovernment_1,vend_vendorname,"UNIVERSITY % OF % MISSOURI",SSECppCompiled,0.060982,310.934,1.97387,0
4,411161,1572796,CommonGovernment,CommonGovernment_1,vend_vendorname,"% % LLC",SSECppCompiled,0.065577,306.015,2.76577,8362
4,411161,1572796,CommonGovernment,CommonGovernment_1,vend_vendorname,"%SYSTEMS%CORPORATION%",SSECppCompiled,0.082198,326.45,4.29013,130
4,411161,1572796,CommonGovernment,CommonGovernment_1,vend_vendorname,"%MANAGEMENT%SERVICES%",SSECppCompiled,0.071777,351.083,3.48297,163
4,411161,1572796,CommonGovernment,CommonGovernment_1,vend_vendorname,"COUNTY % OF % SHELBY",SSECppCompiled,0.060118,317.807,1.95076,0
4,411161,1572796,CommonGovernment,CommonGovernment_1,vend_vendorname,"% % CORPORATION",SSECppCompiled,0.06937,310.409,2.22818,2132
4,411161,1572796,CommonGovernment,CommonGovernment_1,vend_vendorname,"%CONSTRUCTION%INC%",SSECppCompiled,0.084431,317.404,4.12833,921
4,411161,1572796,CommonGovernment,CommonGovernment_1,vend_vendorname,"%HEALTH%CARE%",SSECppCompiled,0.059209,327.223,3.61656,597
4,411161,1572796,CommonGovernment,CommonGovernment_1,vend_vendorname,"%INTERNATIONAL%INC%",SSECppCompiled,0.091276,353.875,6.38025,956
4,411161,1572796,CommonGovernment,CommonGovernment_1,vend_vendorname,"%COMMUNICATIONS%INC%",SSECppCompiled,0.104251,334.052,3.80085,605
4,411161,1572796,CommonGovernment,CommonGovernment_1,vend_vendorname,"%GENERAL%DYNAMICS%",SSECppCompiled,0.072738,352.027,3.07018,56
4,411161,1572796,CommonGovernment,CommonGovernment_1,vend_vendorname,"%LOCKHEED%MARTIN%",SSECppCompiled,0.066589,348.548,3.55333,47
4,494564,1572767,HashTags,HashTags_1,interaction#content,"RT %@% #%",SSECppCompiled,0.062192,301.221,1.93892,195
4,494564,1572767,HashTags,HashTags_1,interaction#content,"% #% #GreysAnatomy",SSECppCompiled,0.0664,313.426,2.27042,288
4,494564,1572767,HashTags,HashTags_1,interaction#content,"%#Scandal%#%",SSECppCompiled,0.041366,300.314,3.21996,2430
4,494564,1572767,HashTags,HashTags_1,interaction#content,"%#GreysAnatomy%#%",SSECppCompiled,0.057669,317.414,3.01058,1218
4,494564,1572767,HashTags,HashTags_1,interaction#content,"Watching #% tonight %",SSECppCompiled,0.090983,300.938,3.88215,2
4,494564,1572767,HashTags,HashTags_1,interaction#content,"% #% #Scandal",SSECppCompiled,0.058688,304.443,2.83927,947
4,494564,1572767,HashTags,HashTags_1,interaction#content,"%#SharkTank%#%",SSECppCompiled,0.067212,330.143,3.21678,162
4,494564,1572767,HashTags,HashTags_1,interaction#content,"%#Nashville%#%",SSECppCompiled,0.054692,318.417,3.34832,572
4,494564,1572767,HashTags,HashTags_1,interaction#content,"I am watching #% on % %",SSECppCompiled,0.096479,299.403,1.94468,0
4,494564,1572767,HashTags,HashTags_1,interaction#content,"% tonight % tonight",SSECppCompiled,0.108831,317.556,1.97871,0
4,494564,1572767,HashTags,HashTags_1,interaction#content,"%#ModernFamily%#%",SSECppCompiled,0.069627,349.875,3.24166,109
4,494564,1572767,HashTags,HashTags_1,interaction#content,"%#ABC%#%",SSECppCompiled,0.052882,327.078,3.43758,1104
4,494564,1572767,HashTags,HashTags_1,interaction#content,"%#tvtag%http%",SSECppCompiled,0.074298,349.746,3.42545,1940
4,494564,1572767,HashTags,HashTags_1,interaction#content,"%#ScandalThursday%#%",SSECppCompiled,0.11172,339.112,3.05286,343
4,494564,1572767,HashTags,HashTags_1,interaction#content,"%#OnceUponATime%#%",SSECppCompiled,0.078127,354.878,3.20497,125
4,494564,1572767,HashTags,HashTags_1,interaction#content,"%#Castle%#%",SSECppCompiled,0.037146,316.38,2.95424,162
4,56749,663585,HashTags,HashTags_1,twitter#user#location,"New York% NY %",SSECppCompiled,0.061096,303.542,0.355561,6
4,56749,663585,HashTags,HashTags_1,twitter#user#location,"% % Ohio",SSECppCompiled,0.049554,309.999,0.386162,76
4,56749,663585,HashTags,HashTags_1,twitter#user#location,"%UT% % %",SSECppCompiled,0.071975,303.044,1.22399,25
4,56749,663585,HashTags,HashTags_1,twitter#user#location,"% % , % %",SSECppCompiled,0.09418,296.247,2.34147,25
4,56749,663585,HashTags,HashTags_1,twitter#user#location,"Chicago% IL %",SSECppCompiled,0.074774,295.402,0.350544,15
4,56749,663585,HashTags,HashTags_1,twitter#user#location,"% % Texas",SSECppCompiled,0.048048,301.427,0.409971,173
4,56749,663585,HashTags,HashTags_1,twitter#user#location,"% % - % %",SSECppCompiled,0.091295,293.985,2.46437,145
4,56749,663585,HashTags,HashTags_1,twitter#user#location,"% % . % %",SSECppCompiled,0.099348,301.33,2.34708,17
4,56749,663585,HashTags,HashTags_1,twitter#user#location,"Los Angeles% CA %",SSECppCompiled,0.056676,296.41,0.55152,8
4,56749,663585,HashTags,HashTags_1,twitter#user#location,"% % California",SSECppCompiled,0.048335,304.496,0.467842,128
4,56749,663585,HashTags,HashTags_1,twitter#user#location,"% Nashville % TN %",SSECppCompiled,0.111362,320.863,1.71146,0
4,56749,663585,HashTags,HashTags_1,twitter#user#location,"% San % Francisco %",SSECppCompiled,0.119131,338.84,1.27567,0
4,56749,663585,HashTags,HashTags_1,twitter#user#location,"% New % York %",SSECppCompiled,0.11676,339.548,2.30551,0
4,56749,663585,HashTags,HashTags_1,twitter#user#location,"% Atlanta % GA %",SSECppCompiled,0.111156,333.322,1.28974,0
4,56749,663585,HashTags,HashTags_1,twitter#user#location,"% % 757 %",SSECppCompiled,0.083249,311.722,1.95822,8
4,56749,663585,HashTags,HashTags_1,twitter#user#location,"% % & % %",SSECppCompiled,0.097207,311.288,2.57918,219
4,140953,1572709,CityMaxCapita,CityMaxCapita_1,First Link in Tweet,"http% instagram.com %",SSEDecoded,0.001596,0,5.97733,0
4,140953,1572709,CityMaxCapita,CityMaxCapita_1,First Link in Tweet,"% status % 600",SSEDecoded,0.00131,0,4.72429,0
4,140953,1572709,CityMaxCapita,CityMaxCapita_1,First Link in Tweet,"%instagram.com%p%",SSEDecoded,0.001308,0,6.53036,22589
4,140953,1572709,CityMaxCapita,CityMaxCapita_1,First Link in Tweet,"%twitter.com%status%",SSEDecoded,0.001046,0,5.30032,13124
4,140953,1572709,CityMaxCapita,CityMaxCapita_1,First Link in Tweet,"https% instagram.com %",SSEDecoded,0.000939,0,5.18774,0
4,140953,1572709,CityMaxCapita,CityMaxCapita_1,First Link in Tweet,"% p % taken",SSEDecoded,0.000907,0,4.48184,0
4,140953,1572709,CityMaxCapita,CityMaxCapita_1,First Link in Tweet,"%swarmapp.com%c%",SSEDecoded,0.000903,0,5.03727,3962
4,140953,1572709,CityMaxCapita,CityMaxCapita_1,First Link in Tweet,"%bit.ly%1%",SSEDecoded,0.000803,0,4.96474,4832
4,140953,1572709,CityMaxCapita,CityMaxCapita_1,First Link in Tweet,"http% bit.ly %",SSEDecoded,0.00069,0,5.07735,0
4,140953,1572709,CityMaxCapita,CityMaxCapita_1,First Link in Tweet,"% 2015 % story.html",SSEDecoded,0.000755,0,4.46004,0
4,140953,1572709,CityMaxCapita,CityMaxCapita_1,First Link in Tweet,"%youtube.com%watch%",SSEDecoded,0.000923,0,4.91636,517
4,140953,1572709,CityMaxCapita,CityMaxCapita_1,First Link in Tweet,"%huffingtonpost.com%2015%",SSEDecoded,0.000793,0,5.59386,36
4,140953,1572709,CityMaxCapita,CityMaxCapita_1,First Link in Tweet,"%nytimes.com%2015%",SSEDecoded,0.000673,0,4.9749,123
4,140953,1572709,CityMaxCapita,CityMaxCapita_1,First Link in Tweet,"%washingtonpost.com%2015%",SSEDecoded,0.000706,0,5.66624,71
4,140953,1572709,CityMaxCapita,CityMaxCapita_1,First Link in Tweet,"%facebook.com%status%",SSEDecoded,0.000784,0,4.87959,0
4,140953,1572709,CityMaxCapita,CityMaxCapita_1,First Link in Tweet,"%youtu.be%Jk%",SSEDecoded,0.000752,0,5.01392,3
4,402119,1572768,CityMaxCapita,CityMaxCapita_1,User Bio,"Senior % at %",SSEDecoded,0.001,0,6.58463,7
4,402119,1572768,CityMaxCapita,CityMaxCapita_1,User Bio,"% IG% NATHANN",SSEDecoded,0.000985,0,6.55864,0
4,402119,1572768,CityMaxCapita,CityMaxCapita_1,User Bio,"%love%peace%",SSEDecoded,0.001004,0,7.00209,8
4,402119,1572768,CityMaxCapita,CityMaxCapita_1,User Bio,"%music%art%",SSEDecoded,0.000989,0,6.86951,63
4,402119,1572768,CityMaxCapita,CityMaxCapita_1,User Bio,"Student % at % University",SSEDecoded,0.000676,0,6.24153,0
4,402119,1572768,CityMaxCapita,CityMaxCapita_1,User Bio,"% im % kitty",SSEDecoded,0.000694,0,6.12819,0
4,402119,1572768,CityMaxCapita,CityMaxCapita_1,User Bio,"%founder%ceo%",SSEDecoded,0.000815,0,6.83561,0
4,402119,1572768,CityMaxCapita,CityMaxCapita_1,User Bio,"%born%raised%",SSEDecoded,0.000816,0,6.49469,49
4,402119,1572768,CityMaxCapita,CityMaxCapita_1,User Bio,"Live % life % it",SSEDecoded,0.00089,0,6.22508,0
4,402119,1572768,CityMaxCapita,CityMaxCapita_1,User Bio,"% akron % 2019",SSEDecoded,0.000632,0,6.14535,0
4,402119,1572768,CityMaxCapita,CityMaxCapita_1,User Bio,"%business%marketing%",SSEDecoded,0.000763,0,6.29382,3
4,402119,1572768,CityMaxCapita,CityMaxCapita_1,User Bio,"%social%justice%",SSEDecoded,0.000904,0,6.54366,30
4,402119,1572768,CityMaxCapita,CityMaxCapita_1,User Bio,"%university%graduate%",SSEDecoded,0.000727,0,6.65608,1
4,402119,1572768,CityMaxCapita,CityMaxCapita_1,User Bio,"%travel%photography%",SSEDecoded,0.000781,0,6.61072,5
4,402119,1572768,CityMaxCapita,CityMaxCapita_1,User Bio,"%food%wine%",SSEDecoded,0.000849,0,6.97038,11
4,402119,1572768,CityMaxCapita,CityMaxCapita_1,User Bio,"%digital%media%",SSEDecoded,0.000787,0,6.9135,4
4,1715,3813,CommonGovernment,CommonGovernment_1,prod_or_serv_code,"J0% %0%",SSEDecoded,0.000783,0,0.072402,0
4,1715,3813,CommonGovernment,CommonGovernment_1,prod_or_serv_code,"% % 1%KF",SSEDecoded,0.000385,0,0.064677,0
4,1715,3813,CommonGovernment,CommonGovernment_1,prod_or_serv_code,"%A%1%",SSEDecoded,0.000237,0,0.077186,18
4,1715,3813,CommonGovernment,CommonGovernment_1,prod_or_serv_code,"%B%5%",SSEDecoded,0.000245,0,0.076449,46
4,1715,3813,CommonGovernment,CommonGovernment_1,prod_or_serv_code,"R4% %1%",SSEDecoded,0.000232,0,0.069652,0
4,1715,3813,CommonGovernment,CommonGovernment_1,prod_or_serv_code,"% % 2%44",SSEDecoded,0.00027,0,0.07063,0
4,1715,3813,CommonGovernment,CommonGovernment_1,prod_or_serv_code,"%C%1%",SSEDecoded,0.00021,0,0.077297,95
4,1715,3813,CommonGovernment,CommonGovernment_1,prod_or_serv_code,"%D%3%",SSEDecoded,0.000192,0,0.075472,26
4,1715,3813,CommonGovernment,CommonGovernment_1,prod_or_serv_code,"Z1% %N%",SSEDecoded,0.000228,0,0.071268,0
4,1715,3813,CommonGovernment,CommonGovernment_1,prod_or_serv_code,"% % 0%30",SSEDecoded,0.000232,0,0.066293,0
4,1715,3813,CommonGovernment,CommonGovernment_1,prod_or_serv_code,"%E%1%",SSEDecoded,0.000201,0,0.077065,64
4,1715,3813,CommonGovernment,CommonGovernment_1,prod_or_serv_code,"%J%0%",SSEDecoded,0.000186,0,0.077325,59
4,1715,3813,CommonGovernment,CommonGovernment_1,prod_or_serv_code,"%M%1%",SSEDecoded,0.000186,0,0.07853,109
4,1715,3813,CommonGovernment,CommonGovernment_1,prod_or_serv_code,"%R%4%",SSEDecoded,0.000184,0,0.076158,36
4,1715,3813,CommonGovernment,CommonGovernment_1,prod_or_serv_code,"%Y%1%",SSEDecoded,0.000188,0,0.078257,119
4,1715,3813,CommonGovernment,CommonGovernment_1,prod_or_serv_code,"%Z%2%",SSEDecoded,0.000184,0,0.078303,112
4,411161,1572796,CommonGovernment,CommonGovernment_1,vend_vendorname,"DEPARTMENT % OF % HEALTH",SSEDecoded,0.000721,0,8.44609,0
4,411161,1572796,CommonGovernment,CommonGovernment_1,vend_vendorname,"% % INC.",SSEDecoded,0.000672,0,8.79943,17488
4,411161,1572796,CommonGovernment,CommonGovernment_1,vend_vendorname,"%SERVICES%INC%",SSEDecoded,0.001049,0,9.46771,2818
4,411161,1572796,CommonGovernment,CommonGovernment_1,vend_vendorname,"%TECHNOLOGIES%LLC%",SSEDecoded,0.000841,0,9.19549,227
4,411161,1572796,CommonGovernment,CommonGovernment_1,vend_vendorname,"UNIVERSITY % OF % MISSOURI",SSEDecoded,0.000874,0,7.84064,0
4,411161,1572796,CommonGovernment,CommonGovernment_1,vend_vendorname,"% % LLC",SSEDecoded,0.000711,0,8.14572,8362
4,411161,1572796,CommonGovernment,CommonGovernment_1,vend_vendorname,"%SYSTEMS%CORPORATION%",SSEDecoded,0.000876,0,8.63692,130
4,411161,1572796,CommonGovernment,CommonGovernment_1,vend_vendorname,"%MANAGEMENT%SERVICES%",SSEDecoded,0.000903,0,8.5755,163
4,411161,1572796,CommonGovernment,CommonGovernment_1,vend_vendorname,"COUNTY % OF % SHELBY",SSEDecoded,0.000814,0,8.0447,0
4,411161,1572796,CommonGovernment,CommonGovernment_1,vend_vendorname,"% % CORPORATION",SSEDecoded,0.000753,0,7.82367,2132
4,411161,1572796,CommonGovernment,CommonGovernment_1,vend_vendorname,"%CONSTRUCTION%INC%",SSEDecoded,0.000945,0,9.26002,921
4,411161,1572796,CommonGovernment,CommonGovernment_1,vend_vendorname,"%HEALTH%CARE%",SSEDecoded,0.000995,0,9.29764,597
4,411161,1572796,CommonGovernment,CommonGovernment_1,vend_vendorname,"%INTERNATIONAL%INC%",SSEDecoded,0.001031,0,11.3606,956
4,411161,1572796,CommonGovernment,CommonGovernment_1,vend_vendorname,"%COMMUNICATIONS%INC%",SSEDecoded,0.00096,0,11.1029,605
4,411161,1572796,CommonGovernment,CommonGovernment_1,vend_vendorname,"%GENERAL%DYNAMICS%",SSEDecoded,0.000859,0,8.95667,56
4,411161,1572796,CommonGovernment,CommonGovernment_1,vend_vendorname,"%LOCKHEED%MARTIN%",SSEDecoded,0.000835,0,8.84276,47
4,494564,1572767,HashTags,HashTags_1,interaction#content,"RT %@% #%",SSEDecoded,0.000771,0,7.05366,195
4,494564,1572767,HashTags,HashTags_1,interaction#content,"% #% #GreysAnatomy",SSEDecoded,0.000742,0,7.42502,288
4,494564,1572767,HashTags,HashTags_1,interaction#content,"%#Scandal%#%",SSEDecoded,0.000966,0,7.81371,2430
4,494564,1572767,HashTags,HashTags_1,interaction#content,"%#GreysAnatomy%#%",SSEDecoded,0.000891,0,8.38842,1218
4,494564,1572767,HashTags,HashTags_1,interaction#content,"Watching #% tonight %",SSEDecoded,0.000907,0,6.97645,2
4,494564,1572767,HashTags,HashTags_1,interaction#content,"% #% #Scandal",SSEDecoded,0.000789,0,7.18552,947
4,494564,1572767,HashTags,HashTags_1,interaction#content,"%#SharkTank%#%",SSEDecoded,0.000953,0,7.88807,162
4,494564,1572767,HashTags,HashTags_1,interaction#content,"%#Nashville%#%",SSEDecoded,0.000912,0,7.75789,572
4,494564,1572767,HashTags,HashTags_1,interaction#content,"I am watching #% on % %",SSEDecoded,0.000972,0,7.27952,0
4,494564,1572767,HashTags,HashTags_1,interaction#content,"% tonight % tonight",SSEDecoded,0.000751,0,7.10998,0
4,494564,1572767,HashTags,HashTags_1,interaction#content,"%#ModernFamily%#%",SSEDecoded,0.000781,0,8.24425,109
4,494564,1572767,HashTags,HashTags_1,interaction#content,"%#ABC%#%",SSEDecoded,0.000825,0,7.67653,1104
4,494564,1572767,HashTags,HashTags_1,interaction#content,"%#tvtag%http%",SSEDecoded,0.000843,0,7.36127,1940
4,494564,1572767,HashTags,HashTags_1,interaction#content,"%#ScandalThursday%#%",SSEDecoded,0.000739,0,8.26141,343
4,494564,1572767,HashTags,HashTags_1,interaction#content,"%#OnceUponATime%#%",SSEDecoded,0.000738,0,8.36171,125
4,494564,1572767,HashTags,HashTags_1,interaction#content,"%#Castle%#%",SSEDecoded,0.000857,0,7.35646,162
4,56749,663585,HashTags,HashTags_1,twitter#user#location,"New York% NY %",SSEDecoded,0.000843,0,2.5865,6
4,56749,663585,HashTags,HashTags_1,twitter#user#location,"% % Ohio",SSEDecoded,0.000564,0,2.6671,76
4,56749,663585,HashTags,HashTags_1,twitter#user#location,"%UT% % %",SSEDecoded,0.000721,0,3.12256,25
4,56749,663585,HashTags,HashTags_1,twitter#user#location,"% % , % %",SSEDecoded,0.000815,0,3.67034,25
4,56749,663585,HashTags,HashTags_1,twitter#user#location,"Chicago% IL %",SSEDecoded,0.000582,0,2.71178,15
4,56749,663585,HashTags,HashTags_1,twitter#user#location,"% % Texas",SSEDecoded,0.000515,0,2.58167,173
4,56749,663585,HashTags,HashTags_1,twitter#user#location,"% % - % %",SSEDecoded,0.000863,0,3.67226,145
4,56749,663585,HashTags,HashTags_1,twitter#user#location,"% % . % %",SSEDecoded,0.000836,0,3.89865,17
4,56749,663585,HashTags,HashTags_1,twitter#user#location,"Los Angeles% CA %",SSEDecoded,0.000792,0,2.74654,8
4,56749,663585,HashTags,HashTags_1,twitter#user#location,"% % California",SSEDecoded,0.000573,0,2.7975,128
4,56749,663585,HashTags,HashTags_1,twitter#user#location,"% Nashville % TN %",SSEDecoded,0.000892,0,3.01203,0
4,56749,663585,HashTags,HashTags_1,twitter#user#location,"% San % Francisco %",SSEDecoded,0.000736,0,2.94879,0
4,56749,663585,HashTags,HashTags_1,twitter#user#location,"% New % York %",SSEDecoded,0.000739,0,3.19991,0
4,56749,663585,HashTags,HashTags_1,twitter#user#location,"% Atlanta % GA %",SSEDecoded,0.00079,0,3.07251,0
4,56749,663585,HashTags,HashTags_1,twitter#user#location,"% % 757 %",SSEDecoded,0.000811,0,3.81552,8
4,56749,663585,HashTags,HashTags_1,twitter#user#location,"% % & % %",SSEDecoded,0.000918,0,3.83677,219
4,140953,1572709,CityMaxCapita,CityMaxCapita_1,First Link in Tweet,"http% instagram.com %",VectorScan,0.986981,0,8.2764,0
4,140953,1572709,CityMaxCapita,CityMaxCapita_1,First Link in Tweet,"% status % 600",VectorScan,0.581098,0,7.67838,0
4,140953,1572709,CityMaxCapita,CityMaxCapita_1,First Link in Tweet,"%instagram.com%p%",VectorScan,0.53606,0,9.34244,22589
4,140953,1572709,CityMaxCapita,CityMaxCapita_1,First Link in Tweet,"%twitter.com%status%",VectorScan,0.419359,0,8.64458,13124
4,140953,1572709,CityMaxCapita,CityMaxCapita_1,First Link in Tweet,"https% instagram.com %",VectorScan,0.565321,0,7.0902,0
4,140953,1572709,CityMaxCapita,CityMaxCapita_1,First Link in Tweet,"% p % taken",VectorScan,0.481435,0,7.30477,0
4,140953,1572709,CityMaxCapita,CityMaxCapita_1,First Link in Tweet,"%swarmapp.com%c%",VectorScan,0.450432,0,7.83686,3962
4,140953,1572709,CityMaxCapita,CityMaxCapita_1,First Link in Tweet,"%bit.ly%1%",VectorScan,0.448366,0,7.51027,4832
4,140953,1572709,CityMaxCapita,CityMaxCapita_1,First Link in Tweet,"http% bit.ly %",VectorScan,0.43804,0,7.90326,0
4,140953,1572709,CityMaxCapita,CityMaxCapita_1,First Link in Tweet,"% 2015 % story.html",VectorScan,0.568479,0,7.10367,0
4,140953,1572709,CityMaxCapita,CityMaxCapita_1,First Link in Tweet,"%youtube.com%watch%",VectorScan,0.414089,0,7.4472,517
4,140953,1572709,CityMaxCapita,CityMaxCapita_1,First Link in Tweet,"%huffingtonpost.com%2015%",VectorScan,0.463163,0,7.5142,36
4,140953,1572709,CityMaxCapita,CityMaxCapita_1,First Link in Tweet,"%nytimes.com%2015%",VectorScan,0.388711,0,7.54454,123
4,140953,1572709,CityMaxCapita,CityMaxCapita_1,First Link in Tweet,"%washingtonpost.com%2015%",VectorScan,0.459781,0,7.56868,71
4,140953,1572709,CityMaxCapita,CityMaxCapita_1,First Link in Tweet,"%facebook.com%status%",VectorScan,0.411073,0,7.66855,0
4,140953,1572709,CityMaxCapita,CityMaxCapita_1,First Link in Tweet,"%youtu.be%Jk%",VectorScan,0.393047,0,7.15105,3
4,402119,1572768,CityMaxCapita,CityMaxCapita_1,User Bio,"Senior % at %",VectorScan,0.387074,0,8.98819,7
4,402119,1572768,CityMaxCapita,CityMaxCapita_1,User Bio,"% IG% NATHANN",VectorScan,0.528282,0,10.1367,0
4,402119,1572768,CityMaxCapita,CityMaxCapita_1,User Bio,"%love%peace%",VectorScan,0.34577,0,10.4387,8
4,402119,1572768,CityMaxCapita,CityMaxCapita_1,User Bio,"%music%art%",VectorScan,0.306602,0,10.5088,63
4,402119,1572768,CityMaxCapita,CityMaxCapita_1,User Bio,"Student % at % University",VectorScan,0.918535,0,9.51693,0
4,402119,1572768,CityMaxCapita,CityMaxCapita_1,User Bio,"% im % kitty",VectorScan,0.520808,0,10.547,0
4,402119,1572768,CityMaxCapita,CityMaxCapita_1,User Bio,"%founder%ceo%",VectorScan,0.301211,0,10.0347,0
4,402119,1572768,CityMaxCapita,CityMaxCapita_1,User Bio,"%born%raised%",VectorScan,0.413624,0,10.1134,49
4,402119,1572768,CityMaxCapita,CityMaxCapita_1,User Bio,"Live % life % it",VectorScan,0.750188,0,9.04229,0
4,402119,1572768,CityMaxCapita,CityMaxCapita_1,User Bio,"% akron % 2019",VectorScan,0.43102,0,10.5135,0
4,402119,1572768,CityMaxCapita,CityMaxCapita_1,User Bio,"%business%marketing%",VectorScan,0.466191,0,10.2014,3
4,402119,1572768,CityMaxCapita,CityMaxCapita_1,User Bio,"%social%justice%",VectorScan,0.448474,0,10.7328,30
4,402119,1572768,CityMaxCapita,CityMaxCapita_1,User Bio,"%university%graduate%",VectorScan,0.425747,0,10.5619,1
4,402119,1572768,CityMaxCapita,CityMaxCapita_1,User Bio,"%travel%photography%",VectorScan,0.501858,0,10.6282,5
4,402119,1572768,CityMaxCapita,CityMaxCapita_1,User Bio,"%food%wine%",VectorScan,0.353646,0,10.2669,11
4,402119,1572768,CityMaxCapita,CityMaxCapita_1,User Bio,"%digital%media%",VectorScan,0.355127,0,10.4044,4
4,1715,3813,CommonGovernment,CommonGovernment_1,prod_or_serv_code,"J0% %0%",VectorScan,0.437975,0,0.092949,0
4,1715,3813,CommonGovernment,CommonGovernment_1,prod_or_serv_code,"% % 1%KF",VectorScan,0.584058,0,0.071997,0
4,1715,3813,CommonGovernment,CommonGovernment_1,prod_or_serv_code,"%A%1%",VectorScan,0.225225,0,0.095017,18
4,1715,3813,CommonGovernment,CommonGovernment_1,prod_or_serv_code,"%B%5%",VectorScan,0.205589,0,0.095121,46
4,1715,3813,CommonGovernment,CommonGovernment_1,prod_or_serv_code,"R4% %1%",VectorScan,0.410127,0,0.101077,0
4,1715,3813,CommonGovernment,CommonGovernment_1,prod_or_serv_code,"% % 2%44",VectorScan,0.60807,0,0.075747,0
4,1715,3813,CommonGovernment,CommonGovernment_1,prod_or_serv_code,"%C%1%",VectorScan,0.253171,0,0.105906,95
4,1715,3813,CommonGovernment,CommonGovernment_1,prod_or_serv_code,"%D%3%",VectorScan,0.222265,0,0.103666,26
4,1715,3813,CommonGovernment,CommonGovernment_1,prod_or_serv_code,"Z1% %N%",VectorScan,0.42029,0,0.103557,0
4,1715,3813,CommonGovernment,CommonGovernment_1,prod_or_serv_code,"% % 0%30",VectorScan,0.633594,0,0.077726,0
4,1715,3813,CommonGovernment,CommonGovernment_1,prod_or_serv_code,"%E%1%",VectorScan,0.255392,0,0.107489,64
4,1715,3813,CommonGovernment,CommonGovernment_1,prod_or_serv_code,"%J%0%",VectorScan,0.237231,0,0.104073,59
4,1715,3813,CommonGovernment,CommonGovernment_1,prod_or_serv_code,"%M%1%",VectorScan,0.216855,0,0.105588,109
4,1715,3813,CommonGovernment,CommonGovernment_1,prod_or_serv_code,"%R%4%",VectorScan,0.226044,0,0.104471,36
4,1715,3813,CommonGovernment,CommonGovernment_1,prod_or_serv_code,"%Y%1%",VectorScan,0.214454,0,0.105954,119
4,1715,3813,CommonGovernment,CommonGovernment_1,prod_or_serv_code,"%Z%2%",VectorScan,0.214313,0,0.105559,112
4,411161,1572796,CommonGovernment,CommonGovernment_1,vend_vendorname,"DEPARTMENT % OF % HEALTH",VectorScan,0.747411,0,11.3943,0
4,411161,1572796,CommonGovernment,CommonGovernment_1,vend_vendorname,"% % INC.",VectorScan,0.492897,0,16.7216,17488
4,411161,1572796,CommonGovernment,CommonGovernment_1,vend_vendorname,"%SERVICES%INC%",VectorScan,0.334959,0,14.5762,2818
4,411161,1572796,CommonGovernment,CommonGovernment_1,vend_vendorname,"%TECHNOLOGIES%LLC%",VectorScan,0.348594,0,15.2749,227
4,411161,1572796,CommonGovernment,CommonGovernment_1,vend_vendorname,"UNIVERSITY % OF % MISSOURI",VectorScan,0.881908,0,11.725,0
4,411161,1572796,CommonGovernment,CommonGovernment_1,vend_vendorname,"% % LLC",VectorScan,0.528477,0,15.9806,8362
4,411161,1572796,CommonGovernment,CommonGovernment_1,vend_vendorname,"%SYSTEMS%CORPORATION%",VectorScan,0.511124,0,13.4345,130
4,411161,1572796,CommonGovernment,CommonGovernment_1,vend_vendorname,"%MANAGEMENT%SERVICES%",VectorScan,0.382493,0,13.5747,163
4,411161,1572796,CommonGovernment,CommonGovernment_1,vend_vendorname,"COUNTY % OF % SHELBY",VectorScan,0.688536,0,11.7541,0
4,411161,1572796,CommonGovernment,CommonGovernment_1,vend_vendorname,"% % CORPORATION",VectorScan,0.613164,0,15.4721,2132
4,411161,1572796,CommonGovernment,CommonGovernment_1,vend_vendorname,"%CONSTRUCTION%INC%",VectorScan,0.392747,0,15.6794,921
4,411161,1572796,CommonGovernment,CommonGovernment_1,vend_vendorname,"%HEALTH%CARE%",VectorScan,0.340543,0,15.0125,597
4,411161,1572796,CommonGovernment,CommonGovernment_1,vend_vendorname,"%INTERNATIONAL%INC%",VectorScan,0.386916,0,16.0898,956
4,411161,1572796,CommonGovernment,CommonGovernment_1,vend_vendorname,"%COMMUNICATIONS%INC%",VectorScan,0.370569,0,14.9585,605
4,411161,1572796,CommonGovernment,CommonGovernment_1,vend_vendorname,"%GENERAL%DYNAMICS%",VectorScan,0.418556,0,13.9585,56
4,411161,1572796,CommonGovernment,CommonGovernment_1,vend_vendorname,"%LOCKHEED%MARTIN%",VectorScan,0.37491,0,13.9174,47
4,494564,1572767,HashTags,HashTags_1,interaction#content,"RT %@% #%",VectorScan,0.440947,0,10.5187,195
4,494564,1572767,HashTags,HashTags_1,interaction#content,"% #% #GreysAnatomy",VectorScan,0.583627,0,13.8302,288
4,494564,1572767,HashTags,HashTags_1,interaction#content,"%#Scandal%#%",VectorScan,0.436414,0,12.5616,2400
4,494564,1572767,HashTags,HashTags_1,interaction#content,"%#GreysAnatomy%#%",VectorScan,0.471485,0,11.7732,1207
4,494564,1572767,HashTags,HashTags_1,interaction#content,"Watching #% tonight %",VectorScan,0.46646,0,10.7918,2
4,494564,1572767,HashTags,HashTags_1,interaction#content,"% #% #Scandal",VectorScan,0.552234,0,14.0143,947
4,494564,1572767,HashTags,HashTags_1,interaction#content,"%#SharkTank%#%",VectorScan,0.429219,0,11.0322,150
4,494564,1572767,HashTags,HashTags_1,interaction#content,"%#Nashville%#%",VectorScan,0.418309,0,11.2816,557
4,494564,1572767,HashTags,HashTags_1,interaction#content,"I am watching #% on % %",VectorScan,0.608625,0,10.5846,0
4,494564,1572767,HashTags,HashTags_1,interaction#content,"% tonight % tonight",VectorScan,0.596617,0,12.1526,0
4,494564,1572767,HashTags,HashTags_1,interaction#content,"%#ModernFamily%#%",VectorScan,0.489529,0,11.4459,106
4,494564,1572767,HashTags,HashTags_1,interaction#content,"%#ABC%#%",VectorScan,0.365164,0,11.4022,1061
4,494564,1572767,HashTags,HashTags_1,interaction#content,"%#tvtag%http%",VectorScan,0.355535,0,11.6066,1940
4,494564,1572767,HashTags,HashTags_1,interaction#content,"%#ScandalThursday%#%",VectorScan,0.503412,0,11.2898,342
4,494564,1572767,HashTags,HashTags_1,interaction#content,"%#OnceUponATime%#%",VectorScan,0.4606,0,10.6994,124
4,494564,1572767,HashTags,HashTags_1,interaction#content,"%#Castle%#%",VectorScan,0.355332,0,11.0427,159
4,56749,663585,HashTags,HashTags_1,twitter#user#location,"New York% NY %",VectorScan,0.386402,0,3.67931,6
4,56749,663585,HashTags,HashTags_1,twitter#user#location,"% % Ohio",VectorScan,0.530914,0,5.23782,76
4,56749,663585,HashTags,HashTags_1,twitter#user#location,"%UT% % %",VectorScan,0.379688,0,4.87111,25
4,56749,663585,HashTags,HashTags_1,twitter#user#location,"% % , % %",VectorScan,0.539449,0,5.31018,25
4,56749,663585,HashTags,HashTags_1,twitter#user#location,"Chicago% IL %",VectorScan,0.384254,0,3.82254,15
4,56749,663585,HashTags,HashTags_1,twitter#user#location,"% % Texas",VectorScan,0.553746,0,5.46202,173
4,56749,663585,HashTags,HashTags_1,twitter#user#location,"% % - % %",VectorScan,0.559053,0,5.34163,145
4,56749,663585,HashTags,HashTags_1,twitter#user#location,"% % . % %",VectorScan,0.554803,0,5.35933,17
4,56749,663585,HashTags,HashTags_1,twitter#user#location,"Los Angeles% CA %",VectorScan,0.417871,0,3.64223,8
4,56749,663585,HashTags,HashTags_1,twitter#user#location,"% % California",VectorScan,0.601036,0,5.09695,128
4,56749,663585,HashTags,HashTags_1,twitter#user#location,"% Nashville % TN %",VectorScan,0.428804,0,4.35796,0
4,56749,663585,HashTags,HashTags_1,twitter#user#location,"% San % Francisco %",VectorScan,0.535478,0,4.19754,0
4,56749,663585,HashTags,HashTags_1,twitter#user#location,"% New % York %",VectorScan,0.450158,0,4.75302,0
4,56749,663585,HashTags,HashTags_1,twitter#user#location,"% Atlanta % GA %",VectorScan,0.392976,0,4.51985,0
4,56749,663585,HashTags,HashTags_1,twitter#user#location,"% % 757 %",VectorScan,0.422801,0,5.16951,8
4,56749,663585,HashTags,HashTags_1,twitter#user#location,"% % & % %",VectorScan,0.545972,0,5.27463,219
5,140953,1572709,CityMaxCapita,CityMaxCapita_1,First Link in Tweet,"http% instagram.com %",InMemory,0.025013,0.00011,15.7812,0
5,140953,1572709,CityMaxCapita,CityMaxCapita_1,First Link in Tweet,"% status % 600",InMemory,0.012949,3.5e-05,0.867623,0
5,140953,1572709,CityMaxCapita,CityMaxCapita_1,First Link in Tweet,"%instagram.com%p%",InMemory,0.065834,2e-05,26.3616,22589
5,140953,1572709,CityMaxCapita,CityMaxCapita_1,First Link in Tweet,"%twitter.com%status%",InMemory,0.061102,3.8e-05,26.6312,13124
5,140953,1572709,CityMaxCapita,CityMaxCapita_1,First Link in Tweet,"https% instagram.com %",InMemory,0.010356,2.4e-05,8.6673,0
5,140953,1572709,CityMaxCapita,CityMaxCapita_1,First Link in Tweet,"% p % taken",InMemory,0.009637,2.3e-05,0.855901,0
5,140953,1572709,CityMaxCapita,CityMaxCapita_1,First Link in Tweet,"%swarmapp.com%c%",InMemory,0.050053,1.6e-05,26.1047,3962
5,140953,1572709,CityMaxCapita,CityMaxCapita_1,First Link in Tweet,"%bit.ly%1%",InMemory,0.032172,2.1e-05,19.2022,4832
5,140953,1572709,CityMaxCapita,CityMaxCapita_1,First Link in Tweet,"http% bit.ly %",InMemory,0.009471,1.6e-05,15.7805,0
5,140953,1572709,CityMaxCapita,CityMaxCapita_1,First Link in Tweet,"% 2015 % story.html",InMemory,0.021365,1.7e-05,0.941775,0
5,140953,1572709,CityMaxCapita,CityMaxCapita_1,First Link in Tweet,"%youtube.com%watch%",InMemory,0.042104,1.7e-05,16.334,517
5,140953,1572709,CityMaxCapita,CityMaxCapita_1,First Link in Tweet,"%huffingtonpost.com%2015%",InMemory,0.056688,2.6e-05,13.2368,36
5,140953,1572709,CityMaxCapita,CityMaxCapita_1,First Link in Tweet,"%nytimes.com%2015%",InMemory,0.035533,2.6e-05,24.0967,123
5,140953,1572709,CityMaxCapita,CityMaxCapita_1,First Link in Tweet,"%washingtonpost.com%2015%",InMemory,0.037702,4.6e-05,9.94757,71
5,140953,1572709,CityMaxCapita,CityMaxCapita_1,First Link in Tweet,"%facebook.com%status%",InMemory,0.046407,2.9e-05,11.7742,0
5,140953,1572709,CityMaxCapita,CityMaxCapita_1,First Link in Tweet,"%youtu.be%Jk%",InMemory,0.026153,1.6e-05,17.2469,3
5,402119,1572768,CityMaxCapita,CityMaxCapita_1,User Bio,"Senior % at %",InMemory,0.053607,3.9e-05,2.62356,7
5,402119,1572768,CityMaxCapita,CityMaxCapita_1,User Bio,"% IG% NATHANN",InMemory,0.061733,3.2e-05,2.20292,0
5,402119,1572768,CityMaxCapita,CityMaxCapita_1,User Bio,"%love%peace%",InMemory,0.024698,1.4e-05,27.8908,8
5,402119,1572768,CityMaxCapita,CityMaxCapita_1,User Bio,"%music%art%",InMemory,0.035963,1.6e-05,27.3362,63
5,402119,1572768,CityMaxCapita,CityMaxCapita_1,User Bio,"Student % at % University",InMemory,0.065371,2.8e-05,2.37835,0
5,402119,1572768,CityMaxCapita,CityMaxCapita_1,User Bio,"% im % kitty",InMemory,0.050402,3e-05,2.37265,0
5,402119,1572768,CityMaxCapita,CityMaxCapita_1,User Bio,"%founder%ceo%",InMemory,0.034773,6.6e-05,16.9063,0
5,402119,1572768,CityMaxCapita,CityMaxCapita_1,User Bio,"%born%raised%",InMemory,0.03687,1.9e-05,20.2526,49
5,402119,1572768,CityMaxCapita,CityMaxCapita_1,User Bio,"Live % life % it",InMemory,0.072837,2.2e-05,2.97114,0
5,402119,1572768,CityMaxCapita,CityMaxCapita_1,User Bio,"% akron % 2019",InMemory,0.071926,2.1e-05,2.35201,0
5,402119,1572768,CityMaxCapita,CityMaxCapita_1,User Bio,"%business%marketing%",InMemory,0.045507,2.1e-05,18.1019,3
5,402119,1572768,CityMaxCapita,CityMaxCapita_1,User Bio,"%social%justice%",InMemory,0.038063,2e-05,26.6371,30
5,402119,1572768,CityMaxCapita,CityMaxCapita_1,User Bio,"%university%graduate%",InMemory,0.045639,1.6e-05,18.6521,1
5,402119,1572768,CityMaxCapita,CityMaxCapita_1,User Bio,"%travel%photography%",InMemory,0.037358,1.8e-05,28.7454,5
5,402119,1572768,CityMaxCapita,CityMaxCapita_1,User Bio,"%food%wine%",InMemory,0.023901,4.6e-05,18.578,11
5,402119,1572768,CityMaxCapita,CityMaxCapita_1,User Bio,"%digital%media%",InMemory,0.064393,4.3e-05,22.4648,4
5,1715,3813,CommonGovernment,CommonGovernment_1,prod_or_serv_code,"J0% %0%",InMemory,0.039562,3.2e-05,0.04221,0
5,1715,3813,CommonGovernment,CommonGovernment_1,prod_or_serv_code,"% % 1%KF",InMemory,0.011831,2.1e-05,0.012935,0
5,1715,3813,CommonGovernment,CommonGovernment_1,prod_or_serv_code,"%A%1%",InMemory,0.04547,1.7e-05,0.06031,18
5,1715,3813,CommonGovernment,CommonGovernment_1,prod_or_serv_code,"%B%5%",InMemory,0.02892,1.6e-05,0.091167,46
5,1715,3813,CommonGovernment,CommonGovernment_1,prod_or_serv_code,"R4% %1%",InMemory,0.037235,2.4e-05,0.03829,0
5,1715,3813,CommonGovernment,CommonGovernment_1,prod_or_serv_code,"% % 2%44",InMemory,0.010838,1.6e-05,0.03841,0
5,1715,3813,CommonGovernment,CommonGovernment_1,prod_or_serv_code,"%C%1%",InMemory,0.050244,1.6e-05,0.09024,95
5,1715,3813,CommonGovernment,CommonGovernment_1,prod_or_serv_code,"%D%3%",InMemory,0.019713,1.7e-05,0.086944,26
5,1715,3813,CommonGovernment,CommonGovernment_1,prod_or_serv_code,"Z1% %N%",InMemory,0.014621,1.6e-05,0.052171,0
5,1715,3813,CommonGovernment,CommonGovernment_1,prod_or_serv_code,"% % 0%30",InMemory,0.0102,1.6e-05,0.039594,0
5,1715,3813,CommonGovernment,CommonGovernment_1,prod_or_serv_code,"%E%1%",InMemory,0.050095,1.6e-05,0.07612,64
5,1715,3813,CommonGovernment,CommonGovernment_1,prod_or_serv_code,"%J%0%",InMemory,0.025837,1.5e-05,0.077801,59
5,1715,3813,CommonGovernment,CommonGovernment_1,prod_or_serv_code,"%M%1%",InMemory,0.037693,1.5e-05,0.074172,109
5,1715,3813,CommonGovernment,CommonGovernment_1,prod_or_serv_code,"%R%4%",InMemory,0.018035,1.4e-05,0.092181,36
5,1715,3813,CommonGovernment,CommonGovernment_1,prod_or_serv_code,"%Y%1%",InMemory,0.036864,1.5e-05,0.077185,119
5,1715,3813,CommonGovernment,CommonGovernment_1,prod_or_serv_code,"%Z%2%",InMemory,0.028207,1.5e-05,0.103441,112
5,411161,1572796,CommonGovernment,CommonGovernment_1,vend_vendorname,"DEPARTMENT % OF % HEALTH",InMemory,0.048285,2.2e-05,2.76086,0
5,411161,1572796,CommonGovernment,CommonGovernment_1,vend_vendorname,"% % INC.",InMemory,0.04598,2.6e-05,5.12271,17488
5,411161,1572796,CommonGovernment,CommonGovernment_1,vend_vendorname,"%SERVICES%INC%",InMemory,0.073451,3.9e-05,38.8209,2818
5,411161,1572796,CommonGovernment,CommonGovernment_1,vend_vendorname,"%TECHNOLOGIES%LLC%",InMemory,0.056268,1.7e-05,25.8923,227
5,411161,1572796,CommonGovernment,CommonGovernment_1,vend_vendorname,"UNIVERSITY % OF % MISSOURI",InMemory,0.046746,3e-05,2.80875,0
5,411161,1572796,CommonGovernment,CommonGovernment_1,vend_vendorname,"% % LLC",InMemory,0.049608,2.5e-05,5.69043,8362
5,411161,1572796,CommonGovernment,CommonGovernment_1,vend_vendorname,"%SYSTEMS%CORPORATION%",InMemory,0.059384,2.1e-05,29.7934,130
5,411161,1572796,CommonGovernment,CommonGovernment_1,vend_vendorname,"%MANAGEMENT%SERVICES%",InMemory,0.051316,1.6e-05,18.4744,163
5,411161,1572796,CommonGovernment,CommonGovernment_1,vend_vendorname,"COUNTY % OF % SHELBY",InMemory,0.045034,1.9e-05,2.57778,0
5,411161,1572796,CommonGovernment,CommonGovernment_1,vend_vendorname,"% % CORPORATION",InMemory,0.046664,2e-05,4.15262,2132
5,411161,1572796,CommonGovernment,CommonGovernment_1,vend_vendorname,"%CONSTRUCTION%INC%",InMemory,0.059883,3.4e-05,29.9296,921
5,411161,1572796,CommonGovernment,CommonGovernment_1,vend_vendorname,"%HEALTH%CARE%",InMemory,0.04084,2.4e-05,21.893,597
5,411161,1572796,CommonGovernment,CommonGovernment_1,vend_vendorname,"%INTERNATIONAL%INC%",InMemory,0.068805,2.5e-05,25.954,956
5,411161,1572796,CommonGovernment,CommonGovernment_1,vend_vendorname,"%COMMUNICATIONS%INC%",InMemory,0.078444,1.4e-05,24.9762,605
5,411161,1572796,CommonGovernment,CommonGovernment_1,vend_vendorname,"%GENERAL%DYNAMICS%",InMemory,0.05924,1.7e-05,12.7159,56
5,411161,1572796,CommonGovernment,CommonGovernment_1,vend_vendorname,"%LOCKHEED%MARTIN%",InMemory,0.048435,2e-05,21.8302,47
5,494564,1572767,HashTags,HashTags_1,interaction#content,"RT %@% #%",InMemory,0.05225,3.2e-05,3.24022,195
5,494564,1572767,HashTags,HashTags_1,interaction#content,"% #% #GreysAnatomy",InMemory,0.043813,1.5e-05,5.0275,288
5,494564,1572767,HashTags,HashTags_1,interaction#content,"%#Scandal%#%",InMemory,0.028896,3e-05,28.1932,2430
5,494564,1572767,HashTags,HashTags_1,interaction#content,"%#GreysAnatomy%#%",InMemory,0.037979,1.6e-05,25.2919,1218
5,494564,1572767,HashTags,HashTags_1,interaction#content,"Watching #% tonight %",InMemory,0.07458,3.2e-05,3.05892,2
5,494564,1572767,HashTags,HashTags_1,interaction#content,"% #% #Scandal",InMemory,0.044895,3e-05,8.85165,947
5,494564,1572767,HashTags,HashTags_1,interaction#content,"%#SharkTank%#%",InMemory,0.049925,1.7e-05,25.0902,162
5,494564,1572767,HashTags,HashTags_1,interaction#content,"%#Nashville%#%",InMemory,0.042118,2.1e-05,27.1483,572
5,494564,1572767,HashTags,HashTags_1,interaction#content,"I am watching #% on % %",InMemory,0.080729,3.9e-05,2.97833,0
5,494564,1572767,HashTags,HashTags_1,interaction#content,"% tonight % tonight",InMemory,0.075752,2.1e-05,2.98798,0
5,494564,1572767,HashTags,HashTags_1,interaction#content,"%#ModernFamily%#%",InMemory,0.058707,2.6e-05,24.1321,109
5,494564,1572767,HashTags,HashTags_1,interaction#content,"%#ABC%#%",InMemory,0.034883,3.2e-05,27.6981,1104
5,494564,1572767,HashTags,HashTags_1,interaction#content,"%#tvtag%http%",InMemory,0.053685,2e-05,26.8617,1940
5,494564,1572767,HashTags,HashTags_1,interaction#content,"%#ScandalThursday%#%",InMemory,0.045159,3e-05,24.6988,343
5,494564,1572767,HashTags,HashTags_1,interaction#content,"%#OnceUponATime%#%",InMemory,0.049745,2.4e-05,22.9838,125
5,494564,1572767,HashTags,HashTags_1,interaction#content,"%#Castle%#%",InMemory,0.028609,2.3e-05,28.0596,162
5,56749,663585,HashTags,HashTags_1,twitter#user#location,"New York% NY %",InMemory,0.048837,1.8e-05,0.565682,6
5,56749,663585,HashTags,HashTags_1,twitter#user#location,"% % Ohio",InMemory,0.045702,3.1e-05,0.479136,76
5,56749,663585,HashTags,HashTags_1,twitter#user#location,"%UT% % %",InMemory,0.049672,1.7e-05,7.00422,25
5,56749,663585,HashTags,HashTags_1,twitter#user#location,"% % , % %",InMemory,0.069298,2.2e-05,13.7792,25
5,56749,663585,HashTags,HashTags_1,twitter#user#location,"Chicago% IL %",InMemory,0.044773,3.5e-05,0.577596,15
5,56749,663585,HashTags,HashTags_1,twitter#user#location,"% % Texas",InMemory,0.033798,2.2e-05,0.746782,173
5,56749,663585,HashTags,HashTags_1,twitter#user#location,"% % - % %",InMemory,0.066573,3.1e-05,13.6339,145
5,56749,663585,HashTags,HashTags_1,twitter#user#location,"% % . % %",InMemory,0.082317,2.2e-05,13.3087,17
5,56749,663585,HashTags,HashTags_1,twitter#user#location,"Los Angeles% CA %",InMemory,0.04238,3.3e-05,0.708323,8
5,56749,663585,HashTags,HashTags_1,twitter#user#location,"% % California",InMemory,0.034465,2e-05,0.716242,128
5,56749,663585,HashTags,HashTags_1,twitter#user#location,"% Nashville % TN %",InMemory,0.08,2.6e-05,8.1198,0
5,56749,663585,HashTags,HashTags_1,twitter#user#location,"% San % Francisco %",InMemory,0.090677,1.9e-05,5.07846,0
5,56749,663585,HashTags,HashTags_1,twitter#user#location,"% New % York %",InMemory,0.093071,3.5e-05,12.7878,0
5,56749,663585,HashTags,HashTags_1,twitter#user#location,"% Atlanta % GA %",InMemory,0.082196,3e-05,6.15898,0
5,56749,663585,HashTags,HashTags_1,twitter#user#location,"% % 757 %",InMemory,0.063854,3.1e-05,10.6573,8
5,56749,663585,HashTags,HashTags_1,twitter#user#location,"% % & % %",InMemory,0.078815,2.3e-05,14.163,219
5,140953,1572709,CityMaxCapita,CityMaxCapita_1,First Link in Tweet,"http% instagram.com %",SSELLVMCompiled,0.0218,11.8034,1.97973,0
5,140953,1572709,CityMaxCapita,CityMaxCapita_1,First Link in Tweet,"% status % 600",SSELLVMCompiled,0.013567,3.96676,0.524728,0
5,140953,1572709,CityMaxCapita,CityMaxCapita_1,First Link in Tweet,"%instagram.com%p%",SSELLVMCompiled,0.072566,33.0732,2.22241,22589
5,140953,1572709,CityMaxCapita,CityMaxCapita_1,First Link in Tweet,"%twitter.com%status%",SSELLVMCompiled,0.080341,34.3474,2.44403,13124
5,140953,1572709,CityMaxCapita,CityMaxCapita_1,First Link in Tweet,"https% instagram.com %",SSELLVMCompiled,0.017691,10.0773,1.40949,0
5,140953,1572709,CityMaxCapita,CityMaxCapita_1,First Link in Tweet,"% p % taken",SSELLVMCompiled,0.013955,3.54277,0.459897,0
5,140953,1572709,CityMaxCapita,CityMaxCapita_1,First Link in Tweet,"%swarmapp.com%c%",SSELLVMCompiled,0.066465,27.0365,2.26007,3962
5,140953,1572709,CityMaxCapita,CityMaxCapita_1,First Link in Tweet,"%bit.ly%1%",SSELLVMCompiled,0.04506,27.0612,1.82833,4832
5,140953,1572709,CityMaxCapita,CityMaxCapita_1,First Link in Tweet,"http% bit.ly %",SSELLVMCompiled,0.011089,9.26684,1.86651,0
5,140953,1572709,CityMaxCapita,CityMaxCapita_1,First Link in Tweet,"% 2015 % story.html",SSELLVMCompiled,0.018387,3.69509,0.515996,0
5,140953,1572709,CityMaxCapita,CityMaxCapita_1,First Link in Tweet,"%youtube.com%watch%",SSELLVMCompiled,0.055717,32.1938,1.94367,517
5,140953,1572709,CityMaxCapita,CityMaxCapita_1,First Link in Tweet,"%huffingtonpost.com%2015%",SSELLVMCompiled,0.07992,40.2941,1.84891,36
5,140953,1572709,CityMaxCapita,CityMaxCapita_1,First Link in Tweet,"%nytimes.com%2015%",SSELLVMCompiled,0.051119,32.0246,2.84452,123
5,140953,1572709,CityMaxCapita,CityMaxCapita_1,First Link in Tweet,"%washingtonpost.com%2015%",SSELLVMCompiled,0.052017,28.7487,1.6396,71
5,140953,1572709,CityMaxCapita,CityMaxCapita_1,First Link in Tweet,"%facebook.com%status%",SSELLVMCompiled,0.065951,30.1396,1.72763,0
5,140953,1572709,CityMaxCapita,CityMaxCapita_1,First Link in Tweet,"%youtu.be%Jk%",SSELLVMCompiled,0.042956,27.2954,2.03047,3
5,402119,1572768,CityMaxCapita,CityMaxCapita_1,User Bio,"Senior % at %",SSELLVMCompiled,0.062778,17.5042,1.75851,7
5,402119,1572768,CityMaxCapita,CityMaxCapita_1,User Bio,"% IG% NATHANN",SSELLVMCompiled,0.08413,40.3243,1.97542,0
5,402119,1572768,CityMaxCapita,CityMaxCapita_1,User Bio,"%love%peace%",SSELLVMCompiled,0.03204,23.4938,3.21751,8
5,402119,1572768,CityMaxCapita,CityMaxCapita_1,User Bio,"%music%art%",SSELLVMCompiled,0.055412,26.7969,3.24085,63
5,402119,1572768,CityMaxCapita,CityMaxCapita_1,User Bio,"Student % at % University",SSELLVMCompiled,0.088674,36.0195,1.94705,0
5,402119,1572768,CityMaxCapita,CityMaxCapita_1,User Bio,"% im % kitty",SSELLVMCompiled,0.072692,33.1762,1.93658,0
5,402119,1572768,CityMaxCapita,CityMaxCapita_1,User Bio,"%founder%ceo%",SSELLVMCompiled,0.03625,25.7633,2.81795,0
5,402119,1572768,CityMaxCapita,CityMaxCapita_1,User Bio,"%born%raised%",SSELLVMCompiled,0.054505,28.6495,2.78755,49
5,402119,1572768,CityMaxCapita,CityMaxCapita_1,User Bio,"Live % life % it",SSELLVMCompiled,0.095406,33.9251,1.9982,0
5,402119,1572768,CityMaxCapita,CityMaxCapita_1,User Bio,"% akron % 2019",SSELLVMCompiled,0.087919,53.5036,1.96836,0
5,402119,1572768,CityMaxCapita,CityMaxCapita_1,User Bio,"%business%marketing%",SSELLVMCompiled,0.072917,33.2355,2.66192,3
5,402119,1572768,CityMaxCapita,CityMaxCapita_1,User Bio,"%social%justice%",SSELLVMCompiled,0.047531,30.9514,3.70677,30
5,402119,1572768,CityMaxCapita,CityMaxCapita_1,User Bio,"%university%graduate%",SSELLVMCompiled,0.068653,35.4289,2.72776,1
5,402119,1572768,CityMaxCapita,CityMaxCapita_1,User Bio,"%travel%photography%",SSELLVMCompiled,0.045638,28.9404,3.45749,5
5,402119,1572768,CityMaxCapita,CityMaxCapita_1,User Bio,"%food%wine%",SSELLVMCompiled,0.025845,22.3063,2.80236,11
5,402119,1572768,CityMaxCapita,CityMaxCapita_1,User Bio,"%digital%media%",SSELLVMCompiled,0.068085,32.6786,3.26136,4
5,1715,3813,CommonGovernment,CommonGovernment_1,prod_or_serv_code,"J0% %0%",SSELLVMCompiled,0.045177,15.764,0.01496,0
5,1715,3813,CommonGovernment,CommonGovernment_1,prod_or_serv_code,"% % 1%KF",SSELLVMCompiled,0.021406,16.5914,0.008328,0
5,1715,3813,CommonGovernment,CommonGovernment_1,prod_or_serv_code,"%A%1%",SSELLVMCompiled,0.061388,18.471,0.017706,18
5,1715,3813,CommonGovernment,CommonGovernment_1,prod_or_serv_code,"%B%5%",SSELLVMCompiled,0.042134,18.7715,0.019125,46
5,1715,3813,CommonGovernment,CommonGovernment_1,prod_or_serv_code,"R4% %1%",SSELLVMCompiled,0.05745,15.9862,0.018025,0
5,1715,3813,CommonGovernment,CommonGovernment_1,prod_or_serv_code,"% % 2%44",SSELLVMCompiled,0.023046,14.8569,0.013566,0
5,1715,3813,CommonGovernment,CommonGovernment_1,prod_or_serv_code,"%C%1%",SSELLVMCompiled,0.062077,19.2577,0.018845,95
5,1715,3813,CommonGovernment,CommonGovernment_1,prod_or_serv_code,"%D%3%",SSELLVMCompiled,0.032884,18.3865,0.017579,26
5,1715,3813,CommonGovernment,CommonGovernment_1,prod_or_serv_code,"Z1% %N%",SSELLVMCompiled,0.024665,19.3299,0.019162,0
5,1715,3813,CommonGovernment,CommonGovernment_1,prod_or_serv_code,"% % 0%30",SSELLVMCompiled,0.01869,14.6626,0.013036,0
5,1715,3813,CommonGovernment,CommonGovernment_1,prod_or_serv_code,"%E%1%",SSELLVMCompiled,0.06561,19.3673,0.017773,64
5,1715,3813,CommonGovernment,CommonGovernment_1,prod_or_serv_code,"%J%0%",SSELLVMCompiled,0.046648,18.7346,0.018169,59
5,1715,3813,CommonGovernment,CommonGovernment_1,prod_or_serv_code,"%M%1%",SSELLVMCompiled,0.060069,18.6986,0.018462,109
5,1715,3813,CommonGovernment,CommonGovernment_1,prod_or_serv_code,"%R%4%",SSELLVMCompiled,0.031339,18.1118,0.018413,36
5,1715,3813,CommonGovernment,CommonGovernment_1,prod_or_serv_code,"%Y%1%",SSELLVMCompiled,0.058256,19.4486,0.018187,119
5,1715,3813,CommonGovernment,CommonGovernment_1,prod_or_serv_code,"%Z%2%",SSELLVMCompiled,0.051823,14.4691,0.019529,112
5,411161,1572796,CommonGovernment,CommonGovernment_1,vend_vendorname,"DEPARTMENT % OF % HEALTH",SSELLVMCompiled,0.061663,30.3752,2.19228,0
5,411161,1572796,CommonGovernment,CommonGovernment_1,vend_vendorname,"% % INC.",SSELLVMCompiled,0.063835,24.5108,2.44579,17488
5,411161,1572796,CommonGovernment,CommonGovernment_1,vend_vendorname,"%SERVICES%INC%",SSELLVMCompiled,0.094329,27.3548,4.75142,2818
5,411161,1572796,CommonGovernment,CommonGovernment_1,vend_vendorname,"%TECHNOLOGIES%LLC%",SSELLVMCompiled,0.071245,30.2623,4.26782,227
5,411161,1572796,CommonGovernment,CommonGovernment_1,vend_vendorname,"UNIVERSITY % OF % MISSOURI",SSELLVMCompiled,0.061232,30.2904,2.20156,0
5,411161,1572796,CommonGovernment,CommonGovernment_1,vend_vendorname,"% % LLC",SSELLVMCompiled,0.063853,25.7571,2.46166,8362
5,411161,1572796,CommonGovernment,CommonGovernment_1,vend_vendorname,"%SYSTEMS%CORPORATION%",SSELLVMCompiled,0.08497,27.5213,4.43501,130
5,411161,1572796,CommonGovernment,CommonGovernment_1,vend_vendorname,"%MANAGEMENT%SERVICES%",SSELLVMCompiled,0.074107,35.0839,3.67893,163
5,411161,1572796,CommonGovernment,CommonGovernment_1,vend_vendorname,"COUNTY % OF % SHELBY",SSELLVMCompiled,0.067449,30.4788,2.13022,0
5,411161,1572796,CommonGovernment,CommonGovernment_1,vend_vendorname,"% % CORPORATION",SSELLVMCompiled,0.069041,26.25,1.95657,2132
5,411161,1572796,CommonGovernment,CommonGovernment_1,vend_vendorname,"%CONSTRUCTION%INC%",SSELLVMCompiled,0.085034,22.6266,4.24602,921
5,411161,1572796,CommonGovernment,CommonGovernment_1,vend_vendorname,"%HEALTH%CARE%",SSELLVMCompiled,0.059398,29.2243,3.88777,597
5,411161,1572796,CommonGovernment,CommonGovernment_1,vend_vendorname,"%INTERNATIONAL%INC%",SSELLVMCompiled,0.090447,22.4753,4.60589,956
5,411161,1572796,CommonGovernment,CommonGovernment_1,vend_vendorname,"%COMMUNICATIONS%INC%",SSELLVMCompiled,0.110929,25.83,3.98773,605
5,411161,1572796,CommonGovernment,CommonGovernment_1,vend_vendorname,"%GENERAL%DYNAMICS%",SSELLVMCompiled,0.071838,37.0103,3.22415,56
5,411161,1572796,CommonGovernment,CommonGovernment_1,vend_vendorname,"%LOCKHEED%MARTIN%",SSELLVMCompiled,0.070868,36.1649,3.71895,47
5,494564,1572767,HashTags,HashTags_1,interaction#content,"RT %@% #%",SSELLVMCompiled,0.059893,22.5667,2.4469,195
5,494564,1572767,HashTags,HashTags_1,interaction#content,"% #% #GreysAnatomy",SSELLVMCompiled,0.063315,27.1413,2.45638,288
5,494564,1572767,HashTags,HashTags_1,interaction#content,"%#Scandal%#%",SSELLVMCompiled,0.039399,23.8085,3.50653,2430
5,494564,1572767,HashTags,HashTags_1,interaction#content,"%#GreysAnatomy%#%",SSELLVMCompiled,0.053603,29.065,3.3558,1218
5,494564,1572767,HashTags,HashTags_1,interaction#content,"Watching #% tonight %",SSELLVMCompiled,0.093069,24.822,2.35466,2
5,494564,1572767,HashTags,HashTags_1,interaction#content,"% #% #Scandal",SSELLVMCompiled,0.056115,23.8892,2.88385,947
5,494564,1572767,HashTags,HashTags_1,interaction#content,"%#SharkTank%#%",SSELLVMCompiled,0.072649,33.5567,3.27706,162
5,494564,1572767,HashTags,HashTags_1,interaction#content,"%#Nashville%#%",SSELLVMCompiled,0.056385,29.0351,3.43878,572
5,494564,1572767,HashTags,HashTags_1,interaction#content,"I am watching #% on % %",SSELLVMCompiled,0.092045,20.894,2.34771,0
5,494564,1572767,HashTags,HashTags_1,interaction#content,"% tonight % tonight",SSELLVMCompiled,0.101802,44.5392,2.34399,0
5,494564,1572767,HashTags,HashTags_1,interaction#content,"%#ModernFamily%#%",SSELLVMCompiled,0.067581,36.4286,3.16975,109
5,494564,1572767,HashTags,HashTags_1,interaction#content,"%#ABC%#%",SSELLVMCompiled,0.044229,27.9445,3.82801,1104
5,494564,1572767,HashTags,HashTags_1,interaction#content,"%#tvtag%http%",SSELLVMCompiled,0.072084,36.2967,3.75102,1940
5,494564,1572767,HashTags,HashTags_1,interaction#content,"%#ScandalThursday%#%",SSELLVMCompiled,0.070141,31.3519,3.15081,343
5,494564,1572767,HashTags,HashTags_1,interaction#content,"%#OnceUponATime%#%",SSELLVMCompiled,0.076308,37.6122,3.16992,125
5,494564,1572767,HashTags,HashTags_1,interaction#content,"%#Castle%#%",SSELLVMCompiled,0.042232,24.7531,3.39344,162
5,56749,663585,HashTags,HashTags_1,twitter#user#location,"New York% NY %",SSELLVMCompiled,0.055367,16.3576,0.298757,6
5,56749,663585,HashTags,HashTags_1,twitter#user#location,"% % Ohio",SSELLVMCompiled,0.053618,24.4663,0.270667,76
5,56749,663585,HashTags,HashTags_1,twitter#user#location,"%UT% % %",SSELLVMCompiled,0.071208,23.5166,1.11258,25
5,56749,663585,HashTags,HashTags_1,twitter#user#location,"% % , % %",SSELLVMCompiled,0.090291,20.8165,2.17213,25
5,56749,663585,HashTags,HashTags_1,twitter#user#location,"Chicago% IL %",SSELLVMCompiled,0.059107,17.1215,0.325829,15
5,56749,663585,HashTags,HashTags_1,twitter#user#location,"% % Texas",SSELLVMCompiled,0.043944,24.9288,0.282985,173
5,56749,663585,HashTags,HashTags_1,twitter#user#location,"% % - % %",SSELLVMCompiled,0.08974,21.0866,2.30402,145
5,56749,663585,HashTags,HashTags_1,twitter#user#location,"% % . % %",SSELLVMCompiled,0.100309,22.3701,2.14457,17
5,56749,663585,HashTags,HashTags_1,twitter#user#location,"Los Angeles% CA %",SSELLVMCompiled,0.057571,18.1929,0.505345,8
5,56749,663585,HashTags,HashTags_1,twitter#user#location,"% % California",SSELLVMCompiled,0.04373,25.486,0.307938,128
5,56749,663585,HashTags,HashTags_1,twitter#user#location,"% Nashville % TN %",SSELLVMCompiled,0.110852,27.2582,1.50747,0
5,56749,663585,HashTags,HashTags_1,twitter#user#location,"% San % Francisco %",SSELLVMCompiled,0.121028,31.3922,1.01623,0
5,56749,663585,HashTags,HashTags_1,twitter#user#location,"% New % York %",SSELLVMCompiled,0.104945,26.2464,1.92276,0
5,56749,663585,HashTags,HashTags_1,twitter#user#location,"% Atlanta % GA %",SSELLVMCompiled,0.101084,27.0852,1.16904,0
5,56749,663585,HashTags,HashTags_1,twitter#user#location,"% % 757 %",SSELLVMCompiled,0.082902,21.3148,1.84136,8
5,56749,663585,HashTags,HashTags_1,twitter#user#location,"% % & % %",SSELLVMCompiled,0.092841,21.4719,1.8932,219
5,140953,1572709,CityMaxCapita,CityMaxCapita_1,First Link in Tweet,"http% instagram.com %",SSECppCompiled,0.023546,287.123,0.966196,0
5,140953,1572709,CityMaxCapita,CityMaxCapita_1,First Link in Tweet,"% status % 600",SSECppCompiled,0.021191,287.631,0.531799,0
5,140953,1572709,CityMaxCapita,CityMaxCapita_1,First Link in Tweet,"%instagram.com%p%",SSECppCompiled,0.083417,325.906,2.38621,22589
5,140953,1572709,CityMaxCapita,CityMaxCapita_1,First Link in Tweet,"%twitter.com%status%",SSECppCompiled,0.082335,338.909,2.5766,13124
5,140953,1572709,CityMaxCapita,CityMaxCapita_1,First Link in Tweet,"https% instagram.com %",SSECppCompiled,0.020108,284.869,1.03198,0
5,140953,1572709,CityMaxCapita,CityMaxCapita_1,First Link in Tweet,"% p % taken",SSECppCompiled,0.021551,282.602,0.507456,0
5,140953,1572709,CityMaxCapita,CityMaxCapita_1,First Link in Tweet,"%swarmapp.com%c%",SSECppCompiled,0.077195,322.91,2.26293,3962
5,140953,1572709,CityMaxCapita,CityMaxCapita_1,First Link in Tweet,"%bit.ly%1%",SSECppCompiled,0.046805,315.075,2.11755,4832
5,140953,1572709,CityMaxCapita,CityMaxCapita_1,First Link in Tweet,"http% bit.ly %",SSECppCompiled,0.018958,283.079,0.982758,0
5,140953,1572709,CityMaxCapita,CityMaxCapita_1,First Link in Tweet,"% 2015 % story.html",SSECppCompiled,0.021039,282.662,0.49841,0
5,140953,1572709,CityMaxCapita,CityMaxCapita_1,First Link in Tweet,"%youtube.com%watch%",SSECppCompiled,0.058271,333.417,2.14008,517
5,140953,1572709,CityMaxCapita,CityMaxCapita_1,First Link in Tweet,"%huffingtonpost.com%2015%",SSECppCompiled,0.080578,361.242,1.93767,36
5,140953,1572709,CityMaxCapita,CityMaxCapita_1,First Link in Tweet,"%nytimes.com%2015%",SSECppCompiled,0.053229,334.565,2.76878,123
5,140953,1572709,CityMaxCapita,CityMaxCapita_1,First Link in Tweet,"%washingtonpost.com%2015%",SSECppCompiled,0.050819,330.836,1.64078,71
5,140953,1572709,CityMaxCapita,CityMaxCapita_1,First Link in Tweet,"%facebook.com%status%",SSECppCompiled,0.073972,346.233,1.89494,0
5,140953,1572709,CityMaxCapita,CityMaxCapita_1,First Link in Tweet,"%youtu.be%Jk%",SSECppCompiled,0.043219,329.507,2.07663,3
5,402119,1572768,CityMaxCapita,CityMaxCapita_1,User Bio,"Senior % at %",SSECppCompiled,0.072431,299.785,1.77309,7
5,402119,1572768,CityMaxCapita,CityMaxCapita_1,User Bio,"% IG% NATHANN",SSECppCompiled,0.116083,321.456,1.61443,0
5,402119,1572768,CityMaxCapita,CityMaxCapita_1,User Bio,"%love%peace%",SSECppCompiled,0.037354,312.782,2.94929,8
5,402119,1572768,CityMaxCapita,CityMaxCapita_1,User Bio,"%music%art%",SSECppCompiled,0.056586,307.123,2.99099,63
5,402119,1572768,CityMaxCapita,CityMaxCapita_1,User Bio,"Student % at % University",SSECppCompiled,0.092229,314.304,1.65289,0
5,402119,1572768,CityMaxCapita,CityMaxCapita_1,User Bio,"% im % kitty",SSECppCompiled,0.086856,305.037,1.62085,0
5,402119,1572768,CityMaxCapita,CityMaxCapita_1,User Bio,"%founder%ceo%",SSECppCompiled,0.04109,311.251,2.57982,0
5,402119,1572768,CityMaxCapita,CityMaxCapita_1,User Bio,"%born%raised%",SSECppCompiled,0.055649,321.792,2.46644,49
5,402119,1572768,CityMaxCapita,CityMaxCapita_1,User Bio,"Live % life % it",SSECppCompiled,0.092411,307.556,1.83421,0
5,402119,1572768,CityMaxCapita,CityMaxCapita_1,User Bio,"% akron % 2019",SSECppCompiled,0.098841,320.081,1.71299,0
5,402119,1572768,CityMaxCapita,CityMaxCapita_1,User Bio,"%business%marketing%",SSECppCompiled,0.059799,332.339,2.50679,3
5,402119,1572768,CityMaxCapita,CityMaxCapita_1,User Bio,"%social%justice%",SSECppCompiled,0.051925,314.847,3.32303,30
5,402119,1572768,CityMaxCapita,CityMaxCapita_1,User Bio,"%university%graduate%",SSECppCompiled,0.072939,351.184,2.51732,1
5,402119,1572768,CityMaxCapita,CityMaxCapita_1,User Bio,"%travel%photography%",SSECppCompiled,0.05455,330.587,3.26984,5
5,402119,1572768,CityMaxCapita,CityMaxCapita_1,User Bio,"%food%wine%",SSECppCompiled,0.032484,309.394,2.525,11
5,402119,1572768,CityMaxCapita,CityMaxCapita_1,User Bio,"%digital%media%",SSECppCompiled,0.068818,343.525,2.9753,4
5,1715,3813,CommonGovernment,CommonGovernment_1,prod_or_serv_code,"J0% %0%",SSECppCompiled,0.049567,298.177,0.045144,0
5,1715,3813,CommonGovernment,CommonGovernment_1,prod_or_serv_code,"% % 1%KF",SSECppCompiled,0.026953,298.896,0.015218,0
5,1715,3813,CommonGovernment,CommonGovernment_1,prod_or_serv_code,"%A%1%",SSECppCompiled,0.066173,304.111,0.023817,18
5,1715,3813,CommonGovernment,CommonGovernment_1,prod_or_serv_code,"%B%5%",SSECppCompiled,0.046847,304.956,0.024447,46
5,1715,3813,CommonGovernment,CommonGovernment_1,prod_or_serv_code,"R4% %1%",SSECppCompiled,0.061756,296.502,0.025382,0
5,1715,3813,CommonGovernment,CommonGovernment_1,prod_or_serv_code,"% % 2%44",SSECppCompiled,0.027744,302.929,0.01838,0
5,1715,3813,CommonGovernment,CommonGovernment_1,prod_or_serv_code,"%C%1%",SSECppCompiled,0.064148,295.499,0.023874,95
5,1715,3813,CommonGovernment,CommonGovernment_1,prod_or_serv_code,"%D%3%",SSECppCompiled,0.038733,293.455,0.023111,26
5,1715,3813,CommonGovernment,CommonGovernment_1,prod_or_serv_code,"Z1% %N%",SSECppCompiled,0.031723,289.915,0.027194,0
5,1715,3813,CommonGovernment,CommonGovernment_1,prod_or_serv_code,"% % 0%30",SSECppCompiled,0.027383,293.724,0.020368,0
5,1715,3813,CommonGovernment,CommonGovernment_1,prod_or_serv_code,"%E%1%",SSECppCompiled,0.06245,294.201,0.022735,64
5,1715,3813,CommonGovernment,CommonGovernment_1,prod_or_serv_code,"%J%0%",SSECppCompiled,0.051263,294.333,0.023421,59
5,1715,3813,CommonGovernment,CommonGovernment_1,prod_or_serv_code,"%M%1%",SSECppCompiled,0.076248,293.544,0.023409,109
5,1715,3813,CommonGovernment,CommonGovernment_1,prod_or_serv_code,"%R%4%",SSECppCompiled,0.038604,292.552,0.023033,36
5,1715,3813,CommonGovernment,CommonGovernment_1,prod_or_serv_code,"%Y%1%",SSECppCompiled,0.067555,292.083,0.022966,119
5,1715,3813,CommonGovernment,CommonGovernment_1,prod_or_serv_code,"%Z%2%",SSECppCompiled,0.055224,283.715,0.024986,112
5,411161,1572796,CommonGovernment,CommonGovernment_1,vend_vendorname,"DEPARTMENT % OF % HEALTH",SSECppCompiled,0.067315,311.122,2.01046,0
5,411161,1572796,CommonGovernment,CommonGovernment_1,vend_vendorname,"% % INC.",SSECppCompiled,0.067126,309.198,2.77041,17488
5,411161,1572796,CommonGovernment,CommonGovernment_1,vend_vendorname,"%SERVICES%INC%",SSECppCompiled,0.089558,326.115,4.51747,2818
5,411161,1572796,CommonGovernment,CommonGovernment_1,vend_vendorname,"%TECHNOLOGIES%LLC%",SSECppCompiled,0.08326,330.559,4.35201,227
5,411161,1572796,CommonGovernment,CommonGovernment_1,vend_vendorname,"UNIVERSITY % OF % MISSOURI",SSECppCompiled,0.064122,314.348,2.03107,0
5,411161,1572796,CommonGovernment,CommonGovernment_1,vend_vendorname,"% % LLC",SSECppCompiled,0.064131,307.619,2.78693,8362
5,411161,1572796,CommonGovernment,CommonGovernment_1,vend_vendorname,"%SYSTEMS%CORPORATION%",SSECppCompiled,0.078805,327.548,5.2179,130
5,411161,1572796,CommonGovernment,CommonGovernment_1,vend_vendorname,"%MANAGEMENT%SERVICES%",SSECppCompiled,0.096267,341.083,3.78973,163
5,411161,1572796,CommonGovernment,CommonGovernment_1,vend_vendorname,"COUNTY % OF % SHELBY",SSECppCompiled,0.059666,318.536,1.94806,0
5,411161,1572796,CommonGovernment,CommonGovernment_1,vend_vendorname,"% % CORPORATION",SSECppCompiled,0.070132,305.66,2.20233,2132
5,411161,1572796,CommonGovernment,CommonGovernment_1,vend_vendorname,"%CONSTRUCTION%INC%",SSECppCompiled,0.086043,307.433,4.09449,921
5,411161,1572796,CommonGovernment,CommonGovernment_1,vend_vendorname,"%HEALTH%CARE%",SSECppCompiled,0.060167,320.616,3.52211,597
5,411161,1572796,CommonGovernment,CommonGovernment_1,vend_vendorname,"%INTERNATIONAL%INC%",SSECppCompiled,0.088012,313.882,4.57683,956
5,411161,1572796,CommonGovernment,CommonGovernment_1,vend_vendorname,"%COMMUNICATIONS%INC%",SSECppCompiled,0.106443,325.291,3.76867,605
5,411161,1572796,CommonGovernment,CommonGovernment_1,vend_vendorname,"%GENERAL%DYNAMICS%",SSECppCompiled,0.072831,336.78,3.07779,56
5,411161,1572796,CommonGovernment,CommonGovernment_1,vend_vendorname,"%LOCKHEED%MARTIN%",SSECppCompiled,0.065311,340.189,3.5075,47
5,494564,1572767,HashTags,HashTags_1,interaction#content,"RT %@% #%",SSECppCompiled,0.063879,299.595,1.93864,195
5,494564,1572767,HashTags,HashTags_1,interaction#content,"% #% #GreysAnatomy",SSECppCompiled,0.06582,309.479,2.26241,288
5,494564,1572767,HashTags,HashTags_1,interaction#content,"%#Scandal%#%",SSECppCompiled,0.042719,313.523,3.21277,2430
5,494564,1572767,HashTags,HashTags_1,interaction#content,"%#GreysAnatomy%#%",SSECppCompiled,0.059479,330.177,2.94308,1218
5,494564,1572767,HashTags,HashTags_1,interaction#content,"Watching #% tonight %",SSECppCompiled,0.094748,311.886,1.92431,2
5,494564,1572767,HashTags,HashTags_1,interaction#content,"% #% #Scandal",SSECppCompiled,0.059425,313.587,2.85179,947
5,494564,1572767,HashTags,HashTags_1,interaction#content,"%#SharkTank%#%",SSECppCompiled,0.066626,339.804,3.29325,162
5,494564,1572767,HashTags,HashTags_1,interaction#content,"%#Nashville%#%",SSECppCompiled,0.056654,334.802,3.30877,572
5,494564,1572767,HashTags,HashTags_1,interaction#content,"I am watching #% on % %",SSECppCompiled,0.128143,306.614,1.9375,0
5,494564,1572767,HashTags,HashTags_1,interaction#content,"% tonight % tonight",SSECppCompiled,0.098908,325.537,2.02135,0
5,494564,1572767,HashTags,HashTags_1,interaction#content,"%#ModernFamily%#%",SSECppCompiled,0.076988,350.498,3.22607,109
5,494564,1572767,HashTags,HashTags_1,interaction#content,"%#ABC%#%",SSECppCompiled,0.046474,322.297,3.41664,1104
5,494564,1572767,HashTags,HashTags_1,interaction#content,"%#tvtag%http%",SSECppCompiled,0.076396,342.387,3.42956,1940
5,494564,1572767,HashTags,HashTags_1,interaction#content,"%#ScandalThursday%#%",SSECppCompiled,0.069116,329.662,3.08719,343
5,494564,1572767,HashTags,HashTags_1,interaction#content,"%#OnceUponATime%#%",SSECppCompiled,0.076135,342.96,3.18713,125
5,494564,1572767,HashTags,HashTags_1,interaction#content,"%#Castle%#%",SSECppCompiled,0.040199,305.352,2.83497,162
5,56749,663585,HashTags,HashTags_1,twitter#user#location,"New York% NY %",SSECppCompiled,0.057781,294.879,0.339074,6
5,56749,663585,HashTags,HashTags_1,twitter#user#location,"% % Ohio",SSECppCompiled,0.049543,298.972,0.42676,76
5,56749,663585,HashTags,HashTags_1,twitter#user#location,"%UT% % %",SSECppCompiled,0.072663,304.271,1.24908,25
5,56749,663585,HashTags,HashTags_1,twitter#user#location,"% % , % %",SSECppCompiled,0.092288,294.832,2.33369,25
5,56749,663585,HashTags,HashTags_1,twitter#user#location,"Chicago% IL %",SSECppCompiled,0.055424,297.285,0.364844,15
5,56749,663585,HashTags,HashTags_1,twitter#user#location,"% % Texas",SSECppCompiled,0.05004,311.043,0.408272,173
5,56749,663585,HashTags,HashTags_1,twitter#user#location,"% % - % %",SSECppCompiled,0.091355,308.045,2.44259,145
5,56749,663585,HashTags,HashTags_1,twitter#user#location,"% % . % %",SSECppCompiled,0.102137,310.772,2.40007,17
5,56749,663585,HashTags,HashTags_1,twitter#user#location,"Los Angeles% CA %",SSECppCompiled,0.060908,307.686,0.518071,8
5,56749,663585,HashTags,HashTags_1,twitter#user#location,"% % California",SSECppCompiled,0.062063,314.549,0.405072,128
5,56749,663585,HashTags,HashTags_1,twitter#user#location,"% Nashville % TN %",SSECppCompiled,0.113683,324.487,1.74561,0
5,56749,663585,HashTags,HashTags_1,twitter#user#location,"% San % Francisco %",SSECppCompiled,0.119208,334.31,1.27189,0
5,56749,663585,HashTags,HashTags_1,twitter#user#location,"% New % York %",SSECppCompiled,0.113037,338.723,2.27918,0
5,56749,663585,HashTags,HashTags_1,twitter#user#location,"% Atlanta % GA %",SSECppCompiled,0.110795,331.228,1.29949,0
5,56749,663585,HashTags,HashTags_1,twitter#user#location,"% % 757 %",SSECppCompiled,0.08416,312.672,1.97579,8
5,56749,663585,HashTags,HashTags_1,twitter#user#location,"% % & % %",SSECppCompiled,0.099793,322.352,2.36648,219
5,140953,1572709,CityMaxCapita,CityMaxCapita_1,First Link in Tweet,"http% instagram.com %",SSEDecoded,0.001986,0,5.67161,0
5,140953,1572709,CityMaxCapita,CityMaxCapita_1,First Link in Tweet,"% status % 600",SSEDecoded,0.001118,0,4.47918,0
5,140953,1572709,CityMaxCapita,CityMaxCapita_1,First Link in Tweet,"%instagram.com%p%",SSEDecoded,0.001154,0,6.64135,22589
5,140953,1572709,CityMaxCapita,CityMaxCapita_1,First Link in Tweet,"%twitter.com%status%",SSEDecoded,0.001197,0,5.25719,13124
5,140953,1572709,CityMaxCapita,CityMaxCapita_1,First Link in Tweet,"https% instagram.com %",SSEDecoded,0.001112,0,5.19882,0
5,140953,1572709,CityMaxCapita,CityMaxCapita_1,First Link in Tweet,"% p % taken",SSEDecoded,0.00091,0,4.48261,0
5,140953,1572709,CityMaxCapita,CityMaxCapita_1,First Link in Tweet,"%swarmapp.com%c%",SSEDecoded,0.000914,0,5.0269,3962
5,140953,1572709,CityMaxCapita,CityMaxCapita_1,First Link in Tweet,"%bit.ly%1%",SSEDecoded,0.000791,0,4.92659,4832
5,140953,1572709,CityMaxCapita,CityMaxCapita_1,First Link in Tweet,"http% bit.ly %",SSEDecoded,0.000806,0,5.07699,0
5,140953,1572709,CityMaxCapita,CityMaxCapita_1,First Link in Tweet,"% 2015 % story.html",SSEDecoded,0.000798,0,4.45063,0
5,140953,1572709,CityMaxCapita,CityMaxCapita_1,First Link in Tweet,"%youtube.com%watch%",SSEDecoded,0.000925,0,4.92428,517
5,140953,1572709,CityMaxCapita,CityMaxCapita_1,First Link in Tweet,"%huffingtonpost.com%2015%",SSEDecoded,0.00083,0,5.66282,36
5,140953,1572709,CityMaxCapita,CityMaxCapita_1,First Link in Tweet,"%nytimes.com%2015%",SSEDecoded,0.000784,0,4.94501,123
5,140953,1572709,CityMaxCapita,CityMaxCapita_1,First Link in Tweet,"%washingtonpost.com%2015%",SSEDecoded,0.000674,0,5.6276,71
5,140953,1572709,CityMaxCapita,CityMaxCapita_1,First Link in Tweet,"%facebook.com%status%",SSEDecoded,0.000782,0,4.77569,0
5,140953,1572709,CityMaxCapita,CityMaxCapita_1,First Link in Tweet,"%youtu.be%Jk%",SSEDecoded,0.000751,0,4.62799,3
5,402119,1572768,CityMaxCapita,CityMaxCapita_1,User Bio,"Senior % at %",SSEDecoded,0.000985,0,6.23096,7
5,402119,1572768,CityMaxCapita,CityMaxCapita_1,User Bio,"% IG% NATHANN",SSEDecoded,0.000813,0,6.16022,0
5,402119,1572768,CityMaxCapita,CityMaxCapita_1,User Bio,"%love%peace%",SSEDecoded,0.000874,0,6.47235,8
5,402119,1572768,CityMaxCapita,CityMaxCapita_1,User Bio,"%music%art%",SSEDecoded,0.000863,0,6.72102,63
5,402119,1572768,CityMaxCapita,CityMaxCapita_1,User Bio,"Student % at % University",SSEDecoded,0.000874,0,6.34156,0
5,402119,1572768,CityMaxCapita,CityMaxCapita_1,User Bio,"% im % kitty",SSEDecoded,0.000775,0,6.57489,0
5,402119,1572768,CityMaxCapita,CityMaxCapita_1,User Bio,"%founder%ceo%",SSEDecoded,0.000947,0,6.90189,0
5,402119,1572768,CityMaxCapita,CityMaxCapita_1,User Bio,"%born%raised%",SSEDecoded,0.000903,0,6.98954,49
5,402119,1572768,CityMaxCapita,CityMaxCapita_1,User Bio,"Live % life % it",SSEDecoded,0.000895,0,6.46608,0
5,402119,1572768,CityMaxCapita,CityMaxCapita_1,User Bio,"% akron % 2019",SSEDecoded,0.00079,0,6.56895,0
5,402119,1572768,CityMaxCapita,CityMaxCapita_1,User Bio,"%business%marketing%",SSEDecoded,0.000851,0,6.63143,3
5,402119,1572768,CityMaxCapita,CityMaxCapita_1,User Bio,"%social%justice%",SSEDecoded,0.000831,0,6.43166,30
5,402119,1572768,CityMaxCapita,CityMaxCapita_1,User Bio,"%university%graduate%",SSEDecoded,0.000782,0,6.55807,1
5,402119,1572768,CityMaxCapita,CityMaxCapita_1,User Bio,"%travel%photography%",SSEDecoded,0.000868,0,6.18799,5
5,402119,1572768,CityMaxCapita,CityMaxCapita_1,User Bio,"%food%wine%",SSEDecoded,0.000683,0,6.13558,11
5,402119,1572768,CityMaxCapita,CityMaxCapita_1,User Bio,"%digital%media%",SSEDecoded,0.000769,0,6.12097,4
5,1715,3813,CommonGovernment,CommonGovernment_1,prod_or_serv_code,"J0% %0%",SSEDecoded,0.000814,0,0.065075,0
5,1715,3813,CommonGovernment,CommonGovernment_1,prod_or_serv_code,"% % 1%KF",SSEDecoded,0.000436,0,0.091222,0
5,1715,3813,CommonGovernment,CommonGovernment_1,prod_or_serv_code,"%A%1%",SSEDecoded,0.000664,0,0.178978,18
5,1715,3813,CommonGovernment,CommonGovernment_1,prod_or_serv_code,"%B%5%",SSEDecoded,0.000302,0,0.070148,46
5,1715,3813,CommonGovernment,CommonGovernment_1,prod_or_serv_code,"R4% %1%",SSEDecoded,0.000292,0,0.06263,0
5,1715,3813,CommonGovernment,CommonGovernment_1,prod_or_serv_code,"% % 2%44",SSEDecoded,0.000305,0,0.05965,0
5,1715,3813,CommonGovernment,CommonGovernment_1,prod_or_serv_code,"%C%1%",SSEDecoded,0.000246,0,0.069514,95
5,1715,3813,CommonGovernment,CommonGovernment_1,prod_or_serv_code,"%D%3%",SSEDecoded,0.000219,0,0.069088,26
5,1715,3813,CommonGovernment,CommonGovernment_1,prod_or_serv_code,"Z1% %N%",SSEDecoded,0.000248,0,0.08599,0
5,1715,3813,CommonGovernment,CommonGovernment_1,prod_or_serv_code,"% % 0%30",SSEDecoded,0.000659,0,0.166811,0
5,1715,3813,CommonGovernment,CommonGovernment_1,prod_or_serv_code,"%E%1%",SSEDecoded,0.000617,0,0.192818,64
5,1715,3813,CommonGovernment,CommonGovernment_1,prod_or_serv_code,"%J%0%",SSEDecoded,0.000608,0,0.226004,59
5,1715,3813,CommonGovernment,CommonGovernment_1,prod_or_serv_code,"%M%1%",SSEDecoded,0.00078,0,0.220272,109
5,1715,3813,CommonGovernment,CommonGovernment_1,prod_or_serv_code,"%R%4%",SSEDecoded,0.000654,0,0.205652,36
5,1715,3813,CommonGovernment,CommonGovernment_1,prod_or_serv_code,"%Y%1%",SSEDecoded,0.000644,0,0.20764,119
5,1715,3813,CommonGovernment,CommonGovernment_1,prod_or_serv_code,"%Z%2%",SSEDecoded,0.000638,0,0.210209,112
5,411161,1572796,CommonGovernment,CommonGovernment_1,vend_vendorname,"DEPARTMENT % OF % HEALTH",SSEDecoded,0.00109,0,8.21818,0
5,411161,1572796,CommonGovernment,CommonGovernment_1,vend_vendorname,"% % INC.",SSEDecoded,0.000809,0,7.88351,17488
5,411161,1572796,CommonGovernment,CommonGovernment_1,vend_vendorname,"%SERVICES%INC%",SSEDecoded,0.000842,0,8.61616,2818
5,411161,1572796,CommonGovernment,CommonGovernment_1,vend_vendorname,"%TECHNOLOGIES%LLC%",SSEDecoded,0.000977,0,9.01864,227
5,411161,1572796,CommonGovernment,CommonGovernment_1,vend_vendorname,"UNIVERSITY % OF % MISSOURI",SSEDecoded,0.000784,0,8.07476,0
5,411161,1572796,CommonGovernment,CommonGovernment_1,vend_vendorname,"% % LLC",SSEDecoded,0.000756,0,8.10378,8362
5,411161,1572796,CommonGovernment,CommonGovernment_1,vend_vendorname,"%SYSTEMS%CORPORATION%",SSEDecoded,0.00099,0,8.23442,130
5,411161,1572796,CommonGovernment,CommonGovernment_1,vend_vendorname,"%MANAGEMENT%SERVICES%",SSEDecoded,0.000852,0,8.09203,163
5,411161,1572796,CommonGovernment,CommonGovernment_1,vend_vendorname,"COUNTY % OF % SHELBY",SSEDecoded,0.000787,0,7.61103,0
5,411161,1572796,CommonGovernment,CommonGovernment_1,vend_vendorname,"% % CORPORATION",SSEDecoded,0.000667,0,7.74668,2132
5,411161,1572796,CommonGovernment,CommonGovernment_1,vend_vendorname,"%CONSTRUCTION%INC%",SSEDecoded,0.000878,0,8.23377,921
5,411161,1572796,CommonGovernment,CommonGovernment_1,vend_vendorname,"%HEALTH%CARE%",SSEDecoded,0.000803,0,8.14573,597
5,411161,1572796,CommonGovernment,CommonGovernment_1,vend_vendorname,"%INTERNATIONAL%INC%",SSEDecoded,0.000795,0,10.2351,956
5,411161,1572796,CommonGovernment,CommonGovernment_1,vend_vendorname,"%COMMUNICATIONS%INC%",SSEDecoded,0.000864,0,9.91919,605
5,411161,1572796,CommonGovernment,CommonGovernment_1,vend_vendorname,"%GENERAL%DYNAMICS%",SSEDecoded,0.000921,0,8.33396,56
5,411161,1572796,CommonGovernment,CommonGovernment_1,vend_vendorname,"%LOCKHEED%MARTIN%",SSEDecoded,0.000722,0,9.00817,47
5,494564,1572767,HashTags,HashTags_1,interaction#content,"RT %@% #%",SSEDecoded,0.000846,0,7.28502,195
5,494564,1572767,HashTags,HashTags_1,interaction#content,"% #% #GreysAnatomy",SSEDecoded,0.000847,0,7.41672,288
5,494564,1572767,HashTags,HashTags_1,interaction#content,"%#Scandal%#%",SSEDecoded,0.000954,0,7.72262,2430
5,494564,1572767,HashTags,HashTags_1,interaction#content,"%#GreysAnatomy%#%",SSEDecoded,0.000812,0,7.93869,1218
5,494564,1572767,HashTags,HashTags_1,interaction#content,"Watching #% tonight %",SSEDecoded,0.000872,0,6.67293,2
5,494564,1572767,HashTags,HashTags_1,interaction#content,"% #% #Scandal",SSEDecoded,0.000636,0,7.12894,947
5,494564,1572767,HashTags,HashTags_1,interaction#content,"%#SharkTank%#%",SSEDecoded,0.000794,0,7.05891,162
5,494564,1572767,HashTags,HashTags_1,interaction#content,"%#Nashville%#%",SSEDecoded,0.000748,0,7.04341,572
5,494564,1572767,HashTags,HashTags_1,interaction#content,"I am watching #% on % %",SSEDecoded,0.000992,0,6.69836,0
5,494564,1572767,HashTags,HashTags_1,interaction#content,"% tonight % tonight",SSEDecoded,0.00097,0,6.68283,0
5,494564,1572767,HashTags,HashTags_1,interaction#content,"%#ModernFamily%#%",SSEDecoded,0.000757,0,7.78421,109
5,494564,1572767,HashTags,HashTags_1,interaction#content,"%#ABC%#%",SSEDecoded,0.000707,0,6.94573,1104
5,494564,1572767,HashTags,HashTags_1,interaction#content,"%#tvtag%http%",SSEDecoded,0.000747,0,7.1221,1940
5,494564,1572767,HashTags,HashTags_1,interaction#content,"%#ScandalThursday%#%",SSEDecoded,0.000784,0,8.73854,343
5,494564,1572767,HashTags,HashTags_1,interaction#content,"%#OnceUponATime%#%",SSEDecoded,0.000756,0,8.33568,125
5,494564,1572767,HashTags,HashTags_1,interaction#content,"%#Castle%#%",SSEDecoded,0.000809,0,7.64911,162
5,56749,663585,HashTags,HashTags_1,twitter#user#location,"New York% NY %",SSEDecoded,0.000907,0,2.75602,6
5,56749,663585,HashTags,HashTags_1,twitter#user#location,"% % Ohio",SSEDecoded,0.000658,0,2.73207,76
5,56749,663585,HashTags,HashTags_1,twitter#user#location,"%UT% % %",SSEDecoded,0.000802,0,2.97688,25
5,56749,663585,HashTags,HashTags_1,twitter#user#location,"% % , % %",SSEDecoded,0.000922,0,3.7072,25
5,56749,663585,HashTags,HashTags_1,twitter#user#location,"Chicago% IL %",SSEDecoded,0.000662,0,2.64848,15
5,56749,663585,HashTags,HashTags_1,twitter#user#location,"% % Texas",SSEDecoded,0.00058,0,2.55507,173
5,56749,663585,HashTags,HashTags_1,twitter#user#location,"% % - % %",SSEDecoded,0.000835,0,3.61382,145
5,56749,663585,HashTags,HashTags_1,twitter#user#location,"% % . % %",SSEDecoded,0.000979,0,4.05925,17
5,56749,663585,HashTags,HashTags_1,twitter#user#location,"Los Angeles% CA %",SSEDecoded,0.000918,0,2.71132,8
5,56749,663585,HashTags,HashTags_1,twitter#user#location,"% % California",SSEDecoded,0.000702,0,2.71031,128
5,56749,663585,HashTags,HashTags_1,twitter#user#location,"% Nashville % TN %",SSEDecoded,0.000848,0,2.65962,0
5,56749,663585,HashTags,HashTags_1,twitter#user#location,"% San % Francisco %",SSEDecoded,0.000804,0,2.63874,0
5,56749,663585,HashTags,HashTags_1,twitter#user#location,"% New % York %",SSEDecoded,0.000729,0,2.84654,0
5,56749,663585,HashTags,HashTags_1,twitter#user#location,"% Atlanta % GA %",SSEDecoded,0.000737,0,2.7435,0
5,56749,663585,HashTags,HashTags_1,twitter#user#location,"% % 757 %",SSEDecoded,0.000716,0,3.38804,8
5,56749,663585,HashTags,HashTags_1,twitter#user#location,"% % & % %",SSEDecoded,0.00096,0,3.47306,219
5,140953,1572709,CityMaxCapita,CityMaxCapita_1,First Link in Tweet,"http% instagram.com %",VectorScan,0.970297,0,8.34479,0
5,140953,1572709,CityMaxCapita,CityMaxCapita_1,First Link in Tweet,"% status % 600",VectorScan,0.598086,0,7.48468,0
5,140953,1572709,CityMaxCapita,CityMaxCapita_1,First Link in Tweet,"%instagram.com%p%",VectorScan,0.546061,0,9.32301,22589
5,140953,1572709,CityMaxCapita,CityMaxCapita_1,First Link in Tweet,"%twitter.com%status%",VectorScan,0.420167,0,8.91578,13124
5,140953,1572709,CityMaxCapita,CityMaxCapita_1,First Link in Tweet,"https% instagram.com %",VectorScan,0.516968,0,7.20136,0
5,140953,1572709,CityMaxCapita,CityMaxCapita_1,First Link in Tweet,"% p % taken",VectorScan,0.516383,0,7.17445,0
5,140953,1572709,CityMaxCapita,CityMaxCapita_1,First Link in Tweet,"%swarmapp.com%c%",VectorScan,0.414286,0,7.25179,3962
5,140953,1572709,CityMaxCapita,CityMaxCapita_1,First Link in Tweet,"%bit.ly%1%",VectorScan,0.349593,0,7.19829,4832
5,140953,1572709,CityMaxCapita,CityMaxCapita_1,First Link in Tweet,"http% bit.ly %",VectorScan,0.409515,0,7.28598,0
5,140953,1572709,CityMaxCapita,CityMaxCapita_1,First Link in Tweet,"% 2015 % story.html",VectorScan,0.566071,0,6.69825,0
5,140953,1572709,CityMaxCapita,CityMaxCapita_1,First Link in Tweet,"%youtube.com%watch%",VectorScan,0.395148,0,7.1782,517
5,140953,1572709,CityMaxCapita,CityMaxCapita_1,First Link in Tweet,"%huffingtonpost.com%2015%",VectorScan,0.420273,0,6.80399,36
5,140953,1572709,CityMaxCapita,CityMaxCapita_1,First Link in Tweet,"%nytimes.com%2015%",VectorScan,0.355274,0,7.05718,123
5,140953,1572709,CityMaxCapita,CityMaxCapita_1,First Link in Tweet,"%washingtonpost.com%2015%",VectorScan,0.417238,0,7.29609,71
5,140953,1572709,CityMaxCapita,CityMaxCapita_1,First Link in Tweet,"%facebook.com%status%",VectorScan,0.376019,0,7.43121,0
5,140953,1572709,CityMaxCapita,CityMaxCapita_1,First Link in Tweet,"%youtu.be%Jk%",VectorScan,0.415439,0,7.55954,3
5,402119,1572768,CityMaxCapita,CityMaxCapita_1,User Bio,"Senior % at %",VectorScan,0.402767,0,9.11422,7
5,402119,1572768,CityMaxCapita,CityMaxCapita_1,User Bio,"% IG% NATHANN",VectorScan,0.495351,0,10.6214,0
5,402119,1572768,CityMaxCapita,CityMaxCapita_1,User Bio,"%love%peace%",VectorScan,0.39004,0,11.0521,8
5,402119,1572768,CityMaxCapita,CityMaxCapita_1,User Bio,"%music%art%",VectorScan,0.306771,0,9.95256,63
5,402119,1572768,CityMaxCapita,CityMaxCapita_1,User Bio,"Student % at % University",VectorScan,0.813492,0,8.8016,0
5,402119,1572768,CityMaxCapita,CityMaxCapita_1,User Bio,"% im % kitty",VectorScan,0.471321,0,10.4214,0
5,402119,1572768,CityMaxCapita,CityMaxCapita_1,User Bio,"%founder%ceo%",VectorScan,0.301703,0,9.68351,0
5,402119,1572768,CityMaxCapita,CityMaxCapita_1,User Bio,"%born%raised%",VectorScan,0.35187,0,9.7241,49
5,402119,1572768,CityMaxCapita,CityMaxCapita_1,User Bio,"Live % life % it",VectorScan,0.682566,0,9.05715,0
5,402119,1572768,CityMaxCapita,CityMaxCapita_1,User Bio,"% akron % 2019",VectorScan,0.496536,0,10.6546,0
5,402119,1572768,CityMaxCapita,CityMaxCapita_1,User Bio,"%business%marketing%",VectorScan,0.431531,0,9.66746,3
5,402119,1572768,CityMaxCapita,CityMaxCapita_1,User Bio,"%social%justice%",VectorScan,0.393873,0,9.79837,30
5,402119,1572768,CityMaxCapita,CityMaxCapita_1,User Bio,"%university%graduate%",VectorScan,0.408902,0,9.57823,1
5,402119,1572768,CityMaxCapita,CityMaxCapita_1,User Bio,"%travel%photography%",VectorScan,0.451878,0,10.1007,5
5,402119,1572768,CityMaxCapita,CityMaxCapita_1,User Bio,"%food%wine%",VectorScan,0.333528,0,9.57925,11
5,402119,1572768,CityMaxCapita,CityMaxCapita_1,User Bio,"%digital%media%",VectorScan,0.318865,0,9.55492,4
5,1715,3813,CommonGovernment,CommonGovernment_1,prod_or_serv_code,"J0% %0%",VectorScan,0.459519,0,0.1042,0
5,1715,3813,CommonGovernment,CommonGovernment_1,prod_or_serv_code,"% % 1%KF",VectorScan,0.660421,0,0.069353,0
5,1715,3813,CommonGovernment,CommonGovernment_1,prod_or_serv_code,"%A%1%",VectorScan,0.223421,0,0.094763,18
5,1715,3813,CommonGovernment,CommonGovernment_1,prod_or_serv_code,"%B%5%",VectorScan,0.214566,0,0.095579,46
5,1715,3813,CommonGovernment,CommonGovernment_1,prod_or_serv_code,"R4% %1%",VectorScan,0.374601,0,0.091689,0
5,1715,3813,CommonGovernment,CommonGovernment_1,prod_or_serv_code,"% % 2%44",VectorScan,0.618242,0,0.075713,0
5,1715,3813,CommonGovernment,CommonGovernment_1,prod_or_serv_code,"%C%1%",VectorScan,0.242641,0,0.105923,95
5,1715,3813,CommonGovernment,CommonGovernment_1,prod_or_serv_code,"%D%3%",VectorScan,0.218536,0,0.111919,26
5,1715,3813,CommonGovernment,CommonGovernment_1,prod_or_serv_code,"Z1% %N%",VectorScan,0.409251,0,0.102948,0
5,1715,3813,CommonGovernment,CommonGovernment_1,prod_or_serv_code,"% % 0%30",VectorScan,0.571777,0,0.069553,0
5,1715,3813,CommonGovernment,CommonGovernment_1,prod_or_serv_code,"%E%1%",VectorScan,0.218978,0,0.096039,64
5,1715,3813,CommonGovernment,CommonGovernment_1,prod_or_serv_code,"%J%0%",VectorScan,0.200684,0,0.095383,59
5,1715,3813,CommonGovernment,CommonGovernment_1,prod_or_serv_code,"%M%1%",VectorScan,0.224302,0,0.10592,109
5,1715,3813,CommonGovernment,CommonGovernment_1,prod_or_serv_code,"%R%4%",VectorScan,0.215074,0,0.104569,36
5,1715,3813,CommonGovernment,CommonGovernment_1,prod_or_serv_code,"%Y%1%",VectorScan,0.211311,0,0.10639,119
5,1715,3813,CommonGovernment,CommonGovernment_1,prod_or_serv_code,"%Z%2%",VectorScan,0.219042,0,0.109677,112
5,411161,1572796,CommonGovernment,CommonGovernment_1,vend_vendorname,"DEPARTMENT % OF % HEALTH",VectorScan,0.781383,0,10.918,0
5,411161,1572796,CommonGovernment,CommonGovernment_1,vend_vendorname,"% % INC.",VectorScan,0.49078,0,16.8045,17488
5,411161,1572796,CommonGovernment,CommonGovernment_1,vend_vendorname,"%SERVICES%INC%",VectorScan,0.352739,0,15.0501,2818
5,411161,1572796,CommonGovernment,CommonGovernment_1,vend_vendorname,"%TECHNOLOGIES%LLC%",VectorScan,0.390583,0,14.4386,227
5,411161,1572796,CommonGovernment,CommonGovernment_1,vend_vendorname,"UNIVERSITY % OF % MISSOURI",VectorScan,0.775259,0,11.0416,0
5,411161,1572796,CommonGovernment,CommonGovernment_1,vend_vendorname,"% % LLC",VectorScan,0.486924,0,14.7515,8362
5,411161,1572796,CommonGovernment,CommonGovernment_1,vend_vendorname,"%SYSTEMS%CORPORATION%",VectorScan,0.472483,0,12.8957,130
5,411161,1572796,CommonGovernment,CommonGovernment_1,vend_vendorname,"%MANAGEMENT%SERVICES%",VectorScan,0.385931,0,12.9013,163
5,411161,1572796,CommonGovernment,CommonGovernment_1,vend_vendorname,"COUNTY % OF % SHELBY",VectorScan,0.695042,0,11.557,0
5,411161,1572796,CommonGovernment,CommonGovernment_1,vend_vendorname,"% % CORPORATION",VectorScan,0.582665,0,14.9932,2132
5,411161,1572796,CommonGovernment,CommonGovernment_1,vend_vendorname,"%CONSTRUCTION%INC%",VectorScan,0.378364,0,14.695,921
5,411161,1572796,CommonGovernment,CommonGovernment_1,vend_vendorname,"%HEALTH%CARE%",VectorScan,0.314307,0,13.7464,597
5,411161,1572796,CommonGovernment,CommonGovernment_1,vend_vendorname,"%INTERNATIONAL%INC%",VectorScan,0.358742,0,14.6536,956
5,411161,1572796,CommonGovernment,CommonGovernment_1,vend_vendorname,"%COMMUNICATIONS%INC%",VectorScan,0.364826,0,14.8915,605
5,411161,1572796,CommonGovernment,CommonGovernment_1,vend_vendorname,"%GENERAL%DYNAMICS%",VectorScan,0.432673,0,13.7219,56
5,411161,1572796,CommonGovernment,CommonGovernment_1,vend_vendorname,"%LOCKHEED%MARTIN%",VectorScan,0.354231,0,14.2166,47
5,494564,1572767,HashTags,HashTags_1,interaction#content,"RT %@% #%",VectorScan,0.503983,0,10.5465,195
5,494564,1572767,HashTags,HashTags_1,interaction#content,"% #% #GreysAnatomy",VectorScan,0.592032,0,13.1607,288
5,494564,1572767,HashTags,HashTags_1,interaction#content,"%#Scandal%#%",VectorScan,0.382414,0,11.5613,2400
5,494564,1572767,HashTags,HashTags_1,interaction#content,"%#GreysAnatomy%#%",VectorScan,0.421412,0,10.8522,1207
5,494564,1572767,HashTags,HashTags_1,interaction#content,"Watching #% tonight %",VectorScan,0.424182,0,9.66638,2
5,494564,1572767,HashTags,HashTags_1,interaction#content,"% #% #Scandal",VectorScan,0.507053,0,12.967,947
5,494564,1572767,HashTags,HashTags_1,interaction#content,"%#SharkTank%#%",VectorScan,0.394701,0,10.5404,150
5,494564,1572767,HashTags,HashTags_1,interaction#content,"%#Nashville%#%",VectorScan,0.390508,0,10.8476,557
5,494564,1572767,HashTags,HashTags_1,interaction#content,"I am watching #% on % %",VectorScan,0.637564,0,10.3869,0
5,494564,1572767,HashTags,HashTags_1,interaction#content,"% tonight % tonight",VectorScan,0.553027,0,11.3906,0
5,494564,1572767,HashTags,HashTags_1,interaction#content,"%#ModernFamily%#%",VectorScan,0.416849,0,10.3306,106
5,494564,1572767,HashTags,HashTags_1,interaction#content,"%#ABC%#%",VectorScan,0.327409,0,10.5444,1061
5,494564,1572767,HashTags,HashTags_1,interaction#content,"%#tvtag%http%",VectorScan,0.32437,0,10.7406,1940
5,494564,1572767,HashTags,HashTags_1,interaction#content,"%#ScandalThursday%#%",VectorScan,0.449644,0,10.7642,342
5,494564,1572767,HashTags,HashTags_1,interaction#content,"%#OnceUponATime%#%",VectorScan,0.426718,0,10.1501,124
5,494564,1572767,HashTags,HashTags_1,interaction#content,"%#Castle%#%",VectorScan,0.352976,0,10.2871,159
5,56749,663585,HashTags,HashTags_1,twitter#user#location,"New York% NY %",VectorScan,0.382341,0,3.55101,6
5,56749,663585,HashTags,HashTags_1,twitter#user#location,"% % Ohio",VectorScan,0.483217,0,5.10819,76
5,56749,663585,HashTags,HashTags_1,twitter#user#location,"%UT% % %",VectorScan,0.424221,0,5.49835,25
5,56749,663585,HashTags,HashTags_1,twitter#user#location,"% % , % %",VectorScan,0.600868,0,5.32868,25
5,56749,663585,HashTags,HashTags_1,twitter#user#location,"Chicago% IL %",VectorScan,0.401133,0,3.75434,15
5,56749,663585,HashTags,HashTags_1,twitter#user#location,"% % Texas",VectorScan,0.538089,0,5.28651,173
5,56749,663585,HashTags,HashTags_1,twitter#user#location,"% % - % %",VectorScan,0.540682,0,4.93491,145
5,56749,663585,HashTags,HashTags_1,twitter#user#location,"% % . % %",VectorScan,0.485532,0,4.90632,17
5,56749,663585,HashTags,HashTags_1,twitter#user#location,"Los Angeles% CA %",VectorScan,0.388823,0,3.21382,8
5,56749,663585,HashTags,HashTags_1,twitter#user#location,"% % California",VectorScan,0.540885,0,4.68358,128
5,56749,663585,HashTags,HashTags_1,twitter#user#location,"% Nashville % TN %",VectorScan,0.42665,0,4.0434,0
5,56749,663585,HashTags,HashTags_1,twitter#user#location,"% San % Francisco %",VectorScan,0.459606,0,4.0007,0
5,56749,663585,HashTags,HashTags_1,twitter#user#location,"% New % York %",VectorScan,0.406876,0,4.2455,0
5,56749,663585,HashTags,HashTags_1,twitter#user#location,"% Atlanta % GA %",VectorScan,0.355378,0,4.09981,0
5,56749,663585,HashTags,HashTags_1,twitter#user#location,"% % 757 %",VectorScan,0.3871,0,4.72219,8
5,56749,663585,HashTags,HashTags_1,twitter#user#location,"% % & % %",VectorScan,0.493193,0,4.76004,219
6,140953,1572709,CityMaxCapita,CityMaxCapita_1,First Link in Tweet,"http% instagram.com %",InMemory,0.023924,0.000103,16.1697,0
6,140953,1572709,CityMaxCapita,CityMaxCapita_1,First Link in Tweet,"% status % 600",InMemory,0.013603,4.6e-05,0.986841,0
6,140953,1572709,CityMaxCapita,CityMaxCapita_1,First Link in Tweet,"%instagram.com%p%",InMemory,0.070234,2.9e-05,27.2741,22589
6,140953,1572709,CityMaxCapita,CityMaxCapita_1,First Link in Tweet,"%twitter.com%status%",InMemory,0.064017,4.8e-05,28.1998,13124
6,140953,1572709,CityMaxCapita,CityMaxCapita_1,First Link in Tweet,"https% instagram.com %",InMemory,0.010787,4.2e-05,9.06394,0
6,140953,1572709,CityMaxCapita,CityMaxCapita_1,First Link in Tweet,"% p % taken",InMemory,0.008906,3.3e-05,0.854764,0
6,140953,1572709,CityMaxCapita,CityMaxCapita_1,First Link in Tweet,"%swarmapp.com%c%",InMemory,0.051717,1.8e-05,24.6263,3962
6,140953,1572709,CityMaxCapita,CityMaxCapita_1,First Link in Tweet,"%bit.ly%1%",InMemory,0.03105,3e-05,19.7417,4832
6,140953,1572709,CityMaxCapita,CityMaxCapita_1,First Link in Tweet,"http% bit.ly %",InMemory,0.008432,3.1e-05,14.4529,0
6,140953,1572709,CityMaxCapita,CityMaxCapita_1,First Link in Tweet,"% 2015 % story.html",InMemory,0.009089,2.6e-05,0.854159,0
6,140953,1572709,CityMaxCapita,CityMaxCapita_1,First Link in Tweet,"%youtube.com%watch%",InMemory,0.03552,1.5e-05,16.0927,517
6,140953,1572709,CityMaxCapita,CityMaxCapita_1,First Link in Tweet,"%huffingtonpost.com%2015%",InMemory,0.062915,1.6e-05,14.5859,36
6,140953,1572709,CityMaxCapita,CityMaxCapita_1,First Link in Tweet,"%nytimes.com%2015%",InMemory,0.039088,3e-05,24.1309,123
6,140953,1572709,CityMaxCapita,CityMaxCapita_1,First Link in Tweet,"%washingtonpost.com%2015%",InMemory,0.032561,3.4e-05,9.71155,71
6,140953,1572709,CityMaxCapita,CityMaxCapita_1,First Link in Tweet,"%facebook.com%status%",InMemory,0.045889,2.8e-05,12.0153,0
6,140953,1572709,CityMaxCapita,CityMaxCapita_1,First Link in Tweet,"%youtu.be%Jk%",InMemory,0.027917,1.6e-05,16.3705,3
6,402119,1572768,CityMaxCapita,CityMaxCapita_1,User Bio,"Senior % at %",InMemory,0.056932,4.2e-05,2.57003,7
6,402119,1572768,CityMaxCapita,CityMaxCapita_1,User Bio,"% IG% NATHANN",InMemory,0.066177,2.1e-05,2.35023,0
6,402119,1572768,CityMaxCapita,CityMaxCapita_1,User Bio,"%love%peace%",InMemory,0.023657,1.4e-05,29.4132,8
6,402119,1572768,CityMaxCapita,CityMaxCapita_1,User Bio,"%music%art%",InMemory,0.040919,5.8e-05,26.3318,63
6,402119,1572768,CityMaxCapita,CityMaxCapita_1,User Bio,"Student % at % University",InMemory,0.058521,2e-05,2.16997,0
6,402119,1572768,CityMaxCapita,CityMaxCapita_1,User Bio,"% im % kitty",InMemory,0.049189,3.2e-05,2.17572,0
6,402119,1572768,CityMaxCapita,CityMaxCapita_1,User Bio,"%founder%ceo%",InMemory,0.025383,1.4e-05,16.6326,0
6,402119,1572768,CityMaxCapita,CityMaxCapita_1,User Bio,"%born%raised%",InMemory,0.040948,1.7e-05,19.8302,49
6,402119,1572768,CityMaxCapita,CityMaxCapita_1,User Bio,"Live % life % it",InMemory,0.068361,4e-05,2.8055,0
6,402119,1572768,CityMaxCapita,CityMaxCapita_1,User Bio,"% akron % 2019",InMemory,0.074981,3.2e-05,2.14118,0
6,402119,1572768,CityMaxCapita,CityMaxCapita_1,User Bio,"%business%marketing%",InMemory,0.043228,1.5e-05,17.8497,3
6,402119,1572768,CityMaxCapita,CityMaxCapita_1,User Bio,"%social%justice%",InMemory,0.035843,2.9e-05,27.5021,30
6,402119,1572768,CityMaxCapita,CityMaxCapita_1,User Bio,"%university%graduate%",InMemory,0.050813,1.7e-05,17.8741,1
6,402119,1572768,CityMaxCapita,CityMaxCapita_1,User Bio,"%travel%photography%",InMemory,0.034675,5e-05,26.751,5
6,402119,1572768,CityMaxCapita,CityMaxCapita_1,User Bio,"%food%wine%",InMemory,0.017562,1.5e-05,16.6512,11
6,402119,1572768,CityMaxCapita,CityMaxCapita_1,User Bio,"%digital%media%",InMemory,0.047649,2.1e-05,21.8116,4
6,1715,3813,CommonGovernment,CommonGovernment_1,prod_or_serv_code,"J0% %0%",InMemory,0.0351,4.3e-05,0.043702,0
6,1715,3813,CommonGovernment,CommonGovernment_1,prod_or_serv_code,"% % 1%KF",InMemory,0.011206,1.9e-05,0.011646,0
6,1715,3813,CommonGovernment,CommonGovernment_1,prod_or_serv_code,"%A%1%",InMemory,0.040271,1.9e-05,0.053944,18
6,1715,3813,CommonGovernment,CommonGovernment_1,prod_or_serv_code,"%B%5%",InMemory,0.02534,1.4e-05,0.083509,46
6,1715,3813,CommonGovernment,CommonGovernment_1,prod_or_serv_code,"R4% %1%",InMemory,0.032434,1.9e-05,0.03511,0
6,1715,3813,CommonGovernment,CommonGovernment_1,prod_or_serv_code,"% % 2%44",InMemory,0.009839,1.4e-05,0.033839,0
6,1715,3813,CommonGovernment,CommonGovernment_1,prod_or_serv_code,"%C%1%",InMemory,0.035522,1.6e-05,0.082931,95
6,1715,3813,CommonGovernment,CommonGovernment_1,prod_or_serv_code,"%D%3%",InMemory,0.017573,1.5e-05,0.079104,26
6,1715,3813,CommonGovernment,CommonGovernment_1,prod_or_serv_code,"Z1% %N%",InMemory,0.012676,1.9e-05,0.047968,0
6,1715,3813,CommonGovernment,CommonGovernment_1,prod_or_serv_code,"% % 0%30",InMemory,0.009001,1.5e-05,0.035013,0
6,1715,3813,CommonGovernment,CommonGovernment_1,prod_or_serv_code,"%E%1%",InMemory,0.032718,1.6e-05,0.076193,64
6,1715,3813,CommonGovernment,CommonGovernment_1,prod_or_serv_code,"%J%0%",InMemory,0.025632,1.5e-05,0.07483,59
6,1715,3813,CommonGovernment,CommonGovernment_1,prod_or_serv_code,"%M%1%",InMemory,0.034747,1.5e-05,0.079302,109
6,1715,3813,CommonGovernment,CommonGovernment_1,prod_or_serv_code,"%R%4%",InMemory,0.019842,1.6e-05,0.096931,36
6,1715,3813,CommonGovernment,CommonGovernment_1,prod_or_serv_code,"%Y%1%",InMemory,0.037889,1.7e-05,0.084685,119
6,1715,3813,CommonGovernment,CommonGovernment_1,prod_or_serv_code,"%Z%2%",InMemory,0.031263,1.6e-05,0.104297,112
6,411161,1572796,CommonGovernment,CommonGovernment_1,vend_vendorname,"DEPARTMENT % OF % HEALTH",InMemory,0.051597,2.7e-05,2.78068,0
6,411161,1572796,CommonGovernment,CommonGovernment_1,vend_vendorname,"% % INC.",InMemory,0.046893,3.4e-05,5.25709,17488
6,411161,1572796,CommonGovernment,CommonGovernment_1,vend_vendorname,"%SERVICES%INC%",InMemory,0.085607,3.6e-05,36.5517,2818
6,411161,1572796,CommonGovernment,CommonGovernment_1,vend_vendorname,"%TECHNOLOGIES%LLC%",InMemory,0.054081,2e-05,23.4896,227
6,411161,1572796,CommonGovernment,CommonGovernment_1,vend_vendorname,"UNIVERSITY % OF % MISSOURI",InMemory,0.042122,2.1e-05,2.49194,0
6,411161,1572796,CommonGovernment,CommonGovernment_1,vend_vendorname,"% % LLC",InMemory,0.044423,2e-05,5.09346,8362
6,411161,1572796,CommonGovernment,CommonGovernment_1,vend_vendorname,"%SYSTEMS%CORPORATION%",InMemory,0.052733,2.6e-05,29.6663,130
6,411161,1572796,CommonGovernment,CommonGovernment_1,vend_vendorname,"%MANAGEMENT%SERVICES%",InMemory,0.055524,3.6e-05,18.2744,163
6,411161,1572796,CommonGovernment,CommonGovernment_1,vend_vendorname,"COUNTY % OF % SHELBY",InMemory,0.042143,3.3e-05,2.54648,0
6,411161,1572796,CommonGovernment,CommonGovernment_1,vend_vendorname,"% % CORPORATION",InMemory,0.045941,3.2e-05,3.97247,2132
6,411161,1572796,CommonGovernment,CommonGovernment_1,vend_vendorname,"%CONSTRUCTION%INC%",InMemory,0.057634,1.5e-05,26.8376,921
6,411161,1572796,CommonGovernment,CommonGovernment_1,vend_vendorname,"%HEALTH%CARE%",InMemory,0.041398,2.8e-05,20.0542,597
6,411161,1572796,CommonGovernment,CommonGovernment_1,vend_vendorname,"%INTERNATIONAL%INC%",InMemory,0.06158,3.9e-05,25.029,956
6,411161,1572796,CommonGovernment,CommonGovernment_1,vend_vendorname,"%COMMUNICATIONS%INC%",InMemory,0.088681,4.3e-05,23.4156,605
6,411161,1572796,CommonGovernment,CommonGovernment_1,vend_vendorname,"%GENERAL%DYNAMICS%",InMemory,0.051529,1.6e-05,12.5837,56
6,411161,1572796,CommonGovernment,CommonGovernment_1,vend_vendorname,"%LOCKHEED%MARTIN%",InMemory,0.047737,1.5e-05,19.9099,47
6,494564,1572767,HashTags,HashTags_1,interaction#content,"RT %@% #%",InMemory,0.045816,4.1e-05,3.08429,195
6,494564,1572767,HashTags,HashTags_1,interaction#content,"% #% #GreysAnatomy",InMemory,0.043227,1.5e-05,4.94505,288
6,494564,1572767,HashTags,HashTags_1,interaction#content,"%#Scandal%#%",InMemory,0.028678,2.9e-05,27.6513,2430
6,494564,1572767,HashTags,HashTags_1,interaction#content,"%#GreysAnatomy%#%",InMemory,0.040769,4.8e-05,26.6316,1218
6,494564,1572767,HashTags,HashTags_1,interaction#content,"Watching #% tonight %",InMemory,0.067987,3.7e-05,2.96007,2
6,494564,1572767,HashTags,HashTags_1,interaction#content,"% #% #Scandal",InMemory,0.040841,3.1e-05,8.50512,947
6,494564,1572767,HashTags,HashTags_1,interaction#content,"%#SharkTank%#%",InMemory,0.044828,1.9e-05,23.3288,162
6,494564,1572767,HashTags,HashTags_1,interaction#content,"%#Nashville%#%",InMemory,0.037853,2.8e-05,23.9334,572
6,494564,1572767,HashTags,HashTags_1,interaction#content,"I am watching #% on % %",InMemory,0.069215,3.4e-05,2.64898,0
6,494564,1572767,HashTags,HashTags_1,interaction#content,"% tonight % tonight",InMemory,0.06785,3.4e-05,2.64866,0
6,494564,1572767,HashTags,HashTags_1,interaction#content,"%#ModernFamily%#%",InMemory,0.049834,3.3e-05,23.4261,109
6,494564,1572767,HashTags,HashTags_1,interaction#content,"%#ABC%#%",InMemory,0.034188,2.2e-05,27.6543,1104
6,494564,1572767,HashTags,HashTags_1,interaction#content,"%#tvtag%http%",InMemory,0.049516,3.8e-05,25.4704,1940
6,494564,1572767,HashTags,HashTags_1,interaction#content,"%#ScandalThursday%#%",InMemory,0.045757,2.7e-05,23.7425,343
6,494564,1572767,HashTags,HashTags_1,interaction#content,"%#OnceUponATime%#%",InMemory,0.053704,5.7e-05,24.1042,125
6,494564,1572767,HashTags,HashTags_1,interaction#content,"%#Castle%#%",InMemory,0.027643,1.7e-05,25.9173,162
6,56749,663585,HashTags,HashTags_1,twitter#user#location,"New York% NY %",InMemory,0.043239,3.5e-05,0.500781,6
6,56749,663585,HashTags,HashTags_1,twitter#user#location,"% % Ohio",InMemory,0.031367,2e-05,0.429147,76
6,56749,663585,HashTags,HashTags_1,twitter#user#location,"%UT% % %",InMemory,0.046255,1.9e-05,6.41125,25
6,56749,663585,HashTags,HashTags_1,twitter#user#location,"% % , % %",InMemory,0.063058,2.3e-05,13.2248,25
6,56749,663585,HashTags,HashTags_1,twitter#user#location,"Chicago% IL %",InMemory,0.041908,2.3e-05,0.50389,15
6,56749,663585,HashTags,HashTags_1,twitter#user#location,"% % Texas",InMemory,0.02951,3e-05,0.678297,173
6,56749,663585,HashTags,HashTags_1,twitter#user#location,"% % - % %",InMemory,0.059416,1.5e-05,12.5453,145
6,56749,663585,HashTags,HashTags_1,twitter#user#location,"% % . % %",InMemory,0.071437,1.5e-05,12.5445,17
6,56749,663585,HashTags,HashTags_1,twitter#user#location,"Los Angeles% CA %",InMemory,0.039304,1.9e-05,0.652775,8
6,56749,663585,HashTags,HashTags_1,twitter#user#location,"% % California",InMemory,0.030065,1.5e-05,0.607346,128
6,56749,663585,HashTags,HashTags_1,twitter#user#location,"% Nashville % TN %",InMemory,0.078363,1.9e-05,7.62783,0
6,56749,663585,HashTags,HashTags_1,twitter#user#location,"% San % Francisco %",InMemory,0.099091,2.3e-05,5.00504,0
6,56749,663585,HashTags,HashTags_1,twitter#user#location,"% New % York %",InMemory,0.08412,3.7e-05,13.0452,0
6,56749,663585,HashTags,HashTags_1,twitter#user#location,"% Atlanta % GA %",InMemory,0.088634,3.8e-05,6.28895,0
6,56749,663585,HashTags,HashTags_1,twitter#user#location,"% % 757 %",InMemory,0.05967,3.6e-05,10.492,8
6,56749,663585,HashTags,HashTags_1,twitter#user#location,"% % & % %",InMemory,0.071344,2.8e-05,12.8858,219
6,140953,1572709,CityMaxCapita,CityMaxCapita_1,First Link in Tweet,"http% instagram.com %",SSELLVMCompiled,0.02133,11.6115,1.85159,0
6,140953,1572709,CityMaxCapita,CityMaxCapita_1,First Link in Tweet,"% status % 600",SSELLVMCompiled,0.012646,3.77081,0.50313,0
6,140953,1572709,CityMaxCapita,CityMaxCapita_1,First Link in Tweet,"%instagram.com%p%",SSELLVMCompiled,0.065037,33.5444,2.29009,22589
6,140953,1572709,CityMaxCapita,CityMaxCapita_1,First Link in Tweet,"%twitter.com%status%",SSELLVMCompiled,0.081707,35.7989,2.47608,13124
6,140953,1572709,CityMaxCapita,CityMaxCapita_1,First Link in Tweet,"https% instagram.com %",SSELLVMCompiled,0.019118,10.18,1.51283,0
6,140953,1572709,CityMaxCapita,CityMaxCapita_1,First Link in Tweet,"% p % taken",SSELLVMCompiled,0.019634,3.84676,0.502527,0
6,140953,1572709,CityMaxCapita,CityMaxCapita_1,First Link in Tweet,"%swarmapp.com%c%",SSELLVMCompiled,0.081934,28.1351,2.41914,3962
6,140953,1572709,CityMaxCapita,CityMaxCapita_1,First Link in Tweet,"%bit.ly%1%",SSELLVMCompiled,0.044404,29.0082,1.9292,4832
6,140953,1572709,CityMaxCapita,CityMaxCapita_1,First Link in Tweet,"http% bit.ly %",SSELLVMCompiled,0.013963,9.6865,1.92708,0
6,140953,1572709,CityMaxCapita,CityMaxCapita_1,First Link in Tweet,"% 2015 % story.html",SSELLVMCompiled,0.019314,3.7389,0.488025,0
6,140953,1572709,CityMaxCapita,CityMaxCapita_1,First Link in Tweet,"%youtube.com%watch%",SSELLVMCompiled,0.054547,33.1463,1.93803,517
6,140953,1572709,CityMaxCapita,CityMaxCapita_1,First Link in Tweet,"%huffingtonpost.com%2015%",SSELLVMCompiled,0.082475,42.5187,1.83018,36
6,140953,1572709,CityMaxCapita,CityMaxCapita_1,First Link in Tweet,"%nytimes.com%2015%",SSELLVMCompiled,0.054055,33.3727,2.50992,123
6,140953,1572709,CityMaxCapita,CityMaxCapita_1,First Link in Tweet,"%washingtonpost.com%2015%",SSELLVMCompiled,0.048744,29.2866,1.5739,71
6,140953,1572709,CityMaxCapita,CityMaxCapita_1,First Link in Tweet,"%facebook.com%status%",SSELLVMCompiled,0.070572,32.1687,1.74643,0
6,140953,1572709,CityMaxCapita,CityMaxCapita_1,First Link in Tweet,"%youtu.be%Jk%",SSELLVMCompiled,0.042641,28.6502,1.9843,3
6,402119,1572768,CityMaxCapita,CityMaxCapita_1,User Bio,"Senior % at %",SSELLVMCompiled,0.073641,17.1201,1.71721,7
6,402119,1572768,CityMaxCapita,CityMaxCapita_1,User Bio,"% IG% NATHANN",SSELLVMCompiled,0.081992,40.2243,1.97422,0
6,402119,1572768,CityMaxCapita,CityMaxCapita_1,User Bio,"%love%peace%",SSELLVMCompiled,0.033315,24.7443,3.27686,8
6,402119,1572768,CityMaxCapita,CityMaxCapita_1,User Bio,"%music%art%",SSELLVMCompiled,0.061904,26.0862,3.18109,63
6,402119,1572768,CityMaxCapita,CityMaxCapita_1,User Bio,"Student % at % University",SSELLVMCompiled,0.081154,35.5048,2.00395,0
6,402119,1572768,CityMaxCapita,CityMaxCapita_1,User Bio,"% im % kitty",SSELLVMCompiled,0.075571,34.2083,1.79836,0
6,402119,1572768,CityMaxCapita,CityMaxCapita_1,User Bio,"%founder%ceo%",SSELLVMCompiled,0.03283,25.1235,2.63406,0
6,402119,1572768,CityMaxCapita,CityMaxCapita_1,User Bio,"%born%raised%",SSELLVMCompiled,0.054657,28.4217,2.83388,49
6,402119,1572768,CityMaxCapita,CityMaxCapita_1,User Bio,"Live % life % it",SSELLVMCompiled,0.094259,35.8546,2.07973,0
6,402119,1572768,CityMaxCapita,CityMaxCapita_1,User Bio,"% akron % 2019",SSELLVMCompiled,0.097615,53.501,1.89404,0
6,402119,1572768,CityMaxCapita,CityMaxCapita_1,User Bio,"%business%marketing%",SSELLVMCompiled,0.073479,34.7751,2.83866,3
6,402119,1572768,CityMaxCapita,CityMaxCapita_1,User Bio,"%social%justice%",SSELLVMCompiled,0.056438,31.4714,3.60477,30
6,402119,1572768,CityMaxCapita,CityMaxCapita_1,User Bio,"%university%graduate%",SSELLVMCompiled,0.075846,34.7839,2.75731,1
6,402119,1572768,CityMaxCapita,CityMaxCapita_1,User Bio,"%travel%photography%",SSELLVMCompiled,0.052006,30.1419,3.30934,5
6,402119,1572768,CityMaxCapita,CityMaxCapita_1,User Bio,"%food%wine%",SSELLVMCompiled,0.026969,21.9451,2.68996,11
6,402119,1572768,CityMaxCapita,CityMaxCapita_1,User Bio,"%digital%media%",SSELLVMCompiled,0.062236,30.6124,3.06107,4
6,1715,3813,CommonGovernment,CommonGovernment_1,prod_or_serv_code,"J0% %0%",SSELLVMCompiled,0.046445,15.9843,0.016572,0
6,1715,3813,CommonGovernment,CommonGovernment_1,prod_or_serv_code,"% % 1%KF",SSELLVMCompiled,0.02454,16.8486,0.008471,0
6,1715,3813,CommonGovernment,CommonGovernment_1,prod_or_serv_code,"%A%1%",SSELLVMCompiled,0.061712,18.658,0.016126,18
6,1715,3813,CommonGovernment,CommonGovernment_1,prod_or_serv_code,"%B%5%",SSELLVMCompiled,0.042021,17.5571,0.017482,46
6,1715,3813,CommonGovernment,CommonGovernment_1,prod_or_serv_code,"R4% %1%",SSELLVMCompiled,0.060515,14.8287,0.017756,0
6,1715,3813,CommonGovernment,CommonGovernment_1,prod_or_serv_code,"% % 2%44",SSELLVMCompiled,0.023664,13.5005,0.011978,0
6,1715,3813,CommonGovernment,CommonGovernment_1,prod_or_serv_code,"%C%1%",SSELLVMCompiled,0.058624,19.4085,0.019088,95
6,1715,3813,CommonGovernment,CommonGovernment_1,prod_or_serv_code,"%D%3%",SSELLVMCompiled,0.032191,18.113,0.016251,26
6,1715,3813,CommonGovernment,CommonGovernment_1,prod_or_serv_code,"Z1% %N%",SSELLVMCompiled,0.026143,18.5396,0.019395,0
6,1715,3813,CommonGovernment,CommonGovernment_1,prod_or_serv_code,"% % 0%30",SSELLVMCompiled,0.034594,14.1163,0.011606,0
6,1715,3813,CommonGovernment,CommonGovernment_1,prod_or_serv_code,"%E%1%",SSELLVMCompiled,0.053543,18.1203,0.016165,64
6,1715,3813,CommonGovernment,CommonGovernment_1,prod_or_serv_code,"%J%0%",SSELLVMCompiled,0.04443,18.0005,0.018558,59
6,1715,3813,CommonGovernment,CommonGovernment_1,prod_or_serv_code,"%M%1%",SSELLVMCompiled,0.065165,19.9204,0.01897,109
6,1715,3813,CommonGovernment,CommonGovernment_1,prod_or_serv_code,"%R%4%",SSELLVMCompiled,0.037171,18.4077,0.018196,36
6,1715,3813,CommonGovernment,CommonGovernment_1,prod_or_serv_code,"%Y%1%",SSELLVMCompiled,0.059562,19.2088,0.016395,119
6,1715,3813,CommonGovernment,CommonGovernment_1,prod_or_serv_code,"%Z%2%",SSELLVMCompiled,0.045923,13.8126,0.019853,112
6,411161,1572796,CommonGovernment,CommonGovernment_1,vend_vendorname,"DEPARTMENT % OF % HEALTH",SSELLVMCompiled,0.061975,29.1025,2.19626,0
6,411161,1572796,CommonGovernment,CommonGovernment_1,vend_vendorname,"% % INC.",SSELLVMCompiled,0.066232,25.0177,2.2314,17488
6,411161,1572796,CommonGovernment,CommonGovernment_1,vend_vendorname,"%SERVICES%INC%",SSELLVMCompiled,0.078996,26.2944,4.40327,2818
6,411161,1572796,CommonGovernment,CommonGovernment_1,vend_vendorname,"%TECHNOLOGIES%LLC%",SSELLVMCompiled,0.07233,29.6274,4.2776,227
6,411161,1572796,CommonGovernment,CommonGovernment_1,vend_vendorname,"UNIVERSITY % OF % MISSOURI",SSELLVMCompiled,0.06315,30.5215,2.19929,0
6,411161,1572796,CommonGovernment,CommonGovernment_1,vend_vendorname,"% % LLC",SSELLVMCompiled,0.0643,26.0435,2.46255,8362
6,411161,1572796,CommonGovernment,CommonGovernment_1,vend_vendorname,"%SYSTEMS%CORPORATION%",SSELLVMCompiled,0.078647,26.5781,4.23536,130
6,411161,1572796,CommonGovernment,CommonGovernment_1,vend_vendorname,"%MANAGEMENT%SERVICES%",SSELLVMCompiled,0.067593,34.5124,3.66654,163
6,411161,1572796,CommonGovernment,CommonGovernment_1,vend_vendorname,"COUNTY % OF % SHELBY",SSELLVMCompiled,0.062666,29.7594,1.99567,0
6,411161,1572796,CommonGovernment,CommonGovernment_1,vend_vendorname,"% % CORPORATION",SSELLVMCompiled,0.062578,25.3016,1.89585,2132
6,411161,1572796,CommonGovernment,CommonGovernment_1,vend_vendorname,"%CONSTRUCTION%INC%",SSELLVMCompiled,0.08637,22.0673,4.26497,921
6,411161,1572796,CommonGovernment,CommonGovernment_1,vend_vendorname,"%HEALTH%CARE%",SSELLVMCompiled,0.059805,29.5286,3.78944,597
6,411161,1572796,CommonGovernment,CommonGovernment_1,vend_vendorname,"%INTERNATIONAL%INC%",SSELLVMCompiled,0.092286,22.6327,4.43898,956
6,411161,1572796,CommonGovernment,CommonGovernment_1,vend_vendorname,"%COMMUNICATIONS%INC%",SSELLVMCompiled,0.128951,25.5219,4.42489,605
6,411161,1572796,CommonGovernment,CommonGovernment_1,vend_vendorname,"%GENERAL%DYNAMICS%",SSELLVMCompiled,0.07329,38.3121,3.15606,56
6,411161,1572796,CommonGovernment,CommonGovernment_1,vend_vendorname,"%LOCKHEED%MARTIN%",SSELLVMCompiled,0.077509,35.3329,3.62824,47
6,494564,1572767,HashTags,HashTags_1,interaction#content,"RT %@% #%",SSELLVMCompiled,0.055381,23.0247,2.44119,195
6,494564,1572767,HashTags,HashTags_1,interaction#content,"% #% #GreysAnatomy",SSELLVMCompiled,0.064706,27.8298,2.46231,288
6,494564,1572767,HashTags,HashTags_1,interaction#content,"%#Scandal%#%",SSELLVMCompiled,0.043365,24.0547,3.50711,2430
6,494564,1572767,HashTags,HashTags_1,interaction#content,"%#GreysAnatomy%#%",SSELLVMCompiled,0.056794,29.0921,3.27614,1218
6,494564,1572767,HashTags,HashTags_1,interaction#content,"Watching #% tonight %",SSELLVMCompiled,0.094041,25.6617,2.40498,2
6,494564,1572767,HashTags,HashTags_1,interaction#content,"% #% #Scandal",SSELLVMCompiled,0.057461,23.8701,2.67715,947
6,494564,1572767,HashTags,HashTags_1,interaction#content,"%#SharkTank%#%",SSELLVMCompiled,0.059155,32.172,3.12859,162
6,494564,1572767,HashTags,HashTags_1,interaction#content,"%#Nashville%#%",SSELLVMCompiled,0.05535,30.3955,3.7758,572
6,494564,1572767,HashTags,HashTags_1,interaction#content,"I am watching #% on % %",SSELLVMCompiled,0.093184,21.9916,2.34104,0
6,494564,1572767,HashTags,HashTags_1,interaction#content,"% tonight % tonight",SSELLVMCompiled,0.097757,42.3481,2.23134,0
6,494564,1572767,HashTags,HashTags_1,interaction#content,"%#ModernFamily%#%",SSELLVMCompiled,0.07137,37.0205,3.23074,109
6,494564,1572767,HashTags,HashTags_1,interaction#content,"%#ABC%#%",SSELLVMCompiled,0.053546,28.5113,3.82364,1104
6,494564,1572767,HashTags,HashTags_1,interaction#content,"%#tvtag%http%",SSELLVMCompiled,0.06777,36.3635,3.81773,1940
6,494564,1572767,HashTags,HashTags_1,interaction#content,"%#ScandalThursday%#%",SSELLVMCompiled,0.073168,32.7918,3.21729,343
6,494564,1572767,HashTags,HashTags_1,interaction#content,"%#OnceUponATime%#%",SSELLVMCompiled,0.077447,37.2561,3.01789,125
6,494564,1572767,HashTags,HashTags_1,interaction#content,"%#Castle%#%",SSELLVMCompiled,0.036907,24.6361,3.39084,162
6,56749,663585,HashTags,HashTags_1,twitter#user#location,"New York% NY %",SSELLVMCompiled,0.05821,16.959,0.299228,6
6,56749,663585,HashTags,HashTags_1,twitter#user#location,"% % Ohio",SSELLVMCompiled,0.048649,24.9133,0.247465,76
6,56749,663585,HashTags,HashTags_1,twitter#user#location,"%UT% % %",SSELLVMCompiled,0.067104,23.1486,1.01824,25
6,56749,663585,HashTags,HashTags_1,twitter#user#location,"% % , % %",SSELLVMCompiled,0.090848,20.8966,2.24093,25
6,56749,663585,HashTags,HashTags_1,twitter#user#location,"Chicago% IL %",SSELLVMCompiled,0.057205,17.6332,0.323034,15
6,56749,663585,HashTags,HashTags_1,twitter#user#location,"% % Texas",SSELLVMCompiled,0.047997,24.7191,0.25355,173
6,56749,663585,HashTags,HashTags_1,twitter#user#location,"% % - % %",SSELLVMCompiled,0.081499,20.3026,2.2377,145
6,56749,663585,HashTags,HashTags_1,twitter#user#location,"% % . % %",SSELLVMCompiled,0.097743,22.4346,2.14665,17
6,56749,663585,HashTags,HashTags_1,twitter#user#location,"Los Angeles% CA %",SSELLVMCompiled,0.057736,18.6092,0.527932,8
6,56749,663585,HashTags,HashTags_1,twitter#user#location,"% % California",SSELLVMCompiled,0.049215,25.8046,0.308492,128
6,56749,663585,HashTags,HashTags_1,twitter#user#location,"% Nashville % TN %",SSELLVMCompiled,0.116991,25.1918,1.39122,0
6,56749,663585,HashTags,HashTags_1,twitter#user#location,"% San % Francisco %",SSELLVMCompiled,0.114757,30.1807,1.01293,0
6,56749,663585,HashTags,HashTags_1,twitter#user#location,"% New % York %",SSELLVMCompiled,0.106549,28.0753,2.1687,0
6,56749,663585,HashTags,HashTags_1,twitter#user#location,"% Atlanta % GA %",SSELLVMCompiled,0.10875,27.9502,1.03729,0
6,56749,663585,HashTags,HashTags_1,twitter#user#location,"% % 757 %",SSELLVMCompiled,0.076269,19.5244,1.71609,8
6,56749,663585,HashTags,HashTags_1,twitter#user#location,"% % & % %",SSELLVMCompiled,0.092416,20.7812,1.88732,219
6,140953,1572709,CityMaxCapita,CityMaxCapita_1,First Link in Tweet,"http% instagram.com %",SSECppCompiled,0.023232,282.677,0.978474,0
6,140953,1572709,CityMaxCapita,CityMaxCapita_1,First Link in Tweet,"% status % 600",SSECppCompiled,0.019025,282.745,0.532492,0
6,140953,1572709,CityMaxCapita,CityMaxCapita_1,First Link in Tweet,"%instagram.com%p%",SSECppCompiled,0.079536,328.117,2.44393,22589
6,140953,1572709,CityMaxCapita,CityMaxCapita_1,First Link in Tweet,"%twitter.com%status%",SSECppCompiled,0.085681,345.627,2.69329,13124
6,140953,1572709,CityMaxCapita,CityMaxCapita_1,First Link in Tweet,"https% instagram.com %",SSECppCompiled,0.019748,282.872,1.04519,0
6,140953,1572709,CityMaxCapita,CityMaxCapita_1,First Link in Tweet,"% p % taken",SSECppCompiled,0.019414,285.503,0.525235,0
6,140953,1572709,CityMaxCapita,CityMaxCapita_1,First Link in Tweet,"%swarmapp.com%c%",SSECppCompiled,0.075061,318.538,2.26832,3962
6,140953,1572709,CityMaxCapita,CityMaxCapita_1,First Link in Tweet,"%bit.ly%1%",SSECppCompiled,0.043829,321.869,2.06233,4832
6,140953,1572709,CityMaxCapita,CityMaxCapita_1,First Link in Tweet,"http% bit.ly %",SSECppCompiled,0.018365,295.517,0.93996,0
6,140953,1572709,CityMaxCapita,CityMaxCapita_1,First Link in Tweet,"% 2015 % story.html",SSECppCompiled,0.019476,293.387,0.509336,0
6,140953,1572709,CityMaxCapita,CityMaxCapita_1,First Link in Tweet,"%youtube.com%watch%",SSECppCompiled,0.057688,333.453,2.07739,517
6,140953,1572709,CityMaxCapita,CityMaxCapita_1,First Link in Tweet,"%huffingtonpost.com%2015%",SSECppCompiled,0.080987,366.237,1.92566,36
6,140953,1572709,CityMaxCapita,CityMaxCapita_1,First Link in Tweet,"%nytimes.com%2015%",SSECppCompiled,0.056953,336.624,2.76851,123
6,140953,1572709,CityMaxCapita,CityMaxCapita_1,First Link in Tweet,"%washingtonpost.com%2015%",SSECppCompiled,0.050556,333.467,1.63725,71
6,140953,1572709,CityMaxCapita,CityMaxCapita_1,First Link in Tweet,"%facebook.com%status%",SSECppCompiled,0.070887,341.666,1.91346,0
6,140953,1572709,CityMaxCapita,CityMaxCapita_1,First Link in Tweet,"%youtu.be%Jk%",SSECppCompiled,0.042099,329.894,2.10027,3
6,402119,1572768,CityMaxCapita,CityMaxCapita_1,User Bio,"Senior % at %",SSECppCompiled,0.065682,298.082,1.61332,7
6,402119,1572768,CityMaxCapita,CityMaxCapita_1,User Bio,"% IG% NATHANN",SSECppCompiled,0.081635,317.383,1.62665,0
6,402119,1572768,CityMaxCapita,CityMaxCapita_1,User Bio,"%love%peace%",SSECppCompiled,0.037182,306.761,2.91458,8
6,402119,1572768,CityMaxCapita,CityMaxCapita_1,User Bio,"%music%art%",SSECppCompiled,0.056485,315.019,3.01348,63
6,402119,1572768,CityMaxCapita,CityMaxCapita_1,User Bio,"Student % at % University",SSECppCompiled,0.081771,312.971,1.68032,0
6,402119,1572768,CityMaxCapita,CityMaxCapita_1,User Bio,"% im % kitty",SSECppCompiled,0.084985,305.796,1.61575,0
6,402119,1572768,CityMaxCapita,CityMaxCapita_1,User Bio,"%founder%ceo%",SSECppCompiled,0.039722,310.6,2.55421,0
6,402119,1572768,CityMaxCapita,CityMaxCapita_1,User Bio,"%born%raised%",SSECppCompiled,0.055235,319.283,2.48366,49
6,402119,1572768,CityMaxCapita,CityMaxCapita_1,User Bio,"Live % life % it",SSECppCompiled,0.090437,308.993,1.74043,0
6,402119,1572768,CityMaxCapita,CityMaxCapita_1,User Bio,"% akron % 2019",SSECppCompiled,0.094624,320.785,1.69646,0
6,402119,1572768,CityMaxCapita,CityMaxCapita_1,User Bio,"%business%marketing%",SSECppCompiled,0.056185,333.141,2.50091,3
6,402119,1572768,CityMaxCapita,CityMaxCapita_1,User Bio,"%social%justice%",SSECppCompiled,0.051042,318.818,3.38739,30
6,402119,1572768,CityMaxCapita,CityMaxCapita_1,User Bio,"%university%graduate%",SSECppCompiled,0.06815,355.762,2.59624,1
6,402119,1572768,CityMaxCapita,CityMaxCapita_1,User Bio,"%travel%photography%",SSECppCompiled,0.052379,330.699,3.26385,5
6,402119,1572768,CityMaxCapita,CityMaxCapita_1,User Bio,"%food%wine%",SSECppCompiled,0.03131,313.635,2.53332,11
6,402119,1572768,CityMaxCapita,CityMaxCapita_1,User Bio,"%digital%media%",SSECppCompiled,0.068579,341.888,3.01768,4
6,1715,3813,CommonGovernment,CommonGovernment_1,prod_or_serv_code,"J0% %0%",SSECppCompiled,0.048856,301.037,0.026473,0
6,1715,3813,CommonGovernment,CommonGovernment_1,prod_or_serv_code,"% % 1%KF",SSECppCompiled,0.025313,307.378,0.014001,0
6,1715,3813,CommonGovernment,CommonGovernment_1,prod_or_serv_code,"%A%1%",SSECppCompiled,0.06489,305.158,0.023579,18
6,1715,3813,CommonGovernment,CommonGovernment_1,prod_or_serv_code,"%B%5%",SSECppCompiled,0.055605,298.008,0.040142,46
6,1715,3813,CommonGovernment,CommonGovernment_1,prod_or_serv_code,"R4% %1%",SSECppCompiled,0.060314,289.336,0.026368,0
6,1715,3813,CommonGovernment,CommonGovernment_1,prod_or_serv_code,"% % 2%44",SSECppCompiled,0.026141,294.14,0.018108,0
6,1715,3813,CommonGovernment,CommonGovernment_1,prod_or_serv_code,"%C%1%",SSECppCompiled,0.064766,297.154,0.023708,95
6,1715,3813,CommonGovernment,CommonGovernment_1,prod_or_serv_code,"%D%3%",SSECppCompiled,0.036044,295.686,0.022995,26
6,1715,3813,CommonGovernment,CommonGovernment_1,prod_or_serv_code,"Z1% %N%",SSECppCompiled,0.033703,290.441,0.028493,0
6,1715,3813,CommonGovernment,CommonGovernment_1,prod_or_serv_code,"% % 0%30",SSECppCompiled,0.026314,295.241,0.020043,0
6,1715,3813,CommonGovernment,CommonGovernment_1,prod_or_serv_code,"%E%1%",SSECppCompiled,0.060809,293.222,0.023564,64
6,1715,3813,CommonGovernment,CommonGovernment_1,prod_or_serv_code,"%J%0%",SSECppCompiled,0.050657,295.967,0.023311,59
6,1715,3813,CommonGovernment,CommonGovernment_1,prod_or_serv_code,"%M%1%",SSECppCompiled,0.064593,303.844,0.02361,109
6,1715,3813,CommonGovernment,CommonGovernment_1,prod_or_serv_code,"%R%4%",SSECppCompiled,0.037559,301.463,0.023104,36
6,1715,3813,CommonGovernment,CommonGovernment_1,prod_or_serv_code,"%Y%1%",SSECppCompiled,0.064107,306.317,0.024009,119
6,1715,3813,CommonGovernment,CommonGovernment_1,prod_or_serv_code,"%Z%2%",SSECppCompiled,0.05396,295.572,0.026531,112
6,411161,1572796,CommonGovernment,CommonGovernment_1,vend_vendorname,"DEPARTMENT % OF % HEALTH",SSECppCompiled,0.067879,317.17,2.00285,0
6,411161,1572796,CommonGovernment,CommonGovernment_1,vend_vendorname,"% % INC.",SSECppCompiled,0.064375,309.014,2.77643,17488
6,411161,1572796,CommonGovernment,CommonGovernment_1,vend_vendorname,"%SERVICES%INC%",SSECppCompiled,0.086253,327.078,4.51434,2818
6,411161,1572796,CommonGovernment,CommonGovernment_1,vend_vendorname,"%TECHNOLOGIES%LLC%",SSECppCompiled,0.068576,328.927,4.29247,227
6,411161,1572796,CommonGovernment,CommonGovernment_1,vend_vendorname,"UNIVERSITY % OF % MISSOURI",SSECppCompiled,0.061044,315.575,2.00414,0
6,411161,1572796,CommonGovernment,CommonGovernment_1,vend_vendorname,"% % LLC",SSECppCompiled,0.064587,300.434,2.76014,8362
6,411161,1572796,CommonGovernment,CommonGovernment_1,vend_vendorname,"%SYSTEMS%CORPORATION%",SSECppCompiled,0.076216,319.973,4.25598,130
6,411161,1572796,CommonGovernment,CommonGovernment_1,vend_vendorname,"%MANAGEMENT%SERVICES%",SSECppCompiled,0.070979,336.698,3.49437,163
6,411161,1572796,CommonGovernment,CommonGovernment_1,vend_vendorname,"COUNTY % OF % SHELBY",SSECppCompiled,0.061523,307.065,1.96433,0
6,411161,1572796,CommonGovernment,CommonGovernment_1,vend_vendorname,"% % CORPORATION",SSECppCompiled,0.067272,305.844,2.20196,2132
6,411161,1572796,CommonGovernment,CommonGovernment_1,vend_vendorname,"%CONSTRUCTION%INC%",SSECppCompiled,0.081254,305.807,4.14231,921
6,411161,1572796,CommonGovernment,CommonGovernment_1,vend_vendorname,"%HEALTH%CARE%",SSECppCompiled,0.057979,317.302,3.58834,597
6,411161,1572796,CommonGovernment,CommonGovernment_1,vend_vendorname,"%INTERNATIONAL%INC%",SSECppCompiled,0.088236,313.293,4.50474,956
6,411161,1572796,CommonGovernment,CommonGovernment_1,vend_vendorname,"%COMMUNICATIONS%INC%",SSECppCompiled,0.109539,323.8,3.95682,605
6,411161,1572796,CommonGovernment,CommonGovernment_1,vend_vendorname,"%GENERAL%DYNAMICS%",SSECppCompiled,0.072288,349.938,3.10877,56
6,411161,1572796,CommonGovernment,CommonGovernment_1,vend_vendorname,"%LOCKHEED%MARTIN%",SSECppCompiled,0.07537,350.738,3.69161,47
6,494564,1572767,HashTags,HashTags_1,interaction#content,"RT %@% #%",SSECppCompiled,0.060762,307.737,1.94855,195
6,494564,1572767,HashTags,HashTags_1,interaction#content,"% #% #GreysAnatomy",SSECppCompiled,0.076792,315.89,2.339,288
6,494564,1572767,HashTags,HashTags_1,interaction#content,"%#Scandal%#%",SSECppCompiled,0.042112,313.056,3.20221,2430
6,494564,1572767,HashTags,HashTags_1,interaction#content,"%#GreysAnatomy%#%",SSECppCompiled,0.054351,330.45,2.95123,1218
6,494564,1572767,HashTags,HashTags_1,interaction#content,"Watching #% tonight %",SSECppCompiled,0.089849,309.643,1.92308,2
6,494564,1572767,HashTags,HashTags_1,interaction#content,"% #% #Scandal",SSECppCompiled,0.060536,309.794,2.87183,947
6,494564,1572767,HashTags,HashTags_1,interaction#content,"%#SharkTank%#%",SSECppCompiled,0.066272,335.35,3.59496,162
6,494564,1572767,HashTags,HashTags_1,interaction#content,"%#Nashville%#%",SSECppCompiled,0.055003,321.641,3.30241,572
6,494564,1572767,HashTags,HashTags_1,interaction#content,"I am watching #% on % %",SSECppCompiled,0.092159,294.393,1.93869,0
6,494564,1572767,HashTags,HashTags_1,interaction#content,"% tonight % tonight",SSECppCompiled,0.094185,317.617,1.98098,0
6,494564,1572767,HashTags,HashTags_1,interaction#content,"%#ModernFamily%#%",SSECppCompiled,0.073036,336.916,3.23766,109
6,494564,1572767,HashTags,HashTags_1,interaction#content,"%#ABC%#%",SSECppCompiled,0.046172,314.978,3.40256,1104
6,494564,1572767,HashTags,HashTags_1,interaction#content,"%#tvtag%http%",SSECppCompiled,0.077923,341.611,3.40335,1940
6,494564,1572767,HashTags,HashTags_1,interaction#content,"%#ScandalThursday%#%",SSECppCompiled,0.068174,326.437,3.03645,343
6,494564,1572767,HashTags,HashTags_1,interaction#content,"%#OnceUponATime%#%",SSECppCompiled,0.076934,341.127,3.18389,125
6,494564,1572767,HashTags,HashTags_1,interaction#content,"%#Castle%#%",SSECppCompiled,0.037846,307.815,2.95443,162
6,56749,663585,HashTags,HashTags_1,twitter#user#location,"New York% NY %",SSECppCompiled,0.06017,304.677,0.336682,6
6,56749,663585,HashTags,HashTags_1,twitter#user#location,"% % Ohio",SSECppCompiled,0.047459,307.285,0.408934,76
6,56749,663585,HashTags,HashTags_1,twitter#user#location,"%UT% % %",SSECppCompiled,0.074643,312.289,1.22851,25
6,56749,663585,HashTags,HashTags_1,twitter#user#location,"% % , % %",SSECppCompiled,0.093519,305.023,2.35299,25
6,56749,663585,HashTags,HashTags_1,twitter#user#location,"Chicago% IL %",SSECppCompiled,0.058819,305.926,0.356341,15
6,56749,663585,HashTags,HashTags_1,twitter#user#location,"% % Texas",SSECppCompiled,0.046722,311.878,0.422213,173
6,56749,663585,HashTags,HashTags_1,twitter#user#location,"% % - % %",SSECppCompiled,0.08986,305.347,2.4545,145
6,56749,663585,HashTags,HashTags_1,twitter#user#location,"% % . % %",SSECppCompiled,0.100206,308.405,2.41403,17
6,56749,663585,HashTags,HashTags_1,twitter#user#location,"Los Angeles% CA %",SSECppCompiled,0.058016,306.183,0.536518,8
6,56749,663585,HashTags,HashTags_1,twitter#user#location,"% % California",SSECppCompiled,0.048579,301.796,0.400627,128
6,56749,663585,HashTags,HashTags_1,twitter#user#location,"% Nashville % TN %",SSECppCompiled,0.109044,317.636,1.70069,0
6,56749,663585,HashTags,HashTags_1,twitter#user#location,"% San % Francisco %",SSECppCompiled,0.123745,325.248,1.26159,0
6,56749,663585,HashTags,HashTags_1,twitter#user#location,"% New % York %",SSECppCompiled,0.110842,323.663,2.29201,0
6,56749,663585,HashTags,HashTags_1,twitter#user#location,"% Atlanta % GA %",SSECppCompiled,0.110394,319.881,1.28639,0
6,56749,663585,HashTags,HashTags_1,twitter#user#location,"% % 757 %",SSECppCompiled,0.082787,303.381,1.90807,8
6,56749,663585,HashTags,HashTags_1,twitter#user#location,"% % & % %",SSECppCompiled,0.095865,299.426,2.34747,219
6,140953,1572709,CityMaxCapita,CityMaxCapita_1,First Link in Tweet,"http% instagram.com %",SSEDecoded,0.001715,0,5.6099,0
6,140953,1572709,CityMaxCapita,CityMaxCapita_1,First Link in Tweet,"% status % 600",SSEDecoded,0.001182,0,4.50703,0
6,140953,1572709,CityMaxCapita,CityMaxCapita_1,First Link in Tweet,"%instagram.com%p%",SSEDecoded,0.001053,0,6.51792,22589
6,140953,1572709,CityMaxCapita,CityMaxCapita_1,First Link in Tweet,"%twitter.com%status%",SSEDecoded,0.001022,0,5.26119,13124
6,140953,1572709,CityMaxCapita,CityMaxCapita_1,First Link in Tweet,"https% instagram.com %",SSEDecoded,0.000837,0,5.18612,0
6,140953,1572709,CityMaxCapita,CityMaxCapita_1,First Link in Tweet,"% p % taken",SSEDecoded,0.000745,0,4.45127,0
6,140953,1572709,CityMaxCapita,CityMaxCapita_1,First Link in Tweet,"%swarmapp.com%c%",SSEDecoded,0.000832,0,5.03359,3962
6,140953,1572709,CityMaxCapita,CityMaxCapita_1,First Link in Tweet,"%bit.ly%1%",SSEDecoded,0.000735,0,4.90805,4832
6,140953,1572709,CityMaxCapita,CityMaxCapita_1,First Link in Tweet,"http% bit.ly %",SSEDecoded,0.000764,0,5.06944,0
6,140953,1572709,CityMaxCapita,CityMaxCapita_1,First Link in Tweet,"% 2015 % story.html",SSEDecoded,0.000645,0,4.49128,0
6,140953,1572709,CityMaxCapita,CityMaxCapita_1,First Link in Tweet,"%youtube.com%watch%",SSEDecoded,0.000796,0,4.74522,517
6,140953,1572709,CityMaxCapita,CityMaxCapita_1,First Link in Tweet,"%huffingtonpost.com%2015%",SSEDecoded,0.000726,0,5.10748,36
6,140953,1572709,CityMaxCapita,CityMaxCapita_1,First Link in Tweet,"%nytimes.com%2015%",SSEDecoded,0.000684,0,4.56792,123
6,140953,1572709,CityMaxCapita,CityMaxCapita_1,First Link in Tweet,"%washingtonpost.com%2015%",SSEDecoded,0.000635,0,5.33127,71
6,140953,1572709,CityMaxCapita,CityMaxCapita_1,First Link in Tweet,"%facebook.com%status%",SSEDecoded,0.000684,0,4.60839,0
6,140953,1572709,CityMaxCapita,CityMaxCapita_1,First Link in Tweet,"%youtu.be%Jk%",SSEDecoded,0.000651,0,4.56407,3
6,402119,1572768,CityMaxCapita,CityMaxCapita_1,User Bio,"Senior % at %",SSEDecoded,0.001157,0,5.98028,7
6,402119,1572768,CityMaxCapita,CityMaxCapita_1,User Bio,"% IG% NATHANN",SSEDecoded,0.000852,0,5.96198,0
6,402119,1572768,CityMaxCapita,CityMaxCapita_1,User Bio,"%love%peace%",SSEDecoded,0.00079,0,6.22212,8
6,402119,1572768,CityMaxCapita,CityMaxCapita_1,User Bio,"%music%art%",SSEDecoded,0.000789,0,6.15143,63
6,402119,1572768,CityMaxCapita,CityMaxCapita_1,User Bio,"Student % at % University",SSEDecoded,0.000646,0,5.74258,0
6,402119,1572768,CityMaxCapita,CityMaxCapita_1,User Bio,"% im % kitty",SSEDecoded,0.00064,0,6.48881,0
6,402119,1572768,CityMaxCapita,CityMaxCapita_1,User Bio,"%founder%ceo%",SSEDecoded,0.000955,0,6.94675,0
6,402119,1572768,CityMaxCapita,CityMaxCapita_1,User Bio,"%born%raised%",SSEDecoded,0.000844,0,6.76063,49
6,402119,1572768,CityMaxCapita,CityMaxCapita_1,User Bio,"Live % life % it",SSEDecoded,0.000777,0,6.08806,0
6,402119,1572768,CityMaxCapita,CityMaxCapita_1,User Bio,"% akron % 2019",SSEDecoded,0.000682,0,5.76004,0
6,402119,1572768,CityMaxCapita,CityMaxCapita_1,User Bio,"%business%marketing%",SSEDecoded,0.000767,0,6.14658,3
6,402119,1572768,CityMaxCapita,CityMaxCapita_1,User Bio,"%social%justice%",SSEDecoded,0.000784,0,6.37246,30
6,402119,1572768,CityMaxCapita,CityMaxCapita_1,User Bio,"%university%graduate%",SSEDecoded,0.000694,0,6.32682,1
6,402119,1572768,CityMaxCapita,CityMaxCapita_1,User Bio,"%travel%photography%",SSEDecoded,0.000752,0,6.16387,5
6,402119,1572768,CityMaxCapita,CityMaxCapita_1,User Bio,"%food%wine%",SSEDecoded,0.000722,0,6.34778,11
6,402119,1572768,CityMaxCapita,CityMaxCapita_1,User Bio,"%digital%media%",SSEDecoded,0.000781,0,6.12707,4
6,1715,3813,CommonGovernment,CommonGovernment_1,prod_or_serv_code,"J0% %0%",SSEDecoded,0.00073,0,0.065252,0
6,1715,3813,CommonGovernment,CommonGovernment_1,prod_or_serv_code,"% % 1%KF",SSEDecoded,0.000363,0,0.060021,0
6,1715,3813,CommonGovernment,CommonGovernment_1,prod_or_serv_code,"%A%1%",SSEDecoded,0.000253,0,0.0695,18
6,1715,3813,CommonGovernment,CommonGovernment_1,prod_or_serv_code,"%B%5%",SSEDecoded,0.000204,0,0.070008,46
6,1715,3813,CommonGovernment,CommonGovernment_1,prod_or_serv_code,"R4% %1%",SSEDecoded,0.000225,0,0.064762,0
6,1715,3813,CommonGovernment,CommonGovernment_1,prod_or_serv_code,"% % 2%44",SSEDecoded,0.000266,0,0.059504,0
6,1715,3813,CommonGovernment,CommonGovernment_1,prod_or_serv_code,"%C%1%",SSEDecoded,0.000183,0,0.07582,95
6,1715,3813,CommonGovernment,CommonGovernment_1,prod_or_serv_code,"%D%3%",SSEDecoded,0.000192,0,0.068821,26
6,1715,3813,CommonGovernment,CommonGovernment_1,prod_or_serv_code,"Z1% %N%",SSEDecoded,0.000204,0,0.06486,0
6,1715,3813,CommonGovernment,CommonGovernment_1,prod_or_serv_code,"% % 0%30",SSEDecoded,0.000246,0,0.060728,0
6,1715,3813,CommonGovernment,CommonGovernment_1,prod_or_serv_code,"%E%1%",SSEDecoded,0.000168,0,0.070392,64
6,1715,3813,CommonGovernment,CommonGovernment_1,prod_or_serv_code,"%J%0%",SSEDecoded,0.000167,0,0.069982,59
6,1715,3813,CommonGovernment,CommonGovernment_1,prod_or_serv_code,"%M%1%",SSEDecoded,0.000172,0,0.070229,109
6,1715,3813,CommonGovernment,CommonGovernment_1,prod_or_serv_code,"%R%4%",SSEDecoded,0.000168,0,0.06921,36
6,1715,3813,CommonGovernment,CommonGovernment_1,prod_or_serv_code,"%Y%1%",SSEDecoded,0.000169,0,0.071009,119
6,1715,3813,CommonGovernment,CommonGovernment_1,prod_or_serv_code,"%Z%2%",SSEDecoded,0.000168,0,0.091379,112
6,411161,1572796,CommonGovernment,CommonGovernment_1,vend_vendorname,"DEPARTMENT % OF % HEALTH",SSEDecoded,0.000641,0,7.49642,0
6,411161,1572796,CommonGovernment,CommonGovernment_1,vend_vendorname,"% % INC.",SSEDecoded,0.000822,0,8.05455,17488
6,411161,1572796,CommonGovernment,CommonGovernment_1,vend_vendorname,"%SERVICES%INC%",SSEDecoded,0.000855,0,8.65583,2818
6,411161,1572796,CommonGovernment,CommonGovernment_1,vend_vendorname,"%TECHNOLOGIES%LLC%",SSEDecoded,0.000805,0,8.58146,227
6,411161,1572796,CommonGovernment,CommonGovernment_1,vend_vendorname,"UNIVERSITY % OF % MISSOURI",SSEDecoded,0.000819,0,8.22381,0
6,411161,1572796,CommonGovernment,CommonGovernment_1,vend_vendorname,"% % LLC",SSEDecoded,0.000742,0,8.18471,8362
6,411161,1572796,CommonGovernment,CommonGovernment_1,vend_vendorname,"%SYSTEMS%CORPORATION%",SSEDecoded,0.001001,0,8.50994,130
6,411161,1572796,CommonGovernment,CommonGovernment_1,vend_vendorname,"%MANAGEMENT%SERVICES%",SSEDecoded,0.000966,0,8.16982,163
6,411161,1572796,CommonGovernment,CommonGovernment_1,vend_vendorname,"COUNTY % OF % SHELBY",SSEDecoded,0.000735,0,7.6863,0
6,411161,1572796,CommonGovernment,CommonGovernment_1,vend_vendorname,"% % CORPORATION",SSEDecoded,0.000623,0,7.74773,2132
6,411161,1572796,CommonGovernment,CommonGovernment_1,vend_vendorname,"%CONSTRUCTION%INC%",SSEDecoded,0.000827,0,8.17568,921
6,411161,1572796,CommonGovernment,CommonGovernment_1,vend_vendorname,"%HEALTH%CARE%",SSEDecoded,0.0007,0,8.48681,597
6,411161,1572796,CommonGovernment,CommonGovernment_1,vend_vendorname,"%INTERNATIONAL%INC%",SSEDecoded,0.000913,0,10.6212,956
6,411161,1572796,CommonGovernment,CommonGovernment_1,vend_vendorname,"%COMMUNICATIONS%INC%",SSEDecoded,0.000814,0,9.84046,605
6,411161,1572796,CommonGovernment,CommonGovernment_1,vend_vendorname,"%GENERAL%DYNAMICS%",SSEDecoded,0.00077,0,8.15339,56
6,411161,1572796,CommonGovernment,CommonGovernment_1,vend_vendorname,"%LOCKHEED%MARTIN%",SSEDecoded,0.000966,0,8.72904,47
6,494564,1572767,HashTags,HashTags_1,interaction#content,"RT %@% #%",SSEDecoded,0.000826,0,7.54154,195
6,494564,1572767,HashTags,HashTags_1,interaction#content,"% #% #GreysAnatomy",SSEDecoded,0.000743,0,7.48005,288
6,494564,1572767,HashTags,HashTags_1,interaction#content,"%#Scandal%#%",SSEDecoded,0.000937,0,7.91025,2430
6,494564,1572767,HashTags,HashTags_1,interaction#content,"%#GreysAnatomy%#%",SSEDecoded,0.000784,0,7.85357,1218
6,494564,1572767,HashTags,HashTags_1,interaction#content,"Watching #% tonight %",SSEDecoded,0.000689,0,6.7331,2
6,494564,1572767,HashTags,HashTags_1,interaction#content,"% #% #Scandal",SSEDecoded,0.000641,0,6.99882,947
6,494564,1572767,HashTags,HashTags_1,interaction#content,"%#SharkTank%#%",SSEDecoded,0.000774,0,6.98762,162
6,494564,1572767,HashTags,HashTags_1,interaction#content,"%#Nashville%#%",SSEDecoded,0.000661,0,7.23374,572
6,494564,1572767,HashTags,HashTags_1,interaction#content,"I am watching #% on % %",SSEDecoded,0.00077,0,6.68936,0
6,494564,1572767,HashTags,HashTags_1,interaction#content,"% tonight % tonight",SSEDecoded,0.000691,0,6.60839,0
6,494564,1572767,HashTags,HashTags_1,interaction#content,"%#ModernFamily%#%",SSEDecoded,0.000739,0,8.01311,109
6,494564,1572767,HashTags,HashTags_1,interaction#content,"%#ABC%#%",SSEDecoded,0.00074,0,7.09465,1104
6,494564,1572767,HashTags,HashTags_1,interaction#content,"%#tvtag%http%",SSEDecoded,0.000847,0,7.1168,1940
6,494564,1572767,HashTags,HashTags_1,interaction#content,"%#ScandalThursday%#%",SSEDecoded,0.00076,0,8.53802,343
6,494564,1572767,HashTags,HashTags_1,interaction#content,"%#OnceUponATime%#%",SSEDecoded,0.000731,0,8.67751,125
6,494564,1572767,HashTags,HashTags_1,interaction#content,"%#Castle%#%",SSEDecoded,0.000793,0,7.79068,162
6,56749,663585,HashTags,HashTags_1,twitter#user#location,"New York% NY %",SSEDecoded,0.000817,0,2.76954,6
6,56749,663585,HashTags,HashTags_1,twitter#user#location,"% % Ohio",SSEDecoded,0.000644,0,2.76137,76
6,56749,663585,HashTags,HashTags_1,twitter#user#location,"%UT% % %",SSEDecoded,0.000756,0,3.2314,25
6,56749,663585,HashTags,HashTags_1,twitter#user#location,"% % , % %",SSEDecoded,0.000815,0,3.66443,25
6,56749,663585,HashTags,HashTags_1,twitter#user#location,"Chicago% IL %",SSEDecoded,0.00059,0,2.57794,15
6,56749,663585,HashTags,HashTags_1,twitter#user#location,"% % Texas",SSEDecoded,0.000533,0,2.67891,173
6,56749,663585,HashTags,HashTags_1,twitter#user#location,"% % - % %",SSEDecoded,0.000768,0,3.59088,145
6,56749,663585,HashTags,HashTags_1,twitter#user#location,"% % . % %",SSEDecoded,0.00071,0,3.89718,17
6,56749,663585,HashTags,HashTags_1,twitter#user#location,"Los Angeles% CA %",SSEDecoded,0.000605,0,2.71042,8
6,56749,663585,HashTags,HashTags_1,twitter#user#location,"% % California",SSEDecoded,0.000518,0,2.52652,128
6,56749,663585,HashTags,HashTags_1,twitter#user#location,"% Nashville % TN %",SSEDecoded,0.00081,0,2.87602,0
6,56749,663585,HashTags,HashTags_1,twitter#user#location,"% San % Francisco %",SSEDecoded,0.000715,0,2.81483,0
6,56749,663585,HashTags,HashTags_1,twitter#user#location,"% New % York %",SSEDecoded,0.000711,0,3.14834,0
6,56749,663585,HashTags,HashTags_1,twitter#user#location,"% Atlanta % GA %",SSEDecoded,0.00066,0,2.76722,0
6,56749,663585,HashTags,HashTags_1,twitter#user#location,"% % 757 %",SSEDecoded,0.000629,0,3.51006,8
6,56749,663585,HashTags,HashTags_1,twitter#user#location,"% % & % %",SSEDecoded,0.000782,0,3.82145,219
6,140953,1572709,CityMaxCapita,CityMaxCapita_1,First Link in Tweet,"http% instagram.com %",VectorScan,0.996323,0,8.4623,0
6,140953,1572709,CityMaxCapita,CityMaxCapita_1,First Link in Tweet,"% status % 600",VectorScan,0.570835,0,7.61105,0
6,140953,1572709,CityMaxCapita,CityMaxCapita_1,First Link in Tweet,"%instagram.com%p%",VectorScan,0.52601,0,9.41717,22589
6,140953,1572709,CityMaxCapita,CityMaxCapita_1,First Link in Tweet,"%twitter.com%status%",VectorScan,0.431507,0,9.22458,13124
6,140953,1572709,CityMaxCapita,CityMaxCapita_1,First Link in Tweet,"https% instagram.com %",VectorScan,0.576594,0,7.72612,0
6,140953,1572709,CityMaxCapita,CityMaxCapita_1,First Link in Tweet,"% p % taken",VectorScan,0.511084,0,7.6338,0
6,140953,1572709,CityMaxCapita,CityMaxCapita_1,First Link in Tweet,"%swarmapp.com%c%",VectorScan,0.461115,0,7.99368,3962
6,140953,1572709,CityMaxCapita,CityMaxCapita_1,First Link in Tweet,"%bit.ly%1%",VectorScan,0.406825,0,7.70373,4832
6,140953,1572709,CityMaxCapita,CityMaxCapita_1,First Link in Tweet,"http% bit.ly %",VectorScan,0.439036,0,7.99017,0
6,140953,1572709,CityMaxCapita,CityMaxCapita_1,First Link in Tweet,"% 2015 % story.html",VectorScan,0.677077,0,7.36103,0
6,140953,1572709,CityMaxCapita,CityMaxCapita_1,First Link in Tweet,"%youtube.com%watch%",VectorScan,0.399232,0,7.83951,517
6,140953,1572709,CityMaxCapita,CityMaxCapita_1,First Link in Tweet,"%huffingtonpost.com%2015%",VectorScan,0.485607,0,7.70171,36
6,140953,1572709,CityMaxCapita,CityMaxCapita_1,First Link in Tweet,"%nytimes.com%2015%",VectorScan,0.380513,0,7.72997,123
6,140953,1572709,CityMaxCapita,CityMaxCapita_1,First Link in Tweet,"%washingtonpost.com%2015%",VectorScan,0.450972,0,7.74347,71
6,140953,1572709,CityMaxCapita,CityMaxCapita_1,First Link in Tweet,"%facebook.com%status%",VectorScan,0.428949,0,7.95987,0
6,140953,1572709,CityMaxCapita,CityMaxCapita_1,First Link in Tweet,"%youtu.be%Jk%",VectorScan,0.458046,0,7.65467,3
6,402119,1572768,CityMaxCapita,CityMaxCapita_1,User Bio,"Senior % at %",VectorScan,0.407281,0,9.30703,7
6,402119,1572768,CityMaxCapita,CityMaxCapita_1,User Bio,"% IG% NATHANN",VectorScan,0.513683,0,10.6671,0
6,402119,1572768,CityMaxCapita,CityMaxCapita_1,User Bio,"%love%peace%",VectorScan,0.3826,0,10.7073,8
6,402119,1572768,CityMaxCapita,CityMaxCapita_1,User Bio,"%music%art%",VectorScan,0.313452,0,10.3022,63
6,402119,1572768,CityMaxCapita,CityMaxCapita_1,User Bio,"Student % at % University",VectorScan,0.88747,0,9.37753,0
6,402119,1572768,CityMaxCapita,CityMaxCapita_1,User Bio,"% im % kitty",VectorScan,0.523415,0,10.8291,0
6,402119,1572768,CityMaxCapita,CityMaxCapita_1,User Bio,"%founder%ceo%",VectorScan,0.329918,0,10.1778,0
6,402119,1572768,CityMaxCapita,CityMaxCapita_1,User Bio,"%born%raised%",VectorScan,0.411068,0,10.2388,49
6,402119,1572768,CityMaxCapita,CityMaxCapita_1,User Bio,"Live % life % it",VectorScan,0.778475,0,9.53924,0
6,402119,1572768,CityMaxCapita,CityMaxCapita_1,User Bio,"% akron % 2019",VectorScan,0.483318,0,11.0941,0
6,402119,1572768,CityMaxCapita,CityMaxCapita_1,User Bio,"%business%marketing%",VectorScan,0.497237,0,10.5804,3
6,402119,1572768,CityMaxCapita,CityMaxCapita_1,User Bio,"%social%justice%",VectorScan,0.445285,0,10.753,30
6,402119,1572768,CityMaxCapita,CityMaxCapita_1,User Bio,"%university%graduate%",VectorScan,0.428813,0,10.6748,1
6,402119,1572768,CityMaxCapita,CityMaxCapita_1,User Bio,"%travel%photography%",VectorScan,0.509958,0,10.6872,5
6,402119,1572768,CityMaxCapita,CityMaxCapita_1,User Bio,"%food%wine%",VectorScan,0.372977,0,10.42,11
6,402119,1572768,CityMaxCapita,CityMaxCapita_1,User Bio,"%digital%media%",VectorScan,0.321286,0,10.0308,4
6,1715,3813,CommonGovernment,CommonGovernment_1,prod_or_serv_code,"J0% %0%",VectorScan,0.43378,0,0.09243,0
6,1715,3813,CommonGovernment,CommonGovernment_1,prod_or_serv_code,"% % 1%KF",VectorScan,0.630268,0,0.076593,0
6,1715,3813,CommonGovernment,CommonGovernment_1,prod_or_serv_code,"%A%1%",VectorScan,0.245166,0,0.104362,18
6,1715,3813,CommonGovernment,CommonGovernment_1,prod_or_serv_code,"%B%5%",VectorScan,0.258908,0,0.107193,46
6,1715,3813,CommonGovernment,CommonGovernment_1,prod_or_serv_code,"R4% %1%",VectorScan,0.419424,0,0.102982,0
6,1715,3813,CommonGovernment,CommonGovernment_1,prod_or_serv_code,"% % 2%44",VectorScan,0.625659,0,0.077567,0
6,1715,3813,CommonGovernment,CommonGovernment_1,prod_or_serv_code,"%C%1%",VectorScan,0.252094,0,0.108434,95
6,1715,3813,CommonGovernment,CommonGovernment_1,prod_or_serv_code,"%D%3%",VectorScan,0.244549,0,0.110362,26
6,1715,3813,CommonGovernment,CommonGovernment_1,prod_or_serv_code,"Z1% %N%",VectorScan,0.377446,0,0.094058,0
6,1715,3813,CommonGovernment,CommonGovernment_1,prod_or_serv_code,"% % 0%30",VectorScan,0.560942,0,0.069096,0
6,1715,3813,CommonGovernment,CommonGovernment_1,prod_or_serv_code,"%E%1%",VectorScan,0.221638,0,0.096261,64
6,1715,3813,CommonGovernment,CommonGovernment_1,prod_or_serv_code,"%J%0%",VectorScan,0.201296,0,0.09531,59
6,1715,3813,CommonGovernment,CommonGovernment_1,prod_or_serv_code,"%M%1%",VectorScan,0.237568,0,0.105471,109
6,1715,3813,CommonGovernment,CommonGovernment_1,prod_or_serv_code,"%R%4%",VectorScan,0.214364,0,0.103752,36
6,1715,3813,CommonGovernment,CommonGovernment_1,prod_or_serv_code,"%Y%1%",VectorScan,0.212656,0,0.105772,119
6,1715,3813,CommonGovernment,CommonGovernment_1,prod_or_serv_code,"%Z%2%",VectorScan,0.227592,0,0.096608,112
6,411161,1572796,CommonGovernment,CommonGovernment_1,vend_vendorname,"DEPARTMENT % OF % HEALTH",VectorScan,0.745032,0,11.9816,0
6,411161,1572796,CommonGovernment,CommonGovernment_1,vend_vendorname,"% % INC.",VectorScan,0.545556,0,17.3334,17488
6,411161,1572796,CommonGovernment,CommonGovernment_1,vend_vendorname,"%SERVICES%INC%",VectorScan,0.339318,0,14.9295,2818
6,411161,1572796,CommonGovernment,CommonGovernment_1,vend_vendorname,"%TECHNOLOGIES%LLC%",VectorScan,0.401429,0,15.4339,227
6,411161,1572796,CommonGovernment,CommonGovernment_1,vend_vendorname,"UNIVERSITY % OF % MISSOURI",VectorScan,0.876031,0,11.7431,0
6,411161,1572796,CommonGovernment,CommonGovernment_1,vend_vendorname,"% % LLC",VectorScan,0.528273,0,15.6728,8362
6,411161,1572796,CommonGovernment,CommonGovernment_1,vend_vendorname,"%SYSTEMS%CORPORATION%",VectorScan,0.46904,0,13.4402,130
6,411161,1572796,CommonGovernment,CommonGovernment_1,vend_vendorname,"%MANAGEMENT%SERVICES%",VectorScan,0.435691,0,14.4603,163
6,411161,1572796,CommonGovernment,CommonGovernment_1,vend_vendorname,"COUNTY % OF % SHELBY",VectorScan,0.773328,0,11.9563,0
6,411161,1572796,CommonGovernment,CommonGovernment_1,vend_vendorname,"% % CORPORATION",VectorScan,0.65791,0,15.9866,2132
6,411161,1572796,CommonGovernment,CommonGovernment_1,vend_vendorname,"%CONSTRUCTION%INC%",VectorScan,0.392733,0,16.1432,921
6,411161,1572796,CommonGovernment,CommonGovernment_1,vend_vendorname,"%HEALTH%CARE%",VectorScan,0.306024,0,14.0693,597
6,411161,1572796,CommonGovernment,CommonGovernment_1,vend_vendorname,"%INTERNATIONAL%INC%",VectorScan,0.390371,0,15.3424,956
6,411161,1572796,CommonGovernment,CommonGovernment_1,vend_vendorname,"%COMMUNICATIONS%INC%",VectorScan,0.366955,0,15.355,605
6,411161,1572796,CommonGovernment,CommonGovernment_1,vend_vendorname,"%GENERAL%DYNAMICS%",VectorScan,0.477748,0,14.5471,56
6,411161,1572796,CommonGovernment,CommonGovernment_1,vend_vendorname,"%LOCKHEED%MARTIN%",VectorScan,0.38524,0,14.3991,47
6,494564,1572767,HashTags,HashTags_1,interaction#content,"RT %@% #%",VectorScan,0.446838,0,10.6271,195
6,494564,1572767,HashTags,HashTags_1,interaction#content,"% #% #GreysAnatomy",VectorScan,0.641583,0,13.501,288
6,494564,1572767,HashTags,HashTags_1,interaction#content,"%#Scandal%#%",VectorScan,0.378464,0,11.7269,2400
6,494564,1572767,HashTags,HashTags_1,interaction#content,"%#GreysAnatomy%#%",VectorScan,0.41517,0,11.3235,1207
6,494564,1572767,HashTags,HashTags_1,interaction#content,"Watching #% tonight %",VectorScan,0.463627,0,10.1086,2
6,494564,1572767,HashTags,HashTags_1,interaction#content,"% #% #Scandal",VectorScan,0.56509,0,14.6698,947
6,494564,1572767,HashTags,HashTags_1,interaction#content,"%#SharkTank%#%",VectorScan,0.428391,0,11.7803,150
6,494564,1572767,HashTags,HashTags_1,interaction#content,"%#Nashville%#%",VectorScan,0.42037,0,11.6959,557
6,494564,1572767,HashTags,HashTags_1,interaction#content,"I am watching #% on % %",VectorScan,0.664284,0,10.6965,0
6,494564,1572767,HashTags,HashTags_1,interaction#content,"% tonight % tonight",VectorScan,0.609055,0,11.7026,0
6,494564,1572767,HashTags,HashTags_1,interaction#content,"%#ModernFamily%#%",VectorScan,0.456226,0,10.5294,106
6,494564,1572767,HashTags,HashTags_1,interaction#content,"%#ABC%#%",VectorScan,0.322154,0,10.3871,1061
6,494564,1572767,HashTags,HashTags_1,interaction#content,"%#tvtag%http%",VectorScan,0.308906,0,11.0785,1940
6,494564,1572767,HashTags,HashTags_1,interaction#content,"%#ScandalThursday%#%",VectorScan,0.443929,0,11.2606,342
6,494564,1572767,HashTags,HashTags_1,interaction#content,"%#OnceUponATime%#%",VectorScan,0.471763,0,11.3658,124
6,494564,1572767,HashTags,HashTags_1,interaction#content,"%#Castle%#%",VectorScan,0.401491,0,11.4798,159
6,56749,663585,HashTags,HashTags_1,twitter#user#location,"New York% NY %",VectorScan,0.395267,0,3.82148,6
6,56749,663585,HashTags,HashTags_1,twitter#user#location,"% % Ohio",VectorScan,0.553292,0,5.30511,76
6,56749,663585,HashTags,HashTags_1,twitter#user#location,"%UT% % %",VectorScan,0.421623,0,4.89102,25
6,56749,663585,HashTags,HashTags_1,twitter#user#location,"% % , % %",VectorScan,0.540028,0,5.13131,25
6,56749,663585,HashTags,HashTags_1,twitter#user#location,"Chicago% IL %",VectorScan,0.378861,0,3.61651,15
6,56749,663585,HashTags,HashTags_1,twitter#user#location,"% % Texas",VectorScan,0.532403,0,5.10194,173
6,56749,663585,HashTags,HashTags_1,twitter#user#location,"% % - % %",VectorScan,0.574533,0,5.24014,145
6,56749,663585,HashTags,HashTags_1,twitter#user#location,"% % . % %",VectorScan,0.554738,0,5.31571,17
6,56749,663585,HashTags,HashTags_1,twitter#user#location,"Los Angeles% CA %",VectorScan,0.386392,0,3.51254,8
6,56749,663585,HashTags,HashTags_1,twitter#user#location,"% % California",VectorScan,0.593786,0,4.81396,128
6,56749,663585,HashTags,HashTags_1,twitter#user#location,"% Nashville % TN %",VectorScan,0.426119,0,4.10142,0
6,56749,663585,HashTags,HashTags_1,twitter#user#location,"% San % Francisco %",VectorScan,0.46295,0,3.91916,0
6,56749,663585,HashTags,HashTags_1,twitter#user#location,"% New % York %",VectorScan,0.454784,0,4.60718,0
6,56749,663585,HashTags,HashTags_1,twitter#user#location,"% Atlanta % GA %",VectorScan,0.398378,0,4.35551,0
6,56749,663585,HashTags,HashTags_1,twitter#user#location,"% % 757 %",VectorScan,0.44742,0,5.16732,8
6,56749,663585,HashTags,HashTags_1,twitter#user#location,"% % & % %",VectorScan,0.546018,0,5.36163,219
7,140953,1572709,CityMaxCapita,CityMaxCapita_1,First Link in Tweet,"http% instagram.com %",InMemory,0.025747,0.000105,16.0133,0
7,140953,1572709,CityMaxCapita,CityMaxCapita_1,First Link in Tweet,"% status % 600",InMemory,0.013758,4.8e-05,0.984813,0
7,140953,1572709,CityMaxCapita,CityMaxCapita_1,First Link in Tweet,"%instagram.com%p%",InMemory,0.072945,4.2e-05,27.6836,22589
7,140953,1572709,CityMaxCapita,CityMaxCapita_1,First Link in Tweet,"%twitter.com%status%",InMemory,0.064527,2.2e-05,28.8469,13124
7,140953,1572709,CityMaxCapita,CityMaxCapita_1,First Link in Tweet,"https% instagram.com %",InMemory,0.010913,1.6e-05,9.38731,0
7,140953,1572709,CityMaxCapita,CityMaxCapita_1,First Link in Tweet,"% p % taken",InMemory,0.009682,1.7e-05,0.93619,0
7,140953,1572709,CityMaxCapita,CityMaxCapita_1,First Link in Tweet,"%swarmapp.com%c%",InMemory,0.055037,2.1e-05,26.0658,3962
7,140953,1572709,CityMaxCapita,CityMaxCapita_1,First Link in Tweet,"%bit.ly%1%",InMemory,0.033879,2e-05,20.1727,4832
7,140953,1572709,CityMaxCapita,CityMaxCapita_1,First Link in Tweet,"http% bit.ly %",InMemory,0.009052,2e-05,16.0798,0
7,140953,1572709,CityMaxCapita,CityMaxCapita_1,First Link in Tweet,"% 2015 % story.html",InMemory,0.009847,2.2e-05,0.960727,0
7,140953,1572709,CityMaxCapita,CityMaxCapita_1,First Link in Tweet,"%youtube.com%watch%",InMemory,0.041503,1.7e-05,17.6034,517
7,140953,1572709,CityMaxCapita,CityMaxCapita_1,First Link in Tweet,"%huffingtonpost.com%2015%",InMemory,0.058688,2.1e-05,14.1412,36
7,140953,1572709,CityMaxCapita,CityMaxCapita_1,First Link in Tweet,"%nytimes.com%2015%",InMemory,0.034953,2.1e-05,24.6801,123
7,140953,1572709,CityMaxCapita,CityMaxCapita_1,First Link in Tweet,"%washingtonpost.com%2015%",InMemory,0.038346,4.3e-05,10.5492,71
7,140953,1572709,CityMaxCapita,CityMaxCapita_1,First Link in Tweet,"%facebook.com%status%",InMemory,0.044829,2.6e-05,12.5504,0
7,140953,1572709,CityMaxCapita,CityMaxCapita_1,First Link in Tweet,"%youtu.be%Jk%",InMemory,0.031658,2.8e-05,17.6821,3
7,402119,1572768,CityMaxCapita,CityMaxCapita_1,User Bio,"Senior % at %",InMemory,0.053491,3.1e-05,2.6686,7
7,402119,1572768,CityMaxCapita,CityMaxCapita_1,User Bio,"% IG% NATHANN",InMemory,0.065991,1.6e-05,2.48108,0
7,402119,1572768,CityMaxCapita,CityMaxCapita_1,User Bio,"%love%peace%",InMemory,0.026606,2.1e-05,30.7192,8
7,402119,1572768,CityMaxCapita,CityMaxCapita_1,User Bio,"%music%art%",InMemory,0.038582,2.1e-05,27.5796,63
7,402119,1572768,CityMaxCapita,CityMaxCapita_1,User Bio,"Student % at % University",InMemory,0.061434,2.1e-05,2.28571,0
7,402119,1572768,CityMaxCapita,CityMaxCapita_1,User Bio,"% im % kitty",InMemory,0.05322,2.1e-05,2.3155,0
7,402119,1572768,CityMaxCapita,CityMaxCapita_1,User Bio,"%founder%ceo%",InMemory,0.027282,2.1e-05,17.6843,0
7,402119,1572768,CityMaxCapita,CityMaxCapita_1,User Bio,"%born%raised%",InMemory,0.036525,2e-05,20.8527,49
7,402119,1572768,CityMaxCapita,CityMaxCapita_1,User Bio,"Live % life % it",InMemory,0.07525,2.1e-05,3.07556,0
7,402119,1572768,CityMaxCapita,CityMaxCapita_1,User Bio,"% akron % 2019",InMemory,0.076169,3.6e-05,2.37215,0
7,402119,1572768,CityMaxCapita,CityMaxCapita_1,User Bio,"%business%marketing%",InMemory,0.04442,2.7e-05,19.3599,3
7,402119,1572768,CityMaxCapita,CityMaxCapita_1,User Bio,"%social%justice%",InMemory,0.037808,1.6e-05,28.1216,30
7,402119,1572768,CityMaxCapita,CityMaxCapita_1,User Bio,"%university%graduate%",InMemory,0.049688,3.8e-05,19.4348,1
7,402119,1572768,CityMaxCapita,CityMaxCapita_1,User Bio,"%travel%photography%",InMemory,0.03791,2.2e-05,28.9164,5
7,402119,1572768,CityMaxCapita,CityMaxCapita_1,User Bio,"%food%wine%",InMemory,0.020603,3.8e-05,18.6213,11
7,402119,1572768,CityMaxCapita,CityMaxCapita_1,User Bio,"%digital%media%",InMemory,0.049641,3.1e-05,22.6836,4
7,1715,3813,CommonGovernment,CommonGovernment_1,prod_or_serv_code,"J0% %0%",InMemory,0.038556,3.6e-05,0.042783,0
7,1715,3813,CommonGovernment,CommonGovernment_1,prod_or_serv_code,"% % 1%KF",InMemory,0.011611,2.1e-05,0.012865,0
7,1715,3813,CommonGovernment,CommonGovernment_1,prod_or_serv_code,"%A%1%",InMemory,0.044309,2.1e-05,0.058935,18
7,1715,3813,CommonGovernment,CommonGovernment_1,prod_or_serv_code,"%B%5%",InMemory,0.027172,1.7e-05,0.092642,46
7,1715,3813,CommonGovernment,CommonGovernment_1,prod_or_serv_code,"R4% %1%",InMemory,0.035397,1.7e-05,0.039383,0
7,1715,3813,CommonGovernment,CommonGovernment_1,prod_or_serv_code,"% % 2%44",InMemory,0.010928,1.7e-05,0.03738,0
7,1715,3813,CommonGovernment,CommonGovernment_1,prod_or_serv_code,"%C%1%",InMemory,0.038944,2.1e-05,0.090502,95
7,1715,3813,CommonGovernment,CommonGovernment_1,prod_or_serv_code,"%D%3%",InMemory,0.019575,1.7e-05,0.092327,26
7,1715,3813,CommonGovernment,CommonGovernment_1,prod_or_serv_code,"Z1% %N%",InMemory,0.014321,1.6e-05,0.055074,0
7,1715,3813,CommonGovernment,CommonGovernment_1,prod_or_serv_code,"% % 0%30",InMemory,0.010086,1.6e-05,0.038425,0
7,1715,3813,CommonGovernment,CommonGovernment_1,prod_or_serv_code,"%E%1%",InMemory,0.036128,1.7e-05,0.083499,64
7,1715,3813,CommonGovernment,CommonGovernment_1,prod_or_serv_code,"%J%0%",InMemory,0.028128,1.6e-05,0.081602,59
7,1715,3813,CommonGovernment,CommonGovernment_1,prod_or_serv_code,"%M%1%",InMemory,0.037827,1.7e-05,0.079537,109
7,1715,3813,CommonGovernment,CommonGovernment_1,prod_or_serv_code,"%R%4%",InMemory,0.019527,2.2e-05,0.096547,36
7,1715,3813,CommonGovernment,CommonGovernment_1,prod_or_serv_code,"%Y%1%",InMemory,0.037579,1.5e-05,0.084341,119
7,1715,3813,CommonGovernment,CommonGovernment_1,prod_or_serv_code,"%Z%2%",InMemory,0.031539,1.7e-05,0.103634,112
7,411161,1572796,CommonGovernment,CommonGovernment_1,vend_vendorname,"DEPARTMENT % OF % HEALTH",InMemory,0.053901,2.6e-05,3.02694,0
7,411161,1572796,CommonGovernment,CommonGovernment_1,vend_vendorname,"% % INC.",InMemory,0.051316,1.6e-05,5.3172,17488
7,411161,1572796,CommonGovernment,CommonGovernment_1,vend_vendorname,"%SERVICES%INC%",InMemory,0.068885,3.8e-05,40.4134,2818
7,411161,1572796,CommonGovernment,CommonGovernment_1,vend_vendorname,"%TECHNOLOGIES%LLC%",InMemory,0.054984,3.7e-05,26.0679,227
7,411161,1572796,CommonGovernment,CommonGovernment_1,vend_vendorname,"UNIVERSITY % OF % MISSOURI",InMemory,0.04641,2.3e-05,2.83147,0
7,411161,1572796,CommonGovernment,CommonGovernment_1,vend_vendorname,"% % LLC",InMemory,0.048675,2.9e-05,5.78284,8362
7,411161,1572796,CommonGovernment,CommonGovernment_1,vend_vendorname,"%SYSTEMS%CORPORATION%",InMemory,0.059968,2.2e-05,30.8408,130
7,411161,1572796,CommonGovernment,CommonGovernment_1,vend_vendorname,"%MANAGEMENT%SERVICES%",InMemory,0.054891,2.2e-05,19.484,163
7,411161,1572796,CommonGovernment,CommonGovernment_1,vend_vendorname,"COUNTY % OF % SHELBY",InMemory,0.044611,2.1e-05,2.81227,0
7,411161,1572796,CommonGovernment,CommonGovernment_1,vend_vendorname,"% % CORPORATION",InMemory,0.060193,2.7e-05,4.37792,2132
7,411161,1572796,CommonGovernment,CommonGovernment_1,vend_vendorname,"%CONSTRUCTION%INC%",InMemory,0.064566,4.1e-05,29.2141,921
7,411161,1572796,CommonGovernment,CommonGovernment_1,vend_vendorname,"%HEALTH%CARE%",InMemory,0.04546,2.2e-05,22.1079,597
7,411161,1572796,CommonGovernment,CommonGovernment_1,vend_vendorname,"%INTERNATIONAL%INC%",InMemory,0.068961,2.2e-05,25.4779,956
7,411161,1572796,CommonGovernment,CommonGovernment_1,vend_vendorname,"%COMMUNICATIONS%INC%",InMemory,0.093332,3.4e-05,24.3593,605
7,411161,1572796,CommonGovernment,CommonGovernment_1,vend_vendorname,"%GENERAL%DYNAMICS%",InMemory,0.058715,4e-05,13.6269,56
7,411161,1572796,CommonGovernment,CommonGovernment_1,vend_vendorname,"%LOCKHEED%MARTIN%",InMemory,0.051764,2.1e-05,21.5928,47
7,494564,1572767,HashTags,HashTags_1,interaction#content,"RT %@% #%",InMemory,0.050176,3.3e-05,3.41732,195
7,494564,1572767,HashTags,HashTags_1,interaction#content,"% #% #GreysAnatomy",InMemory,0.049274,2.2e-05,5.40787,288
7,494564,1572767,HashTags,HashTags_1,interaction#content,"%#Scandal%#%",InMemory,0.028553,1.9e-05,29.0396,2430
7,494564,1572767,HashTags,HashTags_1,interaction#content,"%#GreysAnatomy%#%",InMemory,0.037111,4e-05,26.7082,1218
7,494564,1572767,HashTags,HashTags_1,interaction#content,"Watching #% tonight %",InMemory,0.075108,3.5e-05,3.2044,2
7,494564,1572767,HashTags,HashTags_1,interaction#content,"% #% #Scandal",InMemory,0.043991,1.7e-05,9.54541,947
7,494564,1572767,HashTags,HashTags_1,interaction#content,"%#SharkTank%#%",InMemory,0.055246,3.6e-05,25.4747,162
7,494564,1572767,HashTags,HashTags_1,interaction#content,"%#Nashville%#%",InMemory,0.037582,4.1e-05,26.368,572
7,494564,1572767,HashTags,HashTags_1,interaction#content,"I am watching #% on % %",InMemory,0.073766,4e-05,2.82274,0
7,494564,1572767,HashTags,HashTags_1,interaction#content,"% tonight % tonight",InMemory,0.072717,3.5e-05,3.07343,0
7,494564,1572767,HashTags,HashTags_1,interaction#content,"%#ModernFamily%#%",InMemory,0.058316,2.2e-05,23.6374,109
7,494564,1572767,HashTags,HashTags_1,interaction#content,"%#ABC%#%",InMemory,0.033364,3.7e-05,28.7392,1104
7,494564,1572767,HashTags,HashTags_1,interaction#content,"%#tvtag%http%",InMemory,0.054709,3.6e-05,26.6403,1940
7,494564,1572767,HashTags,HashTags_1,interaction#content,"%#ScandalThursday%#%",InMemory,0.051353,4.9e-05,25.1159,343
7,494564,1572767,HashTags,HashTags_1,interaction#content,"%#OnceUponATime%#%",InMemory,0.057588,1.6e-05,22.7216,125
7,494564,1572767,HashTags,HashTags_1,interaction#content,"%#Castle%#%",InMemory,0.026906,2e-05,28.3686,162
7,56749,663585,HashTags,HashTags_1,twitter#user#location,"New York% NY %",InMemory,0.046071,3.4e-05,0.563136,6
7,56749,663585,HashTags,HashTags_1,twitter#user#location,"% % Ohio",InMemory,0.034889,2.1e-05,0.48986,76
7,56749,663585,HashTags,HashTags_1,twitter#user#location,"%UT% % %",InMemory,0.050553,2.9e-05,6.88451,25
7,56749,663585,HashTags,HashTags_1,twitter#user#location,"% % , % %",InMemory,0.073477,3.5e-05,13.9511,25
7,56749,663585,HashTags,HashTags_1,twitter#user#location,"Chicago% IL %",InMemory,0.041668,2.5e-05,0.549989,15
7,56749,663585,HashTags,HashTags_1,twitter#user#location,"% % Texas",InMemory,0.031617,2.1e-05,0.744907,173
7,56749,663585,HashTags,HashTags_1,twitter#user#location,"% % - % %",InMemory,0.063062,2.1e-05,13.8897,145
7,56749,663585,HashTags,HashTags_1,twitter#user#location,"% % . % %",InMemory,0.079306,2.1e-05,13.5808,17
7,56749,663585,HashTags,HashTags_1,twitter#user#location,"Los Angeles% CA %",InMemory,0.042155,2e-05,0.648457,8
7,56749,663585,HashTags,HashTags_1,twitter#user#location,"% % California",InMemory,0.029826,1.4e-05,0.660854,128
7,56749,663585,HashTags,HashTags_1,twitter#user#location,"% Nashville % TN %",InMemory,0.094693,3.7e-05,7.84213,0
7,56749,663585,HashTags,HashTags_1,twitter#user#location,"% San % Francisco %",InMemory,0.089206,1.9e-05,5.31609,0
7,56749,663585,HashTags,HashTags_1,twitter#user#location,"% New % York %",InMemory,0.097507,2.3e-05,13.6078,0
7,56749,663585,HashTags,HashTags_1,twitter#user#location,"% Atlanta % GA %",InMemory,0.08624,1.7e-05,6.63711,0
7,56749,663585,HashTags,HashTags_1,twitter#user#location,"% % 757 %",InMemory,0.065856,2.1e-05,11.3603,8
7,56749,663585,HashTags,HashTags_1,twitter#user#location,"% % & % %",InMemory,0.079703,2.2e-05,14.0209,219
7,140953,1572709,CityMaxCapita,CityMaxCapita_1,First Link in Tweet,"http% instagram.com %",SSELLVMCompiled,0.023635,11.8524,1.99737,0
7,140953,1572709,CityMaxCapita,CityMaxCapita_1,First Link in Tweet,"% status % 600",SSELLVMCompiled,0.012493,4.04047,0.520796,0
7,140953,1572709,CityMaxCapita,CityMaxCapita_1,First Link in Tweet,"%instagram.com%p%",SSELLVMCompiled,0.072938,34.3394,2.2902,22589
7,140953,1572709,CityMaxCapita,CityMaxCapita_1,First Link in Tweet,"%twitter.com%status%",SSELLVMCompiled,0.081486,35.9967,2.50645,13124
7,140953,1572709,CityMaxCapita,CityMaxCapita_1,First Link in Tweet,"https% instagram.com %",SSELLVMCompiled,0.01489,10.1963,1.49687,0
7,140953,1572709,CityMaxCapita,CityMaxCapita_1,First Link in Tweet,"% p % taken",SSELLVMCompiled,0.013803,3.80244,0.488102,0
7,140953,1572709,CityMaxCapita,CityMaxCapita_1,First Link in Tweet,"%swarmapp.com%c%",SSELLVMCompiled,0.080659,27.5845,2.18409,3962
7,140953,1572709,CityMaxCapita,CityMaxCapita_1,First Link in Tweet,"%bit.ly%1%",SSELLVMCompiled,0.04414,28.2437,1.92823,4832
7,140953,1572709,CityMaxCapita,CityMaxCapita_1,First Link in Tweet,"http% bit.ly %",SSELLVMCompiled,0.012228,9.5131,1.92215,0
7,140953,1572709,CityMaxCapita,CityMaxCapita_1,First Link in Tweet,"% 2015 % story.html",SSELLVMCompiled,0.013609,3.76576,0.498954,0
7,140953,1572709,CityMaxCapita,CityMaxCapita_1,First Link in Tweet,"%youtube.com%watch%",SSELLVMCompiled,0.054226,33.0506,1.84051,517
7,140953,1572709,CityMaxCapita,CityMaxCapita_1,First Link in Tweet,"%huffingtonpost.com%2015%",SSELLVMCompiled,0.079508,39.7839,1.90451,36
7,140953,1572709,CityMaxCapita,CityMaxCapita_1,First Link in Tweet,"%nytimes.com%2015%",SSELLVMCompiled,0.058471,32.0305,2.49993,123
7,140953,1572709,CityMaxCapita,CityMaxCapita_1,First Link in Tweet,"%washingtonpost.com%2015%",SSELLVMCompiled,0.046875,26.9469,1.56733,71
7,140953,1572709,CityMaxCapita,CityMaxCapita_1,First Link in Tweet,"%facebook.com%status%",SSELLVMCompiled,0.065858,28.7356,1.64027,0
7,140953,1572709,CityMaxCapita,CityMaxCapita_1,First Link in Tweet,"%youtu.be%Jk%",SSELLVMCompiled,0.058584,28.4097,1.96809,3
7,402119,1572768,CityMaxCapita,CityMaxCapita_1,User Bio,"Senior % at %",SSELLVMCompiled,0.060689,15.9131,1.56628,7
7,402119,1572768,CityMaxCapita,CityMaxCapita_1,User Bio,"% IG% NATHANN",SSELLVMCompiled,0.074099,36.4263,1.77331,0
7,402119,1572768,CityMaxCapita,CityMaxCapita_1,User Bio,"%love%peace%",SSELLVMCompiled,0.029,23.3679,3.33758,8
7,402119,1572768,CityMaxCapita,CityMaxCapita_1,User Bio,"%music%art%",SSELLVMCompiled,0.0547,25.9533,2.90874,63
7,402119,1572768,CityMaxCapita,CityMaxCapita_1,User Bio,"Student % at % University",SSELLVMCompiled,0.073991,33.3168,1.79712,0
7,402119,1572768,CityMaxCapita,CityMaxCapita_1,User Bio,"% im % kitty",SSELLVMCompiled,0.070356,33.441,1.89923,0
7,402119,1572768,CityMaxCapita,CityMaxCapita_1,User Bio,"%founder%ceo%",SSELLVMCompiled,0.062567,25.718,2.57242,0
7,402119,1572768,CityMaxCapita,CityMaxCapita_1,User Bio,"%born%raised%",SSELLVMCompiled,0.050206,26.3123,2.70933,49
7,402119,1572768,CityMaxCapita,CityMaxCapita_1,User Bio,"Live % life % it",SSELLVMCompiled,0.083462,32.6921,2.11136,0
7,402119,1572768,CityMaxCapita,CityMaxCapita_1,User Bio,"% akron % 2019",SSELLVMCompiled,0.107383,50.3898,1.92036,0
7,402119,1572768,CityMaxCapita,CityMaxCapita_1,User Bio,"%business%marketing%",SSELLVMCompiled,0.069275,31.3356,2.79956,3
7,402119,1572768,CityMaxCapita,CityMaxCapita_1,User Bio,"%social%justice%",SSELLVMCompiled,0.061098,30.486,3.6604,30
7,402119,1572768,CityMaxCapita,CityMaxCapita_1,User Bio,"%university%graduate%",SSELLVMCompiled,0.064835,32.4879,2.47692,1
7,402119,1572768,CityMaxCapita,CityMaxCapita_1,User Bio,"%travel%photography%",SSELLVMCompiled,0.059575,27.5648,3.16328,5
7,402119,1572768,CityMaxCapita,CityMaxCapita_1,User Bio,"%food%wine%",SSELLVMCompiled,0.024199,21.4461,2.80863,11
7,402119,1572768,CityMaxCapita,CityMaxCapita_1,User Bio,"%digital%media%",SSELLVMCompiled,0.0683,32.3107,3.12355,4
7,1715,3813,CommonGovernment,CommonGovernment_1,prod_or_serv_code,"J0% %0%",SSELLVMCompiled,0.045668,14.4332,0.015433,0
7,1715,3813,CommonGovernment,CommonGovernment_1,prod_or_serv_code,"% % 1%KF",SSELLVMCompiled,0.02188,15.9826,0.008413,0
7,1715,3813,CommonGovernment,CommonGovernment_1,prod_or_serv_code,"%A%1%",SSELLVMCompiled,0.062232,17.7074,0.016008,18
7,1715,3813,CommonGovernment,CommonGovernment_1,prod_or_serv_code,"%B%5%",SSELLVMCompiled,0.039575,18.4229,0.019253,46
7,1715,3813,CommonGovernment,CommonGovernment_1,prod_or_serv_code,"R4% %1%",SSELLVMCompiled,0.056535,15.6898,0.017432,0
7,1715,3813,CommonGovernment,CommonGovernment_1,prod_or_serv_code,"% % 2%44",SSELLVMCompiled,0.02177,14.0449,0.01324,0
7,1715,3813,CommonGovernment,CommonGovernment_1,prod_or_serv_code,"%C%1%",SSELLVMCompiled,0.060452,18.1451,0.018544,95
7,1715,3813,CommonGovernment,CommonGovernment_1,prod_or_serv_code,"%D%3%",SSELLVMCompiled,0.03435,17.8415,0.017625,26
7,1715,3813,CommonGovernment,CommonGovernment_1,prod_or_serv_code,"Z1% %N%",SSELLVMCompiled,0.024606,19.5963,0.019192,0
7,1715,3813,CommonGovernment,CommonGovernment_1,prod_or_serv_code,"% % 0%30",SSELLVMCompiled,0.018059,15.0902,0.012529,0
7,1715,3813,CommonGovernment,CommonGovernment_1,prod_or_serv_code,"%E%1%",SSELLVMCompiled,0.058114,19.5064,0.01727,64
7,1715,3813,CommonGovernment,CommonGovernment_1,prod_or_serv_code,"%J%0%",SSELLVMCompiled,0.045639,18.2017,0.016603,59
7,1715,3813,CommonGovernment,CommonGovernment_1,prod_or_serv_code,"%M%1%",SSELLVMCompiled,0.056659,17.7672,0.017267,109
7,1715,3813,CommonGovernment,CommonGovernment_1,prod_or_serv_code,"%R%4%",SSELLVMCompiled,0.028306,17.2501,0.01675,36
7,1715,3813,CommonGovernment,CommonGovernment_1,prod_or_serv_code,"%Y%1%",SSELLVMCompiled,0.056738,18.2025,0.018393,119
7,1715,3813,CommonGovernment,CommonGovernment_1,prod_or_serv_code,"%Z%2%",SSELLVMCompiled,0.053528,14.644,0.018961,112
7,411161,1572796,CommonGovernment,CommonGovernment_1,vend_vendorname,"DEPARTMENT % OF % HEALTH",SSELLVMCompiled,0.0596,28.1346,1.95373,0
7,411161,1572796,CommonGovernment,CommonGovernment_1,vend_vendorname,"% % INC.",SSELLVMCompiled,0.05688,22.8728,2.45956,17488
7,411161,1572796,CommonGovernment,CommonGovernment_1,vend_vendorname,"%SERVICES%INC%",SSELLVMCompiled,0.085379,25.7234,4.75624,2818
7,411161,1572796,CommonGovernment,CommonGovernment_1,vend_vendorname,"%TECHNOLOGIES%LLC%",SSELLVMCompiled,0.070817,29.5201,3.94538,227
7,411161,1572796,CommonGovernment,CommonGovernment_1,vend_vendorname,"UNIVERSITY % OF % MISSOURI",SSELLVMCompiled,0.055949,27.4301,1.9687,0
7,411161,1572796,CommonGovernment,CommonGovernment_1,vend_vendorname,"% % LLC",SSELLVMCompiled,0.058366,23.5838,2.41391,8362
7,411161,1572796,CommonGovernment,CommonGovernment_1,vend_vendorname,"%SYSTEMS%CORPORATION%",SSELLVMCompiled,0.074547,26.3294,4.20533,130
7,411161,1572796,CommonGovernment,CommonGovernment_1,vend_vendorname,"%MANAGEMENT%SERVICES%",SSELLVMCompiled,0.065561,32.2403,3.28733,163
7,411161,1572796,CommonGovernment,CommonGovernment_1,vend_vendorname,"COUNTY % OF % SHELBY",SSELLVMCompiled,0.054562,28.3305,1.92965,0
7,411161,1572796,CommonGovernment,CommonGovernment_1,vend_vendorname,"% % CORPORATION",SSELLVMCompiled,0.059721,26.0945,2.00438,2132
7,411161,1572796,CommonGovernment,CommonGovernment_1,vend_vendorname,"%CONSTRUCTION%INC%",SSELLVMCompiled,0.082134,20.7391,3.99959,921
7,411161,1572796,CommonGovernment,CommonGovernment_1,vend_vendorname,"%HEALTH%CARE%",SSELLVMCompiled,0.058466,27.2803,3.68906,597
7,411161,1572796,CommonGovernment,CommonGovernment_1,vend_vendorname,"%INTERNATIONAL%INC%",SSELLVMCompiled,0.079702,20.6771,4.23015,956
7,411161,1572796,CommonGovernment,CommonGovernment_1,vend_vendorname,"%COMMUNICATIONS%INC%",SSELLVMCompiled,0.114743,25.8217,3.79116,605
7,411161,1572796,CommonGovernment,CommonGovernment_1,vend_vendorname,"%GENERAL%DYNAMICS%",SSELLVMCompiled,0.064673,34.8282,2.99852,56
7,411161,1572796,CommonGovernment,CommonGovernment_1,vend_vendorname,"%LOCKHEED%MARTIN%",SSELLVMCompiled,0.060657,33.048,3.74173,47
7,494564,1572767,HashTags,HashTags_1,interaction#content,"RT %@% #%",SSELLVMCompiled,0.059663,22.7061,2.16015,195
7,494564,1572767,HashTags,HashTags_1,interaction#content,"% #% #GreysAnatomy",SSELLVMCompiled,0.057649,25.251,2.32063,288
7,494564,1572767,HashTags,HashTags_1,interaction#content,"%#Scandal%#%",SSELLVMCompiled,0.035362,22.6907,3.3502,2430
7,494564,1572767,HashTags,HashTags_1,interaction#content,"%#GreysAnatomy%#%",SSELLVMCompiled,0.049368,28.2486,3.39402,1218
7,494564,1572767,HashTags,HashTags_1,interaction#content,"Watching #% tonight %",SSELLVMCompiled,0.09549,23.4526,2.14878,2
7,494564,1572767,HashTags,HashTags_1,interaction#content,"% #% #Scandal",SSELLVMCompiled,0.052718,21.6956,2.56107,947
7,494564,1572767,HashTags,HashTags_1,interaction#content,"%#SharkTank%#%",SSELLVMCompiled,0.055902,30.7355,3.01638,162
7,494564,1572767,HashTags,HashTags_1,interaction#content,"%#Nashville%#%",SSELLVMCompiled,0.047751,30.1802,3.58507,572
7,494564,1572767,HashTags,HashTags_1,interaction#content,"I am watching #% on % %",SSELLVMCompiled,0.086821,20.4038,2.15526,0
7,494564,1572767,HashTags,HashTags_1,interaction#content,"% tonight % tonight",SSELLVMCompiled,0.086911,40.4889,2.13438,0
7,494564,1572767,HashTags,HashTags_1,interaction#content,"%#ModernFamily%#%",SSELLVMCompiled,0.062938,36.7468,2.91262,109
7,494564,1572767,HashTags,HashTags_1,interaction#content,"%#ABC%#%",SSELLVMCompiled,0.043369,25.6735,3.50578,1104
7,494564,1572767,HashTags,HashTags_1,interaction#content,"%#tvtag%http%",SSELLVMCompiled,0.07157,36.629,3.73162,1940
7,494564,1572767,HashTags,HashTags_1,interaction#content,"%#ScandalThursday%#%",SSELLVMCompiled,0.070873,31.6466,2.97894,343
7,494564,1572767,HashTags,HashTags_1,interaction#content,"%#OnceUponATime%#%",SSELLVMCompiled,0.0738,34.5775,2.98867,125
7,494564,1572767,HashTags,HashTags_1,interaction#content,"%#Castle%#%",SSELLVMCompiled,0.035255,22.8885,3.22644,162
7,56749,663585,HashTags,HashTags_1,twitter#user#location,"New York% NY %",SSELLVMCompiled,0.05737,16.7335,0.316401,6
7,56749,663585,HashTags,HashTags_1,twitter#user#location,"% % Ohio",SSELLVMCompiled,0.054129,23.3781,0.268097,76
7,56749,663585,HashTags,HashTags_1,twitter#user#location,"%UT% % %",SSELLVMCompiled,0.070518,21.8419,1.10177,25
7,56749,663585,HashTags,HashTags_1,twitter#user#location,"% % , % %",SSELLVMCompiled,0.089646,19.4462,2.06639,25
7,56749,663585,HashTags,HashTags_1,twitter#user#location,"Chicago% IL %",SSELLVMCompiled,0.053642,16.5346,0.313741,15
7,56749,663585,HashTags,HashTags_1,twitter#user#location,"% % Texas",SSELLVMCompiled,0.044545,24.4007,0.294919,173
7,56749,663585,HashTags,HashTags_1,twitter#user#location,"% % - % %",SSELLVMCompiled,0.089809,19.4204,2.05021,145
7,56749,663585,HashTags,HashTags_1,twitter#user#location,"% % . % %",SSELLVMCompiled,0.096921,20.8778,2.07653,17
7,56749,663585,HashTags,HashTags_1,twitter#user#location,"Los Angeles% CA %",SSELLVMCompiled,0.055161,17.0323,0.459981,8
7,56749,663585,HashTags,HashTags_1,twitter#user#location,"% % California",SSELLVMCompiled,0.042549,25.0491,0.327535,128
7,56749,663585,HashTags,HashTags_1,twitter#user#location,"% Nashville % TN %",SSELLVMCompiled,0.113574,25.715,1.3754,0
7,56749,663585,HashTags,HashTags_1,twitter#user#location,"% San % Francisco %",SSELLVMCompiled,0.10626,30.5232,1.04139,0
7,56749,663585,HashTags,HashTags_1,twitter#user#location,"% New % York %",SSELLVMCompiled,0.108497,26.6774,2.13186,0
7,56749,663585,HashTags,HashTags_1,twitter#user#location,"% Atlanta % GA %",SSELLVMCompiled,0.116785,28.7581,1.13706,0
7,56749,663585,HashTags,HashTags_1,twitter#user#location,"% % 757 %",SSELLVMCompiled,0.078298,20.7861,1.8832,8
7,56749,663585,HashTags,HashTags_1,twitter#user#location,"% % & % %",SSELLVMCompiled,0.094731,22.8202,2.06738,219
7,140953,1572709,CityMaxCapita,CityMaxCapita_1,First Link in Tweet,"http% instagram.com %",SSECppCompiled,0.025396,282.402,0.927051,0
7,140953,1572709,CityMaxCapita,CityMaxCapita_1,First Link in Tweet,"% status % 600",SSECppCompiled,0.019457,285.233,0.506046,0
7,140953,1572709,CityMaxCapita,CityMaxCapita_1,First Link in Tweet,"%instagram.com%p%",SSECppCompiled,0.080078,333.744,2.4726,22589
7,140953,1572709,CityMaxCapita,CityMaxCapita_1,First Link in Tweet,"%twitter.com%status%",SSECppCompiled,0.082294,357.35,2.64074,13124
7,140953,1572709,CityMaxCapita,CityMaxCapita_1,First Link in Tweet,"https% instagram.com %",SSECppCompiled,0.020483,296.906,1.04071,0
7,140953,1572709,CityMaxCapita,CityMaxCapita_1,First Link in Tweet,"% p % taken",SSECppCompiled,0.021239,295.624,0.509427,0
7,140953,1572709,CityMaxCapita,CityMaxCapita_1,First Link in Tweet,"%swarmapp.com%c%",SSECppCompiled,0.075934,329.795,2.27382,3962
7,140953,1572709,CityMaxCapita,CityMaxCapita_1,First Link in Tweet,"%bit.ly%1%",SSECppCompiled,0.046671,326.797,2.05223,4832
7,140953,1572709,CityMaxCapita,CityMaxCapita_1,First Link in Tweet,"http% bit.ly %",SSECppCompiled,0.018199,292.739,0.977937,0
7,140953,1572709,CityMaxCapita,CityMaxCapita_1,First Link in Tweet,"% 2015 % story.html",SSECppCompiled,0.020203,293.946,0.522738,0
7,140953,1572709,CityMaxCapita,CityMaxCapita_1,First Link in Tweet,"%youtube.com%watch%",SSECppCompiled,0.05934,336.347,2.09544,517
7,140953,1572709,CityMaxCapita,CityMaxCapita_1,First Link in Tweet,"%huffingtonpost.com%2015%",SSECppCompiled,0.080272,349.605,1.97389,36
7,140953,1572709,CityMaxCapita,CityMaxCapita_1,First Link in Tweet,"%nytimes.com%2015%",SSECppCompiled,0.050821,322.134,2.727,123
7,140953,1572709,CityMaxCapita,CityMaxCapita_1,First Link in Tweet,"%washingtonpost.com%2015%",SSECppCompiled,0.050176,320.476,1.67059,71
7,140953,1572709,CityMaxCapita,CityMaxCapita_1,First Link in Tweet,"%facebook.com%status%",SSECppCompiled,0.071586,330.822,1.87985,0
7,140953,1572709,CityMaxCapita,CityMaxCapita_1,First Link in Tweet,"%youtu.be%Jk%",SSECppCompiled,0.042133,321.256,2.10809,3
7,402119,1572768,CityMaxCapita,CityMaxCapita_1,User Bio,"Senior % at %",SSECppCompiled,0.063267,289.542,1.58421,7
7,402119,1572768,CityMaxCapita,CityMaxCapita_1,User Bio,"% IG% NATHANN",SSECppCompiled,0.082995,312.798,1.64288,0
7,402119,1572768,CityMaxCapita,CityMaxCapita_1,User Bio,"%love%peace%",SSECppCompiled,0.042148,302.948,2.95539,8
7,402119,1572768,CityMaxCapita,CityMaxCapita_1,User Bio,"%music%art%",SSECppCompiled,0.062312,312.179,3.0035,63
7,402119,1572768,CityMaxCapita,CityMaxCapita_1,User Bio,"Student % at % University",SSECppCompiled,0.082903,320.084,1.65486,0
7,402119,1572768,CityMaxCapita,CityMaxCapita_1,User Bio,"% im % kitty",SSECppCompiled,0.073926,317.137,1.63203,0
7,402119,1572768,CityMaxCapita,CityMaxCapita_1,User Bio,"%founder%ceo%",SSECppCompiled,0.04197,323.178,2.53073,0
7,402119,1572768,CityMaxCapita,CityMaxCapita_1,User Bio,"%born%raised%",SSECppCompiled,0.056207,333.766,2.57997,49
7,402119,1572768,CityMaxCapita,CityMaxCapita_1,User Bio,"Live % life % it",SSECppCompiled,0.09231,321.085,1.77535,0
7,402119,1572768,CityMaxCapita,CityMaxCapita_1,User Bio,"% akron % 2019",SSECppCompiled,0.096696,327.395,1.66969,0
7,402119,1572768,CityMaxCapita,CityMaxCapita_1,User Bio,"%business%marketing%",SSECppCompiled,0.059408,346.807,2.50777,3
7,402119,1572768,CityMaxCapita,CityMaxCapita_1,User Bio,"%social%justice%",SSECppCompiled,0.053525,332.903,3.39689,30
7,402119,1572768,CityMaxCapita,CityMaxCapita_1,User Bio,"%university%graduate%",SSECppCompiled,0.071585,355.091,2.58694,1
7,402119,1572768,CityMaxCapita,CityMaxCapita_1,User Bio,"%travel%photography%",SSECppCompiled,0.05422,328.957,3.24548,5
7,402119,1572768,CityMaxCapita,CityMaxCapita_1,User Bio,"%food%wine%",SSECppCompiled,0.030327,305.473,2.51558,11
7,402119,1572768,CityMaxCapita,CityMaxCapita_1,User Bio,"%digital%media%",SSECppCompiled,0.069893,330.06,2.95064,4
7,1715,3813,CommonGovernment,CommonGovernment_1,prod_or_serv_code,"J0% %0%",SSECppCompiled,0.048207,290.228,0.025816,0
7,1715,3813,CommonGovernment,CommonGovernment_1,prod_or_serv_code,"% % 1%KF",SSECppCompiled,0.024834,291.857,0.014323,0
7,1715,3813,CommonGovernment,CommonGovernment_1,prod_or_serv_code,"%A%1%",SSECppCompiled,0.064574,297.603,0.024166,18
7,1715,3813,CommonGovernment,CommonGovernment_1,prod_or_serv_code,"%B%5%",SSECppCompiled,0.047032,296.472,0.023813,46
7,1715,3813,CommonGovernment,CommonGovernment_1,prod_or_serv_code,"R4% %1%",SSECppCompiled,0.060915,287.249,0.026907,0
7,1715,3813,CommonGovernment,CommonGovernment_1,prod_or_serv_code,"% % 2%44",SSECppCompiled,0.026255,302.201,0.017835,0
7,1715,3813,CommonGovernment,CommonGovernment_1,prod_or_serv_code,"%C%1%",SSECppCompiled,0.065054,295.9,0.023648,95
7,1715,3813,CommonGovernment,CommonGovernment_1,prod_or_serv_code,"%D%3%",SSECppCompiled,0.037117,298.433,0.024541,26
7,1715,3813,CommonGovernment,CommonGovernment_1,prod_or_serv_code,"Z1% %N%",SSECppCompiled,0.032747,300.018,0.028109,0
7,1715,3813,CommonGovernment,CommonGovernment_1,prod_or_serv_code,"% % 0%30",SSECppCompiled,0.025979,302.552,0.020345,0
7,1715,3813,CommonGovernment,CommonGovernment_1,prod_or_serv_code,"%E%1%",SSECppCompiled,0.06226,301.159,0.022493,64
7,1715,3813,CommonGovernment,CommonGovernment_1,prod_or_serv_code,"%J%0%",SSECppCompiled,0.051469,304.149,0.022754,59
7,1715,3813,CommonGovernment,CommonGovernment_1,prod_or_serv_code,"%M%1%",SSECppCompiled,0.064793,302.614,0.023442,109
7,1715,3813,CommonGovernment,CommonGovernment_1,prod_or_serv_code,"%R%4%",SSECppCompiled,0.037864,304.619,0.022427,36
7,1715,3813,CommonGovernment,CommonGovernment_1,prod_or_serv_code,"%Y%1%",SSECppCompiled,0.065744,306.52,0.023413,119
7,1715,3813,CommonGovernment,CommonGovernment_1,prod_or_serv_code,"%Z%2%",SSECppCompiled,0.053825,293.718,0.0262,112
7,411161,1572796,CommonGovernment,CommonGovernment_1,vend_vendorname,"DEPARTMENT % OF % HEALTH",SSECppCompiled,0.068669,321.27,2.01831,0
7,411161,1572796,CommonGovernment,CommonGovernment_1,vend_vendorname,"% % INC.",SSECppCompiled,0.06621,307.124,2.75484,17488
7,411161,1572796,CommonGovernment,CommonGovernment_1,vend_vendorname,"%SERVICES%INC%",SSECppCompiled,0.087131,330.15,4.39858,2818
7,411161,1572796,CommonGovernment,CommonGovernment_1,vend_vendorname,"%TECHNOLOGIES%LLC%",SSECppCompiled,0.076046,330.761,4.34237,227
7,411161,1572796,CommonGovernment,CommonGovernment_1,vend_vendorname,"UNIVERSITY % OF % MISSOURI",SSECppCompiled,0.062387,309.266,2.0042,0
7,411161,1572796,CommonGovernment,CommonGovernment_1,vend_vendorname,"% % LLC",SSECppCompiled,0.065078,300.337,2.80999,8362
7,411161,1572796,CommonGovernment,CommonGovernment_1,vend_vendorname,"%SYSTEMS%CORPORATION%",SSECppCompiled,0.075741,322.884,4.23583,130
7,411161,1572796,CommonGovernment,CommonGovernment_1,vend_vendorname,"%MANAGEMENT%SERVICES%",SSECppCompiled,0.071774,338.097,3.45324,163
7,411161,1572796,CommonGovernment,CommonGovernment_1,vend_vendorname,"COUNTY % OF % SHELBY",SSECppCompiled,0.059402,308.78,1.96751,0
7,411161,1572796,CommonGovernment,CommonGovernment_1,vend_vendorname,"% % CORPORATION",SSECppCompiled,0.066605,300.777,2.23475,2132
7,411161,1572796,CommonGovernment,CommonGovernment_1,vend_vendorname,"%CONSTRUCTION%INC%",SSECppCompiled,0.084173,311.039,4.14648,921
7,411161,1572796,CommonGovernment,CommonGovernment_1,vend_vendorname,"%HEALTH%CARE%",SSECppCompiled,0.058621,319.925,3.59963,597
7,411161,1572796,CommonGovernment,CommonGovernment_1,vend_vendorname,"%INTERNATIONAL%INC%",SSECppCompiled,0.087029,311.59,4.37914,956
7,411161,1572796,CommonGovernment,CommonGovernment_1,vend_vendorname,"%COMMUNICATIONS%INC%",SSECppCompiled,0.11987,321.999,3.78807,605
7,411161,1572796,CommonGovernment,CommonGovernment_1,vend_vendorname,"%GENERAL%DYNAMICS%",SSECppCompiled,0.074671,338.923,3.11736,56
7,411161,1572796,CommonGovernment,CommonGovernment_1,vend_vendorname,"%LOCKHEED%MARTIN%",SSECppCompiled,0.0639,349.88,3.49352,47
7,494564,1572767,HashTags,HashTags_1,interaction#content,"RT %@% #%",SSECppCompiled,0.062322,311.649,2.08135,195
7,494564,1572767,HashTags,HashTags_1,interaction#content,"% #% #GreysAnatomy",SSECppCompiled,0.071369,318.048,2.23722,288
7,494564,1572767,HashTags,HashTags_1,interaction#content,"%#Scandal%#%",SSECppCompiled,0.041637,315.171,3.65904,2430
7,494564,1572767,HashTags,HashTags_1,interaction#content,"%#GreysAnatomy%#%",SSECppCompiled,0.055529,330.414,2.93342,1218
7,494564,1572767,HashTags,HashTags_1,interaction#content,"Watching #% tonight %",SSECppCompiled,0.100762,314.175,1.94687,2
7,494564,1572767,HashTags,HashTags_1,interaction#content,"% #% #Scandal",SSECppCompiled,0.05679,317.139,2.86827,947
7,494564,1572767,HashTags,HashTags_1,interaction#content,"%#SharkTank%#%",SSECppCompiled,0.065339,348.014,3.27563,162
7,494564,1572767,HashTags,HashTags_1,interaction#content,"%#Nashville%#%",SSECppCompiled,0.056801,333.745,3.33369,572
7,494564,1572767,HashTags,HashTags_1,interaction#content,"I am watching #% on % %",SSECppCompiled,0.10478,309.2,1.92517,0
7,494564,1572767,HashTags,HashTags_1,interaction#content,"% tonight % tonight",SSECppCompiled,0.09727,318.604,1.92487,0
7,494564,1572767,HashTags,HashTags_1,interaction#content,"%#ModernFamily%#%",SSECppCompiled,0.072715,351.977,5.82569,109
7,494564,1572767,HashTags,HashTags_1,interaction#content,"%#ABC%#%",SSECppCompiled,0.045378,337.176,3.36434,1104
7,494564,1572767,HashTags,HashTags_1,interaction#content,"%#tvtag%http%",SSECppCompiled,0.072389,343.419,3.42056,1940
7,494564,1572767,HashTags,HashTags_1,interaction#content,"%#ScandalThursday%#%",SSECppCompiled,0.067205,328.742,2.84296,343
7,494564,1572767,HashTags,HashTags_1,interaction#content,"%#OnceUponATime%#%",SSECppCompiled,0.068352,340.822,3.14868,125
7,494564,1572767,HashTags,HashTags_1,interaction#content,"%#Castle%#%",SSECppCompiled,0.037844,306.748,2.97216,162
7,56749,663585,HashTags,HashTags_1,twitter#user#location,"New York% NY %",SSECppCompiled,0.06037,292.983,0.341511,6
7,56749,663585,HashTags,HashTags_1,twitter#user#location,"% % Ohio",SSECppCompiled,0.063438,300.38,0.385231,76
7,56749,663585,HashTags,HashTags_1,twitter#user#location,"%UT% % %",SSECppCompiled,0.072591,300.982,1.27422,25
7,56749,663585,HashTags,HashTags_1,twitter#user#location,"% % , % %",SSECppCompiled,0.092149,303.216,2.33547,25
7,56749,663585,HashTags,HashTags_1,twitter#user#location,"Chicago% IL %",SSECppCompiled,0.061895,306.29,0.353116,15
7,56749,663585,HashTags,HashTags_1,twitter#user#location,"% % Texas",SSECppCompiled,0.04724,311.152,0.425892,173
7,56749,663585,HashTags,HashTags_1,twitter#user#location,"% % - % %",SSECppCompiled,0.090379,309.033,2.42243,145
7,56749,663585,HashTags,HashTags_1,twitter#user#location,"% % . % %",SSECppCompiled,0.102713,307.488,2.40061,17
7,56749,663585,HashTags,HashTags_1,twitter#user#location,"Los Angeles% CA %",SSECppCompiled,0.059383,309.548,0.531204,8
7,56749,663585,HashTags,HashTags_1,twitter#user#location,"% % California",SSECppCompiled,0.04833,317.106,0.404414,128
7,56749,663585,HashTags,HashTags_1,twitter#user#location,"% Nashville % TN %",SSECppCompiled,0.124544,322.86,1.71739,0
7,56749,663585,HashTags,HashTags_1,twitter#user#location,"% San % Francisco %",SSECppCompiled,0.117393,336.49,1.2676,0
7,56749,663585,HashTags,HashTags_1,twitter#user#location,"% New % York %",SSECppCompiled,0.111592,325.278,2.27744,0
7,56749,663585,HashTags,HashTags_1,twitter#user#location,"% Atlanta % GA %",SSECppCompiled,0.111708,313.6,1.25098,0
7,56749,663585,HashTags,HashTags_1,twitter#user#location,"% % 757 %",SSECppCompiled,0.080825,302.075,1.95605,8
7,56749,663585,HashTags,HashTags_1,twitter#user#location,"% % & % %",SSECppCompiled,0.097784,301.155,2.38872,219
7,140953,1572709,CityMaxCapita,CityMaxCapita_1,First Link in Tweet,"http% instagram.com %",SSEDecoded,0.001692,0,5.70479,0
7,140953,1572709,CityMaxCapita,CityMaxCapita_1,First Link in Tweet,"% status % 600",SSEDecoded,0.000922,0,4.61809,0
7,140953,1572709,CityMaxCapita,CityMaxCapita_1,First Link in Tweet,"%instagram.com%p%",SSEDecoded,0.001244,0,6.56146,22589
7,140953,1572709,CityMaxCapita,CityMaxCapita_1,First Link in Tweet,"%twitter.com%status%",SSEDecoded,0.000981,0,5.38527,13124
7,140953,1572709,CityMaxCapita,CityMaxCapita_1,First Link in Tweet,"https% instagram.com %",SSEDecoded,0.001074,0,5.22123,0
7,140953,1572709,CityMaxCapita,CityMaxCapita_1,First Link in Tweet,"% p % taken",SSEDecoded,0.000977,0,4.56485,0
7,140953,1572709,CityMaxCapita,CityMaxCapita_1,First Link in Tweet,"%swarmapp.com%c%",SSEDecoded,0.000963,0,5.11986,3962
7,140953,1572709,CityMaxCapita,CityMaxCapita_1,First Link in Tweet,"%bit.ly%1%",SSEDecoded,0.00077,0,5.01103,4832
7,140953,1572709,CityMaxCapita,CityMaxCapita_1,First Link in Tweet,"http% bit.ly %",SSEDecoded,0.000721,0,5.14447,0
7,140953,1572709,CityMaxCapita,CityMaxCapita_1,First Link in Tweet,"% 2015 % story.html",SSEDecoded,0.000657,0,4.48543,0
7,140953,1572709,CityMaxCapita,CityMaxCapita_1,First Link in Tweet,"%youtube.com%watch%",SSEDecoded,0.000877,0,4.93493,517
7,140953,1572709,CityMaxCapita,CityMaxCapita_1,First Link in Tweet,"%huffingtonpost.com%2015%",SSEDecoded,0.000836,0,5.51703,36
7,140953,1572709,CityMaxCapita,CityMaxCapita_1,First Link in Tweet,"%nytimes.com%2015%",SSEDecoded,0.000646,0,4.68419,123
7,140953,1572709,CityMaxCapita,CityMaxCapita_1,First Link in Tweet,"%washingtonpost.com%2015%",SSEDecoded,0.000544,0,5.20648,71
7,140953,1572709,CityMaxCapita,CityMaxCapita_1,First Link in Tweet,"%facebook.com%status%",SSEDecoded,0.000734,0,5.00341,0
7,140953,1572709,CityMaxCapita,CityMaxCapita_1,First Link in Tweet,"%youtu.be%Jk%",SSEDecoded,0.000658,0,5.0434,3
7,402119,1572768,CityMaxCapita,CityMaxCapita_1,User Bio,"Senior % at %",SSEDecoded,0.000972,0,6.50713,7
7,402119,1572768,CityMaxCapita,CityMaxCapita_1,User Bio,"% IG% NATHANN",SSEDecoded,0.000722,0,6.19667,0
7,402119,1572768,CityMaxCapita,CityMaxCapita_1,User Bio,"%love%peace%",SSEDecoded,0.000966,0,6.61971,8
7,402119,1572768,CityMaxCapita,CityMaxCapita_1,User Bio,"%music%art%",SSEDecoded,0.000797,0,6.16001,63
7,402119,1572768,CityMaxCapita,CityMaxCapita_1,User Bio,"Student % at % University",SSEDecoded,0.000652,0,5.80961,0
7,402119,1572768,CityMaxCapita,CityMaxCapita_1,User Bio,"% im % kitty",SSEDecoded,0.000532,0,5.89684,0
7,402119,1572768,CityMaxCapita,CityMaxCapita_1,User Bio,"%founder%ceo%",SSEDecoded,0.000787,0,6.1554,0
7,402119,1572768,CityMaxCapita,CityMaxCapita_1,User Bio,"%born%raised%",SSEDecoded,0.000684,0,6.18158,49
7,402119,1572768,CityMaxCapita,CityMaxCapita_1,User Bio,"Live % life % it",SSEDecoded,0.000616,0,5.84231,0
7,402119,1572768,CityMaxCapita,CityMaxCapita_1,User Bio,"% akron % 2019",SSEDecoded,0.000599,0,5.92233,0
7,402119,1572768,CityMaxCapita,CityMaxCapita_1,User Bio,"%business%marketing%",SSEDecoded,0.000875,0,6.3608,3
7,402119,1572768,CityMaxCapita,CityMaxCapita_1,User Bio,"%social%justice%",SSEDecoded,0.000732,0,6.35608,30
7,402119,1572768,CityMaxCapita,CityMaxCapita_1,User Bio,"%university%graduate%",SSEDecoded,0.000801,0,6.24548,1
7,402119,1572768,CityMaxCapita,CityMaxCapita_1,User Bio,"%travel%photography%",SSEDecoded,0.000792,0,6.29205,5
7,402119,1572768,CityMaxCapita,CityMaxCapita_1,User Bio,"%food%wine%",SSEDecoded,0.000732,0,6.81432,11
7,402119,1572768,CityMaxCapita,CityMaxCapita_1,User Bio,"%digital%media%",SSEDecoded,0.000871,0,6.72687,4
7,1715,3813,CommonGovernment,CommonGovernment_1,prod_or_serv_code,"J0% %0%",SSEDecoded,0.000703,0,0.073681,0
7,1715,3813,CommonGovernment,CommonGovernment_1,prod_or_serv_code,"% % 1%KF",SSEDecoded,0.000386,0,0.065537,0
7,1715,3813,CommonGovernment,CommonGovernment_1,prod_or_serv_code,"%A%1%",SSEDecoded,0.00028,0,0.077157,18
7,1715,3813,CommonGovernment,CommonGovernment_1,prod_or_serv_code,"%B%5%",SSEDecoded,0.000241,0,0.076393,46
7,1715,3813,CommonGovernment,CommonGovernment_1,prod_or_serv_code,"R4% %1%",SSEDecoded,0.000281,0,0.068454,0
7,1715,3813,CommonGovernment,CommonGovernment_1,prod_or_serv_code,"% % 2%44",SSEDecoded,0.000311,0,0.065055,0
7,1715,3813,CommonGovernment,CommonGovernment_1,prod_or_serv_code,"%C%1%",SSEDecoded,0.000215,0,0.076441,95
7,1715,3813,CommonGovernment,CommonGovernment_1,prod_or_serv_code,"%D%3%",SSEDecoded,0.000187,0,0.093085,26
7,1715,3813,CommonGovernment,CommonGovernment_1,prod_or_serv_code,"Z1% %N%",SSEDecoded,0.000262,0,0.073692,0
7,1715,3813,CommonGovernment,CommonGovernment_1,prod_or_serv_code,"% % 0%30",SSEDecoded,0.000272,0,0.067738,0
7,1715,3813,CommonGovernment,CommonGovernment_1,prod_or_serv_code,"%E%1%",SSEDecoded,0.000187,0,0.078529,64
7,1715,3813,CommonGovernment,CommonGovernment_1,prod_or_serv_code,"%J%0%",SSEDecoded,0.000193,0,0.07796,59
7,1715,3813,CommonGovernment,CommonGovernment_1,prod_or_serv_code,"%M%1%",SSEDecoded,0.000189,0,0.084303,109
7,1715,3813,CommonGovernment,CommonGovernment_1,prod_or_serv_code,"%R%4%",SSEDecoded,0.000214,0,0.078003,36
7,1715,3813,CommonGovernment,CommonGovernment_1,prod_or_serv_code,"%Y%1%",SSEDecoded,0.000189,0,0.078251,119
7,1715,3813,CommonGovernment,CommonGovernment_1,prod_or_serv_code,"%Z%2%",SSEDecoded,0.00019,0,0.080165,112
7,411161,1572796,CommonGovernment,CommonGovernment_1,vend_vendorname,"DEPARTMENT % OF % HEALTH",SSEDecoded,0.000592,0,8.1119,0
7,411161,1572796,CommonGovernment,CommonGovernment_1,vend_vendorname,"% % INC.",SSEDecoded,0.000645,0,8.35617,17488
7,411161,1572796,CommonGovernment,CommonGovernment_1,vend_vendorname,"%SERVICES%INC%",SSEDecoded,0.000756,0,8.66509,2818
7,411161,1572796,CommonGovernment,CommonGovernment_1,vend_vendorname,"%TECHNOLOGIES%LLC%",SSEDecoded,0.000805,0,8.25837,227
7,411161,1572796,CommonGovernment,CommonGovernment_1,vend_vendorname,"UNIVERSITY % OF % MISSOURI",SSEDecoded,0.0009,0,7.51349,0
7,411161,1572796,CommonGovernment,CommonGovernment_1,vend_vendorname,"% % LLC",SSEDecoded,0.000669,0,7.65381,8362
7,411161,1572796,CommonGovernment,CommonGovernment_1,vend_vendorname,"%SYSTEMS%CORPORATION%",SSEDecoded,0.000877,0,8.25423,130
7,411161,1572796,CommonGovernment,CommonGovernment_1,vend_vendorname,"%MANAGEMENT%SERVICES%",SSEDecoded,0.000972,0,8.23245,163
7,411161,1572796,CommonGovernment,CommonGovernment_1,vend_vendorname,"COUNTY % OF % SHELBY",SSEDecoded,0.0007,0,7.60091,0
7,411161,1572796,CommonGovernment,CommonGovernment_1,vend_vendorname,"% % CORPORATION",SSEDecoded,0.000615,0,7.51555,2132
7,411161,1572796,CommonGovernment,CommonGovernment_1,vend_vendorname,"%CONSTRUCTION%INC%",SSEDecoded,0.000787,0,8.32221,921
7,411161,1572796,CommonGovernment,CommonGovernment_1,vend_vendorname,"%HEALTH%CARE%",SSEDecoded,0.000734,0,9.12494,597
7,411161,1572796,CommonGovernment,CommonGovernment_1,vend_vendorname,"%INTERNATIONAL%INC%",SSEDecoded,0.000939,0,11.3825,956
7,411161,1572796,CommonGovernment,CommonGovernment_1,vend_vendorname,"%COMMUNICATIONS%INC%",SSEDecoded,0.000814,0,10.4654,605
7,411161,1572796,CommonGovernment,CommonGovernment_1,vend_vendorname,"%GENERAL%DYNAMICS%",SSEDecoded,0.00085,0,8.06874,56
7,411161,1572796,CommonGovernment,CommonGovernment_1,vend_vendorname,"%LOCKHEED%MARTIN%",SSEDecoded,0.000775,0,8.55937,47
7,494564,1572767,HashTags,HashTags_1,interaction#content,"RT %@% #%",SSEDecoded,0.000847,0,7.14008,195
7,494564,1572767,HashTags,HashTags_1,interaction#content,"% #% #GreysAnatomy",SSEDecoded,0.000675,0,7.20219,288
7,494564,1572767,HashTags,HashTags_1,interaction#content,"%#Scandal%#%",SSEDecoded,0.000769,0,7.92213,2430
7,494564,1572767,HashTags,HashTags_1,interaction#content,"%#GreysAnatomy%#%",SSEDecoded,0.00093,0,8.68198,1218
7,494564,1572767,HashTags,HashTags_1,interaction#content,"Watching #% tonight %",SSEDecoded,0.000754,0,7.03559,2
7,494564,1572767,HashTags,HashTags_1,interaction#content,"% #% #Scandal",SSEDecoded,0.000575,0,7.24258,947
7,494564,1572767,HashTags,HashTags_1,interaction#content,"%#SharkTank%#%",SSEDecoded,0.000788,0,7.56327,162
7,494564,1572767,HashTags,HashTags_1,interaction#content,"%#Nashville%#%",SSEDecoded,0.000665,0,8.30293,572
7,494564,1572767,HashTags,HashTags_1,interaction#content,"I am watching #% on % %",SSEDecoded,0.000861,0,7.88644,0
7,494564,1572767,HashTags,HashTags_1,interaction#content,"% tonight % tonight",SSEDecoded,0.000729,0,7.68259,0
7,494564,1572767,HashTags,HashTags_1,interaction#content,"%#ModernFamily%#%",SSEDecoded,0.000747,0,8.27342,109
7,494564,1572767,HashTags,HashTags_1,interaction#content,"%#ABC%#%",SSEDecoded,0.000687,0,7.42695,1104
7,494564,1572767,HashTags,HashTags_1,interaction#content,"%#tvtag%http%",SSEDecoded,0.00081,0,7.42898,1940
7,494564,1572767,HashTags,HashTags_1,interaction#content,"%#ScandalThursday%#%",SSEDecoded,0.000811,0,8.30587,343
7,494564,1572767,HashTags,HashTags_1,interaction#content,"%#OnceUponATime%#%",SSEDecoded,0.000689,0,8.40749,125
7,494564,1572767,HashTags,HashTags_1,interaction#content,"%#Castle%#%",SSEDecoded,0.000681,0,7.83463,162
7,56749,663585,HashTags,HashTags_1,twitter#user#location,"New York% NY %",SSEDecoded,0.000812,0,2.5219,6
7,56749,663585,HashTags,HashTags_1,twitter#user#location,"% % Ohio",SSEDecoded,0.000511,0,2.52185,76
7,56749,663585,HashTags,HashTags_1,twitter#user#location,"%UT% % %",SSEDecoded,0.000664,0,3.01063,25
7,56749,663585,HashTags,HashTags_1,twitter#user#location,"% % , % %",SSEDecoded,0.000756,0,3.47174,25
7,56749,663585,HashTags,HashTags_1,twitter#user#location,"Chicago% IL %",SSEDecoded,0.000529,0,2.48095,15
7,56749,663585,HashTags,HashTags_1,twitter#user#location,"% % Texas",SSEDecoded,0.000428,0,2.50328,173
7,56749,663585,HashTags,HashTags_1,twitter#user#location,"% % - % %",SSEDecoded,0.000719,0,3.47376,145
7,56749,663585,HashTags,HashTags_1,twitter#user#location,"% % . % %",SSEDecoded,0.000676,0,3.45615,17
7,56749,663585,HashTags,HashTags_1,twitter#user#location,"Los Angeles% CA %",SSEDecoded,0.000514,0,2.4774,8
7,56749,663585,HashTags,HashTags_1,twitter#user#location,"% % California",SSEDecoded,0.000405,0,2.61675,128
7,56749,663585,HashTags,HashTags_1,twitter#user#location,"% Nashville % TN %",SSEDecoded,0.000729,0,2.88344,0
7,56749,663585,HashTags,HashTags_1,twitter#user#location,"% San % Francisco %",SSEDecoded,0.000743,0,2.97398,0
7,56749,663585,HashTags,HashTags_1,twitter#user#location,"% New % York %",SSEDecoded,0.000595,0,3.16912,0
7,56749,663585,HashTags,HashTags_1,twitter#user#location,"% Atlanta % GA %",SSEDecoded,0.000693,0,3.10097,0
7,56749,663585,HashTags,HashTags_1,twitter#user#location,"% % 757 %",SSEDecoded,0.000692,0,3.83935,8
7,56749,663585,HashTags,HashTags_1,twitter#user#location,"% % & % %",SSEDecoded,0.000868,0,3.89051,219
7,140953,1572709,CityMaxCapita,CityMaxCapita_1,First Link in Tweet,"http% instagram.com %",VectorScan,0.975793,0,8.35415,0
7,140953,1572709,CityMaxCapita,CityMaxCapita_1,First Link in Tweet,"% status % 600",VectorScan,0.580193,0,7.58239,0
7,140953,1572709,CityMaxCapita,CityMaxCapita_1,First Link in Tweet,"%instagram.com%p%",VectorScan,0.539979,0,8.87882,22589
7,140953,1572709,CityMaxCapita,CityMaxCapita_1,First Link in Tweet,"%twitter.com%status%",VectorScan,0.382603,0,8.59741,13124
7,140953,1572709,CityMaxCapita,CityMaxCapita_1,First Link in Tweet,"https% instagram.com %",VectorScan,0.509635,0,7.36885,0
7,140953,1572709,CityMaxCapita,CityMaxCapita_1,First Link in Tweet,"% p % taken",VectorScan,0.481138,0,6.99581,0
7,140953,1572709,CityMaxCapita,CityMaxCapita_1,First Link in Tweet,"%swarmapp.com%c%",VectorScan,0.447164,0,7.24537,3962
7,140953,1572709,CityMaxCapita,CityMaxCapita_1,First Link in Tweet,"%bit.ly%1%",VectorScan,0.343251,0,6.89968,4832
7,140953,1572709,CityMaxCapita,CityMaxCapita_1,First Link in Tweet,"http% bit.ly %",VectorScan,0.389816,0,7.54597,0
7,140953,1572709,CityMaxCapita,CityMaxCapita_1,First Link in Tweet,"% 2015 % story.html",VectorScan,0.623631,0,7.32583,0
7,140953,1572709,CityMaxCapita,CityMaxCapita_1,First Link in Tweet,"%youtube.com%watch%",VectorScan,0.364539,0,7.60029,517
7,140953,1572709,CityMaxCapita,CityMaxCapita_1,First Link in Tweet,"%huffingtonpost.com%2015%",VectorScan,0.418231,0,6.8514,36
7,140953,1572709,CityMaxCapita,CityMaxCapita_1,First Link in Tweet,"%nytimes.com%2015%",VectorScan,0.355685,0,7.074,123
7,140953,1572709,CityMaxCapita,CityMaxCapita_1,First Link in Tweet,"%washingtonpost.com%2015%",VectorScan,0.420089,0,7.16255,71
7,140953,1572709,CityMaxCapita,CityMaxCapita_1,First Link in Tweet,"%facebook.com%status%",VectorScan,0.392696,0,7.19142,0
7,140953,1572709,CityMaxCapita,CityMaxCapita_1,First Link in Tweet,"%youtu.be%Jk%",VectorScan,0.384244,0,6.76499,3
7,402119,1572768,CityMaxCapita,CityMaxCapita_1,User Bio,"Senior % at %",VectorScan,0.415739,0,8.92996,7
7,402119,1572768,CityMaxCapita,CityMaxCapita_1,User Bio,"% IG% NATHANN",VectorScan,0.479401,0,10.2243,0
7,402119,1572768,CityMaxCapita,CityMaxCapita_1,User Bio,"%love%peace%",VectorScan,0.35232,0,10.1278,8
7,402119,1572768,CityMaxCapita,CityMaxCapita_1,User Bio,"%music%art%",VectorScan,0.281787,0,9.51695,63
7,402119,1572768,CityMaxCapita,CityMaxCapita_1,User Bio,"Student % at % University",VectorScan,0.802574,0,9.62288,0
7,402119,1572768,CityMaxCapita,CityMaxCapita_1,User Bio,"% im % kitty",VectorScan,0.532594,0,10.8081,0
7,402119,1572768,CityMaxCapita,CityMaxCapita_1,User Bio,"%founder%ceo%",VectorScan,0.311369,0,9.77629,0
7,402119,1572768,CityMaxCapita,CityMaxCapita_1,User Bio,"%born%raised%",VectorScan,0.360961,0,9.55358,49
7,402119,1572768,CityMaxCapita,CityMaxCapita_1,User Bio,"Live % life % it",VectorScan,0.682267,0,8.63628,0
7,402119,1572768,CityMaxCapita,CityMaxCapita_1,User Bio,"% akron % 2019",VectorScan,0.431468,0,10.2768,0
7,402119,1572768,CityMaxCapita,CityMaxCapita_1,User Bio,"%business%marketing%",VectorScan,0.436301,0,9.47071,3
7,402119,1572768,CityMaxCapita,CityMaxCapita_1,User Bio,"%social%justice%",VectorScan,0.453096,0,9.72579,30
7,402119,1572768,CityMaxCapita,CityMaxCapita_1,User Bio,"%university%graduate%",VectorScan,0.427695,0,9.45608,1
7,402119,1572768,CityMaxCapita,CityMaxCapita_1,User Bio,"%travel%photography%",VectorScan,0.453071,0,9.50842,5
7,402119,1572768,CityMaxCapita,CityMaxCapita_1,User Bio,"%food%wine%",VectorScan,0.328782,0,10.325,11
7,402119,1572768,CityMaxCapita,CityMaxCapita_1,User Bio,"%digital%media%",VectorScan,0.346412,0,10.0461,4
7,1715,3813,CommonGovernment,CommonGovernment_1,prod_or_serv_code,"J0% %0%",VectorScan,0.42715,0,0.092945,0
7,1715,3813,CommonGovernment,CommonGovernment_1,prod_or_serv_code,"% % 1%KF",VectorScan,0.583908,0,0.06924,0
7,1715,3813,CommonGovernment,CommonGovernment_1,prod_or_serv_code,"%A%1%",VectorScan,0.222974,0,0.094555,18
7,1715,3813,CommonGovernment,CommonGovernment_1,prod_or_serv_code,"%B%5%",VectorScan,0.223395,0,0.104502,46
7,1715,3813,CommonGovernment,CommonGovernment_1,prod_or_serv_code,"R4% %1%",VectorScan,0.402436,0,0.092098,0
7,1715,3813,CommonGovernment,CommonGovernment_1,prod_or_serv_code,"% % 2%44",VectorScan,0.560901,0,0.069265,0
7,1715,3813,CommonGovernment,CommonGovernment_1,prod_or_serv_code,"%C%1%",VectorScan,0.224149,0,0.096436,95
7,1715,3813,CommonGovernment,CommonGovernment_1,prod_or_serv_code,"%D%3%",VectorScan,0.201627,0,0.095283,26
7,1715,3813,CommonGovernment,CommonGovernment_1,prod_or_serv_code,"Z1% %N%",VectorScan,0.386874,0,0.093917,0
7,1715,3813,CommonGovernment,CommonGovernment_1,prod_or_serv_code,"% % 0%30",VectorScan,0.552741,0,0.068544,0
7,1715,3813,CommonGovernment,CommonGovernment_1,prod_or_serv_code,"%E%1%",VectorScan,0.229362,0,0.096401,64
7,1715,3813,CommonGovernment,CommonGovernment_1,prod_or_serv_code,"%J%0%",VectorScan,0.202636,0,0.095767,59
7,1715,3813,CommonGovernment,CommonGovernment_1,prod_or_serv_code,"%M%1%",VectorScan,0.197485,0,0.096825,109
7,1715,3813,CommonGovernment,CommonGovernment_1,prod_or_serv_code,"%R%4%",VectorScan,0.196478,0,0.101728,36
7,1715,3813,CommonGovernment,CommonGovernment_1,prod_or_serv_code,"%Y%1%",VectorScan,0.196608,0,0.097054,119
7,1715,3813,CommonGovernment,CommonGovernment_1,prod_or_serv_code,"%Z%2%",VectorScan,0.195639,0,0.096856,112
7,411161,1572796,CommonGovernment,CommonGovernment_1,vend_vendorname,"DEPARTMENT % OF % HEALTH",VectorScan,0.735764,0,10.8353,0
7,411161,1572796,CommonGovernment,CommonGovernment_1,vend_vendorname,"% % INC.",VectorScan,0.495098,0,15.5824,17488
7,411161,1572796,CommonGovernment,CommonGovernment_1,vend_vendorname,"%SERVICES%INC%",VectorScan,0.316178,0,13.8693,2818
7,411161,1572796,CommonGovernment,CommonGovernment_1,vend_vendorname,"%TECHNOLOGIES%LLC%",VectorScan,0.38606,0,14.4206,227
7,411161,1572796,CommonGovernment,CommonGovernment_1,vend_vendorname,"UNIVERSITY % OF % MISSOURI",VectorScan,0.866788,0,10.9599,0
7,411161,1572796,CommonGovernment,CommonGovernment_1,vend_vendorname,"% % LLC",VectorScan,0.489369,0,15.3349,8362
7,411161,1572796,CommonGovernment,CommonGovernment_1,vend_vendorname,"%SYSTEMS%CORPORATION%",VectorScan,0.519659,0,13.4963,130
7,411161,1572796,CommonGovernment,CommonGovernment_1,vend_vendorname,"%MANAGEMENT%SERVICES%",VectorScan,0.382381,0,13.2829,163
7,411161,1572796,CommonGovernment,CommonGovernment_1,vend_vendorname,"COUNTY % OF % SHELBY",VectorScan,0.691615,0,10.9935,0
7,411161,1572796,CommonGovernment,CommonGovernment_1,vend_vendorname,"% % CORPORATION",VectorScan,0.569258,0,14.4263,2132
7,411161,1572796,CommonGovernment,CommonGovernment_1,vend_vendorname,"%CONSTRUCTION%INC%",VectorScan,0.412729,0,15.9756,921
7,411161,1572796,CommonGovernment,CommonGovernment_1,vend_vendorname,"%HEALTH%CARE%",VectorScan,0.324801,0,14.511,597
7,411161,1572796,CommonGovernment,CommonGovernment_1,vend_vendorname,"%INTERNATIONAL%INC%",VectorScan,0.359302,0,15.5956,956
7,411161,1572796,CommonGovernment,CommonGovernment_1,vend_vendorname,"%COMMUNICATIONS%INC%",VectorScan,0.411502,0,15.4177,605
7,411161,1572796,CommonGovernment,CommonGovernment_1,vend_vendorname,"%GENERAL%DYNAMICS%",VectorScan,0.456434,0,13.6219,56
7,411161,1572796,CommonGovernment,CommonGovernment_1,vend_vendorname,"%LOCKHEED%MARTIN%",VectorScan,0.349007,0,13.8239,47
7,494564,1572767,HashTags,HashTags_1,interaction#content,"RT %@% #%",VectorScan,0.451498,0,9.93256,195
7,494564,1572767,HashTags,HashTags_1,interaction#content,"% #% #GreysAnatomy",VectorScan,0.590756,0,13.2528,288
7,494564,1572767,HashTags,HashTags_1,interaction#content,"%#Scandal%#%",VectorScan,0.383611,0,11.2534,2400
7,494564,1572767,HashTags,HashTags_1,interaction#content,"%#GreysAnatomy%#%",VectorScan,0.414964,0,11.0426,1207
7,494564,1572767,HashTags,HashTags_1,interaction#content,"Watching #% tonight %",VectorScan,0.48236,0,10.7714,2
7,494564,1572767,HashTags,HashTags_1,interaction#content,"% #% #Scandal",VectorScan,0.567298,0,14.2936,947
7,494564,1572767,HashTags,HashTags_1,interaction#content,"%#SharkTank%#%",VectorScan,0.432877,0,10.8456,150
7,494564,1572767,HashTags,HashTags_1,interaction#content,"%#Nashville%#%",VectorScan,0.384111,0,10.5572,557
7,494564,1572767,HashTags,HashTags_1,interaction#content,"I am watching #% on % %",VectorScan,0.58516,0,9.73559,0
7,494564,1572767,HashTags,HashTags_1,interaction#content,"% tonight % tonight",VectorScan,0.554348,0,11.5287,0
7,494564,1572767,HashTags,HashTags_1,interaction#content,"%#ModernFamily%#%",VectorScan,0.423691,0,10.4366,106
7,494564,1572767,HashTags,HashTags_1,interaction#content,"%#ABC%#%",VectorScan,0.319235,0,10.7186,1061
7,494564,1572767,HashTags,HashTags_1,interaction#content,"%#tvtag%http%",VectorScan,0.299411,0,11.5362,1940
7,494564,1572767,HashTags,HashTags_1,interaction#content,"%#ScandalThursday%#%",VectorScan,0.483805,0,11.6909,342
7,494564,1572767,HashTags,HashTags_1,interaction#content,"%#OnceUponATime%#%",VectorScan,0.487038,0,10.5753,124
7,494564,1572767,HashTags,HashTags_1,interaction#content,"%#Castle%#%",VectorScan,0.359228,0,10.2598,159
7,56749,663585,HashTags,HashTags_1,twitter#user#location,"New York% NY %",VectorScan,0.360014,0,3.40949,6
7,56749,663585,HashTags,HashTags_1,twitter#user#location,"% % Ohio",VectorScan,0.483261,0,4.83934,76
7,56749,663585,HashTags,HashTags_1,twitter#user#location,"%UT% % %",VectorScan,0.386189,0,4.43937,25
7,56749,663585,HashTags,HashTags_1,twitter#user#location,"% % , % %",VectorScan,0.495596,0,4.84125,25
7,56749,663585,HashTags,HashTags_1,twitter#user#location,"Chicago% IL %",VectorScan,0.337567,0,3.39776,15
7,56749,663585,HashTags,HashTags_1,twitter#user#location,"% % Texas",VectorScan,0.493792,0,5.08717,173
7,56749,663585,HashTags,HashTags_1,twitter#user#location,"% % - % %",VectorScan,0.488138,0,4.73839,145
7,56749,663585,HashTags,HashTags_1,twitter#user#location,"% % . % %",VectorScan,0.49117,0,4.85373,17
7,56749,663585,HashTags,HashTags_1,twitter#user#location,"Los Angeles% CA %",VectorScan,0.38795,0,3.21357,8
7,56749,663585,HashTags,HashTags_1,twitter#user#location,"% % California",VectorScan,0.54786,0,4.50977,128
7,56749,663585,HashTags,HashTags_1,twitter#user#location,"% Nashville % TN %",VectorScan,0.382411,0,3.8872,0
7,56749,663585,HashTags,HashTags_1,twitter#user#location,"% San % Francisco %",VectorScan,0.478006,0,3.81013,0
7,56749,663585,HashTags,HashTags_1,twitter#user#location,"% New % York %",VectorScan,0.390181,0,4.6321,0
7,56749,663585,HashTags,HashTags_1,twitter#user#location,"% Atlanta % GA %",VectorScan,0.381402,0,4.58805,0
7,56749,663585,HashTags,HashTags_1,twitter#user#location,"% % 757 %",VectorScan,0.423968,0,5.63796,8
7,56749,663585,HashTags,HashTags_1,twitter#user#location,"% % & % %",VectorScan,0.572018,0,5.28287,219
