runNumber,scaleFactor,numLines,numBytes,table,pattern,algorithm,preprocessTime,compileTime,runTime,numMatches
1,0.01,67548,6158512,Comments,"Why do%you%?",InMemory,0.037913,0.000103,1.25631,79
1,0.01,67548,6158512,Comments,"%do we%actually%",InMemory,0.067338,2.5e-05,93.3197,0
1,0.01,67548,6158512,Comments,"%why%C++%",InMemory,0.028433,4.6e-05,71.6119,12
1,0.01,67548,6158512,Comments,"%how is%this%",InMemory,0.063712,1.7e-05,88.7578,10
1,0.01,67548,6158512,Comments,"%cannot%.",InMemory,0.019887,1.5e-05,39.2275,460
1,0.01,13706,6214943,PostHistory,"%php%is%shit%",InMemory,0.043993,1.6e-05,58.1676,0
1,0.01,13706,6214943,PostHistory,"I love%C++%but%",InMemory,0.030293,1.7e-05,0.421573,0
1,0.01,13706,6214943,PostHistory,"%sometimes%know.",InMemory,0.031822,1.6e-05,0.207192,0
1,0.01,13706,6214943,PostHistory,"%SELECT *%LIMIT 1%",InMemory,0.030453,1.7e-05,53.4797,3
1,0.01,13706,6214943,PostHistory,"WITH RECURSIVE%SQL",InMemory,0.017113,2.5e-05,0.176729,0
1,0.01,13706,6214943,PostHistory,"%define%then%double%",InMemory,0.073558,1.7e-05,111.816,2
1,0.01,9104,6453362,Posts,"<p>I have tried%",InMemory,0.009723,2.7e-05,0.374318,6
1,0.01,9104,6453362,Posts,"%cannot%fathom%C++%",InMemory,0.054642,2e-05,99.3563,0
1,0.01,9104,6453362,Posts,"%why%happening%",InMemory,0.040392,1.9e-05,92.3087,24
1,0.01,9104,6453362,Posts,"%what%is%there",InMemory,0.045606,3.4e-05,0.201577,0
1,0.01,9104,6453362,Posts,"<p>We%try%",InMemory,0.025971,2.8e-05,1.00302,19
1,0.05,338143,31244354,Comments,"Why do%you%?",InMemory,0.017554,1.7e-05,6.17678,332
1,0.05,338143,31244354,Comments,"%do we%actually%",InMemory,0.053364,1.5e-05,485.191,3
1,0.05,338143,31244354,Comments,"%why%C++%",InMemory,0.0275,1.7e-05,405.711,47
1,0.05,338143,31244354,Comments,"%how is%this%",InMemory,0.053951,1.7e-05,580.261,55
1,0.05,338143,31244354,Comments,"%cannot%.",InMemory,0.037811,1.6e-05,285.955,2204
1,0.05,69346,31203934,PostHistory,"%php%is%shit%",InMemory,0.049136,1.5e-05,337.983,0
1,0.05,69346,31203934,PostHistory,"I love%C++%but%",InMemory,0.024875,1.7e-05,2.29485,0
1,0.05,69346,31203934,PostHistory,"%sometimes%know.",InMemory,0.036187,1.6e-05,2.2963,0
1,0.05,69346,31203934,PostHistory,"%SELECT *%LIMIT 1%",InMemory,0.025698,1.6e-05,348.486,13
1,0.05,69346,31203934,PostHistory,"WITH RECURSIVE%SQL",InMemory,0.0214,0.000104,2.023,0
1,0.05,69346,31203934,PostHistory,"%define%then%double%",InMemory,0.077386,3.3e-05,480.306,5
1,0.05,46252,32527140,Posts,"<p>I have tried%",InMemory,0.012685,5.1e-05,1.85803,24
1,0.05,46252,32527140,Posts,"%cannot%fathom%C++%",InMemory,0.060139,3.4e-05,438.353,0
1,0.05,46252,32527140,Posts,"%why%happening%",InMemory,0.052555,2.3e-05,344.238,104
1,0.05,46252,32527140,Posts,"%what%is%there",InMemory,0.040262,1.4e-05,2.57331,0
1,0.05,46252,32527140,Posts,"<p>We%try%",InMemory,0.029935,1.5e-05,5.65626,62
1,0.1,676808,61789917,Comments,"Why do%you%?",InMemory,0.018619,1.4e-05,12.6605,680
1,0.1,676808,61789917,Comments,"%do we%actually%",InMemory,0.071143,1.5e-05,910.883,4
1,0.1,676808,61789917,Comments,"%why%C++%",InMemory,0.023781,1.5e-05,709.522,88
1,0.1,676808,61789917,Comments,"%how is%this%",InMemory,0.051812,3.1e-05,1166.45,111
1,0.1,676808,61789917,Comments,"%cannot%.",InMemory,0.040205,2.7e-05,503.02,4459
1,0.1,140045,64671224,PostHistory,"%php%is%shit%",InMemory,0.061294,0.000115,731.552,1
1,0.1,140045,64671224,PostHistory,"I love%C++%but%",InMemory,0.027078,1.7e-05,4.72032,0
1,0.1,140045,64671224,PostHistory,"%sometimes%know.",InMemory,0.039568,1.5e-05,5.41807,0
1,0.1,140045,64671224,PostHistory,"%SELECT *%LIMIT 1%",InMemory,0.028743,1.7e-05,673.675,29
1,0.1,140045,64671224,PostHistory,"WITH RECURSIVE%SQL",InMemory,0.019458,2.8e-05,3.70663,0
1,0.1,140045,64671224,PostHistory,"%define%then%double%",InMemory,0.055631,1.5e-05,683.835,14
1,0.1,92437,65244570,Posts,"<p>I have tried%",InMemory,0.013742,3.6e-05,3.63377,48
1,0.1,92437,65244570,Posts,"%cannot%fathom%C++%",InMemory,0.046478,1.7e-05,552.229,0
1,0.1,92437,65244570,Posts,"%why%happening%",InMemory,0.041193,1.9e-05,837.367,183
1,0.1,92437,65244570,Posts,"%what%is%there",InMemory,0.040378,2.7e-05,5.5951,0
1,0.1,92437,65244570,Posts,"<p>We%try%",InMemory,0.035104,3.4e-05,13.5238,129
1,0.5,3381970,305571138,Comments,"Why do%you%?",InMemory,0.019017,2e-05,57.6264,3633
1,0.5,3381970,305571138,Comments,"%do we%actually%",InMemory,0.068771,2.3e-05,5123.14,16
1,0.5,3381970,305571138,Comments,"%why%C++%",InMemory,0.028854,0.000104,3596.16,516
1,0.5,3381970,305571138,Comments,"%how is%this%",InMemory,0.069629,5.1e-05,5095.36,581
1,0.5,3381970,305571138,Comments,"%cannot%.",InMemory,0.02333,9.6e-05,1436.77,22793
1,0.5,700773,325065834,PostHistory,"%php%is%shit%",InMemory,0.063098,0.000105,3977.09,8
1,0.5,700773,325065834,PostHistory,"I love%C++%but%",InMemory,0.031271,9.9e-05,22.2233,1
1,0.5,700773,325065834,PostHistory,"%sometimes%know.",InMemory,0.044145,1.6e-05,26.1283,1
1,0.5,700773,325065834,PostHistory,"%SELECT *%LIMIT 1%",InMemory,0.030396,2e-05,3316.71,157
1,0.5,700773,325065834,PostHistory,"WITH RECURSIVE%SQL",InMemory,0.023134,9.9e-05,22.2604,0
1,0.5,700773,325065834,PostHistory,"%define%then%double%",InMemory,0.067348,2.1e-05,5070,81
1,0.5,464093,326942687,Posts,"<p>I have tried%",InMemory,0.015522,0.000103,17.8297,261
1,0.5,464093,326942687,Posts,"%cannot%fathom%C++%",InMemory,0.063085,2.1e-05,3867.64,0
1,0.5,464093,326942687,Posts,"%why%happening%",InMemory,0.046339,8.9e-05,4357.54,968
1,0.5,464093,326942687,Posts,"%what%is%there",InMemory,0.051852,0.000102,24.6148,0
1,0.5,464093,326942687,Posts,"<p>We%try%",InMemory,0.030312,1.7e-05,66.5246,676
1,1,6763320,618860378,Comments,"Why do%you%?",InMemory,0.024358,3.7e-05,121.912,7364
1,1,6763320,618860378,Comments,"%do we%actually%",InMemory,0.061095,1.7e-05,6965.96,35
1,1,6763320,618860378,Comments,"%why%C++%",InMemory,0.030268,0.0001,7884.65,1060
1,1,6763320,618860378,Comments,"%how is%this%",InMemory,0.073443,0.000107,11454.8,1198
1,1,6763320,618860378,Comments,"%cannot%.",InMemory,0.032264,0.000102,5209.59,45360
1,1,1402633,655946812,PostHistory,"%php%is%shit%",InMemory,0.060545,0.000107,8387.84,13
1,1,1402633,655946812,PostHistory,"I love%C++%but%",InMemory,0.028847,0.000104,45.4795,1
1,1,1402633,655946812,PostHistory,"%sometimes%know.",InMemory,0.066963,3.5e-05,48.2416,3
1,1,1402633,655946812,PostHistory,"%SELECT *%LIMIT 1%",InMemory,0.034215,1.7e-05,6663.22,309
1,1,1402633,655946812,PostHistory,"WITH RECURSIVE%SQL",InMemory,0.024574,0.000101,44.6543,0
1,1,1402633,655946812,PostHistory,"%define%then%double%",InMemory,0.064408,3.2e-05,11548.5,176
1,1,927644,659166886,Posts,"<p>I have tried%",InMemory,0.016592,0.000108,35.0303,516
1,1,927644,659166886,Posts,"%cannot%fathom%C++%",InMemory,0.061805,2.1e-05,10938.3,0
1,1,927644,659166886,Posts,"%why%happening%",InMemory,0.053274,0.000101,7739.26,1899
1,1,927644,659166886,Posts,"%what%is%there",InMemory,0.052162,0.000105,49.4346,0
1,1,927644,659166886,Posts,"<p>We%try%",InMemory,0.027917,3.2e-05,134.384,1414
1,5,33828344,3082980466,Comments,"Why do%you%?",InMemory,0.025775,4.9e-05,612.845,37146
1,5,33828344,3082980466,Comments,"%do we%actually%",InMemory,0.055813,9.5e-05,34348,192
1,5,33828344,3082980466,Comments,"%why%C++%",InMemory,0.029583,0.000102,39703,5007
1,5,33828344,3082980466,Comments,"%how is%this%",InMemory,0.059669,0.000151,50366.9,5896
1,5,33828344,3082980466,Comments,"%cannot%.",InMemory,0.047921,0.000106,22323.9,228112
1,5,7011291,3260900860,PostHistory,"%php%is%shit%",InMemory,0.056937,0.000106,34876.6,58
1,5,7011291,3260900860,PostHistory,"I love%C++%but%",InMemory,0.02927,0.000103,229.818,1
1,5,7011291,3260900860,PostHistory,"%sometimes%know.",InMemory,0.053383,2.3e-05,251.065,17
1,5,7011291,3260900860,PostHistory,"%SELECT *%LIMIT 1%",InMemory,0.031867,7.7e-05,33176.1,1489
1,5,7011291,3260900860,PostHistory,"WITH RECURSIVE%SQL",InMemory,0.022334,0.0001,226.235,0
1,5,7011291,3260900860,PostHistory,"%define%then%double%",InMemory,0.071132,1.7e-05,51908.7,794
1,5,4636953,3187168332,Posts,"<p>I have tried%",InMemory,0.017217,0.000102,173.721,2821
1,5,4636953,3187168332,Posts,"%cannot%fathom%C++%",InMemory,0.068837,2.2e-05,49061.5,0
1,5,4636953,3187168332,Posts,"%why%happening%",InMemory,0.049217,9.2e-05,40458.6,9667
1,5,4636953,3187168332,Posts,"%what%is%there",InMemory,0.054502,0.000128,274.321,0
1,5,4636953,3187168332,Posts,"<p>We%try%",InMemory,0.040786,2.1e-05,538.759,7238
1,10,67660687,6184930096,Comments,"Why do%you%?",InMemory,0.031205,0.000102,1175.45,74121
1,10,67660687,6184930096,Comments,"%do we%actually%",InMemory,0.081236,2.9e-05,97399.6,420
1,10,67660687,6184930096,Comments,"%why%C++%",InMemory,0.031044,0.000103,78287,10167
1,10,67660687,6184930096,Comments,"%how is%this%",InMemory,0.062645,0.00011,110416,11812
1,10,67660687,6184930096,Comments,"%cannot%.",InMemory,0.046267,0.000104,53811,456139
1,10,14020516,6464378912,PostHistory,"%php%is%shit%",InMemory,0.064421,9.4e-05,85339,116
1,10,14020516,6464378912,PostHistory,"I love%C++%but%",InMemory,0.029944,0.000105,452.654,1
1,10,14020516,6464378912,PostHistory,"%sometimes%know.",InMemory,0.05111,2.2e-05,521.325,34
1,10,14020516,6464378912,PostHistory,"%SELECT *%LIMIT 1%",InMemory,0.043748,1.8e-05,62922.8,2990
1,10,14020516,6464378912,PostHistory,"WITH RECURSIVE%SQL",InMemory,0.023187,0.000103,454.293,0
1,10,14020516,6464378912,PostHistory,"%define%then%double%",InMemory,0.075483,9.3e-05,96601.4,1588
1,10,9274247,6467793801,Posts,"<p>I have tried%",InMemory,0.018886,0.000102,352.884,5699
1,10,9274247,6467793801,Posts,"%cannot%fathom%C++%",InMemory,0.068963,2.1e-05,93779.9,1
1,10,9274247,6467793801,Posts,"%why%happening%",InMemory,0.056475,0.000473,76626.3,19361
1,10,9274247,6467793801,Posts,"%what%is%there",InMemory,0.051063,0.000105,320.668,0
1,10,9274247,6467793801,Posts,"<p>We%try%",InMemory,0.035985,1.5e-05,1080.01,14408
1,50,70103102,32842104583,PostHistory,"%php%is%shit%",InMemory,0.061985,8.9e-05,391639,598
1,50,70103102,32842104583,PostHistory,"I love%C++%but%",InMemory,0.03012,0.000103,2259.76,15
1,50,70103102,32842104583,PostHistory,"%sometimes%know.",InMemory,0.054069,2.1e-05,2491.96,175
1,50,70103102,32842104583,PostHistory,"%SELECT *%LIMIT 1%",InMemory,0.036553,9.5e-05,318053,14908
1,50,70103102,32842104583,PostHistory,"WITH RECURSIVE%SQL",InMemory,0.024069,0.000109,2259.5,1
1,50,70103102,32842104583,PostHistory,"%define%then%double%",InMemory,0.075309,1.9e-05,502245,7993
1,50,46375197,33166382695,Posts,"<p>I have tried%",InMemory,0.017551,0.000102,1774.63,28497
1,50,46375197,33166382695,Posts,"%cannot%fathom%C++%",InMemory,0.057637,8.9e-05,456254,5
1,50,46375197,33166382695,Posts,"%why%happening%",InMemory,0.055634,0.000103,376679,97325
1,50,46375197,33166382695,Posts,"%what%is%there",InMemory,0.044865,0.000101,2439.88,0
1,50,46375197,33166382695,Posts,"<p>We%try%",InMemory,0.041522,0.000278,6974.84,71674
1,0.01,67548,6158512,Comments,"Why do%you%?",SSELLVMCompiled,0.039304,27.1924,0.872525,79
1,0.01,67548,6158512,Comments,"%do we%actually%",SSELLVMCompiled,0.076262,34.7366,2.95829,0
1,0.01,67548,6158512,Comments,"%why%C++%",SSELLVMCompiled,0.033572,23.5119,3.60261,12
1,0.01,67548,6158512,Comments,"%how is%this%",SSELLVMCompiled,0.076152,31.5218,4.40411,10
1,0.01,67548,6158512,Comments,"%cannot%.",SSELLVMCompiled,0.029539,22.1573,2.68578,460
1,0.01,13706,6214943,PostHistory,"%php%is%shit%",SSELLVMCompiled,0.05074,32.9846,2.29957,0
1,0.01,13706,6214943,PostHistory,"I love%C++%but%",SSELLVMCompiled,0.042571,27.5975,0.400789,0
1,0.01,13706,6214943,PostHistory,"%sometimes%know.",SSELLVMCompiled,0.046711,28.9771,0.370166,0
1,0.01,13706,6214943,PostHistory,"%SELECT *%LIMIT 1%",SSELLVMCompiled,0.055471,24.4392,1.22806,3
1,0.01,13706,6214943,PostHistory,"WITH RECURSIVE%SQL",SSELLVMCompiled,0.024973,12.5877,0.268284,0
1,0.01,13706,6214943,PostHistory,"%define%then%double%",SSELLVMCompiled,0.090594,48.2283,3.5979,2
1,0.01,9104,6453362,Posts,"<p>I have tried%",SSELLVMCompiled,0.012693,9.50387,0.250749,6
1,0.01,9104,6453362,Posts,"%cannot%fathom%C++%",SSELLVMCompiled,0.068735,40.9938,3.60103,0
1,0.01,9104,6453362,Posts,"%why%happening%",SSELLVMCompiled,0.058529,34.9609,2.07617,24
1,0.01,9104,6453362,Posts,"%what%is%there",SSELLVMCompiled,0.057113,40.2306,0.303229,0
1,0.01,9104,6453362,Posts,"<p>We%try%",SSELLVMCompiled,0.045565,18.441,0.298125,19
1,0.05,338143,31244354,Comments,"Why do%you%?",SSELLVMCompiled,0.02554,23.7179,4.43682,332
1,0.05,338143,31244354,Comments,"%do we%actually%",SSELLVMCompiled,0.075328,34.0339,15.7471,3
1,0.05,338143,31244354,Comments,"%why%C++%",SSELLVMCompiled,0.03137,23.2979,18.5488,47
1,0.05,338143,31244354,Comments,"%how is%this%",SSELLVMCompiled,0.071208,26.8224,26.1779,55
1,0.05,338143,31244354,Comments,"%cannot%.",SSELLVMCompiled,0.050999,27.3032,13.5074,2204
1,0.05,69346,31203934,PostHistory,"%php%is%shit%",SSELLVMCompiled,0.058809,36.691,10.6604,0
1,0.05,69346,31203934,PostHistory,"I love%C++%but%",SSELLVMCompiled,0.026814,25.528,1.59393,0
1,0.05,69346,31203934,PostHistory,"%sometimes%know.",SSELLVMCompiled,0.050184,30.9913,2.0452,0
1,0.05,69346,31203934,PostHistory,"%SELECT *%LIMIT 1%",SSELLVMCompiled,0.041766,25.6684,6.27725,13
1,0.05,69346,31203934,PostHistory,"WITH RECURSIVE%SQL",SSELLVMCompiled,0.023797,12.6901,1.43545,0
1,0.05,69346,31203934,PostHistory,"%define%then%double%",SSELLVMCompiled,0.0863,43.0892,18.4085,5
1,0.05,46252,32527140,Posts,"<p>I have tried%",SSELLVMCompiled,0.015331,9.2117,1.19588,24
1,0.05,46252,32527140,Posts,"%cannot%fathom%C++%",SSELLVMCompiled,0.066203,41.9804,14.9791,0
1,0.05,46252,32527140,Posts,"%why%happening%",SSELLVMCompiled,0.057278,34.6374,8.79436,104
1,0.05,46252,32527140,Posts,"%what%is%there",SSELLVMCompiled,0.05989,39.1444,1.56369,0
1,0.05,46252,32527140,Posts,"<p>We%try%",SSELLVMCompiled,0.049303,19.5412,1.81543,62
1,0.1,676808,61789917,Comments,"Why do%you%?",SSELLVMCompiled,0.028492,24.5084,8.77775,680
1,0.1,676808,61789917,Comments,"%do we%actually%",SSELLVMCompiled,0.091357,36.9545,51.4878,4
1,0.1,676808,61789917,Comments,"%why%C++%",SSELLVMCompiled,0.034726,23.9488,25.4609,88
1,0.1,676808,61789917,Comments,"%how is%this%",SSELLVMCompiled,0.062545,28.7017,55.9425,111
1,0.1,676808,61789917,Comments,"%cannot%.",SSELLVMCompiled,0.044474,25.7537,24.734,4459
1,0.1,140045,64671224,PostHistory,"%php%is%shit%",SSELLVMCompiled,0.060701,38.5723,19.9136,1
1,0.1,140045,64671224,PostHistory,"I love%C++%but%",SSELLVMCompiled,0.034527,23.1758,3.94744,0
1,0.1,140045,64671224,PostHistory,"%sometimes%know.",SSELLVMCompiled,0.048284,36.2604,4.08312,0
1,0.1,140045,64671224,PostHistory,"%SELECT *%LIMIT 1%",SSELLVMCompiled,0.034166,24.4915,11.8827,29
1,0.1,140045,64671224,PostHistory,"WITH RECURSIVE%SQL",SSELLVMCompiled,0.022591,12.3567,3.15823,0
1,0.1,140045,64671224,PostHistory,"%define%then%double%",SSELLVMCompiled,0.070388,40.1602,21.5571,14
1,0.1,92437,65244570,Posts,"<p>I have tried%",SSELLVMCompiled,0.01432,9.35452,2.30213,48
1,0.1,92437,65244570,Posts,"%cannot%fathom%C++%",SSELLVMCompiled,0.050873,34.8748,8.7878,0
1,0.1,92437,65244570,Posts,"%why%happening%",SSELLVMCompiled,0.055893,33.7898,20.3908,183
1,0.1,92437,65244570,Posts,"%what%is%there",SSELLVMCompiled,0.050026,39.4886,3.09342,0
1,0.1,92437,65244570,Posts,"<p>We%try%",SSELLVMCompiled,0.048008,16.1593,3.61999,129
1,0.5,3381970,305571138,Comments,"Why do%you%?",SSELLVMCompiled,0.025241,24.5536,40.9512,3633
1,0.5,3381970,305571138,Comments,"%do we%actually%",SSELLVMCompiled,0.091464,34.1492,169.672,16
1,0.5,3381970,305571138,Comments,"%why%C++%",SSELLVMCompiled,0.032263,24.1907,187.245,516
1,0.5,3381970,305571138,Comments,"%how is%this%",SSELLVMCompiled,0.072912,31.7111,220.3,581
1,0.5,3381970,305571138,Comments,"%cannot%.",SSELLVMCompiled,0.027205,25.32,94.7067,22793
1,0.5,700773,325065834,PostHistory,"%php%is%shit%",SSELLVMCompiled,0.062294,37.2829,142.688,8
1,0.5,700773,325065834,PostHistory,"I love%C++%but%",SSELLVMCompiled,0.029419,24.76,19.4594,1
1,0.5,700773,325065834,PostHistory,"%sometimes%know.",SSELLVMCompiled,0.054926,34.2468,20.5882,1
1,0.5,700773,325065834,PostHistory,"%SELECT *%LIMIT 1%",SSELLVMCompiled,0.037737,23.2458,58.2083,157
1,0.5,700773,325065834,PostHistory,"WITH RECURSIVE%SQL",SSELLVMCompiled,0.023806,12.5785,15.6674,0
1,0.5,700773,325065834,PostHistory,"%define%then%double%",SSELLVMCompiled,0.070975,40.2614,112.25,81
1,0.5,464093,326942687,Posts,"<p>I have tried%",SSELLVMCompiled,0.014641,9.2527,11.4415,261
1,0.5,464093,326942687,Posts,"%cannot%fathom%C++%",SSELLVMCompiled,0.060978,36.2407,63.5814,0
1,0.5,464093,326942687,Posts,"%why%happening%",SSELLVMCompiled,0.051205,30.1872,98.5355,968
1,0.5,464093,326942687,Posts,"%what%is%there",SSELLVMCompiled,0.063678,38.0715,15.3976,0
1,0.5,464093,326942687,Posts,"<p>We%try%",SSELLVMCompiled,0.038888,20.6158,16.9112,676
1,1,6763320,618860378,Comments,"Why do%you%?",SSELLVMCompiled,0.025707,23.7454,78.4183,7364
1,1,6763320,618860378,Comments,"%do we%actually%",SSELLVMCompiled,0.06696,29.743,267.301,35
1,1,6763320,618860378,Comments,"%why%C++%",SSELLVMCompiled,0.028969,23.0279,270.367,1060
1,1,6763320,618860378,Comments,"%how is%this%",SSELLVMCompiled,0.079303,28.0699,629.648,1198
1,1,6763320,618860378,Comments,"%cannot%.",SSELLVMCompiled,0.03926,26.1072,234.391,45360
1,1,1402633,655946812,PostHistory,"%php%is%shit%",SSELLVMCompiled,0.055925,37.164,247.393,13
1,1,1402633,655946812,PostHistory,"I love%C++%but%",SSELLVMCompiled,0.025899,23.7088,31.9254,1
1,1,1402633,655946812,PostHistory,"%sometimes%know.",SSELLVMCompiled,0.054238,30.2014,41.1188,3
1,1,1402633,655946812,PostHistory,"%SELECT *%LIMIT 1%",SSELLVMCompiled,0.038263,25.0115,124.635,309
1,1,1402633,655946812,PostHistory,"WITH RECURSIVE%SQL",SSELLVMCompiled,0.023798,13.3995,31.8347,0
1,1,1402633,655946812,PostHistory,"%define%then%double%",SSELLVMCompiled,0.07264,39.3406,332.872,176
1,1,927644,659166886,Posts,"<p>I have tried%",SSELLVMCompiled,0.013486,9.03486,23.1873,516
1,1,927644,659166886,Posts,"%cannot%fathom%C++%",SSELLVMCompiled,0.064852,41.3354,265.787,0
1,1,927644,659166886,Posts,"%why%happening%",SSELLVMCompiled,0.064201,34.0653,188.401,1899
1,1,927644,659166886,Posts,"%what%is%there",SSELLVMCompiled,0.066642,38.6382,30.7038,0
1,1,927644,659166886,Posts,"<p>We%try%",SSELLVMCompiled,0.036281,18.6556,33.2062,1414
1,5,33828344,3082980466,Comments,"Why do%you%?",SSELLVMCompiled,0.034898,27.5818,412.679,37146
1,5,33828344,3082980466,Comments,"%do we%actually%",SSELLVMCompiled,0.06787,31.1315,1320.21,192
1,5,33828344,3082980466,Comments,"%why%C++%",SSELLVMCompiled,0.031775,26.3217,1752.49,5007
1,5,33828344,3082980466,Comments,"%how is%this%",SSELLVMCompiled,0.075439,27.2981,2476.98,5896
1,5,33828344,3082980466,Comments,"%cannot%.",SSELLVMCompiled,0.056056,32.6586,1215.68,228112
1,5,7011291,3260900860,PostHistory,"%php%is%shit%",SSELLVMCompiled,0.0533,33.2512,1010.61,58
1,5,7011291,3260900860,PostHistory,"I love%C++%but%",SSELLVMCompiled,0.030769,25.6454,189.59,1
1,5,7011291,3260900860,PostHistory,"%sometimes%know.",SSELLVMCompiled,0.056547,31.4962,200.464,17
1,5,7011291,3260900860,PostHistory,"%SELECT *%LIMIT 1%",SSELLVMCompiled,0.038697,23.81,594.96,1489
1,5,7011291,3260900860,PostHistory,"WITH RECURSIVE%SQL",SSELLVMCompiled,0.027714,12.7609,156.262,0
1,5,7011291,3260900860,PostHistory,"%define%then%double%",SSELLVMCompiled,0.072309,42.1133,1320.2,794
1,5,4636953,3187168332,Posts,"<p>I have tried%",SSELLVMCompiled,0.020615,9.69157,116.059,2821
1,5,4636953,3187168332,Posts,"%cannot%fathom%C++%",SSELLVMCompiled,0.075787,41.4339,1176.62,0
1,5,4636953,3187168332,Posts,"%why%happening%",SSELLVMCompiled,0.052912,33.0785,841.6,9667
1,5,4636953,3187168332,Posts,"%what%is%there",SSELLVMCompiled,0.060059,40.8868,154.669,0
1,5,4636953,3187168332,Posts,"<p>We%try%",SSELLVMCompiled,0.038693,20.2755,167.249,7238
1,10,67660687,6184930096,Comments,"Why do%you%?",SSELLVMCompiled,0.031138,25.6807,781.75,74121
1,10,67660687,6184930096,Comments,"%do we%actually%",SSELLVMCompiled,0.081346,33.3871,2903.48,420
1,10,67660687,6184930096,Comments,"%why%C++%",SSELLVMCompiled,0.041294,25.4659,3177.34,10167
1,10,67660687,6184930096,Comments,"%how is%this%",SSELLVMCompiled,0.071696,32.7168,6733.25,11812
1,10,67660687,6184930096,Comments,"%cannot%.",SSELLVMCompiled,0.056382,27.3855,2505.3,456139
1,10,14020516,6464378912,PostHistory,"%php%is%shit%",SSELLVMCompiled,0.066586,40.47,2908.67,116
1,10,14020516,6464378912,PostHistory,"I love%C++%but%",SSELLVMCompiled,0.029607,24.072,318.083,1
1,10,14020516,6464378912,PostHistory,"%sometimes%know.",SSELLVMCompiled,0.055949,31.5036,405.672,34
1,10,14020516,6464378912,PostHistory,"%SELECT *%LIMIT 1%",SSELLVMCompiled,0.052962,31.1523,1203.81,2990
1,10,14020516,6464378912,PostHistory,"WITH RECURSIVE%SQL",SSELLVMCompiled,0.030139,17.5709,312.88,0
1,10,14020516,6464378912,PostHistory,"%define%then%double%",SSELLVMCompiled,0.074536,40.556,2283.74,1588
1,10,9274247,6467793801,Posts,"<p>I have tried%",SSELLVMCompiled,0.020363,9.8977,223.728,5699
1,10,9274247,6467793801,Posts,"%cannot%fathom%C++%",SSELLVMCompiled,0.071526,41.19,1792.55,1
1,10,9274247,6467793801,Posts,"%why%happening%",SSELLVMCompiled,0.06883,33.3146,1730.18,19361
1,10,9274247,6467793801,Posts,"%what%is%there",SSELLVMCompiled,0.062277,37.7248,288.728,0
1,10,9274247,6467793801,Posts,"<p>We%try%",SSELLVMCompiled,0.042761,19.586,333.976,14408
1,50,70103102,32842104583,PostHistory,"%php%is%shit%",SSELLVMCompiled,0.068268,37.078,14660.7,598
1,50,70103102,32842104583,PostHistory,"I love%C++%but%",SSELLVMCompiled,0.032806,24.6207,1609.15,15
1,50,70103102,32842104583,PostHistory,"%sometimes%know.",SSELLVMCompiled,0.061436,31.087,2050.19,175
1,50,70103102,32842104583,PostHistory,"%SELECT *%LIMIT 1%",SSELLVMCompiled,0.046878,25.7078,6107.58,14908
1,50,70103102,32842104583,PostHistory,"WITH RECURSIVE%SQL",SSELLVMCompiled,0.032012,13.4756,1565.53,1
1,50,70103102,32842104583,PostHistory,"%define%then%double%",SSELLVMCompiled,0.086396,43.984,13863.8,7993
1,50,46375197,33166382695,Posts,"<p>I have tried%",SSELLVMCompiled,0.01916,9.33607,1104.61,28497
1,50,46375197,33166382695,Posts,"%cannot%fathom%C++%",SSELLVMCompiled,0.069426,39.7118,12982.8,5
1,50,46375197,33166382695,Posts,"%why%happening%",SSELLVMCompiled,0.065317,33.8485,9269.89,97325
1,50,46375197,33166382695,Posts,"%what%is%there",SSELLVMCompiled,0.054204,38.2053,1545.16,0
1,50,46375197,33166382695,Posts,"<p>We%try%",SSELLVMCompiled,0.052801,21.3861,1778.1,71674
1,0.01,67548,6158512,Comments,"Why do%you%?",SSECppCompiled,0.037136,309.647,0.938411,79
1,0.01,67548,6158512,Comments,"%do we%actually%",SSECppCompiled,0.084296,334.608,3.52305,0
1,0.01,67548,6158512,Comments,"%why%C++%",SSECppCompiled,0.034689,311.273,3.84748,12
1,0.01,67548,6158512,Comments,"%how is%this%",SSECppCompiled,0.074454,328.953,5.42776,10
1,0.01,67548,6158512,Comments,"%cannot%.",SSECppCompiled,0.030882,320.791,2.28752,460
1,0.01,13706,6214943,PostHistory,"%php%is%shit%",SSECppCompiled,0.055562,319.913,2.58211,0
1,0.01,13706,6214943,PostHistory,"I love%C++%but%",SSECppCompiled,0.042625,314.912,0.356115,0
1,0.01,13706,6214943,PostHistory,"%sometimes%know.",SSECppCompiled,0.047599,330.801,0.475799,0
1,0.01,13706,6214943,PostHistory,"%SELECT *%LIMIT 1%",SSECppCompiled,0.040596,325.619,1.35129,3
1,0.01,13706,6214943,PostHistory,"WITH RECURSIVE%SQL",SSECppCompiled,0.029753,308.462,0.436784,0
1,0.01,13706,6214943,PostHistory,"%define%then%double%",SSECppCompiled,0.093365,347.668,3.64172,2
1,0.01,9104,6453362,Posts,"<p>I have tried%",SSECppCompiled,0.016193,290.186,0.2656,6
1,0.01,9104,6453362,Posts,"%cannot%fathom%C++%",SSECppCompiled,0.068604,358.185,4.16013,0
1,0.01,9104,6453362,Posts,"%why%happening%",SSECppCompiled,0.05594,347.691,2.24824,24
1,0.01,9104,6453362,Posts,"%what%is%there",SSECppCompiled,0.063467,350.788,0.458695,0
1,0.01,9104,6453362,Posts,"<p>We%try%",SSECppCompiled,0.041766,310.831,0.305953,19
1,0.05,338143,31244354,Comments,"Why do%you%?",SSECppCompiled,0.030681,307.683,4.58469,332
1,0.05,338143,31244354,Comments,"%do we%actually%",SSECppCompiled,0.071526,328.186,16.0761,3
1,0.05,338143,31244354,Comments,"%why%C++%",SSECppCompiled,0.033113,311.123,18.9608,47
1,0.05,338143,31244354,Comments,"%how is%this%",SSECppCompiled,0.070142,317.998,27.8702,55
1,0.05,338143,31244354,Comments,"%cannot%.",SSECppCompiled,0.04538,324.353,14.1029,2204
1,0.05,69346,31203934,PostHistory,"%php%is%shit%",SSECppCompiled,0.061236,320.844,11.9761,0
1,0.05,69346,31203934,PostHistory,"I love%C++%but%",SSECppCompiled,0.030831,304.298,1.71999,0
1,0.05,69346,31203934,PostHistory,"%sometimes%know.",SSECppCompiled,0.051796,322.669,2.19269,0
1,0.05,69346,31203934,PostHistory,"%SELECT *%LIMIT 1%",SSECppCompiled,0.04058,325.085,6.65109,13
1,0.05,69346,31203934,PostHistory,"WITH RECURSIVE%SQL",SSECppCompiled,0.026675,305.901,2.13182,0
1,0.05,69346,31203934,PostHistory,"%define%then%double%",SSECppCompiled,0.094419,357.801,19.2032,5
1,0.05,46252,32527140,Posts,"<p>I have tried%",SSECppCompiled,0.018258,290.938,1.25414,24
1,0.05,46252,32527140,Posts,"%cannot%fathom%C++%",SSECppCompiled,0.068166,355.09,18.5921,0
1,0.05,46252,32527140,Posts,"%why%happening%",SSECppCompiled,0.058332,344.246,9.66217,104
1,0.05,46252,32527140,Posts,"%what%is%there",SSECppCompiled,0.051478,348.831,2.20344,0
1,0.05,46252,32527140,Posts,"<p>We%try%",SSECppCompiled,0.046411,306.573,1.55387,62
1,0.1,676808,61789917,Comments,"Why do%you%?",SSECppCompiled,0.03185,309.842,9.10991,680
1,0.1,676808,61789917,Comments,"%do we%actually%",SSECppCompiled,0.089099,341.587,50.5249,4
1,0.1,676808,61789917,Comments,"%why%C++%",SSECppCompiled,0.032584,302.001,26.5056,88
1,0.1,676808,61789917,Comments,"%how is%this%",SSECppCompiled,0.065391,318.174,60.4259,111
1,0.1,676808,61789917,Comments,"%cannot%.",SSECppCompiled,0.047316,321.394,27.7661,4459
1,0.1,140045,64671224,PostHistory,"%php%is%shit%",SSECppCompiled,0.0628,328.503,21.5359,1
1,0.1,140045,64671224,PostHistory,"I love%C++%but%",SSECppCompiled,0.030229,305.531,4.22327,0
1,0.1,140045,64671224,PostHistory,"%sometimes%know.",SSECppCompiled,0.053718,337.504,4.38276,0
1,0.1,140045,64671224,PostHistory,"%SELECT *%LIMIT 1%",SSECppCompiled,0.038657,329.597,13.3969,29
1,0.1,140045,64671224,PostHistory,"WITH RECURSIVE%SQL",SSECppCompiled,0.02635,303.57,4.26594,0
1,0.1,140045,64671224,PostHistory,"%define%then%double%",SSECppCompiled,0.072012,346.784,22.3724,14
1,0.1,92437,65244570,Posts,"<p>I have tried%",SSECppCompiled,0.018274,296.068,2.46641,48
1,0.1,92437,65244570,Posts,"%cannot%fathom%C++%",SSECppCompiled,0.053093,336.651,10.033,0
1,0.1,92437,65244570,Posts,"%why%happening%",SSECppCompiled,0.055777,339.48,21.0306,183
1,0.1,92437,65244570,Posts,"%what%is%there",SSECppCompiled,0.05487,340.978,4.40724,0
1,0.1,92437,65244570,Posts,"<p>We%try%",SSECppCompiled,0.051483,303.942,3.13945,129
1,0.5,3381970,305571138,Comments,"Why do%you%?",SSECppCompiled,0.029224,320.457,44.3817,3633
1,0.5,3381970,305571138,Comments,"%do we%actually%",SSECppCompiled,0.077885,341.703,165.981,16
1,0.5,3381970,305571138,Comments,"%why%C++%",SSECppCompiled,0.030726,310.2,190.208,516
1,0.5,3381970,305571138,Comments,"%how is%this%",SSECppCompiled,0.071901,327.427,232.178,581
1,0.5,3381970,305571138,Comments,"%cannot%.",SSECppCompiled,0.027955,311.949,104.539,22793
1,0.5,700773,325065834,PostHistory,"%php%is%shit%",SSECppCompiled,0.067,328.476,149.336,8
1,0.5,700773,325065834,PostHistory,"I love%C++%but%",SSECppCompiled,0.032222,306.885,17.2455,1
1,0.5,700773,325065834,PostHistory,"%sometimes%know.",SSECppCompiled,0.060945,330.955,21.8681,1
1,0.5,700773,325065834,PostHistory,"%SELECT *%LIMIT 1%",SSECppCompiled,0.039334,311.887,63.8723,157
1,0.5,700773,325065834,PostHistory,"WITH RECURSIVE%SQL",SSECppCompiled,0.02609,295.07,21.1449,0
1,0.5,700773,325065834,PostHistory,"%define%then%double%",SSECppCompiled,0.075545,349.634,133.053,81
1,0.5,464093,326942687,Posts,"<p>I have tried%",SSECppCompiled,0.01807,290.99,12.1538,261
1,0.5,464093,326942687,Posts,"%cannot%fathom%C++%",SSECppCompiled,0.068066,358.308,74.1378,0
1,0.5,464093,326942687,Posts,"%why%happening%",SSECppCompiled,0.053696,344.932,107.914,968
1,0.5,464093,326942687,Posts,"%what%is%there",SSECppCompiled,0.064424,345.52,21.5462,0
1,0.5,464093,326942687,Posts,"<p>We%try%",SSECppCompiled,0.040154,311.446,14.881,676
1,1,6763320,618860378,Comments,"Why do%you%?",SSECppCompiled,0.032643,321.297,90.2272,7364
1,1,6763320,618860378,Comments,"%do we%actually%",SSECppCompiled,0.070882,327.212,260.738,35
1,1,6763320,618860378,Comments,"%why%C++%",SSECppCompiled,0.037419,306.155,299.323,1060
1,1,6763320,618860378,Comments,"%how is%this%",SSECppCompiled,0.075971,322.391,648.975,1198
1,1,6763320,618860378,Comments,"%cannot%.",SSECppCompiled,0.033225,311.493,252.488,45360
1,1,1402633,655946812,PostHistory,"%php%is%shit%",SSECppCompiled,0.06122,352.464,293.892,13
1,1,1402633,655946812,PostHistory,"I love%C++%but%",SSECppCompiled,0.030143,315.105,33.3037,1
1,1,1402633,655946812,PostHistory,"%sometimes%know.",SSECppCompiled,0.055708,339.4,43.5107,3
1,1,1402633,655946812,PostHistory,"%SELECT *%LIMIT 1%",SSECppCompiled,0.037892,329.947,136.106,309
1,1,1402633,655946812,PostHistory,"WITH RECURSIVE%SQL",SSECppCompiled,0.024356,307.731,42.801,0
1,1,1402633,655946812,PostHistory,"%define%then%double%",SSECppCompiled,0.071869,338.656,326.557,176
1,1,927644,659166886,Posts,"<p>I have tried%",SSECppCompiled,0.016783,292.151,24.4136,516
1,1,927644,659166886,Posts,"%cannot%fathom%C++%",SSECppCompiled,0.063756,341.163,242.359,0
1,1,927644,659166886,Posts,"%why%happening%",SSECppCompiled,0.051586,329.638,176.555,1899
1,1,927644,659166886,Posts,"%what%is%there",SSECppCompiled,0.054074,331.824,42.2206,0
1,1,927644,659166886,Posts,"<p>We%try%",SSECppCompiled,0.039567,299.545,28.2254,1414
1,5,33828344,3082980466,Comments,"Why do%you%?",SSECppCompiled,0.033524,309.138,441.336,37146
1,5,33828344,3082980466,Comments,"%do we%actually%",SSECppCompiled,0.057274,322.22,1243.02,192
1,5,33828344,3082980466,Comments,"%why%C++%",SSECppCompiled,0.034722,315.991,1992.31,5007
1,5,33828344,3082980466,Comments,"%how is%this%",SSECppCompiled,0.068169,318.467,2641.55,5896
1,5,33828344,3082980466,Comments,"%cannot%.",SSECppCompiled,0.047874,333.577,1343.37,228112
1,5,7011291,3260900860,PostHistory,"%php%is%shit%",SSECppCompiled,0.056308,330.89,998.281,58
1,5,7011291,3260900860,PostHistory,"I love%C++%but%",SSECppCompiled,0.033349,304.299,164.339,1
1,5,7011291,3260900860,PostHistory,"%sometimes%know.",SSECppCompiled,0.052249,332.542,214.312,17
1,5,7011291,3260900860,PostHistory,"%SELECT *%LIMIT 1%",SSECppCompiled,0.038788,312.124,639.024,1489
1,5,7011291,3260900860,PostHistory,"WITH RECURSIVE%SQL",SSECppCompiled,0.029713,304.177,216.058,0
1,5,7011291,3260900860,PostHistory,"%define%then%double%",SSECppCompiled,0.070098,353.684,1564.75,794
1,5,4636953,3187168332,Posts,"<p>I have tried%",SSECppCompiled,0.018958,293.631,121.494,2821
1,5,4636953,3187168332,Posts,"%cannot%fathom%C++%",SSECppCompiled,0.072113,347.926,1207.76,0
1,5,4636953,3187168332,Posts,"%why%happening%",SSECppCompiled,0.048868,327.515,881.699,9667
1,5,4636953,3187168332,Posts,"%what%is%there",SSECppCompiled,0.057265,347.426,211.02,0
1,5,4636953,3187168332,Posts,"<p>We%try%",SSECppCompiled,0.041436,308.592,143.617,7238
1,10,67660687,6184930096,Comments,"Why do%you%?",SSECppCompiled,0.053086,323.161,891.523,74121
1,10,67660687,6184930096,Comments,"%do we%actually%",SSECppCompiled,0.0797,346.59,3154.25,420
1,10,67660687,6184930096,Comments,"%why%C++%",SSECppCompiled,0.036441,334.235,3359.3,10167
1,10,67660687,6184930096,Comments,"%how is%this%",SSECppCompiled,0.063262,315.927,7582.9,11812
1,10,67660687,6184930096,Comments,"%cannot%.",SSECppCompiled,0.046822,337.01,2623.78,456139
1,10,14020516,6464378912,PostHistory,"%php%is%shit%",SSECppCompiled,0.060229,323.848,3154.76,116
1,10,14020516,6464378912,PostHistory,"I love%C++%but%",SSECppCompiled,0.031075,311.163,333.48,1
1,10,14020516,6464378912,PostHistory,"%sometimes%know.",SSECppCompiled,0.058504,335.157,436.815,34
1,10,14020516,6464378912,PostHistory,"%SELECT *%LIMIT 1%",SSECppCompiled,0.051045,335.19,1291.54,2990
1,10,14020516,6464378912,PostHistory,"WITH RECURSIVE%SQL",SSECppCompiled,0.024261,301.585,423.697,0
1,10,14020516,6464378912,PostHistory,"%define%then%double%",SSECppCompiled,0.072151,340.413,2630.88,1588
1,10,9274247,6467793801,Posts,"<p>I have tried%",SSECppCompiled,0.020074,296.216,234.803,5699
1,10,9274247,6467793801,Posts,"%cannot%fathom%C++%",SSECppCompiled,0.064327,350.625,1948.79,1
1,10,9274247,6467793801,Posts,"%why%happening%",SSECppCompiled,0.056512,327.988,1887.83,19361
1,10,9274247,6467793801,Posts,"%what%is%there",SSECppCompiled,0.060882,353.613,309.843,0
1,10,9274247,6467793801,Posts,"<p>We%try%",SSECppCompiled,0.042511,306.731,282.652,14408
1,50,70103102,32842104583,PostHistory,"%php%is%shit%",SSECppCompiled,0.063319,323.551,15027.2,598
1,50,70103102,32842104583,PostHistory,"I love%C++%but%",SSECppCompiled,0.034732,321.822,1660.22,15
1,50,70103102,32842104583,PostHistory,"%sometimes%know.",SSECppCompiled,0.0584,340.648,2158.74,175
1,50,70103102,32842104583,PostHistory,"%SELECT *%LIMIT 1%",SSECppCompiled,0.040874,314.694,6465.49,14908
1,50,70103102,32842104583,PostHistory,"WITH RECURSIVE%SQL",SSECppCompiled,0.026788,307.779,2116.2,1
1,50,70103102,32842104583,PostHistory,"%define%then%double%",SSECppCompiled,0.08388,351.249,15014.4,7993
1,50,46375197,33166382695,Posts,"<p>I have tried%",SSECppCompiled,0.018841,291.968,1164.04,28497
1,50,46375197,33166382695,Posts,"%cannot%fathom%C++%",SSECppCompiled,0.060552,330.664,15302,5
1,50,46375197,33166382695,Posts,"%why%happening%",SSECppCompiled,0.054853,342.608,9481.51,97325
1,50,46375197,33166382695,Posts,"%what%is%there",SSECppCompiled,0.054568,330.509,2155.02,0
1,50,46375197,33166382695,Posts,"<p>We%try%",SSECppCompiled,0.04502,311.262,1499.56,71674
1,0.01,67548,6158512,Comments,"Why do%you%?",SSEDecoded,0.001686,0,8.86585,79
1,0.01,67548,6158512,Comments,"%do we%actually%",SSEDecoded,0.001201,0,10.0108,0
1,0.01,67548,6158512,Comments,"%why%C++%",SSEDecoded,0.000892,0,9.68958,12
1,0.01,67548,6158512,Comments,"%how is%this%",SSEDecoded,0.001056,0,9.9657,10
1,0.01,67548,6158512,Comments,"%cannot%.",SSEDecoded,0.000942,0,9.47612,461
1,0.01,13706,6214943,PostHistory,"%php%is%shit%",SSEDecoded,0.001649,0,6.66678,0
1,0.01,13706,6214943,PostHistory,"I love%C++%but%",SSEDecoded,0.00088,0,5.99343,0
1,0.01,13706,6214943,PostHistory,"%sometimes%know.",SSEDecoded,0.000903,0,5.75541,0
1,0.01,13706,6214943,PostHistory,"%SELECT *%LIMIT 1%",SSEDecoded,0.000846,0,6.15187,3
1,0.01,13706,6214943,PostHistory,"WITH RECURSIVE%SQL",SSEDecoded,0.000697,0,5.37648,0
1,0.01,13706,6214943,PostHistory,"%define%then%double%",SSEDecoded,0.000958,0,6.13007,2
1,0.01,9104,6453362,Posts,"<p>I have tried%",SSEDecoded,0.000639,0,5.38805,6
1,0.01,9104,6453362,Posts,"%cannot%fathom%C++%",SSEDecoded,0.000981,0,6.15004,0
1,0.01,9104,6453362,Posts,"%why%happening%",SSEDecoded,0.000798,0,5.99161,24
1,0.01,9104,6453362,Posts,"%what%is%there",SSEDecoded,0.000718,0,5.34357,0
1,0.01,9104,6453362,Posts,"<p>We%try%",SSEDecoded,0.00076,0,5.34642,19
1,0.05,338143,31244354,Comments,"Why do%you%?",SSEDecoded,0.000869,0,41.2912,332
1,0.05,338143,31244354,Comments,"%do we%actually%",SSEDecoded,0.001075,0,44.3932,3
1,0.05,338143,31244354,Comments,"%why%C++%",SSEDecoded,0.000833,0,46.6254,47
1,0.05,338143,31244354,Comments,"%how is%this%",SSEDecoded,0.000961,0,45.6373,55
1,0.05,338143,31244354,Comments,"%cannot%.",SSEDecoded,0.000762,0,45.0112,2205
1,0.05,69346,31203934,PostHistory,"%php%is%shit%",SSEDecoded,0.001393,0,32.1556,0
1,0.05,69346,31203934,PostHistory,"I love%C++%but%",SSEDecoded,0.00087,0,26.5446,0
1,0.05,69346,31203934,PostHistory,"%sometimes%know.",SSEDecoded,0.000752,0,26.7533,0
1,0.05,69346,31203934,PostHistory,"%SELECT *%LIMIT 1%",SSEDecoded,0.000788,0,31.5795,13
1,0.05,69346,31203934,PostHistory,"WITH RECURSIVE%SQL",SSEDecoded,0.000546,0,26.805,0
1,0.05,69346,31203934,PostHistory,"%define%then%double%",SSEDecoded,0.001158,0,30.2214,5
1,0.05,46252,32527140,Posts,"<p>I have tried%",SSEDecoded,0.000668,0,29.1005,24
1,0.05,46252,32527140,Posts,"%cannot%fathom%C++%",SSEDecoded,0.001112,0,32.3541,0
1,0.05,46252,32527140,Posts,"%why%happening%",SSEDecoded,0.000855,0,30.5197,104
1,0.05,46252,32527140,Posts,"%what%is%there",SSEDecoded,0.000806,0,27.8647,0
1,0.05,46252,32527140,Posts,"<p>We%try%",SSEDecoded,0.000786,0,30.0311,62
1,0.1,676808,61789917,Comments,"Why do%you%?",SSEDecoded,0.000787,0,79.335,680
1,0.1,676808,61789917,Comments,"%do we%actually%",SSEDecoded,0.001052,0,93.6954,4
1,0.1,676808,61789917,Comments,"%why%C++%",SSEDecoded,0.000882,0,89.9934,88
1,0.1,676808,61789917,Comments,"%how is%this%",SSEDecoded,0.000836,0,92.1077,111
1,0.1,676808,61789917,Comments,"%cannot%.",SSEDecoded,0.000814,0,89.2901,4462
1,0.1,140045,64671224,PostHistory,"%php%is%shit%",SSEDecoded,0.001296,0,65.2434,1
1,0.1,140045,64671224,PostHistory,"I love%C++%but%",SSEDecoded,0.000988,0,55.2312,0
1,0.1,140045,64671224,PostHistory,"%sometimes%know.",SSEDecoded,0.000842,0,57.874,0
1,0.1,140045,64671224,PostHistory,"%SELECT *%LIMIT 1%",SSEDecoded,0.000849,0,62.8187,29
1,0.1,140045,64671224,PostHistory,"WITH RECURSIVE%SQL",SSEDecoded,0.000802,0,57.7372,0
1,0.1,140045,64671224,PostHistory,"%define%then%double%",SSEDecoded,0.00135,0,67.5457,14
1,0.1,92437,65244570,Posts,"<p>I have tried%",SSEDecoded,0.000769,0,54.7799,48
1,0.1,92437,65244570,Posts,"%cannot%fathom%C++%",SSEDecoded,0.001204,0,65.027,0
1,0.1,92437,65244570,Posts,"%why%happening%",SSEDecoded,0.00105,0,65.1295,183
1,0.1,92437,65244570,Posts,"%what%is%there",SSEDecoded,0.000963,0,55.823,0
1,0.1,92437,65244570,Posts,"<p>We%try%",SSEDecoded,0.000823,0,60.363,129
1,0.5,3381970,305571138,Comments,"Why do%you%?",SSEDecoded,0.001053,0,411.756,3633
1,0.5,3381970,305571138,Comments,"%do we%actually%",SSEDecoded,0.001218,0,475.616,16
1,0.5,3381970,305571138,Comments,"%why%C++%",SSEDecoded,0.001118,0,480.48,516
1,0.5,3381970,305571138,Comments,"%how is%this%",SSEDecoded,0.001149,0,488.853,582
1,0.5,3381970,305571138,Comments,"%cannot%.",SSEDecoded,0.001153,0,476.727,22806
1,0.5,700773,325065834,PostHistory,"%php%is%shit%",SSEDecoded,0.001488,0,343.512,8
1,0.5,700773,325065834,PostHistory,"I love%C++%but%",SSEDecoded,0.001813,0,295.961,1
1,0.5,700773,325065834,PostHistory,"%sometimes%know.",SSEDecoded,0.001258,0,295.022,1
1,0.5,700773,325065834,PostHistory,"%SELECT *%LIMIT 1%",SSEDecoded,0.001547,0,327.788,157
1,0.5,700773,325065834,PostHistory,"WITH RECURSIVE%SQL",SSEDecoded,0.00091,0,291.383,0
1,0.5,700773,325065834,PostHistory,"%define%then%double%",SSEDecoded,0.001877,0,337.472,81
1,0.5,464093,326942687,Posts,"<p>I have tried%",SSEDecoded,0.001028,0,287.963,261
1,0.5,464093,326942687,Posts,"%cannot%fathom%C++%",SSEDecoded,0.00165,0,327.565,0
1,0.5,464093,326942687,Posts,"%why%happening%",SSEDecoded,0.001633,0,324.538,974
1,0.5,464093,326942687,Posts,"%what%is%there",SSEDecoded,0.001672,0,299.782,0
1,0.5,464093,326942687,Posts,"<p>We%try%",SSEDecoded,0.001598,0,309.245,676
1,1,6763320,618860378,Comments,"Why do%you%?",SSEDecoded,0.001836,0,842.962,7364
1,1,6763320,618860378,Comments,"%do we%actually%",SSEDecoded,0.001617,0,973.178,35
1,1,6763320,618860378,Comments,"%why%C++%",SSEDecoded,0.001314,0,936.349,1060
1,1,6763320,618860378,Comments,"%how is%this%",SSEDecoded,0.002128,0,929.71,1198
1,1,6763320,618860378,Comments,"%cannot%.",SSEDecoded,0.001707,0,912.394,45380
1,1,1402633,655946812,PostHistory,"%php%is%shit%",SSEDecoded,0.001939,0,661.863,13
1,1,1402633,655946812,PostHistory,"I love%C++%but%",SSEDecoded,0.002119,0,605.496,1
1,1,1402633,655946812,PostHistory,"%sometimes%know.",SSEDecoded,0.001634,0,611.422,3
1,1,1402633,655946812,PostHistory,"%SELECT *%LIMIT 1%",SSEDecoded,0.002328,0,681.242,309
1,1,1402633,655946812,PostHistory,"WITH RECURSIVE%SQL",SSEDecoded,0.00099,0,612.719,0
1,1,1402633,655946812,PostHistory,"%define%then%double%",SSEDecoded,0.002054,0,699.966,176
1,1,927644,659166886,Posts,"<p>I have tried%",SSEDecoded,0.001263,0,572.28,516
1,1,927644,659166886,Posts,"%cannot%fathom%C++%",SSEDecoded,0.001927,0,648.347,0
1,1,927644,659166886,Posts,"%why%happening%",SSEDecoded,0.00193,0,648.656,1910
1,1,927644,659166886,Posts,"%what%is%there",SSEDecoded,0.00211,0,569.08,0
1,1,927644,659166886,Posts,"<p>We%try%",SSEDecoded,0.001472,0,567.917,1415
1,5,33828344,3082980466,Comments,"Why do%you%?",SSEDecoded,0.002303,0,4149.29,37146
1,5,33828344,3082980466,Comments,"%do we%actually%",SSEDecoded,0.001539,0,4749.94,193
1,5,33828344,3082980466,Comments,"%why%C++%",SSEDecoded,0.001747,0,4680.48,5007
1,5,33828344,3082980466,Comments,"%how is%this%",SSEDecoded,0.001754,0,4772.24,5898
1,5,33828344,3082980466,Comments,"%cannot%.",SSEDecoded,0.001376,0,4675,228138
1,5,7011291,3260900860,PostHistory,"%php%is%shit%",SSEDecoded,0.001979,0,3369.22,58
1,5,7011291,3260900860,PostHistory,"I love%C++%but%",SSEDecoded,0.001825,0,2985.23,1
1,5,7011291,3260900860,PostHistory,"%sometimes%know.",SSEDecoded,0.001494,0,2979.69,17
1,5,7011291,3260900860,PostHistory,"%SELECT *%LIMIT 1%",SSEDecoded,0.001466,0,3281.69,1489
1,5,7011291,3260900860,PostHistory,"WITH RECURSIVE%SQL",SSEDecoded,0.000919,0,2998.16,0
1,5,7011291,3260900860,PostHistory,"%define%then%double%",SSEDecoded,0.001864,0,3359.22,796
1,5,4636953,3187168332,Posts,"<p>I have tried%",SSEDecoded,0.001345,0,2932.86,2821
1,5,4636953,3187168332,Posts,"%cannot%fathom%C++%",SSEDecoded,0.001834,0,3230.75,0
1,5,4636953,3187168332,Posts,"%why%happening%",SSEDecoded,0.001882,0,3236.66,9735
1,5,4636953,3187168332,Posts,"%what%is%there",SSEDecoded,0.001999,0,2804.97,0
1,5,4636953,3187168332,Posts,"<p>We%try%",SSEDecoded,0.001712,0,2926.33,7244
1,10,67660687,6184930096,Comments,"Why do%you%?",SSEDecoded,0.001785,0,8294.89,74121
1,10,67660687,6184930096,Comments,"%do we%actually%",SSEDecoded,0.001802,0,9684.79,421
1,10,67660687,6184930096,Comments,"%why%C++%",SSEDecoded,0.001864,0,9463.46,10167
1,10,67660687,6184930096,Comments,"%how is%this%",SSEDecoded,0.001728,0,9707.02,11818
1,10,67660687,6184930096,Comments,"%cannot%.",SSEDecoded,0.00203,0,9422.29,456260
1,10,14020516,6464378912,PostHistory,"%php%is%shit%",SSEDecoded,0.001981,0,6619.25,116
1,10,14020516,6464378912,PostHistory,"I love%C++%but%",SSEDecoded,0.001878,0,5805.02,1
1,10,14020516,6464378912,PostHistory,"%sometimes%know.",SSEDecoded,0.001669,0,5821.89,34
1,10,14020516,6464378912,PostHistory,"%SELECT *%LIMIT 1%",SSEDecoded,0.00159,0,6489.71,2990
1,10,14020516,6464378912,PostHistory,"WITH RECURSIVE%SQL",SSEDecoded,0.001115,0,5888.59,0
1,10,14020516,6464378912,PostHistory,"%define%then%double%",SSEDecoded,0.001768,0,6707.49,1594
1,10,9274247,6467793801,Posts,"<p>I have tried%",SSEDecoded,0.001775,0,5907.17,5699
1,10,9274247,6467793801,Posts,"%cannot%fathom%C++%",SSEDecoded,0.001928,0,6753.32,1
1,10,9274247,6467793801,Posts,"%why%happening%",SSEDecoded,0.001495,0,6596.74,19419
1,10,9274247,6467793801,Posts,"%what%is%there",SSEDecoded,0.001681,0,5926.05,0
1,10,9274247,6467793801,Posts,"<p>We%try%",SSEDecoded,0.001347,0,5907.83,14417
1,50,70103102,32842104583,PostHistory,"%php%is%shit%",SSEDecoded,0.001987,0,33179.9,599
1,50,70103102,32842104583,PostHistory,"I love%C++%but%",SSEDecoded,0.001826,0,29185.1,15
1,50,70103102,32842104583,PostHistory,"%sometimes%know.",SSEDecoded,0.001878,0,29355.1,175
1,50,70103102,32842104583,PostHistory,"%SELECT *%LIMIT 1%",SSEDecoded,0.00142,0,32218,14908
1,50,70103102,32842104583,PostHistory,"WITH RECURSIVE%SQL",SSEDecoded,0.001631,0,29304.2,1
1,50,70103102,32842104583,PostHistory,"%define%then%double%",SSEDecoded,0.001841,0,33511.1,8042
1,50,46375197,33166382695,Posts,"<p>I have tried%",SSEDecoded,0.001427,0,28955.8,28497
1,50,46375197,33166382695,Posts,"%cannot%fathom%C++%",SSEDecoded,0.001958,0,33044.4,5
1,50,46375197,33166382695,Posts,"%why%happening%",SSEDecoded,0.001603,0,32342.4,97637
1,50,46375197,33166382695,Posts,"%what%is%there",SSEDecoded,0.001624,0,28992,0
1,50,46375197,33166382695,Posts,"<p>We%try%",SSEDecoded,0.001393,0,28907.7,71674
1,0.01,67548,6158512,Comments,"Why do%you%?",VectorScan,1.08638,0,11.6052,79
1,0.01,67548,6158512,Comments,"%do we%actually%",VectorScan,0.516186,0,14.064,0
1,0.01,67548,6158512,Comments,"%why%C++%",VectorScan,0.537533,0,14.6493,12
1,0.01,67548,6158512,Comments,"%how is%this%",VectorScan,0.34494,0,14.3402,10
1,0.01,67548,6158512,Comments,"%cannot%.",VectorScan,0.42798,0,12.5585,461
1,0.01,13706,6214943,PostHistory,"%php%is%shit%",VectorScan,0.621019,0,7.7454,0
1,0.01,13706,6214943,PostHistory,"I love%C++%but%",VectorScan,0.526861,0,6.60194,0
1,0.01,13706,6214943,PostHistory,"%sometimes%know.",VectorScan,0.443441,0,7.69632,0
1,0.01,13706,6214943,PostHistory,"%SELECT *%LIMIT 1%",VectorScan,0.353422,0,7.52023,3
1,0.01,13706,6214943,PostHistory,"WITH RECURSIVE%SQL",VectorScan,0.564304,0,6.66708,0
1,0.01,13706,6214943,PostHistory,"%define%then%double%",VectorScan,0.537043,0,8.23198,2
1,0.01,9104,6453362,Posts,"<p>I have tried%",VectorScan,0.239912,0,6.46603,6
1,0.01,9104,6453362,Posts,"%cannot%fathom%C++%",VectorScan,0.512868,0,7.7925,0
1,0.01,9104,6453362,Posts,"%why%happening%",VectorScan,0.447872,0,7.91211,24
1,0.01,9104,6453362,Posts,"%what%is%there",VectorScan,0.728958,0,8.3761,0
1,0.01,9104,6453362,Posts,"<p>We%try%",VectorScan,0.333584,0,6.62122,19
1,0.05,338143,31244354,Comments,"Why do%you%?",VectorScan,0.55015,0,55.5364,332
1,0.05,338143,31244354,Comments,"%do we%actually%",VectorScan,0.434347,0,69.9678,3
1,0.05,338143,31244354,Comments,"%why%C++%",VectorScan,0.52831,0,70.1542,47
1,0.05,338143,31244354,Comments,"%how is%this%",VectorScan,0.372869,0,70.4488,55
1,0.05,338143,31244354,Comments,"%cannot%.",VectorScan,0.490444,0,65.658,2205
1,0.05,69346,31203934,PostHistory,"%php%is%shit%",VectorScan,0.593375,0,39.8482,0
1,0.05,69346,31203934,PostHistory,"I love%C++%but%",VectorScan,0.600371,0,32.411,0
1,0.05,69346,31203934,PostHistory,"%sometimes%know.",VectorScan,0.50324,0,40.7908,0
1,0.05,69346,31203934,PostHistory,"%SELECT *%LIMIT 1%",VectorScan,0.403629,0,39.6907,13
1,0.05,69346,31203934,PostHistory,"WITH RECURSIVE%SQL",VectorScan,0.56287,0,33.1957,0
1,0.05,69346,31203934,PostHistory,"%define%then%double%",VectorScan,0.575782,0,42.4641,5
1,0.05,46252,32527140,Posts,"<p>I have tried%",VectorScan,0.26884,0,32.9133,24
1,0.05,46252,32527140,Posts,"%cannot%fathom%C++%",VectorScan,0.559643,0,39.3594,0
1,0.05,46252,32527140,Posts,"%why%happening%",VectorScan,0.407673,0,39.7455,104
1,0.05,46252,32527140,Posts,"%what%is%there",VectorScan,0.735496,0,42.8289,0
1,0.05,46252,32527140,Posts,"<p>We%try%",VectorScan,0.357718,0,32.2544,62
1,0.1,676808,61789917,Comments,"Why do%you%?",VectorScan,0.626213,0,113.302,680
1,0.1,676808,61789917,Comments,"%do we%actually%",VectorScan,0.430633,0,136.635,4
1,0.1,676808,61789917,Comments,"%why%C++%",VectorScan,0.482029,0,134.2,88
1,0.1,676808,61789917,Comments,"%how is%this%",VectorScan,0.335529,0,134.621,111
1,0.1,676808,61789917,Comments,"%cannot%.",VectorScan,0.457739,0,125.955,4462
1,0.1,140045,64671224,PostHistory,"%php%is%shit%",VectorScan,0.64754,0,80.2524,1
1,0.1,140045,64671224,PostHistory,"I love%C++%but%",VectorScan,0.674778,0,66.4762,0
1,0.1,140045,64671224,PostHistory,"%sometimes%know.",VectorScan,0.590583,0,79.9004,0
1,0.1,140045,64671224,PostHistory,"%SELECT *%LIMIT 1%",VectorScan,0.451419,0,76.2125,29
1,0.1,140045,64671224,PostHistory,"WITH RECURSIVE%SQL",VectorScan,0.574468,0,60.9983,0
1,0.1,140045,64671224,PostHistory,"%define%then%double%",VectorScan,0.526621,0,80.3642,14
1,0.1,92437,65244570,Posts,"<p>I have tried%",VectorScan,0.289748,0,61.2676,48
1,0.1,92437,65244570,Posts,"%cannot%fathom%C++%",VectorScan,0.516049,0,72.1783,0
1,0.1,92437,65244570,Posts,"%why%happening%",VectorScan,0.443536,0,75.1287,183
1,0.1,92437,65244570,Posts,"%what%is%there",VectorScan,0.747201,0,78.8647,0
1,0.1,92437,65244570,Posts,"<p>We%try%",VectorScan,0.329228,0,60.6263,129
1,0.5,3381970,305571138,Comments,"Why do%you%?",VectorScan,0.589045,0,537.357,3633
1,0.5,3381970,305571138,Comments,"%do we%actually%",VectorScan,0.459321,0,663.159,16
1,0.5,3381970,305571138,Comments,"%why%C++%",VectorScan,0.563239,0,697.657,516
1,0.5,3381970,305571138,Comments,"%how is%this%",VectorScan,0.424398,0,712.193,582
1,0.5,3381970,305571138,Comments,"%cannot%.",VectorScan,0.565273,0,643.523,22806
1,0.5,700773,325065834,PostHistory,"%php%is%shit%",VectorScan,0.616145,0,415.018,8
1,0.5,700773,325065834,PostHistory,"I love%C++%but%",VectorScan,0.656465,0,345.534,1
1,0.5,700773,325065834,PostHistory,"%sometimes%know.",VectorScan,0.547582,0,419.688,1
1,0.5,700773,325065834,PostHistory,"%SELECT *%LIMIT 1%",VectorScan,0.454452,0,403.925,157
1,0.5,700773,325065834,PostHistory,"WITH RECURSIVE%SQL",VectorScan,0.6591,0,334.695,0
1,0.5,700773,325065834,PostHistory,"%define%then%double%",VectorScan,0.582666,0,430.358,81
1,0.5,464093,326942687,Posts,"<p>I have tried%",VectorScan,0.277233,0,310.155,261
1,0.5,464093,326942687,Posts,"%cannot%fathom%C++%",VectorScan,0.538815,0,398.658,0
1,0.5,464093,326942687,Posts,"%why%happening%",VectorScan,0.488782,0,379.331,974
1,0.5,464093,326942687,Posts,"%what%is%there",VectorScan,0.798891,0,393.742,0
1,0.5,464093,326942687,Posts,"<p>We%try%",VectorScan,0.396521,0,312.204,676
1,1,6763320,618860378,Comments,"Why do%you%?",VectorScan,0.690722,0,1123.84,7364
1,1,6763320,618860378,Comments,"%do we%actually%",VectorScan,0.522613,0,1428.76,35
1,1,6763320,618860378,Comments,"%why%C++%",VectorScan,0.642797,0,1454.05,1060
1,1,6763320,618860378,Comments,"%how is%this%",VectorScan,0.436354,0,1380.67,1198
1,1,6763320,618860378,Comments,"%cannot%.",VectorScan,0.579869,0,1238.65,45380
1,1,1402633,655946812,PostHistory,"%php%is%shit%",VectorScan,0.695005,0,808.896,13
1,1,1402633,655946812,PostHistory,"I love%C++%but%",VectorScan,0.678673,0,682.728,1
1,1,1402633,655946812,PostHistory,"%sometimes%know.",VectorScan,0.524077,0,808.958,3
1,1,1402633,655946812,PostHistory,"%SELECT *%LIMIT 1%",VectorScan,0.47485,0,811.964,309
1,1,1402633,655946812,PostHistory,"WITH RECURSIVE%SQL",VectorScan,0.668419,0,656.033,0
1,1,1402633,655946812,PostHistory,"%define%then%double%",VectorScan,0.586133,0,822.494,176
1,1,927644,659166886,Posts,"<p>I have tried%",VectorScan,0.335938,0,614.8,516
1,1,927644,659166886,Posts,"%cannot%fathom%C++%",VectorScan,0.620795,0,756.671,0
1,1,927644,659166886,Posts,"%why%happening%",VectorScan,0.510032,0,776.028,1910
1,1,927644,659166886,Posts,"%what%is%there",VectorScan,0.848632,0,825.327,0
1,1,927644,659166886,Posts,"<p>We%try%",VectorScan,0.413588,0,642.747,1415
1,5,33828344,3082980466,Comments,"Why do%you%?",VectorScan,0.711717,0,5671.36,37146
1,5,33828344,3082980466,Comments,"%do we%actually%",VectorScan,0.596298,0,6964.22,193
1,5,33828344,3082980466,Comments,"%why%C++%",VectorScan,0.589905,0,6912.6,5007
1,5,33828344,3082980466,Comments,"%how is%this%",VectorScan,0.433063,0,7103.32,5898
1,5,33828344,3082980466,Comments,"%cannot%.",VectorScan,0.619657,0,6379.99,228138
1,5,7011291,3260900860,PostHistory,"%php%is%shit%",VectorScan,0.687016,0,3944.29,58
1,5,7011291,3260900860,PostHistory,"I love%C++%but%",VectorScan,0.654796,0,3392.15,1
1,5,7011291,3260900860,PostHistory,"%sometimes%know.",VectorScan,0.611257,0,3916.56,17
1,5,7011291,3260900860,PostHistory,"%SELECT *%LIMIT 1%",VectorScan,0.508536,0,3949.76,1489
1,5,7011291,3260900860,PostHistory,"WITH RECURSIVE%SQL",VectorScan,0.633277,0,3308.94,0
1,5,7011291,3260900860,PostHistory,"%define%then%double%",VectorScan,0.693657,0,4239.87,796
1,5,4636953,3187168332,Posts,"<p>I have tried%",VectorScan,0.321127,0,3187.1,2821
1,5,4636953,3187168332,Posts,"%cannot%fathom%C++%",VectorScan,0.631287,0,3741.4,0
1,5,4636953,3187168332,Posts,"%why%happening%",VectorScan,0.55035,0,3856.52,9735
1,5,4636953,3187168332,Posts,"%what%is%there",VectorScan,0.80193,0,4128.53,0
1,5,4636953,3187168332,Posts,"<p>We%try%",VectorScan,0.466627,0,2957.19,7244
1,10,67660687,6184930096,Comments,"Why do%you%?",VectorScan,0.688505,0,11157.7,74121
1,10,67660687,6184930096,Comments,"%do we%actually%",VectorScan,0.54891,0,13909.4,421
1,10,67660687,6184930096,Comments,"%why%C++%",VectorScan,0.602791,0,14047.5,10167
1,10,67660687,6184930096,Comments,"%how is%this%",VectorScan,0.45668,0,14116,11818
1,10,67660687,6184930096,Comments,"%cannot%.",VectorScan,0.606639,0,12755.8,456260
1,10,14020516,6464378912,PostHistory,"%php%is%shit%",VectorScan,0.731986,0,7915.83,116
1,10,14020516,6464378912,PostHistory,"I love%C++%but%",VectorScan,0.657009,0,6477.05,1
1,10,14020516,6464378912,PostHistory,"%sometimes%know.",VectorScan,0.578064,0,7774.32,34
1,10,14020516,6464378912,PostHistory,"%SELECT *%LIMIT 1%",VectorScan,0.532189,0,7727.4,2990
1,10,14020516,6464378912,PostHistory,"WITH RECURSIVE%SQL",VectorScan,0.694412,0,6455.81,0
1,10,14020516,6464378912,PostHistory,"%define%then%double%",VectorScan,0.680191,0,8352.93,1594
1,10,9274247,6467793801,Posts,"<p>I have tried%",VectorScan,0.35642,0,6359.07,5699
1,10,9274247,6467793801,Posts,"%cannot%fathom%C++%",VectorScan,0.632705,0,7719.64,1
1,10,9274247,6467793801,Posts,"%why%happening%",VectorScan,0.513559,0,7858.09,19419
1,10,9274247,6467793801,Posts,"%what%is%there",VectorScan,0.87391,0,8148.77,0
1,10,9274247,6467793801,Posts,"<p>We%try%",VectorScan,0.466283,0,6324.39,14417
1,50,70103102,32842104583,PostHistory,"%php%is%shit%",VectorScan,0.66807,0,39239.5,599
1,50,70103102,32842104583,PostHistory,"I love%C++%but%",VectorScan,0.659173,0,32285.7,15
1,50,70103102,32842104583,PostHistory,"%sometimes%know.",VectorScan,0.571109,0,39180.7,175
1,50,70103102,32842104583,PostHistory,"%SELECT *%LIMIT 1%",VectorScan,0.515257,0,38780.7,14908
1,50,70103102,32842104583,PostHistory,"WITH RECURSIVE%SQL",VectorScan,0.699397,0,32367.6,1
1,50,70103102,32842104583,PostHistory,"%define%then%double%",VectorScan,0.631958,0,41444,8042
1,50,46375197,33166382695,Posts,"<p>I have tried%",VectorScan,0.339255,0,31395.9,28497
1,50,46375197,33166382695,Posts,"%cannot%fathom%C++%",VectorScan,0.670187,0,37681.6,5
1,50,46375197,33166382695,Posts,"%why%happening%",VectorScan,0.569348,0,38323.7,97637
1,50,46375197,33166382695,Posts,"%what%is%there",VectorScan,0.807906,0,40184.8,1
1,50,46375197,33166382695,Posts,"<p>We%try%",VectorScan,0.470553,0,30789.2,71674
2,0.01,67548,6158512,Comments,"Why do%you%?",InMemory,0.037554,0.000112,1.33285,79
2,0.01,67548,6158512,Comments,"%do we%actually%",InMemory,0.070233,5e-05,90.5092,0
2,0.01,67548,6158512,Comments,"%why%C++%",InMemory,0.024003,3.5e-05,68.9893,12
2,0.01,67548,6158512,Comments,"%how is%this%",InMemory,0.057896,4.2e-05,83.7891,10
2,0.01,67548,6158512,Comments,"%cannot%.",InMemory,0.018434,2.6e-05,36.7205,460
2,0.01,13706,6214943,PostHistory,"%php%is%shit%",InMemory,0.040556,4.4e-05,55.4089,0
2,0.01,13706,6214943,PostHistory,"I love%C++%but%",InMemory,0.030902,3.8e-05,0.438813,0
2,0.01,13706,6214943,PostHistory,"%sometimes%know.",InMemory,0.029706,2.6e-05,0.193855,0
2,0.01,13706,6214943,PostHistory,"%SELECT *%LIMIT 1%",InMemory,0.029741,1.8e-05,49.4792,3
2,0.01,13706,6214943,PostHistory,"WITH RECURSIVE%SQL",InMemory,0.016458,1.9e-05,0.165972,0
2,0.01,13706,6214943,PostHistory,"%define%then%double%",InMemory,0.072674,1.6e-05,105.451,2
2,0.01,9104,6453362,Posts,"<p>I have tried%",InMemory,0.008363,3.5e-05,0.34971,6
2,0.01,9104,6453362,Posts,"%cannot%fathom%C++%",InMemory,0.049135,2.8e-05,96.5318,0
2,0.01,9104,6453362,Posts,"%why%happening%",InMemory,0.039388,1.5e-05,87.6978,24
2,0.01,9104,6453362,Posts,"%what%is%there",InMemory,0.043995,4.2e-05,0.231989,0
2,0.01,9104,6453362,Posts,"<p>We%try%",InMemory,0.024486,1.8e-05,0.967181,19
2,0.05,338143,31244354,Comments,"Why do%you%?",InMemory,0.017369,1.7e-05,5.89309,332
2,0.05,338143,31244354,Comments,"%do we%actually%",InMemory,0.055254,3e-05,468.006,3
2,0.05,338143,31244354,Comments,"%why%C++%",InMemory,0.024936,4.5e-05,395.997,47
2,0.05,338143,31244354,Comments,"%how is%this%",InMemory,0.058771,4.5e-05,575.556,55
2,0.05,338143,31244354,Comments,"%cannot%.",InMemory,0.03677,4.4e-05,288.331,2204
2,0.05,69346,31203934,PostHistory,"%php%is%shit%",InMemory,0.05327,3.7e-05,338.123,0
2,0.05,69346,31203934,PostHistory,"I love%C++%but%",InMemory,0.024741,4.5e-05,2.53425,0
2,0.05,69346,31203934,PostHistory,"%sometimes%know.",InMemory,0.052144,5.6e-05,2.89744,0
2,0.05,69346,31203934,PostHistory,"%SELECT *%LIMIT 1%",InMemory,0.029512,2.3e-05,340.539,13
2,0.05,69346,31203934,PostHistory,"WITH RECURSIVE%SQL",InMemory,0.016533,4.1e-05,1.29549,0
2,0.05,69346,31203934,PostHistory,"%define%then%double%",InMemory,0.070539,1.9e-05,507.752,5
2,0.05,46252,32527140,Posts,"<p>I have tried%",InMemory,0.013084,0.000102,1.82771,24
2,0.05,46252,32527140,Posts,"%cannot%fathom%C++%",InMemory,0.055041,2.7e-05,463.537,0
2,0.05,46252,32527140,Posts,"%why%happening%",InMemory,0.050302,3.9e-05,338.17,104
2,0.05,46252,32527140,Posts,"%what%is%there",InMemory,0.042464,1.5e-05,2.64278,0
2,0.05,46252,32527140,Posts,"<p>We%try%",InMemory,0.03063,3e-05,5.90389,62
2,0.1,676808,61789917,Comments,"Why do%you%?",InMemory,0.018827,3.6e-05,12.5589,680
2,0.1,676808,61789917,Comments,"%do we%actually%",InMemory,0.07105,3.3e-05,908.435,4
2,0.1,676808,61789917,Comments,"%why%C++%",InMemory,0.02278,3.5e-05,695.163,88
2,0.1,676808,61789917,Comments,"%how is%this%",InMemory,0.046677,4.1e-05,1099.21,111
2,0.1,676808,61789917,Comments,"%cannot%.",InMemory,0.030558,4.2e-05,499.329,4459
2,0.1,140045,64671224,PostHistory,"%php%is%shit%",InMemory,0.055954,4.9e-05,752.999,1
2,0.1,140045,64671224,PostHistory,"I love%C++%but%",InMemory,0.026423,4.5e-05,4.82905,0
2,0.1,140045,64671224,PostHistory,"%sometimes%know.",InMemory,0.040391,2.6e-05,5.46929,0
2,0.1,140045,64671224,PostHistory,"%SELECT *%LIMIT 1%",InMemory,0.028012,2.6e-05,704.128,29
2,0.1,140045,64671224,PostHistory,"WITH RECURSIVE%SQL",InMemory,0.026314,0.000105,4.42863,0
2,0.1,140045,64671224,PostHistory,"%define%then%double%",InMemory,0.067365,3.5e-05,724.79,14
2,0.1,92437,65244570,Posts,"<p>I have tried%",InMemory,0.014934,2.1e-05,3.67105,48
2,0.1,92437,65244570,Posts,"%cannot%fathom%C++%",InMemory,0.046322,2.1e-05,583.455,0
2,0.1,92437,65244570,Posts,"%why%happening%",InMemory,0.046071,3.6e-05,836.842,183
2,0.1,92437,65244570,Posts,"%what%is%there",InMemory,0.042319,4e-05,5.38419,0
2,0.1,92437,65244570,Posts,"<p>We%try%",InMemory,0.037636,3.1e-05,12.6243,129
2,0.5,3381970,305571138,Comments,"Why do%you%?",InMemory,0.018856,3e-05,58.5239,3633
2,0.5,3381970,305571138,Comments,"%do we%actually%",InMemory,0.060278,3.7e-05,5104.95,16
2,0.5,3381970,305571138,Comments,"%why%C++%",InMemory,0.032407,0.000107,3531.02,516
2,0.5,3381970,305571138,Comments,"%how is%this%",InMemory,0.074422,9.5e-05,5086.97,581
2,0.5,3381970,305571138,Comments,"%cannot%.",InMemory,0.025687,0.000105,1507.61,22793
2,0.5,700773,325065834,PostHistory,"%php%is%shit%",InMemory,0.06184,4.7e-05,3889.89,8
2,0.5,700773,325065834,PostHistory,"I love%C++%but%",InMemory,0.035246,2.4e-05,22.8476,1
2,0.5,700773,325065834,PostHistory,"%sometimes%know.",InMemory,0.048273,1.7e-05,26.5523,1
2,0.5,700773,325065834,PostHistory,"%SELECT *%LIMIT 1%",InMemory,0.032572,3.3e-05,3372.71,157
2,0.5,700773,325065834,PostHistory,"WITH RECURSIVE%SQL",InMemory,0.023151,8.8e-05,22.2208,0
2,0.5,700773,325065834,PostHistory,"%define%then%double%",InMemory,0.061292,2.5e-05,5115.6,81
2,0.5,464093,326942687,Posts,"<p>I have tried%",InMemory,0.014897,0.000467,17.8683,261
2,0.5,464093,326942687,Posts,"%cannot%fathom%C++%",InMemory,0.055446,3.3e-05,3756.29,0
2,0.5,464093,326942687,Posts,"%why%happening%",InMemory,0.051767,8.6e-05,4420.16,968
2,0.5,464093,326942687,Posts,"%what%is%there",InMemory,0.054728,0.000102,24.4093,0
2,0.5,464093,326942687,Posts,"<p>We%try%",InMemory,0.030796,3.2e-05,66.1405,676
2,1,6763320,618860378,Comments,"Why do%you%?",InMemory,0.023693,3.5e-05,120.857,7364
2,1,6763320,618860378,Comments,"%do we%actually%",InMemory,0.054969,3e-05,6984.9,35
2,1,6763320,618860378,Comments,"%why%C++%",InMemory,0.0306,0.000103,7857.54,1060
2,1,6763320,618860378,Comments,"%how is%this%",InMemory,0.076869,0.000103,11386.7,1198
2,1,6763320,618860378,Comments,"%cannot%.",InMemory,0.034647,0.000101,5242.34,45360
2,1,1402633,655946812,PostHistory,"%php%is%shit%",InMemory,0.061894,0.000108,8471.92,13
2,1,1402633,655946812,PostHistory,"I love%C++%but%",InMemory,0.028111,0.000101,45.705,1
2,1,1402633,655946812,PostHistory,"%sometimes%know.",InMemory,0.044589,1.7e-05,48.1645,3
2,1,1402633,655946812,PostHistory,"%SELECT *%LIMIT 1%",InMemory,0.031208,3.2e-05,6694.14,309
2,1,1402633,655946812,PostHistory,"WITH RECURSIVE%SQL",InMemory,0.025259,9.9e-05,44.4631,0
2,1,1402633,655946812,PostHistory,"%define%then%double%",InMemory,0.062878,2.2e-05,11493,176
2,1,927644,659166886,Posts,"<p>I have tried%",InMemory,0.015623,0.000105,35.1085,516
2,1,927644,659166886,Posts,"%cannot%fathom%C++%",InMemory,0.060715,2.6e-05,10939.2,0
2,1,927644,659166886,Posts,"%why%happening%",InMemory,0.054123,0.000106,7735.79,1899
2,1,927644,659166886,Posts,"%what%is%there",InMemory,0.048622,0.000102,48.4688,0
2,1,927644,659166886,Posts,"<p>We%try%",InMemory,0.026709,3.1e-05,130.465,1414
2,5,33828344,3082980466,Comments,"Why do%you%?",InMemory,0.023251,2.1e-05,595.587,37146
2,5,33828344,3082980466,Comments,"%do we%actually%",InMemory,0.062494,3.4e-05,34366.7,192
2,5,33828344,3082980466,Comments,"%why%C++%",InMemory,0.032207,0.000102,39429.6,5007
2,5,33828344,3082980466,Comments,"%how is%this%",InMemory,0.063985,0.000105,50290.7,5896
2,5,33828344,3082980466,Comments,"%cannot%.",InMemory,0.048273,0.000105,22323.1,228112
2,5,7011291,3260900860,PostHistory,"%php%is%shit%",InMemory,0.056029,0.000113,35110.9,58
2,5,7011291,3260900860,PostHistory,"I love%C++%but%",InMemory,0.032227,0.000105,226.692,1
2,5,7011291,3260900860,PostHistory,"%sometimes%know.",InMemory,0.048139,2.9e-05,245.656,17
2,5,7011291,3260900860,PostHistory,"%SELECT *%LIMIT 1%",InMemory,0.033432,3.3e-05,33234.2,1489
2,5,7011291,3260900860,PostHistory,"WITH RECURSIVE%SQL",InMemory,0.023941,0.000102,225.454,0
2,5,7011291,3260900860,PostHistory,"%define%then%double%",InMemory,0.06486,3.4e-05,51955.7,794
2,5,4636953,3187168332,Posts,"<p>I have tried%",InMemory,0.016055,0.000102,172.552,2821
2,5,4636953,3187168332,Posts,"%cannot%fathom%C++%",InMemory,0.07148,3.2e-05,49012.9,0
2,5,4636953,3187168332,Posts,"%why%happening%",InMemory,0.050862,0.000102,40450.1,9667
2,5,4636953,3187168332,Posts,"%what%is%there",InMemory,0.05293,0.000105,273.607,0
2,5,4636953,3187168332,Posts,"<p>We%try%",InMemory,0.033992,3.3e-05,523.577,7238
2,10,67660687,6184930096,Comments,"Why do%you%?",InMemory,0.032222,1.9e-05,1215.33,74121
2,10,67660687,6184930096,Comments,"%do we%actually%",InMemory,0.08026,8.4e-05,97062.7,420
2,10,67660687,6184930096,Comments,"%why%C++%",InMemory,0.033459,0.000104,78550.2,10167
2,10,67660687,6184930096,Comments,"%how is%this%",InMemory,0.057684,0.000103,110493,11812
2,10,67660687,6184930096,Comments,"%cannot%.",InMemory,0.044079,0.000102,53674.2,456139
2,10,14020516,6464378912,PostHistory,"%php%is%shit%",InMemory,0.058322,9.8e-05,85218,116
2,10,14020516,6464378912,PostHistory,"I love%C++%but%",InMemory,0.030652,0.000104,461.893,1
2,10,14020516,6464378912,PostHistory,"%sometimes%know.",InMemory,0.060527,7.1e-05,539.95,34
2,10,14020516,6464378912,PostHistory,"%SELECT *%LIMIT 1%",InMemory,0.050168,8.9e-05,63194,2990
2,10,14020516,6464378912,PostHistory,"WITH RECURSIVE%SQL",InMemory,0.024494,0.000104,455.052,0
2,10,14020516,6464378912,PostHistory,"%define%then%double%",InMemory,0.074768,3.1e-05,96614.8,1588
2,10,9274247,6467793801,Posts,"<p>I have tried%",InMemory,0.019213,0.000108,353.432,5699
2,10,9274247,6467793801,Posts,"%cannot%fathom%C++%",InMemory,0.069571,9.6e-05,93558.7,1
2,10,9274247,6467793801,Posts,"%why%happening%",InMemory,0.049218,0.000104,76625,19361
2,10,9274247,6467793801,Posts,"%what%is%there",InMemory,0.050191,0.000101,316.219,0
2,10,9274247,6467793801,Posts,"<p>We%try%",InMemory,0.035099,1.8e-05,1123.21,14408
2,50,70103102,32842104583,PostHistory,"%php%is%shit%",InMemory,0.077657,3.4e-05,392010,598
2,50,70103102,32842104583,PostHistory,"I love%C++%but%",InMemory,0.031366,0.000101,2286.44,15
2,50,70103102,32842104583,PostHistory,"%sometimes%know.",InMemory,0.055611,9e-05,2473.55,175
2,50,70103102,32842104583,PostHistory,"%SELECT *%LIMIT 1%",InMemory,0.04022,0.000106,317852,14908
2,50,70103102,32842104583,PostHistory,"WITH RECURSIVE%SQL",InMemory,0.024718,0.0001,2278.61,1
2,50,70103102,32842104583,PostHistory,"%define%then%double%",InMemory,0.08331,0.000103,501743,7993
2,50,46375197,33166382695,Posts,"<p>I have tried%",InMemory,0.016483,0.000102,1758.22,28497
2,50,46375197,33166382695,Posts,"%cannot%fathom%C++%",InMemory,0.063749,0.000105,456173,5
2,50,46375197,33166382695,Posts,"%why%happening%",InMemory,0.050224,0.000103,376606,97325
2,50,46375197,33166382695,Posts,"%what%is%there",InMemory,0.049839,0.000104,2490.29,0
2,50,46375197,33166382695,Posts,"<p>We%try%",InMemory,0.040483,0.000109,6990.79,71674
2,0.01,67548,6158512,Comments,"Why do%you%?",SSELLVMCompiled,0.037474,27.2227,0.851291,79
2,0.01,67548,6158512,Comments,"%do we%actually%",SSELLVMCompiled,0.078176,35.5029,3.24482,0
2,0.01,67548,6158512,Comments,"%why%C++%",SSELLVMCompiled,0.038873,25.8637,3.58468,12
2,0.01,67548,6158512,Comments,"%how is%this%",SSELLVMCompiled,0.090769,32.0627,4.61077,10
2,0.01,67548,6158512,Comments,"%cannot%.",SSELLVMCompiled,0.033696,23.6883,2.17761,460
2,0.01,13706,6214943,PostHistory,"%php%is%shit%",SSELLVMCompiled,0.049945,35.3004,2.42185,0
2,0.01,13706,6214943,PostHistory,"I love%C++%but%",SSELLVMCompiled,0.044381,27.1832,0.404556,0
2,0.01,13706,6214943,PostHistory,"%sometimes%know.",SSELLVMCompiled,0.048507,28.4021,0.375736,0
2,0.01,13706,6214943,PostHistory,"%SELECT *%LIMIT 1%",SSELLVMCompiled,0.042993,23.6609,1.21734,3
2,0.01,13706,6214943,PostHistory,"WITH RECURSIVE%SQL",SSELLVMCompiled,0.025059,12.9102,0.277098,0
2,0.01,13706,6214943,PostHistory,"%define%then%double%",SSELLVMCompiled,0.092986,44.3143,3.21069,2
2,0.01,9104,6453362,Posts,"<p>I have tried%",SSELLVMCompiled,0.012617,8.75763,0.247467,6
2,0.01,9104,6453362,Posts,"%cannot%fathom%C++%",SSELLVMCompiled,0.065687,39.5381,3.35982,0
2,0.01,9104,6453362,Posts,"%why%happening%",SSELLVMCompiled,0.063701,31.9867,2.17659,24
2,0.01,9104,6453362,Posts,"%what%is%there",SSELLVMCompiled,0.06141,38.5702,0.291122,0
2,0.01,9104,6453362,Posts,"<p>We%try%",SSELLVMCompiled,0.037932,18.4982,0.299128,19
2,0.05,338143,31244354,Comments,"Why do%you%?",SSELLVMCompiled,0.024804,22.4976,4.14164,332
2,0.05,338143,31244354,Comments,"%do we%actually%",SSELLVMCompiled,0.076823,33.8298,14.9904,3
2,0.05,338143,31244354,Comments,"%why%C++%",SSELLVMCompiled,0.03339,22.7423,17.8655,47
2,0.05,338143,31244354,Comments,"%how is%this%",SSELLVMCompiled,0.066413,24.5855,24.5183,55
2,0.05,338143,31244354,Comments,"%cannot%.",SSELLVMCompiled,0.045844,25.9402,13.3695,2204
2,0.05,69346,31203934,PostHistory,"%php%is%shit%",SSELLVMCompiled,0.058803,34.4265,9.93856,0
2,0.05,69346,31203934,PostHistory,"I love%C++%but%",SSELLVMCompiled,0.026045,24.9771,1.59906,0
2,0.05,69346,31203934,PostHistory,"%sometimes%know.",SSELLVMCompiled,0.046734,30.2024,2.05968,0
2,0.05,69346,31203934,PostHistory,"%SELECT *%LIMIT 1%",SSELLVMCompiled,0.046106,24.3008,5.80019,13
2,0.05,69346,31203934,PostHistory,"WITH RECURSIVE%SQL",SSELLVMCompiled,0.022858,11.9052,1.41478,0
2,0.05,69346,31203934,PostHistory,"%define%then%double%",SSELLVMCompiled,0.087385,40.816,17.6687,5
2,0.05,46252,32527140,Posts,"<p>I have tried%",SSELLVMCompiled,0.014271,8.67719,1.20354,24
2,0.05,46252,32527140,Posts,"%cannot%fathom%C++%",SSELLVMCompiled,0.071438,40.0652,14.5337,0
2,0.05,46252,32527140,Posts,"%why%happening%",SSELLVMCompiled,0.083462,32.7555,8.67035,104
2,0.05,46252,32527140,Posts,"%what%is%there",SSELLVMCompiled,0.051354,36.496,1.50344,0
2,0.05,46252,32527140,Posts,"<p>We%try%",SSELLVMCompiled,0.044205,18.8082,1.71555,62
2,0.1,676808,61789917,Comments,"Why do%you%?",SSELLVMCompiled,0.026094,23.0941,8.83347,680
2,0.1,676808,61789917,Comments,"%do we%actually%",SSELLVMCompiled,0.093667,34.7454,50.0483,4
2,0.1,676808,61789917,Comments,"%why%C++%",SSELLVMCompiled,0.036016,23.9922,24.6596,88
2,0.1,676808,61789917,Comments,"%how is%this%",SSELLVMCompiled,0.060684,26.4108,53.916,111
2,0.1,676808,61789917,Comments,"%cannot%.",SSELLVMCompiled,0.042619,24.8469,23.6913,4459
2,0.1,140045,64671224,PostHistory,"%php%is%shit%",SSELLVMCompiled,0.055539,37.3171,20.2856,1
2,0.1,140045,64671224,PostHistory,"I love%C++%but%",SSELLVMCompiled,0.029416,21.5836,3.92941,0
2,0.1,140045,64671224,PostHistory,"%sometimes%know.",SSELLVMCompiled,0.045607,33.6189,4.0384,0
2,0.1,140045,64671224,PostHistory,"%SELECT *%LIMIT 1%",SSELLVMCompiled,0.033746,25.413,12.4843,29
2,0.1,140045,64671224,PostHistory,"WITH RECURSIVE%SQL",SSELLVMCompiled,0.024333,13.0014,3.17013,0
2,0.1,140045,64671224,PostHistory,"%define%then%double%",SSELLVMCompiled,0.073539,37.9588,20.6336,14
2,0.1,92437,65244570,Posts,"<p>I have tried%",SSELLVMCompiled,0.014885,8.81778,2.27325,48
2,0.1,92437,65244570,Posts,"%cannot%fathom%C++%",SSELLVMCompiled,0.051211,32.5407,8.27717,0
2,0.1,92437,65244570,Posts,"%why%happening%",SSELLVMCompiled,0.056135,30.9871,20.0695,183
2,0.1,92437,65244570,Posts,"%what%is%there",SSELLVMCompiled,0.056672,37.4075,3.13424,0
2,0.1,92437,65244570,Posts,"<p>We%try%",SSELLVMCompiled,0.050542,15.6173,3.58586,129
2,0.5,3381970,305571138,Comments,"Why do%you%?",SSELLVMCompiled,0.024778,21.9776,39.8465,3633
2,0.5,3381970,305571138,Comments,"%do we%actually%",SSELLVMCompiled,0.071716,31.5297,160.947,16
2,0.5,3381970,305571138,Comments,"%why%C++%",SSELLVMCompiled,0.034155,22.697,179.791,516
2,0.5,3381970,305571138,Comments,"%how is%this%",SSELLVMCompiled,0.076294,29.4381,208.915,581
2,0.5,3381970,305571138,Comments,"%cannot%.",SSELLVMCompiled,0.022258,24.5246,93.31,22793
2,0.5,700773,325065834,PostHistory,"%php%is%shit%",SSELLVMCompiled,0.058294,37.0655,132.245,8
2,0.5,700773,325065834,PostHistory,"I love%C++%but%",SSELLVMCompiled,0.036667,24.3085,19.5115,1
2,0.5,700773,325065834,PostHistory,"%sometimes%know.",SSELLVMCompiled,0.055543,34.0103,20.4415,1
2,0.5,700773,325065834,PostHistory,"%SELECT *%LIMIT 1%",SSELLVMCompiled,0.03971,23.5781,58.6406,157
2,0.5,700773,325065834,PostHistory,"WITH RECURSIVE%SQL",SSELLVMCompiled,0.026932,12.0526,15.6181,0
2,0.5,700773,325065834,PostHistory,"%define%then%double%",SSELLVMCompiled,0.072215,39.1607,111.871,81
2,0.5,464093,326942687,Posts,"<p>I have tried%",SSELLVMCompiled,0.014185,8.92204,11.6037,261
2,0.5,464093,326942687,Posts,"%cannot%fathom%C++%",SSELLVMCompiled,0.069314,36.0253,63.0271,0
2,0.5,464093,326942687,Posts,"%why%happening%",SSELLVMCompiled,0.055217,29.5943,98.8741,968
2,0.5,464093,326942687,Posts,"%what%is%there",SSELLVMCompiled,0.060964,38.6298,15.4004,0
2,0.5,464093,326942687,Posts,"<p>We%try%",SSELLVMCompiled,0.038262,20.4828,17.0566,676
2,1,6763320,618860378,Comments,"Why do%you%?",SSELLVMCompiled,0.026899,24.5542,79.288,7364
2,1,6763320,618860378,Comments,"%do we%actually%",SSELLVMCompiled,0.069477,29.9388,270.055,35
2,1,6763320,618860378,Comments,"%why%C++%",SSELLVMCompiled,0.03069,24.8326,286.422,1060
2,1,6763320,618860378,Comments,"%how is%this%",SSELLVMCompiled,0.076903,30.0899,670.047,1198
2,1,6763320,618860378,Comments,"%cannot%.",SSELLVMCompiled,0.041775,27.7854,245.334,45360
2,1,1402633,655946812,PostHistory,"%php%is%shit%",SSELLVMCompiled,0.066545,38.0965,261.431,13
2,1,1402633,655946812,PostHistory,"I love%C++%but%",SSELLVMCompiled,0.028094,24.4637,32.1644,1
2,1,1402633,655946812,PostHistory,"%sometimes%know.",SSELLVMCompiled,0.051539,30.412,41.2608,3
2,1,1402633,655946812,PostHistory,"%SELECT *%LIMIT 1%",SSELLVMCompiled,0.042437,24.7855,123.173,309
2,1,1402633,655946812,PostHistory,"WITH RECURSIVE%SQL",SSELLVMCompiled,0.024384,12.9797,32.0717,0
2,1,1402633,655946812,PostHistory,"%define%then%double%",SSELLVMCompiled,0.072894,38.6378,336.973,176
2,1,927644,659166886,Posts,"<p>I have tried%",SSELLVMCompiled,0.016376,9.25404,23.0719,516
2,1,927644,659166886,Posts,"%cannot%fathom%C++%",SSELLVMCompiled,0.069526,40.7835,265.138,0
2,1,927644,659166886,Posts,"%why%happening%",SSELLVMCompiled,0.057241,33.0171,193.004,1899
2,1,927644,659166886,Posts,"%what%is%there",SSELLVMCompiled,0.058175,39.1436,31.0496,0
2,1,927644,659166886,Posts,"<p>We%try%",SSELLVMCompiled,0.036341,19.9647,33.2132,1414
2,5,33828344,3082980466,Comments,"Why do%you%?",SSELLVMCompiled,0.032895,26.9995,407.649,37146
2,5,33828344,3082980466,Comments,"%do we%actually%",SSELLVMCompiled,0.062272,28.3627,1258.42,192
2,5,33828344,3082980466,Comments,"%why%C++%",SSELLVMCompiled,0.034355,25.381,1741.9,5007
2,5,33828344,3082980466,Comments,"%how is%this%",SSELLVMCompiled,0.07707,27.1532,2539.43,5896
2,5,33828344,3082980466,Comments,"%cannot%.",SSELLVMCompiled,0.057899,32.5345,1211.76,228112
2,5,7011291,3260900860,PostHistory,"%php%is%shit%",SSELLVMCompiled,0.055203,32.2834,985.601,58
2,5,7011291,3260900860,PostHistory,"I love%C++%but%",SSELLVMCompiled,0.031766,24.9465,191.241,1
2,5,7011291,3260900860,PostHistory,"%sometimes%know.",SSELLVMCompiled,0.055714,31.1929,201.93,17
2,5,7011291,3260900860,PostHistory,"%SELECT *%LIMIT 1%",SSELLVMCompiled,0.033449,25.63,593.474,1489
2,5,7011291,3260900860,PostHistory,"WITH RECURSIVE%SQL",SSELLVMCompiled,0.03065,13.3631,157.311,0
2,5,7011291,3260900860,PostHistory,"%define%then%double%",SSELLVMCompiled,0.069619,42.6187,1355.61,794
2,5,4636953,3187168332,Posts,"<p>I have tried%",SSELLVMCompiled,0.021697,9.86799,115.277,2821
2,5,4636953,3187168332,Posts,"%cannot%fathom%C++%",SSELLVMCompiled,0.076513,43.0089,1199.7,0
2,5,4636953,3187168332,Posts,"%why%happening%",SSELLVMCompiled,0.061085,32.7764,835.107,9667
2,5,4636953,3187168332,Posts,"%what%is%there",SSELLVMCompiled,0.058603,40.7582,152.768,0
2,5,4636953,3187168332,Posts,"<p>We%try%",SSELLVMCompiled,0.042126,19.5833,165.401,7238
2,10,67660687,6184930096,Comments,"Why do%you%?",SSELLVMCompiled,0.030923,24.6716,776.609,74121
2,10,67660687,6184930096,Comments,"%do we%actually%",SSELLVMCompiled,0.091725,32.9838,2929.19,420
2,10,67660687,6184930096,Comments,"%why%C++%",SSELLVMCompiled,0.042364,26.935,3156.07,10167
2,10,67660687,6184930096,Comments,"%how is%this%",SSELLVMCompiled,0.067649,28.3422,6728.63,11812
2,10,67660687,6184930096,Comments,"%cannot%.",SSELLVMCompiled,0.055281,27.4624,2552.64,456139
2,10,14020516,6464378912,PostHistory,"%php%is%shit%",SSELLVMCompiled,0.069678,40.2209,2823.49,116
2,10,14020516,6464378912,PostHistory,"I love%C++%but%",SSELLVMCompiled,0.029027,24.3057,316.378,1
2,10,14020516,6464378912,PostHistory,"%sometimes%know.",SSELLVMCompiled,0.058741,32.3945,403.674,34
2,10,14020516,6464378912,PostHistory,"%SELECT *%LIMIT 1%",SSELLVMCompiled,0.054094,30.1282,1207.76,2990
2,10,14020516,6464378912,PostHistory,"WITH RECURSIVE%SQL",SSELLVMCompiled,0.029163,17.4253,313.636,0
2,10,14020516,6464378912,PostHistory,"%define%then%double%",SSELLVMCompiled,0.085677,44.5529,2357,1588
2,10,9274247,6467793801,Posts,"<p>I have tried%",SSELLVMCompiled,0.022117,9.85198,222.004,5699
2,10,9274247,6467793801,Posts,"%cannot%fathom%C++%",SSELLVMCompiled,0.0659,39.4064,1749.69,1
2,10,9274247,6467793801,Posts,"%why%happening%",SSELLVMCompiled,0.070061,33.9758,1794.16,19361
2,10,9274247,6467793801,Posts,"%what%is%there",SSELLVMCompiled,0.063197,41.0585,291.976,0
2,10,9274247,6467793801,Posts,"<p>We%try%",SSELLVMCompiled,0.042991,20.3886,338.023,14408
2,50,70103102,32842104583,PostHistory,"%php%is%shit%",SSELLVMCompiled,0.073082,37.1785,14670.7,598
2,50,70103102,32842104583,PostHistory,"I love%C++%but%",SSELLVMCompiled,0.044154,25.5357,1603.42,15
2,50,70103102,32842104583,PostHistory,"%sometimes%know.",SSELLVMCompiled,0.062529,29.8616,2057.16,175
2,50,70103102,32842104583,PostHistory,"%SELECT *%LIMIT 1%",SSELLVMCompiled,0.052408,26.6682,6094.87,14908
2,50,70103102,32842104583,PostHistory,"WITH RECURSIVE%SQL",SSELLVMCompiled,0.033092,13.7478,1584.62,1
2,50,70103102,32842104583,PostHistory,"%define%then%double%",SSELLVMCompiled,0.095796,43.9126,13950.5,7993
2,50,46375197,33166382695,Posts,"<p>I have tried%",SSELLVMCompiled,0.019706,8.50867,1098.78,28497
2,50,46375197,33166382695,Posts,"%cannot%fathom%C++%",SSELLVMCompiled,0.063584,36.3426,12861.9,5
2,50,46375197,33166382695,Posts,"%why%happening%",SSELLVMCompiled,0.06906,31.6775,9225.13,97325
2,50,46375197,33166382695,Posts,"%what%is%there",SSELLVMCompiled,0.062709,40.824,1539.62,0
2,50,46375197,33166382695,Posts,"<p>We%try%",SSELLVMCompiled,0.050755,20.205,1751.44,71674
2,0.01,67548,6158512,Comments,"Why do%you%?",SSECppCompiled,0.037995,305.613,0.942614,79
2,0.01,67548,6158512,Comments,"%do we%actually%",SSECppCompiled,0.078131,329.63,3.51843,0
2,0.01,67548,6158512,Comments,"%why%C++%",SSECppCompiled,0.034973,319.972,3.89975,12
2,0.01,67548,6158512,Comments,"%how is%this%",SSECppCompiled,0.077362,343.15,5.46975,10
2,0.01,67548,6158512,Comments,"%cannot%.",SSECppCompiled,0.030042,319.424,2.3798,460
2,0.01,13706,6214943,PostHistory,"%php%is%shit%",SSECppCompiled,0.057395,329.24,2.56831,0
2,0.01,13706,6214943,PostHistory,"I love%C++%but%",SSECppCompiled,0.041773,320.162,0.367158,0
2,0.01,13706,6214943,PostHistory,"%sometimes%know.",SSECppCompiled,0.04918,328.513,0.462807,0
2,0.01,13706,6214943,PostHistory,"%SELECT *%LIMIT 1%",SSECppCompiled,0.045131,326.221,1.3269,3
2,0.01,13706,6214943,PostHistory,"WITH RECURSIVE%SQL",SSECppCompiled,0.02455,305.398,0.438047,0
2,0.01,13706,6214943,PostHistory,"%define%then%double%",SSECppCompiled,0.111919,350.73,3.60294,2
2,0.01,9104,6453362,Posts,"<p>I have tried%",SSECppCompiled,0.0172,278.302,0.26053,6
2,0.01,9104,6453362,Posts,"%cannot%fathom%C++%",SSECppCompiled,0.067488,339.974,4.27012,0
2,0.01,9104,6453362,Posts,"%why%happening%",SSECppCompiled,0.058186,341.377,2.23364,24
2,0.01,9104,6453362,Posts,"%what%is%there",SSECppCompiled,0.060818,336.373,0.457584,0
2,0.01,9104,6453362,Posts,"<p>We%try%",SSECppCompiled,0.039457,298.953,0.315488,19
2,0.05,338143,31244354,Comments,"Why do%you%?",SSECppCompiled,0.029345,307.792,4.62627,332
2,0.05,338143,31244354,Comments,"%do we%actually%",SSECppCompiled,0.073694,328.179,16.1373,3
2,0.05,338143,31244354,Comments,"%why%C++%",SSECppCompiled,0.043722,306.132,18.6948,47
2,0.05,338143,31244354,Comments,"%how is%this%",SSECppCompiled,0.07098,316.025,27.9724,55
2,0.05,338143,31244354,Comments,"%cannot%.",SSECppCompiled,0.046478,337.24,14.0932,2204
2,0.05,69346,31203934,PostHistory,"%php%is%shit%",SSECppCompiled,0.064613,328.436,12.2307,0
2,0.05,69346,31203934,PostHistory,"I love%C++%but%",SSECppCompiled,0.031219,313.47,1.6977,0
2,0.05,69346,31203934,PostHistory,"%sometimes%know.",SSECppCompiled,0.051072,328.057,2.21312,0
2,0.05,69346,31203934,PostHistory,"%SELECT *%LIMIT 1%",SSECppCompiled,0.040906,325.487,6.75571,13
2,0.05,69346,31203934,PostHistory,"WITH RECURSIVE%SQL",SSECppCompiled,0.025983,305.026,2.14219,0
2,0.05,69346,31203934,PostHistory,"%define%then%double%",SSECppCompiled,0.091026,351.928,19.2074,5
2,0.05,46252,32527140,Posts,"<p>I have tried%",SSECppCompiled,0.017962,291.874,1.28552,24
2,0.05,46252,32527140,Posts,"%cannot%fathom%C++%",SSECppCompiled,0.068226,354.132,18.6019,0
2,0.05,46252,32527140,Posts,"%why%happening%",SSECppCompiled,0.060809,330.239,9.56822,104
2,0.05,46252,32527140,Posts,"%what%is%there",SSECppCompiled,0.058317,345.282,2.21372,0
2,0.05,46252,32527140,Posts,"<p>We%try%",SSECppCompiled,0.045109,300.472,1.55438,62
2,0.1,676808,61789917,Comments,"Why do%you%?",SSECppCompiled,0.031887,304.922,9.07367,680
2,0.1,676808,61789917,Comments,"%do we%actually%",SSECppCompiled,0.093139,348.778,51.5732,4
2,0.1,676808,61789917,Comments,"%why%C++%",SSECppCompiled,0.033212,315.008,27.9177,88
2,0.1,676808,61789917,Comments,"%how is%this%",SSECppCompiled,0.064464,312.981,59.3028,111
2,0.1,676808,61789917,Comments,"%cannot%.",SSECppCompiled,0.041233,317.91,27.9356,4459
2,0.1,140045,64671224,PostHistory,"%php%is%shit%",SSECppCompiled,0.064427,327.456,21.7161,1
2,0.1,140045,64671224,PostHistory,"I love%C++%but%",SSECppCompiled,0.028574,309.782,4.27254,0
2,0.1,140045,64671224,PostHistory,"%sometimes%know.",SSECppCompiled,0.05385,341.349,4.36635,0
2,0.1,140045,64671224,PostHistory,"%SELECT *%LIMIT 1%",SSECppCompiled,0.040912,323.722,13.5533,29
2,0.1,140045,64671224,PostHistory,"WITH RECURSIVE%SQL",SSECppCompiled,0.02417,307.462,4.32604,0
2,0.1,140045,64671224,PostHistory,"%define%then%double%",SSECppCompiled,0.07378,348.733,23.201,14
2,0.1,92437,65244570,Posts,"<p>I have tried%",SSECppCompiled,0.018244,287.648,2.47205,48
2,0.1,92437,65244570,Posts,"%cannot%fathom%C++%",SSECppCompiled,0.051956,334.012,10.1098,0
2,0.1,92437,65244570,Posts,"%why%happening%",SSECppCompiled,0.056336,340.439,22.0953,183
2,0.1,92437,65244570,Posts,"%what%is%there",SSECppCompiled,0.05504,338.905,4.3626,0
2,0.1,92437,65244570,Posts,"<p>We%try%",SSECppCompiled,0.048974,293.096,3.17707,129
2,0.5,3381970,305571138,Comments,"Why do%you%?",SSECppCompiled,0.029527,305.246,45.7672,3633
2,0.5,3381970,305571138,Comments,"%do we%actually%",SSECppCompiled,0.085263,330.555,166.517,16
2,0.5,3381970,305571138,Comments,"%why%C++%",SSECppCompiled,0.030694,309.948,191.131,516
2,0.5,3381970,305571138,Comments,"%how is%this%",SSECppCompiled,0.078318,325.388,233.526,581
2,0.5,3381970,305571138,Comments,"%cannot%.",SSECppCompiled,0.026092,302.857,104.447,22793
2,0.5,700773,325065834,PostHistory,"%php%is%shit%",SSECppCompiled,0.061368,332.462,146.951,8
2,0.5,700773,325065834,PostHistory,"I love%C++%but%",SSECppCompiled,0.035211,320.948,17.0454,1
2,0.5,700773,325065834,PostHistory,"%sometimes%know.",SSECppCompiled,0.059668,344.818,22.0586,1
2,0.5,700773,325065834,PostHistory,"%SELECT *%LIMIT 1%",SSECppCompiled,0.039583,327.117,65.6105,157
2,0.5,700773,325065834,PostHistory,"WITH RECURSIVE%SQL",SSECppCompiled,0.02542,305.538,21.5924,0
2,0.5,700773,325065834,PostHistory,"%define%then%double%",SSECppCompiled,0.077,351.596,133.121,81
2,0.5,464093,326942687,Posts,"<p>I have tried%",SSECppCompiled,0.017166,291.891,12.193,261
2,0.5,464093,326942687,Posts,"%cannot%fathom%C++%",SSECppCompiled,0.069963,357.217,74.5426,0
2,0.5,464093,326942687,Posts,"%why%happening%",SSECppCompiled,0.05227,341.303,107.704,968
2,0.5,464093,326942687,Posts,"%what%is%there",SSECppCompiled,0.063262,339.281,21.2658,0
2,0.5,464093,326942687,Posts,"<p>We%try%",SSECppCompiled,0.038771,300.073,15.0039,676
2,1,6763320,618860378,Comments,"Why do%you%?",SSECppCompiled,0.033632,310.372,89.4994,7364
2,1,6763320,618860378,Comments,"%do we%actually%",SSECppCompiled,0.065678,326.432,262.635,35
2,1,6763320,618860378,Comments,"%why%C++%",SSECppCompiled,0.03136,304.145,297.285,1060
2,1,6763320,618860378,Comments,"%how is%this%",SSECppCompiled,0.076903,320.832,634.551,1198
2,1,6763320,618860378,Comments,"%cannot%.",SSECppCompiled,0.036423,326.42,257.21,45360
2,1,1402633,655946812,PostHistory,"%php%is%shit%",SSECppCompiled,0.058089,348.564,287.532,13
2,1,1402633,655946812,PostHistory,"I love%C++%but%",SSECppCompiled,0.031328,312.176,33.4196,1
2,1,1402633,655946812,PostHistory,"%sometimes%know.",SSECppCompiled,0.052983,336.318,43.6016,3
2,1,1402633,655946812,PostHistory,"%SELECT *%LIMIT 1%",SSECppCompiled,0.042162,327.2,137.939,309
2,1,1402633,655946812,PostHistory,"WITH RECURSIVE%SQL",SSECppCompiled,0.024114,310.023,46.449,0
2,1,1402633,655946812,PostHistory,"%define%then%double%",SSECppCompiled,0.07149,325.123,326.969,176
2,1,927644,659166886,Posts,"<p>I have tried%",SSECppCompiled,0.017065,278.819,24.0451,516
2,1,927644,659166886,Posts,"%cannot%fathom%C++%",SSECppCompiled,0.06583,339.712,250.088,0
2,1,927644,659166886,Posts,"%why%happening%",SSECppCompiled,0.065165,327.648,187.62,1899
2,1,927644,659166886,Posts,"%what%is%there",SSECppCompiled,0.054433,327.006,42.9128,0
2,1,927644,659166886,Posts,"<p>We%try%",SSECppCompiled,0.037494,301.478,27.9607,1414
2,5,33828344,3082980466,Comments,"Why do%you%?",SSECppCompiled,0.032569,317.835,454.599,37146
2,5,33828344,3082980466,Comments,"%do we%actually%",SSECppCompiled,0.062707,335.954,1275.73,192
2,5,33828344,3082980466,Comments,"%why%C++%",SSECppCompiled,0.034046,320.118,1933.75,5007
2,5,33828344,3082980466,Comments,"%how is%this%",SSECppCompiled,0.067681,323.287,2715.82,5896
2,5,33828344,3082980466,Comments,"%cannot%.",SSECppCompiled,0.048694,334.414,1332.17,228112
2,5,7011291,3260900860,PostHistory,"%php%is%shit%",SSECppCompiled,0.053115,318.672,1012.87,58
2,5,7011291,3260900860,PostHistory,"I love%C++%but%",SSECppCompiled,0.030819,302.45,163.847,1
2,5,7011291,3260900860,PostHistory,"%sometimes%know.",SSECppCompiled,0.051688,331.259,215.841,17
2,5,7011291,3260900860,PostHistory,"%SELECT *%LIMIT 1%",SSECppCompiled,0.039647,325.574,651.163,1489
2,5,7011291,3260900860,PostHistory,"WITH RECURSIVE%SQL",SSECppCompiled,0.024203,302.633,211.195,0
2,5,7011291,3260900860,PostHistory,"%define%then%double%",SSECppCompiled,0.067263,350.54,1517.98,794
2,5,4636953,3187168332,Posts,"<p>I have tried%",SSECppCompiled,0.016699,283.097,120.593,2821
2,5,4636953,3187168332,Posts,"%cannot%fathom%C++%",SSECppCompiled,0.070941,346.05,1214.72,0
2,5,4636953,3187168332,Posts,"%why%happening%",SSECppCompiled,0.05326,327.154,874.535,9667
2,5,4636953,3187168332,Posts,"%what%is%there",SSECppCompiled,0.057244,346.098,209.356,0
2,5,4636953,3187168332,Posts,"<p>We%try%",SSECppCompiled,0.042965,304.948,141.795,7238
2,10,67660687,6184930096,Comments,"Why do%you%?",SSECppCompiled,0.03629,317.933,879.584,74121
2,10,67660687,6184930096,Comments,"%do we%actually%",SSECppCompiled,0.0813,343.532,3200.92,420
2,10,67660687,6184930096,Comments,"%why%C++%",SSECppCompiled,0.037159,309.559,3386.19,10167
2,10,67660687,6184930096,Comments,"%how is%this%",SSECppCompiled,0.065264,321.482,7652.31,11812
2,10,67660687,6184930096,Comments,"%cannot%.",SSECppCompiled,0.049675,321.488,2664.52,456139
2,10,14020516,6464378912,PostHistory,"%php%is%shit%",SSECppCompiled,0.066381,342.211,3109.51,116
2,10,14020516,6464378912,PostHistory,"I love%C++%but%",SSECppCompiled,0.033123,315.698,331.236,1
2,10,14020516,6464378912,PostHistory,"%sometimes%know.",SSECppCompiled,0.059626,337.092,430.948,34
2,10,14020516,6464378912,PostHistory,"%SELECT *%LIMIT 1%",SSECppCompiled,0.051082,344.407,1322.27,2990
2,10,14020516,6464378912,PostHistory,"WITH RECURSIVE%SQL",SSECppCompiled,0.025206,314.562,417.553,0
2,10,14020516,6464378912,PostHistory,"%define%then%double%",SSECppCompiled,0.082874,343.558,2537.91,1588
2,10,9274247,6467793801,Posts,"<p>I have tried%",SSECppCompiled,0.019063,287.892,237.709,5699
2,10,9274247,6467793801,Posts,"%cannot%fathom%C++%",SSECppCompiled,0.067153,352.437,1957.84,1
2,10,9274247,6467793801,Posts,"%why%happening%",SSECppCompiled,0.053375,343.917,1766.49,19361
2,10,9274247,6467793801,Posts,"%what%is%there",SSECppCompiled,0.052996,329.596,306.174,0
2,10,9274247,6467793801,Posts,"<p>We%try%",SSECppCompiled,0.043089,296.668,274.782,14408
2,50,70103102,32842104583,PostHistory,"%php%is%shit%",SSECppCompiled,0.066873,322.014,15049.2,598
2,50,70103102,32842104583,PostHistory,"I love%C++%but%",SSECppCompiled,0.035817,308.001,1635.28,15
2,50,70103102,32842104583,PostHistory,"%sometimes%know.",SSECppCompiled,0.05736,338.989,2183.28,175
2,50,70103102,32842104583,PostHistory,"%SELECT *%LIMIT 1%",SSECppCompiled,0.041752,327.19,6420.8,14908
2,50,70103102,32842104583,PostHistory,"WITH RECURSIVE%SQL",SSECppCompiled,0.024458,296.285,2094.17,1
2,50,70103102,32842104583,PostHistory,"%define%then%double%",SSECppCompiled,0.095536,360.669,15051.4,7993
2,50,46375197,33166382695,Posts,"<p>I have tried%",SSECppCompiled,0.018598,282.386,1158.45,28497
2,50,46375197,33166382695,Posts,"%cannot%fathom%C++%",SSECppCompiled,0.062938,342.785,15552.6,5
2,50,46375197,33166382695,Posts,"%why%happening%",SSECppCompiled,0.056922,330.748,9759.29,97325
2,50,46375197,33166382695,Posts,"%what%is%there",SSECppCompiled,0.051087,343.658,2120.38,0
2,50,46375197,33166382695,Posts,"<p>We%try%",SSECppCompiled,0.044078,298.528,1477.31,71674
2,0.01,67548,6158512,Comments,"Why do%you%?",SSEDecoded,0.001709,0,8.87882,79
2,0.01,67548,6158512,Comments,"%do we%actually%",SSEDecoded,0.001171,0,10.0232,0
2,0.01,67548,6158512,Comments,"%why%C++%",SSEDecoded,0.00091,0,9.85629,12
2,0.01,67548,6158512,Comments,"%how is%this%",SSEDecoded,0.000983,0,10.0385,10
2,0.01,67548,6158512,Comments,"%cannot%.",SSEDecoded,0.001077,0,9.55175,461
2,0.01,13706,6214943,PostHistory,"%php%is%shit%",SSEDecoded,0.001307,0,6.31912,0
2,0.01,13706,6214943,PostHistory,"I love%C++%but%",SSEDecoded,0.000979,0,5.64655,0
2,0.01,13706,6214943,PostHistory,"%sometimes%know.",SSEDecoded,0.000764,0,5.52005,0
2,0.01,13706,6214943,PostHistory,"%SELECT *%LIMIT 1%",SSEDecoded,0.00102,0,5.958,3
2,0.01,13706,6214943,PostHistory,"WITH RECURSIVE%SQL",SSEDecoded,0.000579,0,5.54132,0
2,0.01,13706,6214943,PostHistory,"%define%then%double%",SSEDecoded,0.00114,0,6.19627,2
2,0.01,9104,6453362,Posts,"<p>I have tried%",SSEDecoded,0.000627,0,5.389,6
2,0.01,9104,6453362,Posts,"%cannot%fathom%C++%",SSEDecoded,0.001048,0,6.15053,0
2,0.01,9104,6453362,Posts,"%why%happening%",SSEDecoded,0.000896,0,6.38379,24
2,0.01,9104,6453362,Posts,"%what%is%there",SSEDecoded,0.000822,0,5.91318,0
2,0.01,9104,6453362,Posts,"<p>We%try%",SSEDecoded,0.000763,0,5.92241,19
2,0.05,338143,31244354,Comments,"Why do%you%?",SSEDecoded,0.000879,0,39.1708,332
2,0.05,338143,31244354,Comments,"%do we%actually%",SSEDecoded,0.000998,0,46.1913,3
2,0.05,338143,31244354,Comments,"%why%C++%",SSEDecoded,0.000915,0,47.6413,47
2,0.05,338143,31244354,Comments,"%how is%this%",SSEDecoded,0.00083,0,44.5686,55
2,0.05,338143,31244354,Comments,"%cannot%.",SSEDecoded,0.00076,0,45.5779,2205
2,0.05,69346,31203934,PostHistory,"%php%is%shit%",SSEDecoded,0.001169,0,30.4305,0
2,0.05,69346,31203934,PostHistory,"I love%C++%but%",SSEDecoded,0.000859,0,26.6892,0
2,0.05,69346,31203934,PostHistory,"%sometimes%know.",SSEDecoded,0.000753,0,28.7444,0
2,0.05,69346,31203934,PostHistory,"%SELECT *%LIMIT 1%",SSEDecoded,0.000836,0,29.5224,13
2,0.05,69346,31203934,PostHistory,"WITH RECURSIVE%SQL",SSEDecoded,0.000521,0,27.6649,0
2,0.05,69346,31203934,PostHistory,"%define%then%double%",SSEDecoded,0.001033,0,32.735,5
2,0.05,46252,32527140,Posts,"<p>I have tried%",SSEDecoded,0.000654,0,30.5982,24
2,0.05,46252,32527140,Posts,"%cannot%fathom%C++%",SSEDecoded,0.00115,0,34.6024,0
2,0.05,46252,32527140,Posts,"%why%happening%",SSEDecoded,0.000929,0,33.7509,104
2,0.05,46252,32527140,Posts,"%what%is%there",SSEDecoded,0.000787,0,30.3956,0
2,0.05,46252,32527140,Posts,"<p>We%try%",SSEDecoded,0.00079,0,29.7922,62
2,0.1,676808,61789917,Comments,"Why do%you%?",SSEDecoded,0.000801,0,83.5744,680
2,0.1,676808,61789917,Comments,"%do we%actually%",SSEDecoded,0.000917,0,96.5677,4
2,0.1,676808,61789917,Comments,"%why%C++%",SSEDecoded,0.000863,0,96.0274,88
2,0.1,676808,61789917,Comments,"%how is%this%",SSEDecoded,0.000803,0,95.8597,111
2,0.1,676808,61789917,Comments,"%cannot%.",SSEDecoded,0.000779,0,95.8592,4462
2,0.1,140045,64671224,PostHistory,"%php%is%shit%",SSEDecoded,0.001192,0,68.8023,1
2,0.1,140045,64671224,PostHistory,"I love%C++%but%",SSEDecoded,0.000967,0,60.9858,0
2,0.1,140045,64671224,PostHistory,"%sometimes%know.",SSEDecoded,0.000775,0,60.5867,0
2,0.1,140045,64671224,PostHistory,"%SELECT *%LIMIT 1%",SSEDecoded,0.000934,0,67.0089,29
2,0.1,140045,64671224,PostHistory,"WITH RECURSIVE%SQL",SSEDecoded,0.000589,0,61.0998,0
2,0.1,140045,64671224,PostHistory,"%define%then%double%",SSEDecoded,0.001286,0,68.6714,14
2,0.1,92437,65244570,Posts,"<p>I have tried%",SSEDecoded,0.000737,0,60.4551,48
2,0.1,92437,65244570,Posts,"%cannot%fathom%C++%",SSEDecoded,0.001499,0,68.544,0
2,0.1,92437,65244570,Posts,"%why%happening%",SSEDecoded,0.000995,0,65.7772,183
2,0.1,92437,65244570,Posts,"%what%is%there",SSEDecoded,0.000955,0,59.6223,0
2,0.1,92437,65244570,Posts,"<p>We%try%",SSEDecoded,0.000851,0,59.6576,129
2,0.5,3381970,305571138,Comments,"Why do%you%?",SSEDecoded,0.001018,0,416.399,3633
2,0.5,3381970,305571138,Comments,"%do we%actually%",SSEDecoded,0.001261,0,485.323,16
2,0.5,3381970,305571138,Comments,"%why%C++%",SSEDecoded,0.001293,0,483.158,516
2,0.5,3381970,305571138,Comments,"%how is%this%",SSEDecoded,0.001389,0,463.434,582
2,0.5,3381970,305571138,Comments,"%cannot%.",SSEDecoded,0.00145,0,452.162,22806
2,0.5,700773,325065834,PostHistory,"%php%is%shit%",SSEDecoded,0.001555,0,332.9,8
2,0.5,700773,325065834,PostHistory,"I love%C++%but%",SSEDecoded,0.001127,0,294.592,1
2,0.5,700773,325065834,PostHistory,"%sometimes%know.",SSEDecoded,0.00105,0,293.378,1
2,0.5,700773,325065834,PostHistory,"%SELECT *%LIMIT 1%",SSEDecoded,0.001028,0,327.815,157
2,0.5,700773,325065834,PostHistory,"WITH RECURSIVE%SQL",SSEDecoded,0.000854,0,296.793,0
2,0.5,700773,325065834,PostHistory,"%define%then%double%",SSEDecoded,0.002226,0,337.318,81
2,0.5,464093,326942687,Posts,"<p>I have tried%",SSEDecoded,0.000945,0,298.143,261
2,0.5,464093,326942687,Posts,"%cannot%fathom%C++%",SSEDecoded,0.001582,0,339.164,0
2,0.5,464093,326942687,Posts,"%why%happening%",SSEDecoded,0.001534,0,337.295,974
2,0.5,464093,326942687,Posts,"%what%is%there",SSEDecoded,0.001598,0,304.155,0
2,0.5,464093,326942687,Posts,"<p>We%try%",SSEDecoded,0.001221,0,304.056,676
2,1,6763320,618860378,Comments,"Why do%you%?",SSEDecoded,0.001715,0,815.572,7364
2,1,6763320,618860378,Comments,"%do we%actually%",SSEDecoded,0.001636,0,937.398,35
2,1,6763320,618860378,Comments,"%why%C++%",SSEDecoded,0.001517,0,912.98,1060
2,1,6763320,618860378,Comments,"%how is%this%",SSEDecoded,0.001759,0,927.087,1198
2,1,6763320,618860378,Comments,"%cannot%.",SSEDecoded,0.00115,0,908.254,45380
2,1,1402633,655946812,PostHistory,"%php%is%shit%",SSEDecoded,0.001935,0,677.354,13
2,1,1402633,655946812,PostHistory,"I love%C++%but%",SSEDecoded,0.001479,0,615.397,1
2,1,1402633,655946812,PostHistory,"%sometimes%know.",SSEDecoded,0.001191,0,614.423,3
2,1,1402633,655946812,PostHistory,"%SELECT *%LIMIT 1%",SSEDecoded,0.001356,0,681.119,309
2,1,1402633,655946812,PostHistory,"WITH RECURSIVE%SQL",SSEDecoded,0.000927,0,618.157,0
2,1,1402633,655946812,PostHistory,"%define%then%double%",SSEDecoded,0.002383,0,696.553,176
2,1,927644,659166886,Posts,"<p>I have tried%",SSEDecoded,0.000935,0,567.282,516
2,1,927644,659166886,Posts,"%cannot%fathom%C++%",SSEDecoded,0.001659,0,654.918,0
2,1,927644,659166886,Posts,"%why%happening%",SSEDecoded,0.001774,0,633.043,1910
2,1,927644,659166886,Posts,"%what%is%there",SSEDecoded,0.001209,0,569.785,0
2,1,927644,659166886,Posts,"<p>We%try%",SSEDecoded,0.000953,0,574.67,1415
2,5,33828344,3082980466,Comments,"Why do%you%?",SSEDecoded,0.00117,0,4132.6,37146
2,5,33828344,3082980466,Comments,"%do we%actually%",SSEDecoded,0.002036,0,4769.94,193
2,5,33828344,3082980466,Comments,"%why%C++%",SSEDecoded,0.001449,0,4688.19,5007
2,5,33828344,3082980466,Comments,"%how is%this%",SSEDecoded,0.001711,0,4732.59,5898
2,5,33828344,3082980466,Comments,"%cannot%.",SSEDecoded,0.001766,0,4636.41,228138
2,5,7011291,3260900860,PostHistory,"%php%is%shit%",SSEDecoded,0.001932,0,3465.46,58
2,5,7011291,3260900860,PostHistory,"I love%C++%but%",SSEDecoded,0.002289,0,2931.83,1
2,5,7011291,3260900860,PostHistory,"%sometimes%know.",SSEDecoded,0.001534,0,3008.77,17
2,5,7011291,3260900860,PostHistory,"%SELECT *%LIMIT 1%",SSEDecoded,0.001484,0,3244.59,1489
2,5,7011291,3260900860,PostHistory,"WITH RECURSIVE%SQL",SSEDecoded,0.001116,0,3049.53,0
2,5,7011291,3260900860,PostHistory,"%define%then%double%",SSEDecoded,0.001682,0,3320.91,796
2,5,4636953,3187168332,Posts,"<p>I have tried%",SSEDecoded,0.001181,0,2903.03,2821
2,5,4636953,3187168332,Posts,"%cannot%fathom%C++%",SSEDecoded,0.002164,0,3246.82,0
2,5,4636953,3187168332,Posts,"%why%happening%",SSEDecoded,0.002011,0,3278.1,9735
2,5,4636953,3187168332,Posts,"%what%is%there",SSEDecoded,0.00227,0,2805.59,0
2,5,4636953,3187168332,Posts,"<p>We%try%",SSEDecoded,0.001364,0,2926.52,7244
2,10,67660687,6184930096,Comments,"Why do%you%?",SSEDecoded,0.001459,0,8275.76,74121
2,10,67660687,6184930096,Comments,"%do we%actually%",SSEDecoded,0.001951,0,9725.46,421
2,10,67660687,6184930096,Comments,"%why%C++%",SSEDecoded,0.002124,0,9496.14,10167
2,10,67660687,6184930096,Comments,"%how is%this%",SSEDecoded,0.001715,0,9705.61,11818
2,10,67660687,6184930096,Comments,"%cannot%.",SSEDecoded,0.001818,0,9443.75,456260
2,10,14020516,6464378912,PostHistory,"%php%is%shit%",SSEDecoded,0.001698,0,6598.3,116
2,10,14020516,6464378912,PostHistory,"I love%C++%but%",SSEDecoded,0.002146,0,5862.1,1
2,10,14020516,6464378912,PostHistory,"%sometimes%know.",SSEDecoded,0.001445,0,5833.14,34
2,10,14020516,6464378912,PostHistory,"%SELECT *%LIMIT 1%",SSEDecoded,0.001586,0,6467.37,2990
2,10,14020516,6464378912,PostHistory,"WITH RECURSIVE%SQL",SSEDecoded,0.001061,0,5818.2,0
2,10,14020516,6464378912,PostHistory,"%define%then%double%",SSEDecoded,0.002015,0,6601.05,1594
2,10,9274247,6467793801,Posts,"<p>I have tried%",SSEDecoded,0.00105,0,5823.02,5699
2,10,9274247,6467793801,Posts,"%cannot%fathom%C++%",SSEDecoded,0.002159,0,6653.69,1
2,10,9274247,6467793801,Posts,"%why%happening%",SSEDecoded,0.001758,0,6626.88,19419
2,10,9274247,6467793801,Posts,"%what%is%there",SSEDecoded,0.00155,0,5914.01,0
2,10,9274247,6467793801,Posts,"<p>We%try%",SSEDecoded,0.001547,0,5940.59,14417
2,50,70103102,32842104583,PostHistory,"%php%is%shit%",SSEDecoded,0.002565,0,33218.5,599
2,50,70103102,32842104583,PostHistory,"I love%C++%but%",SSEDecoded,0.001996,0,29166.2,15
2,50,70103102,32842104583,PostHistory,"%sometimes%know.",SSEDecoded,0.001658,0,29354.5,175
2,50,70103102,32842104583,PostHistory,"%SELECT *%LIMIT 1%",SSEDecoded,0.001676,0,32460.2,14908
2,50,70103102,32842104583,PostHistory,"WITH RECURSIVE%SQL",SSEDecoded,0.001106,0,29281.8,1
2,50,70103102,32842104583,PostHistory,"%define%then%double%",SSEDecoded,0.002101,0,33508.4,8042
2,50,46375197,33166382695,Posts,"<p>I have tried%",SSEDecoded,0.001201,0,28960.8,28497
2,50,46375197,33166382695,Posts,"%cannot%fathom%C++%",SSEDecoded,0.001852,0,33065.9,5
2,50,46375197,33166382695,Posts,"%why%happening%",SSEDecoded,0.001624,0,32299.1,97637
2,50,46375197,33166382695,Posts,"%what%is%there",SSEDecoded,0.001864,0,28753.8,0
2,50,46375197,33166382695,Posts,"<p>We%try%",SSEDecoded,0.001961,0,29043.7,71674
2,0.01,67548,6158512,Comments,"Why do%you%?",VectorScan,1.07514,0,11.4502,79
2,0.01,67548,6158512,Comments,"%do we%actually%",VectorScan,0.498006,0,14.0853,0
2,0.01,67548,6158512,Comments,"%why%C++%",VectorScan,0.542098,0,14.5303,12
2,0.01,67548,6158512,Comments,"%how is%this%",VectorScan,0.346924,0,14.5502,10
2,0.01,67548,6158512,Comments,"%cannot%.",VectorScan,0.480482,0,13.2452,461
2,0.01,13706,6214943,PostHistory,"%php%is%shit%",VectorScan,0.65973,0,8.23428,0
2,0.01,13706,6214943,PostHistory,"I love%C++%but%",VectorScan,0.527238,0,6.28091,0
2,0.01,13706,6214943,PostHistory,"%sometimes%know.",VectorScan,0.50357,0,7.68841,0
2,0.01,13706,6214943,PostHistory,"%SELECT *%LIMIT 1%",VectorScan,0.397146,0,7.90896,3
2,0.01,13706,6214943,PostHistory,"WITH RECURSIVE%SQL",VectorScan,0.515425,0,6.7463,0
2,0.01,13706,6214943,PostHistory,"%define%then%double%",VectorScan,0.547047,0,8.51169,2
2,0.01,9104,6453362,Posts,"<p>I have tried%",VectorScan,0.245169,0,6.07855,6
2,0.01,9104,6453362,Posts,"%cannot%fathom%C++%",VectorScan,0.530057,0,7.68681,0
2,0.01,9104,6453362,Posts,"%why%happening%",VectorScan,0.423301,0,7.93243,24
2,0.01,9104,6453362,Posts,"%what%is%there",VectorScan,0.736346,0,8.48993,0
2,0.01,9104,6453362,Posts,"<p>We%try%",VectorScan,0.340835,0,6.51934,19
2,0.05,338143,31244354,Comments,"Why do%you%?",VectorScan,0.617119,0,56.9266,332
2,0.05,338143,31244354,Comments,"%do we%actually%",VectorScan,0.450814,0,70.3793,3
2,0.05,338143,31244354,Comments,"%why%C++%",VectorScan,0.509546,0,71.5053,47
2,0.05,338143,31244354,Comments,"%how is%this%",VectorScan,0.365917,0,70.6419,55
2,0.05,338143,31244354,Comments,"%cannot%.",VectorScan,0.475873,0,65.5817,2205
2,0.05,69346,31203934,PostHistory,"%php%is%shit%",VectorScan,0.584778,0,39.8092,0
2,0.05,69346,31203934,PostHistory,"I love%C++%but%",VectorScan,0.602718,0,32.197,0
2,0.05,69346,31203934,PostHistory,"%sometimes%know.",VectorScan,0.447058,0,39.3983,0
2,0.05,69346,31203934,PostHistory,"%SELECT *%LIMIT 1%",VectorScan,0.413381,0,38.5345,13
2,0.05,69346,31203934,PostHistory,"WITH RECURSIVE%SQL",VectorScan,0.565316,0,32.2028,0
2,0.05,69346,31203934,PostHistory,"%define%then%double%",VectorScan,0.526581,0,40.7611,5
2,0.05,46252,32527140,Posts,"<p>I have tried%",VectorScan,0.269134,0,31.6709,24
2,0.05,46252,32527140,Posts,"%cannot%fathom%C++%",VectorScan,0.522284,0,37.2737,0
2,0.05,46252,32527140,Posts,"%why%happening%",VectorScan,0.396102,0,36.4099,104
2,0.05,46252,32527140,Posts,"%what%is%there",VectorScan,0.661651,0,41.0179,0
2,0.05,46252,32527140,Posts,"<p>We%try%",VectorScan,0.316559,0,30.7127,62
2,0.1,676808,61789917,Comments,"Why do%you%?",VectorScan,0.592174,0,108.637,680
2,0.1,676808,61789917,Comments,"%do we%actually%",VectorScan,0.433698,0,132.679,4
2,0.1,676808,61789917,Comments,"%why%C++%",VectorScan,0.479179,0,135.167,88
2,0.1,676808,61789917,Comments,"%how is%this%",VectorScan,0.323711,0,132.044,111
2,0.1,676808,61789917,Comments,"%cannot%.",VectorScan,0.458069,0,121.697,4462
2,0.1,140045,64671224,PostHistory,"%php%is%shit%",VectorScan,0.582681,0,77.8046,1
2,0.1,140045,64671224,PostHistory,"I love%C++%but%",VectorScan,0.561982,0,63.3005,0
2,0.1,140045,64671224,PostHistory,"%sometimes%know.",VectorScan,0.453122,0,75.3943,0
2,0.1,140045,64671224,PostHistory,"%SELECT *%LIMIT 1%",VectorScan,0.412258,0,77.0376,29
2,0.1,140045,64671224,PostHistory,"WITH RECURSIVE%SQL",VectorScan,0.564056,0,64.3517,0
2,0.1,140045,64671224,PostHistory,"%define%then%double%",VectorScan,0.511691,0,81.6993,14
2,0.1,92437,65244570,Posts,"<p>I have tried%",VectorScan,0.251358,0,61.3613,48
2,0.1,92437,65244570,Posts,"%cannot%fathom%C++%",VectorScan,0.540994,0,76.2865,0
2,0.1,92437,65244570,Posts,"%why%happening%",VectorScan,0.407306,0,76.3981,183
2,0.1,92437,65244570,Posts,"%what%is%there",VectorScan,0.680584,0,80.5364,0
2,0.1,92437,65244570,Posts,"<p>We%try%",VectorScan,0.352136,0,60.5563,129
2,0.5,3381970,305571138,Comments,"Why do%you%?",VectorScan,0.574573,0,538.05,3633
2,0.5,3381970,305571138,Comments,"%do we%actually%",VectorScan,0.466391,0,676.469,16
2,0.5,3381970,305571138,Comments,"%why%C++%",VectorScan,0.562463,0,706.14,516
2,0.5,3381970,305571138,Comments,"%how is%this%",VectorScan,0.40942,0,713.506,582
2,0.5,3381970,305571138,Comments,"%cannot%.",VectorScan,0.502466,0,651.067,22806
2,0.5,700773,325065834,PostHistory,"%php%is%shit%",VectorScan,0.67295,0,411.505,8
2,0.5,700773,325065834,PostHistory,"I love%C++%but%",VectorScan,0.650498,0,335.231,1
2,0.5,700773,325065834,PostHistory,"%sometimes%know.",VectorScan,0.505379,0,399.845,1
2,0.5,700773,325065834,PostHistory,"%SELECT *%LIMIT 1%",VectorScan,0.458887,0,387.657,157
2,0.5,700773,325065834,PostHistory,"WITH RECURSIVE%SQL",VectorScan,0.577653,0,336.125,0
2,0.5,700773,325065834,PostHistory,"%define%then%double%",VectorScan,0.608761,0,419.871,81
2,0.5,464093,326942687,Posts,"<p>I have tried%",VectorScan,0.314305,0,313.425,261
2,0.5,464093,326942687,Posts,"%cannot%fathom%C++%",VectorScan,0.532365,0,391.43,0
2,0.5,464093,326942687,Posts,"%why%happening%",VectorScan,0.512181,0,402.828,974
2,0.5,464093,326942687,Posts,"%what%is%there",VectorScan,0.806111,0,428.226,0
2,0.5,464093,326942687,Posts,"<p>We%try%",VectorScan,0.416328,0,330.784,676
2,1,6763320,618860378,Comments,"Why do%you%?",VectorScan,0.702447,0,1154,7364
2,1,6763320,618860378,Comments,"%do we%actually%",VectorScan,0.544258,0,1353.31,35
2,1,6763320,618860378,Comments,"%why%C++%",VectorScan,0.554417,0,1355.91,1060
2,1,6763320,618860378,Comments,"%how is%this%",VectorScan,0.447388,0,1371.81,1198
2,1,6763320,618860378,Comments,"%cannot%.",VectorScan,0.5477,0,1299.8,45380
2,1,1402633,655946812,PostHistory,"%php%is%shit%",VectorScan,0.707035,0,847.928,13
2,1,1402633,655946812,PostHistory,"I love%C++%but%",VectorScan,0.681135,0,680.487,1
2,1,1402633,655946812,PostHistory,"%sometimes%know.",VectorScan,0.563462,0,773.442,3
2,1,1402633,655946812,PostHistory,"%SELECT *%LIMIT 1%",VectorScan,0.441487,0,776.17,309
2,1,1402633,655946812,PostHistory,"WITH RECURSIVE%SQL",VectorScan,0.665684,0,647.417,0
2,1,1402633,655946812,PostHistory,"%define%then%double%",VectorScan,0.651948,0,859.526,176
2,1,927644,659166886,Posts,"<p>I have tried%",VectorScan,0.333942,0,654.379,516
2,1,927644,659166886,Posts,"%cannot%fathom%C++%",VectorScan,0.559899,0,791.235,0
2,1,927644,659166886,Posts,"%why%happening%",VectorScan,0.537505,0,798.808,1910
2,1,927644,659166886,Posts,"%what%is%there",VectorScan,0.7584,0,815.006,0
2,1,927644,659166886,Posts,"<p>We%try%",VectorScan,0.433205,0,614.695,1415
2,5,33828344,3082980466,Comments,"Why do%you%?",VectorScan,0.698355,0,5582,37146
2,5,33828344,3082980466,Comments,"%do we%actually%",VectorScan,0.58606,0,6954.01,193
2,5,33828344,3082980466,Comments,"%why%C++%",VectorScan,0.655542,0,6928.1,5007
2,5,33828344,3082980466,Comments,"%how is%this%",VectorScan,0.42847,0,6925.35,5898
2,5,33828344,3082980466,Comments,"%cannot%.",VectorScan,0.563467,0,6313.16,228138
2,5,7011291,3260900860,PostHistory,"%php%is%shit%",VectorScan,0.738734,0,4104.53,58
2,5,7011291,3260900860,PostHistory,"I love%C++%but%",VectorScan,0.657979,0,3297.15,1
2,5,7011291,3260900860,PostHistory,"%sometimes%know.",VectorScan,0.576375,0,4088.57,17
2,5,7011291,3260900860,PostHistory,"%SELECT *%LIMIT 1%",VectorScan,0.491939,0,3946,1489
2,5,7011291,3260900860,PostHistory,"WITH RECURSIVE%SQL",VectorScan,0.698059,0,3355.72,0
2,5,7011291,3260900860,PostHistory,"%define%then%double%",VectorScan,0.618311,0,4293.36,796
2,5,4636953,3187168332,Posts,"<p>I have tried%",VectorScan,0.340614,0,3123.36,2821
2,5,4636953,3187168332,Posts,"%cannot%fathom%C++%",VectorScan,0.59619,0,3845.5,0
2,5,4636953,3187168332,Posts,"%why%happening%",VectorScan,0.51334,0,3826.17,9735
2,5,4636953,3187168332,Posts,"%what%is%there",VectorScan,0.879006,0,4073.09,0
2,5,4636953,3187168332,Posts,"<p>We%try%",VectorScan,0.437257,0,3096.71,7244
2,10,67660687,6184930096,Comments,"Why do%you%?",VectorScan,0.741161,0,11279.3,74121
2,10,67660687,6184930096,Comments,"%do we%actually%",VectorScan,0.573575,0,14097.5,421
2,10,67660687,6184930096,Comments,"%why%C++%",VectorScan,0.656679,0,14018.4,10167
2,10,67660687,6184930096,Comments,"%how is%this%",VectorScan,0.424255,0,14118.6,11818
2,10,67660687,6184930096,Comments,"%cannot%.",VectorScan,0.57161,0,12788.3,456260
2,10,14020516,6464378912,PostHistory,"%php%is%shit%",VectorScan,0.782285,0,8068.1,116
2,10,14020516,6464378912,PostHistory,"I love%C++%but%",VectorScan,0.727694,0,6593.46,1
2,10,14020516,6464378912,PostHistory,"%sometimes%know.",VectorScan,0.577098,0,8465.12,34
2,10,14020516,6464378912,PostHistory,"%SELECT *%LIMIT 1%",VectorScan,0.50942,0,7857.61,2990
2,10,14020516,6464378912,PostHistory,"WITH RECURSIVE%SQL",VectorScan,0.688075,0,6447.03,0
2,10,14020516,6464378912,PostHistory,"%define%then%double%",VectorScan,0.621964,0,8500.42,1594
2,10,9274247,6467793801,Posts,"<p>I have tried%",VectorScan,0.321397,0,6449.67,5699
2,10,9274247,6467793801,Posts,"%cannot%fathom%C++%",VectorScan,0.604162,0,7760.79,1
2,10,9274247,6467793801,Posts,"%why%happening%",VectorScan,0.591437,0,7972.04,19419
2,10,9274247,6467793801,Posts,"%what%is%there",VectorScan,1.02882,0,8257.42,0
2,10,9274247,6467793801,Posts,"<p>We%try%",VectorScan,0.483457,0,6382.05,14417
2,50,70103102,32842104583,PostHistory,"%php%is%shit%",VectorScan,0.729186,0,39884.7,599
2,50,70103102,32842104583,PostHistory,"I love%C++%but%",VectorScan,0.735787,0,33055.6,15
2,50,70103102,32842104583,PostHistory,"%sometimes%know.",VectorScan,0.580349,0,42646.8,175
2,50,70103102,32842104583,PostHistory,"%SELECT *%LIMIT 1%",VectorScan,0.52351,0,39277.1,14908
2,50,70103102,32842104583,PostHistory,"WITH RECURSIVE%SQL",VectorScan,0.699227,0,32914.4,1
2,50,70103102,32842104583,PostHistory,"%define%then%double%",VectorScan,0.673079,0,42878.8,8042
2,50,46375197,33166382695,Posts,"<p>I have tried%",VectorScan,0.34077,0,31766.9,28497
2,50,46375197,33166382695,Posts,"%cannot%fathom%C++%",VectorScan,0.668832,0,38555.1,5
2,50,46375197,33166382695,Posts,"%why%happening%",VectorScan,0.528963,0,39194.1,97637
2,50,46375197,33166382695,Posts,"%what%is%there",VectorScan,0.813277,0,40511,1
2,50,46375197,33166382695,Posts,"<p>We%try%",VectorScan,0.470092,0,31478.6,71674
3,0.01,67548,6158512,Comments,"Why do%you%?",InMemory,0.036619,0.000104,1.2684,79
3,0.01,67548,6158512,Comments,"%do we%actually%",InMemory,0.087015,3.7e-05,93.5932,0
3,0.01,67548,6158512,Comments,"%why%C++%",InMemory,0.027917,4.2e-05,73.063,12
3,0.01,67548,6158512,Comments,"%how is%this%",InMemory,0.058796,4.9e-05,89.349,10
3,0.01,67548,6158512,Comments,"%cannot%.",InMemory,0.020952,2.7e-05,38.2608,460
3,0.01,13706,6214943,PostHistory,"%php%is%shit%",InMemory,0.047661,4.7e-05,57.0391,0
3,0.01,13706,6214943,PostHistory,"I love%C++%but%",InMemory,0.032848,4.1e-05,0.419233,0
3,0.01,13706,6214943,PostHistory,"%sometimes%know.",InMemory,0.032391,3.4e-05,0.199295,0
3,0.01,13706,6214943,PostHistory,"%SELECT *%LIMIT 1%",InMemory,0.026242,2.1e-05,53.2462,3
3,0.01,13706,6214943,PostHistory,"WITH RECURSIVE%SQL",InMemory,0.023445,3.4e-05,0.189421,0
3,0.01,13706,6214943,PostHistory,"%define%then%double%",InMemory,0.068189,1.5e-05,112.015,2
3,0.01,9104,6453362,Posts,"<p>I have tried%",InMemory,0.009398,4.2e-05,0.390241,6
3,0.01,9104,6453362,Posts,"%cannot%fathom%C++%",InMemory,0.050494,3.3e-05,100.91,0
3,0.01,9104,6453362,Posts,"%why%happening%",InMemory,0.044286,2.9e-05,91.2291,24
3,0.01,9104,6453362,Posts,"%what%is%there",InMemory,0.048937,3.5e-05,0.200791,0
3,0.01,9104,6453362,Posts,"<p>We%try%",InMemory,0.026445,2.2e-05,1.01637,19
3,0.05,338143,31244354,Comments,"Why do%you%?",InMemory,0.017819,3.3e-05,6.20072,332
3,0.05,338143,31244354,Comments,"%do we%actually%",InMemory,0.065955,3.5e-05,478.748,3
3,0.05,338143,31244354,Comments,"%why%C++%",InMemory,0.02498,3.5e-05,408.948,47
3,0.05,338143,31244354,Comments,"%how is%this%",InMemory,0.067441,0.000106,588.455,55
3,0.05,338143,31244354,Comments,"%cannot%.",InMemory,0.045589,0.000103,284.296,2204
3,0.05,69346,31203934,PostHistory,"%php%is%shit%",InMemory,0.058689,0.000113,332.696,0
3,0.05,69346,31203934,PostHistory,"I love%C++%but%",InMemory,0.023223,3.6e-05,2.25819,0
3,0.05,69346,31203934,PostHistory,"%sometimes%know.",InMemory,0.041703,2.1e-05,2.21356,0
3,0.05,69346,31203934,PostHistory,"%SELECT *%LIMIT 1%",InMemory,0.032311,2e-05,322.425,13
3,0.05,69346,31203934,PostHistory,"WITH RECURSIVE%SQL",InMemory,0.019539,9.1e-05,1.23506,0
3,0.05,69346,31203934,PostHistory,"%define%then%double%",InMemory,0.072638,2e-05,474.919,5
3,0.05,46252,32527140,Posts,"<p>I have tried%",InMemory,0.011519,0.000104,1.74924,24
3,0.05,46252,32527140,Posts,"%cannot%fathom%C++%",InMemory,0.050844,2.1e-05,432.738,0
3,0.05,46252,32527140,Posts,"%why%happening%",InMemory,0.047027,6.9e-05,337.352,104
3,0.05,46252,32527140,Posts,"%what%is%there",InMemory,0.039791,3e-05,2.75672,0
3,0.05,46252,32527140,Posts,"<p>We%try%",InMemory,0.031107,2e-05,5.7732,62
3,0.1,676808,61789917,Comments,"Why do%you%?",InMemory,0.019572,3.5e-05,12.4989,680
3,0.1,676808,61789917,Comments,"%do we%actually%",InMemory,0.072482,1.8e-05,900.79,4
3,0.1,676808,61789917,Comments,"%why%C++%",InMemory,0.024616,4.8e-05,705.77,88
3,0.1,676808,61789917,Comments,"%how is%this%",InMemory,0.049598,3.8e-05,1150.57,111
3,0.1,676808,61789917,Comments,"%cannot%.",InMemory,0.035963,4.5e-05,502.971,4459
3,0.1,140045,64671224,PostHistory,"%php%is%shit%",InMemory,0.050716,0.000193,740.788,1
3,0.1,140045,64671224,PostHistory,"I love%C++%but%",InMemory,0.022541,4.2e-05,4.86603,0
3,0.1,140045,64671224,PostHistory,"%sometimes%know.",InMemory,0.039353,2.1e-05,5.32234,0
3,0.1,140045,64671224,PostHistory,"%SELECT *%LIMIT 1%",InMemory,0.031599,2e-05,679.651,29
3,0.1,140045,64671224,PostHistory,"WITH RECURSIVE%SQL",InMemory,0.017686,4.3e-05,3.52001,0
3,0.1,140045,64671224,PostHistory,"%define%then%double%",InMemory,0.055512,2e-05,680.213,14
3,0.1,92437,65244570,Posts,"<p>I have tried%",InMemory,0.015358,3.7e-05,3.6539,48
3,0.1,92437,65244570,Posts,"%cannot%fathom%C++%",InMemory,0.046775,1.7e-05,562.225,0
3,0.1,92437,65244570,Posts,"%why%happening%",InMemory,0.043515,4.9e-05,834.736,183
3,0.1,92437,65244570,Posts,"%what%is%there",InMemory,0.043392,4.8e-05,5.39102,0
3,0.1,92437,65244570,Posts,"<p>We%try%",InMemory,0.032913,2.9e-05,12.7605,129
3,0.5,3381970,305571138,Comments,"Why do%you%?",InMemory,0.019526,2.4e-05,57.1361,3633
3,0.5,3381970,305571138,Comments,"%do we%actually%",InMemory,0.059433,2.9e-05,5036.02,16
3,0.5,3381970,305571138,Comments,"%why%C++%",InMemory,0.030666,0.000103,3523.94,516
3,0.5,3381970,305571138,Comments,"%how is%this%",InMemory,0.066083,0.000102,5042.63,581
3,0.5,3381970,305571138,Comments,"%cannot%.",InMemory,0.025104,0.000103,1470.28,22793
3,0.5,700773,325065834,PostHistory,"%php%is%shit%",InMemory,0.063919,0.000111,3812.58,8
3,0.5,700773,325065834,PostHistory,"I love%C++%but%",InMemory,0.034413,0.000107,22.8922,1
3,0.5,700773,325065834,PostHistory,"%sometimes%know.",InMemory,0.049237,5.2e-05,26.6366,1
3,0.5,700773,325065834,PostHistory,"%SELECT *%LIMIT 1%",InMemory,0.032598,2.8e-05,3298.5,157
3,0.5,700773,325065834,PostHistory,"WITH RECURSIVE%SQL",InMemory,0.023632,9.9e-05,21.9914,0
3,0.5,700773,325065834,PostHistory,"%define%then%double%",InMemory,0.061922,2e-05,5044.24,81
3,0.5,464093,326942687,Posts,"<p>I have tried%",InMemory,0.016238,0.000108,17.716,261
3,0.5,464093,326942687,Posts,"%cannot%fathom%C++%",InMemory,0.056481,4.2e-05,3705.42,0
3,0.5,464093,326942687,Posts,"%why%happening%",InMemory,0.050361,0.000111,4358.18,968
3,0.5,464093,326942687,Posts,"%what%is%there",InMemory,0.056804,0.0001,24.5409,0
3,0.5,464093,326942687,Posts,"<p>We%try%",InMemory,0.029163,2e-05,65.7343,676
3,1,6763320,618860378,Comments,"Why do%you%?",InMemory,0.02187,2.6e-05,118.817,7364
3,1,6763320,618860378,Comments,"%do we%actually%",InMemory,0.060887,4e-05,6926.42,35
3,1,6763320,618860378,Comments,"%why%C++%",InMemory,0.028702,0.000102,7839.32,1060
3,1,6763320,618860378,Comments,"%how is%this%",InMemory,0.075922,0.000104,11430.1,1198
3,1,6763320,618860378,Comments,"%cannot%.",InMemory,0.035792,0.000101,5149.27,45360
3,1,1402633,655946812,PostHistory,"%php%is%shit%",InMemory,0.061493,0.000107,8446.15,13
3,1,1402633,655946812,PostHistory,"I love%C++%but%",InMemory,0.028569,0.000102,45.0542,1
3,1,1402633,655946812,PostHistory,"%sometimes%know.",InMemory,0.046591,5.9e-05,47.9005,3
3,1,1402633,655946812,PostHistory,"%SELECT *%LIMIT 1%",InMemory,0.030517,3.6e-05,6625.36,309
3,1,1402633,655946812,PostHistory,"WITH RECURSIVE%SQL",InMemory,0.0236,0.000101,43.7145,0
3,1,1402633,655946812,PostHistory,"%define%then%double%",InMemory,0.059659,4.8e-05,11571.4,176
3,1,927644,659166886,Posts,"<p>I have tried%",InMemory,0.014196,0.00011,34.2296,516
3,1,927644,659166886,Posts,"%cannot%fathom%C++%",InMemory,0.057264,3.5e-05,10886.3,0
3,1,927644,659166886,Posts,"%why%happening%",InMemory,0.049991,0.000112,7643.6,1899
3,1,927644,659166886,Posts,"%what%is%there",InMemory,0.050925,0.000316,49.2698,0
3,1,927644,659166886,Posts,"<p>We%try%",InMemory,0.029682,4.2e-05,131.94,1414
3,5,33828344,3082980466,Comments,"Why do%you%?",InMemory,0.02656,4.5e-05,604.596,37146
3,5,33828344,3082980466,Comments,"%do we%actually%",InMemory,0.05628,4.8e-05,34197.1,192
3,5,33828344,3082980466,Comments,"%why%C++%",InMemory,0.032719,0.000193,39666.1,5007
3,5,33828344,3082980466,Comments,"%how is%this%",InMemory,0.064254,0.000101,50288.1,5896
3,5,33828344,3082980466,Comments,"%cannot%.",InMemory,0.044187,0.000103,22335.1,228112
3,5,7011291,3260900860,PostHistory,"%php%is%shit%",InMemory,0.050722,0.000104,35114.2,58
3,5,7011291,3260900860,PostHistory,"I love%C++%but%",InMemory,0.029898,0.000102,224,1
3,5,7011291,3260900860,PostHistory,"%sometimes%know.",InMemory,0.051627,4.6e-05,245.108,17
3,5,7011291,3260900860,PostHistory,"%SELECT *%LIMIT 1%",InMemory,0.030331,4.1e-05,33130.3,1489
3,5,7011291,3260900860,PostHistory,"WITH RECURSIVE%SQL",InMemory,0.024492,0.000107,225.383,0
3,5,7011291,3260900860,PostHistory,"%define%then%double%",InMemory,0.066224,0.000128,51649.5,794
3,5,4636953,3187168332,Posts,"<p>I have tried%",InMemory,0.015886,0.000102,172.214,2821
3,5,4636953,3187168332,Posts,"%cannot%fathom%C++%",InMemory,0.067218,4.2e-05,48937.5,0
3,5,4636953,3187168332,Posts,"%why%happening%",InMemory,0.047355,0.000107,40330.7,9667
3,5,4636953,3187168332,Posts,"%what%is%there",InMemory,0.053954,0.000383,278.615,0
3,5,4636953,3187168332,Posts,"<p>We%try%",InMemory,0.035777,5.8e-05,546.242,7238
3,10,67660687,6184930096,Comments,"Why do%you%?",InMemory,0.029541,4.7e-05,1190.19,74121
3,10,67660687,6184930096,Comments,"%do we%actually%",InMemory,0.078838,5.2e-05,97197.6,420
3,10,67660687,6184930096,Comments,"%why%C++%",InMemory,0.031559,9.5e-05,78513.1,10167
3,10,67660687,6184930096,Comments,"%how is%this%",InMemory,0.059951,9.5e-05,110311,11812
3,10,67660687,6184930096,Comments,"%cannot%.",InMemory,0.044981,0.000101,53773.3,456139
3,10,14020516,6464378912,PostHistory,"%php%is%shit%",InMemory,0.057429,0.000107,85355.5,116
3,10,14020516,6464378912,PostHistory,"I love%C++%but%",InMemory,0.031417,0.000103,462.679,1
3,10,14020516,6464378912,PostHistory,"%sometimes%know.",InMemory,0.052309,3.8e-05,537.497,34
3,10,14020516,6464378912,PostHistory,"%SELECT *%LIMIT 1%",InMemory,0.044708,3.9e-05,63122.2,2990
3,10,14020516,6464378912,PostHistory,"WITH RECURSIVE%SQL",InMemory,0.024561,0.000104,452.082,0
3,10,14020516,6464378912,PostHistory,"%define%then%double%",InMemory,0.073683,2.9e-05,96166.9,1588
3,10,9274247,6467793801,Posts,"<p>I have tried%",InMemory,0.023648,0.000101,345.081,5699
3,10,9274247,6467793801,Posts,"%cannot%fathom%C++%",InMemory,0.06385,3.1e-05,93813.9,1
3,10,9274247,6467793801,Posts,"%why%happening%",InMemory,0.049747,0.000104,76479.7,19361
3,10,9274247,6467793801,Posts,"%what%is%there",InMemory,0.047097,0.000104,316.356,0
3,10,9274247,6467793801,Posts,"<p>We%try%",InMemory,0.035736,5e-05,1116.51,14408
3,50,70103102,32842104583,PostHistory,"%php%is%shit%",InMemory,0.067261,5.2e-05,391665,598
3,50,70103102,32842104583,PostHistory,"I love%C++%but%",InMemory,0.030536,0.000113,2283.47,15
3,50,70103102,32842104583,PostHistory,"%sometimes%know.",InMemory,0.052707,0.000101,2469.34,175
3,50,70103102,32842104583,PostHistory,"%SELECT *%LIMIT 1%",InMemory,0.035836,9.9e-05,318043,14908
3,50,70103102,32842104583,PostHistory,"WITH RECURSIVE%SQL",InMemory,0.022883,0.000104,2272.67,1
3,50,70103102,32842104583,PostHistory,"%define%then%double%",InMemory,0.080862,0.000111,501518,7993
3,50,46375197,33166382695,Posts,"<p>I have tried%",InMemory,0.015601,0.000438,1774.78,28497
3,50,46375197,33166382695,Posts,"%cannot%fathom%C++%",InMemory,0.059481,8.7e-05,456151,5
3,50,46375197,33166382695,Posts,"%why%happening%",InMemory,0.054148,0.000112,377866,97325
3,50,46375197,33166382695,Posts,"%what%is%there",InMemory,0.049281,0.000102,2473.38,0
3,50,46375197,33166382695,Posts,"<p>We%try%",InMemory,0.036892,0.000102,6959.24,71674
3,0.01,67548,6158512,Comments,"Why do%you%?",SSELLVMCompiled,0.039397,27.0057,0.861588,79
3,0.01,67548,6158512,Comments,"%do we%actually%",SSELLVMCompiled,0.079099,34.9195,3.22462,0
3,0.01,67548,6158512,Comments,"%why%C++%",SSELLVMCompiled,0.037283,24.9187,3.55109,12
3,0.01,67548,6158512,Comments,"%how is%this%",SSELLVMCompiled,0.082222,31.0308,4.47396,10
3,0.01,67548,6158512,Comments,"%cannot%.",SSELLVMCompiled,0.032848,23.0822,2.09402,460
3,0.01,13706,6214943,PostHistory,"%php%is%shit%",SSELLVMCompiled,0.051128,33.4323,2.35345,0
3,0.01,13706,6214943,PostHistory,"I love%C++%but%",SSELLVMCompiled,0.042086,26.0723,0.414076,0
3,0.01,13706,6214943,PostHistory,"%sometimes%know.",SSELLVMCompiled,0.043671,29.2339,0.367889,0
3,0.01,13706,6214943,PostHistory,"%SELECT *%LIMIT 1%",SSELLVMCompiled,0.062323,24.9747,1.2184,3
3,0.01,13706,6214943,PostHistory,"WITH RECURSIVE%SQL",SSELLVMCompiled,0.021989,12.6149,0.301318,0
3,0.01,13706,6214943,PostHistory,"%define%then%double%",SSELLVMCompiled,0.092919,46.8173,3.53323,2
3,0.01,9104,6453362,Posts,"<p>I have tried%",SSELLVMCompiled,0.012846,9.04654,0.236639,6
3,0.01,9104,6453362,Posts,"%cannot%fathom%C++%",SSELLVMCompiled,0.061808,41.7858,3.51491,0
3,0.01,9104,6453362,Posts,"%why%happening%",SSELLVMCompiled,0.068209,34.2075,2.30518,24
3,0.01,9104,6453362,Posts,"%what%is%there",SSELLVMCompiled,0.071738,42.1361,0.305897,0
3,0.01,9104,6453362,Posts,"<p>We%try%",SSELLVMCompiled,0.044075,19.1594,0.31307,19
3,0.05,338143,31244354,Comments,"Why do%you%?",SSELLVMCompiled,0.024675,23.0948,4.12756,332
3,0.05,338143,31244354,Comments,"%do we%actually%",SSELLVMCompiled,0.078487,32.9784,15.4584,3
3,0.05,338143,31244354,Comments,"%why%C++%",SSELLVMCompiled,0.036283,23.0688,17.2213,47
3,0.05,338143,31244354,Comments,"%how is%this%",SSELLVMCompiled,0.085117,25.3278,24.9879,55
3,0.05,338143,31244354,Comments,"%cannot%.",SSELLVMCompiled,0.051073,26.7613,12.7652,2204
3,0.05,69346,31203934,PostHistory,"%php%is%shit%",SSELLVMCompiled,0.051777,34.6774,10.5982,0
3,0.05,69346,31203934,PostHistory,"I love%C++%but%",SSELLVMCompiled,0.027534,24.3586,1.62149,0
3,0.05,69346,31203934,PostHistory,"%sometimes%know.",SSELLVMCompiled,0.057856,30.1444,2.01407,0
3,0.05,69346,31203934,PostHistory,"%SELECT *%LIMIT 1%",SSELLVMCompiled,0.03769,24.0795,5.96925,13
3,0.05,69346,31203934,PostHistory,"WITH RECURSIVE%SQL",SSELLVMCompiled,0.021704,12.2579,1.44782,0
3,0.05,69346,31203934,PostHistory,"%define%then%double%",SSELLVMCompiled,0.087359,41.9103,17.2879,5
3,0.05,46252,32527140,Posts,"<p>I have tried%",SSELLVMCompiled,0.014878,8.81621,1.16218,24
3,0.05,46252,32527140,Posts,"%cannot%fathom%C++%",SSELLVMCompiled,0.066703,40.1398,14.8541,0
3,0.05,46252,32527140,Posts,"%why%happening%",SSELLVMCompiled,0.061788,32.1203,8.36014,104
3,0.05,46252,32527140,Posts,"%what%is%there",SSELLVMCompiled,0.053246,36.9509,1.56008,0
3,0.05,46252,32527140,Posts,"<p>We%try%",SSELLVMCompiled,0.046891,19.2853,1.76643,62
3,0.1,676808,61789917,Comments,"Why do%you%?",SSELLVMCompiled,0.025934,23.7665,8.79042,680
3,0.1,676808,61789917,Comments,"%do we%actually%",SSELLVMCompiled,0.099117,37.0244,49.7378,4
3,0.1,676808,61789917,Comments,"%why%C++%",SSELLVMCompiled,0.032002,21.574,23.545,88
3,0.1,676808,61789917,Comments,"%how is%this%",SSELLVMCompiled,0.057361,26.527,51.8675,111
3,0.1,676808,61789917,Comments,"%cannot%.",SSELLVMCompiled,0.039068,24.7191,23.7649,4459
3,0.1,140045,64671224,PostHistory,"%php%is%shit%",SSELLVMCompiled,0.058523,34.7003,19.189,1
3,0.1,140045,64671224,PostHistory,"I love%C++%but%",SSELLVMCompiled,0.023963,22.0183,3.95362,0
3,0.1,140045,64671224,PostHistory,"%sometimes%know.",SSELLVMCompiled,0.046636,32.9047,4.03892,0
3,0.1,140045,64671224,PostHistory,"%SELECT *%LIMIT 1%",SSELLVMCompiled,0.035548,23.0316,11.7912,29
3,0.1,140045,64671224,PostHistory,"WITH RECURSIVE%SQL",SSELLVMCompiled,0.023227,12.0569,3.11108,0
3,0.1,140045,64671224,PostHistory,"%define%then%double%",SSELLVMCompiled,0.065008,36.8972,19.8933,14
3,0.1,92437,65244570,Posts,"<p>I have tried%",SSELLVMCompiled,0.013983,8.40146,2.2563,48
3,0.1,92437,65244570,Posts,"%cannot%fathom%C++%",SSELLVMCompiled,0.046465,32.2869,8.5276,0
3,0.1,92437,65244570,Posts,"%why%happening%",SSELLVMCompiled,0.054897,31.2204,20.2164,183
3,0.1,92437,65244570,Posts,"%what%is%there",SSELLVMCompiled,0.053513,37.2342,3.08807,0
3,0.1,92437,65244570,Posts,"<p>We%try%",SSELLVMCompiled,0.04453,15.0157,3.53888,129
3,0.5,3381970,305571138,Comments,"Why do%you%?",SSELLVMCompiled,0.023485,22.517,38.1113,3633
3,0.5,3381970,305571138,Comments,"%do we%actually%",SSELLVMCompiled,0.073267,31.4991,157.918,16
3,0.5,3381970,305571138,Comments,"%why%C++%",SSELLVMCompiled,0.032792,22.3881,177.838,516
3,0.5,3381970,305571138,Comments,"%how is%this%",SSELLVMCompiled,0.072633,29.504,204.894,581
3,0.5,3381970,305571138,Comments,"%cannot%.",SSELLVMCompiled,0.024448,24.9333,91.1984,22793
3,0.5,700773,325065834,PostHistory,"%php%is%shit%",SSELLVMCompiled,0.057257,36.4581,130.084,8
3,0.5,700773,325065834,PostHistory,"I love%C++%but%",SSELLVMCompiled,0.029181,24.1525,19.6264,1
3,0.5,700773,325065834,PostHistory,"%sometimes%know.",SSELLVMCompiled,0.05914,32.8141,20.4363,1
3,0.5,700773,325065834,PostHistory,"%SELECT *%LIMIT 1%",SSELLVMCompiled,0.036823,23.3703,56.4826,157
3,0.5,700773,325065834,PostHistory,"WITH RECURSIVE%SQL",SSELLVMCompiled,0.019879,11.8525,15.811,0
3,0.5,700773,325065834,PostHistory,"%define%then%double%",SSELLVMCompiled,0.074109,39.5984,110.946,81
3,0.5,464093,326942687,Posts,"<p>I have tried%",SSELLVMCompiled,0.014935,8.6473,11.4475,261
3,0.5,464093,326942687,Posts,"%cannot%fathom%C++%",SSELLVMCompiled,0.069094,37.5506,63.0292,0
3,0.5,464093,326942687,Posts,"%why%happening%",SSELLVMCompiled,0.071238,29.8961,98.1096,968
3,0.5,464093,326942687,Posts,"%what%is%there",SSELLVMCompiled,0.059044,38.4484,15.3815,0
3,0.5,464093,326942687,Posts,"<p>We%try%",SSELLVMCompiled,0.035048,19.0294,17.0444,676
3,1,6763320,618860378,Comments,"Why do%you%?",SSELLVMCompiled,0.026077,23.9504,77.3981,7364
3,1,6763320,618860378,Comments,"%do we%actually%",SSELLVMCompiled,0.063654,30.0958,262.277,35
3,1,6763320,618860378,Comments,"%why%C++%",SSELLVMCompiled,0.035497,22.7899,265.886,1060
3,1,6763320,618860378,Comments,"%how is%this%",SSELLVMCompiled,0.071808,27.9815,625.527,1198
3,1,6763320,618860378,Comments,"%cannot%.",SSELLVMCompiled,0.039186,26.963,240.641,45360
3,1,1402633,655946812,PostHistory,"%php%is%shit%",SSELLVMCompiled,0.062585,37.1347,261.007,13
3,1,1402633,655946812,PostHistory,"I love%C++%but%",SSELLVMCompiled,0.029347,25.176,41.3548,1
3,1,1402633,655946812,PostHistory,"%sometimes%know.",SSELLVMCompiled,0.068863,41.4753,50.0166,3
3,1,1402633,655946812,PostHistory,"%SELECT *%LIMIT 1%",SSELLVMCompiled,0.039037,33.1672,127.713,309
3,1,1402633,655946812,PostHistory,"WITH RECURSIVE%SQL",SSELLVMCompiled,0.024048,12.7275,31.7264,0
3,1,1402633,655946812,PostHistory,"%define%then%double%",SSELLVMCompiled,0.07052,39.3857,331.052,176
3,1,927644,659166886,Posts,"<p>I have tried%",SSELLVMCompiled,0.015208,9.06766,23.0157,516
3,1,927644,659166886,Posts,"%cannot%fathom%C++%",SSELLVMCompiled,0.064725,41.6535,261.767,0
3,1,927644,659166886,Posts,"%why%happening%",SSELLVMCompiled,0.062693,31.5821,186.586,1899
3,1,927644,659166886,Posts,"%what%is%there",SSELLVMCompiled,0.055589,36.7046,30.5573,0
3,1,927644,659166886,Posts,"<p>We%try%",SSELLVMCompiled,0.031424,18.1722,33.127,1414
3,5,33828344,3082980466,Comments,"Why do%you%?",SSELLVMCompiled,0.026841,25.8943,407.259,37146
3,5,33828344,3082980466,Comments,"%do we%actually%",SSELLVMCompiled,0.061751,30.3171,1278.68,192
3,5,33828344,3082980466,Comments,"%why%C++%",SSELLVMCompiled,0.058228,23.7268,1728.83,5007
3,5,33828344,3082980466,Comments,"%how is%this%",SSELLVMCompiled,0.069718,27.2106,2467.45,5896
3,5,33828344,3082980466,Comments,"%cannot%.",SSELLVMCompiled,0.058408,31.9041,1199.17,228112
3,5,7011291,3260900860,PostHistory,"%php%is%shit%",SSELLVMCompiled,0.059155,33.5186,989.191,58
3,5,7011291,3260900860,PostHistory,"I love%C++%but%",SSELLVMCompiled,0.032493,24.6289,190.93,1
3,5,7011291,3260900860,PostHistory,"%sometimes%know.",SSELLVMCompiled,0.061091,31.5966,202.561,17
3,5,7011291,3260900860,PostHistory,"%SELECT *%LIMIT 1%",SSELLVMCompiled,0.047408,25.5358,597.401,1489
3,5,7011291,3260900860,PostHistory,"WITH RECURSIVE%SQL",SSELLVMCompiled,0.029325,12.7639,158.563,0
3,5,7011291,3260900860,PostHistory,"%define%then%double%",SSELLVMCompiled,0.068796,42.7468,1339.64,794
3,5,4636953,3187168332,Posts,"<p>I have tried%",SSELLVMCompiled,0.020912,9.83258,115.493,2821
3,5,4636953,3187168332,Posts,"%cannot%fathom%C++%",SSELLVMCompiled,0.08336,43.4557,1190.53,0
3,5,4636953,3187168332,Posts,"%why%happening%",SSELLVMCompiled,0.052109,31.3152,856.503,9667
3,5,4636953,3187168332,Posts,"%what%is%there",SSELLVMCompiled,0.063411,41.2012,155.195,0
3,5,4636953,3187168332,Posts,"<p>We%try%",SSELLVMCompiled,0.038821,20.7425,168.391,7238
3,10,67660687,6184930096,Comments,"Why do%you%?",SSELLVMCompiled,0.02995,25.7663,787.566,74121
3,10,67660687,6184930096,Comments,"%do we%actually%",SSELLVMCompiled,0.083402,34.7799,2850.69,420
3,10,67660687,6184930096,Comments,"%why%C++%",SSELLVMCompiled,0.041929,26.6739,3236.13,10167
3,10,67660687,6184930096,Comments,"%how is%this%",SSELLVMCompiled,0.071714,30.4457,6718.53,11812
3,10,67660687,6184930096,Comments,"%cannot%.",SSELLVMCompiled,0.073948,27.3723,2469.99,456139
3,10,14020516,6464378912,PostHistory,"%php%is%shit%",SSELLVMCompiled,0.069175,38.6707,2891.32,116
3,10,14020516,6464378912,PostHistory,"I love%C++%but%",SSELLVMCompiled,0.028711,23.1472,315.948,1
3,10,14020516,6464378912,PostHistory,"%sometimes%know.",SSELLVMCompiled,0.057204,31.3253,403.083,34
3,10,14020516,6464378912,PostHistory,"%SELECT *%LIMIT 1%",SSELLVMCompiled,0.053453,31.212,1200.44,2990
3,10,14020516,6464378912,PostHistory,"WITH RECURSIVE%SQL",SSELLVMCompiled,0.028238,17.5239,310.922,0
3,10,14020516,6464378912,PostHistory,"%define%then%double%",SSELLVMCompiled,0.080981,40.2388,2349.95,1588
3,10,9274247,6467793801,Posts,"<p>I have tried%",SSELLVMCompiled,0.021052,9.80884,223.425,5699
3,10,9274247,6467793801,Posts,"%cannot%fathom%C++%",SSELLVMCompiled,0.069597,40.5745,1787.43,1
3,10,9274247,6467793801,Posts,"%why%happening%",SSELLVMCompiled,0.062728,31.1012,1721.1,19361
3,10,9274247,6467793801,Posts,"%what%is%there",SSELLVMCompiled,0.058697,39.8193,285.953,0
3,10,9274247,6467793801,Posts,"<p>We%try%",SSELLVMCompiled,0.042973,18.6554,332.118,14408
3,50,70103102,32842104583,PostHistory,"%php%is%shit%",SSELLVMCompiled,0.078471,37.4462,14703.4,598
3,50,70103102,32842104583,PostHistory,"I love%C++%but%",SSELLVMCompiled,0.033472,26.5917,1615.34,15
3,50,70103102,32842104583,PostHistory,"%sometimes%know.",SSELLVMCompiled,0.087798,29.1438,2055.29,175
3,50,70103102,32842104583,PostHistory,"%SELECT *%LIMIT 1%",SSELLVMCompiled,0.050023,26.2468,6096.58,14908
3,50,70103102,32842104583,PostHistory,"WITH RECURSIVE%SQL",SSELLVMCompiled,0.034458,13.5971,1591.85,1
3,50,70103102,32842104583,PostHistory,"%define%then%double%",SSELLVMCompiled,0.093103,45.9726,13947.5,7993
3,50,46375197,33166382695,Posts,"<p>I have tried%",SSELLVMCompiled,0.02166,8.49529,1093.65,28497
3,50,46375197,33166382695,Posts,"%cannot%fathom%C++%",SSELLVMCompiled,0.067932,38.5778,12937.4,5
3,50,46375197,33166382695,Posts,"%why%happening%",SSELLVMCompiled,0.075546,33.661,9444.23,97325
3,50,46375197,33166382695,Posts,"%what%is%there",SSELLVMCompiled,0.065807,37.9605,1495.08,0
3,50,46375197,33166382695,Posts,"<p>We%try%",SSELLVMCompiled,0.055162,19.1802,1758.11,71674
3,0.01,67548,6158512,Comments,"Why do%you%?",SSECppCompiled,0.038617,315.799,0.955687,79
3,0.01,67548,6158512,Comments,"%do we%actually%",SSECppCompiled,0.081255,344.146,3.51394,0
3,0.01,67548,6158512,Comments,"%why%C++%",SSECppCompiled,0.036018,317.461,3.89692,12
3,0.01,67548,6158512,Comments,"%how is%this%",SSECppCompiled,0.077239,340.265,5.46267,10
3,0.01,67548,6158512,Comments,"%cannot%.",SSECppCompiled,0.031858,319.284,2.30004,460
3,0.01,13706,6214943,PostHistory,"%php%is%shit%",SSECppCompiled,0.055278,329.747,2.58834,0
3,0.01,13706,6214943,PostHistory,"I love%C++%but%",SSECppCompiled,0.042514,322.012,0.354658,0
3,0.01,13706,6214943,PostHistory,"%sometimes%know.",SSECppCompiled,0.049292,326.24,0.463917,0
3,0.01,13706,6214943,PostHistory,"%SELECT *%LIMIT 1%",SSECppCompiled,0.046118,316.52,1.36459,3
3,0.01,13706,6214943,PostHistory,"WITH RECURSIVE%SQL",SSECppCompiled,0.027452,293.704,0.438958,0
3,0.01,13706,6214943,PostHistory,"%define%then%double%",SSECppCompiled,0.093685,345.53,3.62869,2
3,0.01,9104,6453362,Posts,"<p>I have tried%",SSECppCompiled,0.017065,280.475,0.266635,6
3,0.01,9104,6453362,Posts,"%cannot%fathom%C++%",SSECppCompiled,0.068511,340.234,4.19458,0
3,0.01,9104,6453362,Posts,"%why%happening%",SSECppCompiled,0.059537,331.63,2.22499,24
3,0.01,9104,6453362,Posts,"%what%is%there",SSECppCompiled,0.062997,337.501,0.441743,0
3,0.01,9104,6453362,Posts,"<p>We%try%",SSECppCompiled,0.053622,304.49,0.30446,19
3,0.05,338143,31244354,Comments,"Why do%you%?",SSECppCompiled,0.030311,320.179,4.59202,332
3,0.05,338143,31244354,Comments,"%do we%actually%",SSECppCompiled,0.073361,345.001,16.0998,3
3,0.05,338143,31244354,Comments,"%why%C++%",SSECppCompiled,0.032936,319.207,19.0669,47
3,0.05,338143,31244354,Comments,"%how is%this%",SSECppCompiled,0.070962,325.606,27.8519,55
3,0.05,338143,31244354,Comments,"%cannot%.",SSECppCompiled,0.046538,334.232,14.0585,2204
3,0.05,69346,31203934,PostHistory,"%php%is%shit%",SSECppCompiled,0.065377,335.208,12.1337,0
3,0.05,69346,31203934,PostHistory,"I love%C++%but%",SSECppCompiled,0.032907,311.928,1.71667,0
3,0.05,69346,31203934,PostHistory,"%sometimes%know.",SSECppCompiled,0.051833,323.004,2.24452,0
3,0.05,69346,31203934,PostHistory,"%SELECT *%LIMIT 1%",SSECppCompiled,0.041039,314.218,6.64492,13
3,0.05,69346,31203934,PostHistory,"WITH RECURSIVE%SQL",SSECppCompiled,0.026609,300.222,2.12095,0
3,0.05,69346,31203934,PostHistory,"%define%then%double%",SSECppCompiled,0.094492,341.304,19.0693,5
3,0.05,46252,32527140,Posts,"<p>I have tried%",SSECppCompiled,0.01797,280.763,1.27997,24
3,0.05,46252,32527140,Posts,"%cannot%fathom%C++%",SSECppCompiled,0.06766,345.788,18.5612,0
3,0.05,46252,32527140,Posts,"%why%happening%",SSECppCompiled,0.060097,371.875,9.64199,104
3,0.05,46252,32527140,Posts,"%what%is%there",SSECppCompiled,0.053086,338.496,2.17013,0
3,0.05,46252,32527140,Posts,"<p>We%try%",SSECppCompiled,0.063818,310.505,1.54075,62
3,0.1,676808,61789917,Comments,"Why do%you%?",SSECppCompiled,0.033248,320.275,9.04902,680
3,0.1,676808,61789917,Comments,"%do we%actually%",SSECppCompiled,0.089959,347.183,51.4471,4
3,0.1,676808,61789917,Comments,"%why%C++%",SSECppCompiled,0.038292,315.74,26.2893,88
3,0.1,676808,61789917,Comments,"%how is%this%",SSECppCompiled,0.066145,327.478,60.2216,111
3,0.1,676808,61789917,Comments,"%cannot%.",SSECppCompiled,0.04961,329.081,27.7971,4459
3,0.1,140045,64671224,PostHistory,"%php%is%shit%",SSECppCompiled,0.071561,326.537,21.2072,1
3,0.1,140045,64671224,PostHistory,"I love%C++%but%",SSECppCompiled,0.032894,301.69,4.22342,0
3,0.1,140045,64671224,PostHistory,"%sometimes%know.",SSECppCompiled,0.052279,329.599,4.40564,0
3,0.1,140045,64671224,PostHistory,"%SELECT *%LIMIT 1%",SSECppCompiled,0.056107,316.097,13.408,29
3,0.1,140045,64671224,PostHistory,"WITH RECURSIVE%SQL",SSECppCompiled,0.025993,294.998,4.25461,0
3,0.1,140045,64671224,PostHistory,"%define%then%double%",SSECppCompiled,0.078725,335.289,22.4527,14
3,0.1,92437,65244570,Posts,"<p>I have tried%",SSECppCompiled,0.017984,280.453,2.45689,48
3,0.1,92437,65244570,Posts,"%cannot%fathom%C++%",SSECppCompiled,0.050939,334.862,10.0056,0
3,0.1,92437,65244570,Posts,"%why%happening%",SSECppCompiled,0.054769,339.052,21.1232,183
3,0.1,92437,65244570,Posts,"%what%is%there",SSECppCompiled,0.056008,344.378,4.27813,0
3,0.1,92437,65244570,Posts,"<p>We%try%",SSECppCompiled,0.050307,302.99,3.18541,129
3,0.5,3381970,305571138,Comments,"Why do%you%?",SSECppCompiled,0.030603,320.692,44.2367,3633
3,0.5,3381970,305571138,Comments,"%do we%actually%",SSECppCompiled,0.07703,334.088,168.621,16
3,0.5,3381970,305571138,Comments,"%why%C++%",SSECppCompiled,0.030818,319.815,197.055,516
3,0.5,3381970,305571138,Comments,"%how is%this%",SSECppCompiled,0.076711,326.114,235.073,581
3,0.5,3381970,305571138,Comments,"%cannot%.",SSECppCompiled,0.025392,304.914,104.926,22793
3,0.5,700773,325065834,PostHistory,"%php%is%shit%",SSECppCompiled,0.064886,328.965,150.42,8
3,0.5,700773,325065834,PostHistory,"I love%C++%but%",SSECppCompiled,0.033588,307.237,16.7734,1
3,0.5,700773,325065834,PostHistory,"%sometimes%know.",SSECppCompiled,0.061288,333.335,22.0904,1
3,0.5,700773,325065834,PostHistory,"%SELECT *%LIMIT 1%",SSECppCompiled,0.046608,317.139,64.7573,157
3,0.5,700773,325065834,PostHistory,"WITH RECURSIVE%SQL",SSECppCompiled,0.032931,299.361,21.1316,0
3,0.5,700773,325065834,PostHistory,"%define%then%double%",SSECppCompiled,0.078755,350.527,129.925,81
3,0.5,464093,326942687,Posts,"<p>I have tried%",SSECppCompiled,0.017891,293.977,12.1524,261
3,0.5,464093,326942687,Posts,"%cannot%fathom%C++%",SSECppCompiled,0.067737,352.664,72.7084,0
3,0.5,464093,326942687,Posts,"%why%happening%",SSECppCompiled,0.054867,341.969,106.436,968
3,0.5,464093,326942687,Posts,"%what%is%there",SSECppCompiled,0.064331,344.372,21.6673,0
3,0.5,464093,326942687,Posts,"<p>We%try%",SSECppCompiled,0.039762,311.392,14.8127,676
3,1,6763320,618860378,Comments,"Why do%you%?",SSECppCompiled,0.033357,319.796,90.16,7364
3,1,6763320,618860378,Comments,"%do we%actually%",SSECppCompiled,0.072766,334.324,269.67,35
3,1,6763320,618860378,Comments,"%why%C++%",SSECppCompiled,0.03097,307.972,298.549,1060
3,1,6763320,618860378,Comments,"%how is%this%",SSECppCompiled,0.072008,324.95,644.031,1198
3,1,6763320,618860378,Comments,"%cannot%.",SSECppCompiled,0.039131,319.22,253.654,45360
3,1,1402633,655946812,PostHistory,"%php%is%shit%",SSECppCompiled,0.064194,345.821,278.005,13
3,1,1402633,655946812,PostHistory,"I love%C++%but%",SSECppCompiled,0.0306,302.863,33.224,1
3,1,1402633,655946812,PostHistory,"%sometimes%know.",SSECppCompiled,0.052344,326.012,43.8402,3
3,1,1402633,655946812,PostHistory,"%SELECT *%LIMIT 1%",SSECppCompiled,0.041057,327.481,138.476,309
3,1,1402633,655946812,PostHistory,"WITH RECURSIVE%SQL",SSECppCompiled,0.025591,303.532,43.1055,0
3,1,1402633,655946812,PostHistory,"%define%then%double%",SSECppCompiled,0.072529,337.065,323.005,176
3,1,927644,659166886,Posts,"<p>I have tried%",SSECppCompiled,0.016181,289.974,24.4344,516
3,1,927644,659166886,Posts,"%cannot%fathom%C++%",SSECppCompiled,0.06639,353.995,256.307,0
3,1,927644,659166886,Posts,"%why%happening%",SSECppCompiled,0.054266,342.373,183.712,1899
3,1,927644,659166886,Posts,"%what%is%there",SSECppCompiled,0.064541,339.898,43.0828,0
3,1,927644,659166886,Posts,"<p>We%try%",SSECppCompiled,0.037872,309.447,28.2392,1414
3,5,33828344,3082980466,Comments,"Why do%you%?",SSECppCompiled,0.035622,312.416,439.935,37146
3,5,33828344,3082980466,Comments,"%do we%actually%",SSECppCompiled,0.056981,324.882,1218.51,192
3,5,33828344,3082980466,Comments,"%why%C++%",SSECppCompiled,0.032399,307.854,1976.52,5007
3,5,33828344,3082980466,Comments,"%how is%this%",SSECppCompiled,0.066427,328.143,2776.33,5896
3,5,33828344,3082980466,Comments,"%cannot%.",SSECppCompiled,0.045127,318.503,1290.81,228112
3,5,7011291,3260900860,PostHistory,"%php%is%shit%",SSECppCompiled,0.058604,318.202,1012.74,58
3,5,7011291,3260900860,PostHistory,"I love%C++%but%",SSECppCompiled,0.033272,316.735,166.032,1
3,5,7011291,3260900860,PostHistory,"%sometimes%know.",SSECppCompiled,0.059422,336.533,215.361,17
3,5,7011291,3260900860,PostHistory,"%SELECT *%LIMIT 1%",SSECppCompiled,0.040094,323.077,655.62,1489
3,5,7011291,3260900860,PostHistory,"WITH RECURSIVE%SQL",SSECppCompiled,0.025597,305.845,210.658,0
3,5,7011291,3260900860,PostHistory,"%define%then%double%",SSECppCompiled,0.07484,354.83,1476.2,794
3,5,4636953,3187168332,Posts,"<p>I have tried%",SSECppCompiled,0.01774,286.959,119.461,2821
3,5,4636953,3187168332,Posts,"%cannot%fathom%C++%",SSECppCompiled,0.069198,355.748,1243.92,0
3,5,4636953,3187168332,Posts,"%why%happening%",SSECppCompiled,0.051275,339.028,916.867,9667
3,5,4636953,3187168332,Posts,"%what%is%there",SSECppCompiled,0.055652,354.351,212.55,0
3,5,4636953,3187168332,Posts,"<p>We%try%",SSECppCompiled,0.039097,308.945,143.04,7238
3,10,67660687,6184930096,Comments,"Why do%you%?",SSECppCompiled,0.035514,322.068,859.348,74121
3,10,67660687,6184930096,Comments,"%do we%actually%",SSECppCompiled,0.076429,335.445,3195.91,420
3,10,67660687,6184930096,Comments,"%why%C++%",SSECppCompiled,0.036876,338.88,3298.26,10167
3,10,67660687,6184930096,Comments,"%how is%this%",SSECppCompiled,0.06386,330.785,7614.43,11812
3,10,67660687,6184930096,Comments,"%cannot%.",SSECppCompiled,0.0489,337.953,2586.78,456139
3,10,14020516,6464378912,PostHistory,"%php%is%shit%",SSECppCompiled,0.059798,329.451,3185.18,116
3,10,14020516,6464378912,PostHistory,"I love%C++%but%",SSECppCompiled,0.032544,305.067,327.527,1
3,10,14020516,6464378912,PostHistory,"%sometimes%know.",SSECppCompiled,0.059241,325.312,428.073,34
3,10,14020516,6464378912,PostHistory,"%SELECT *%LIMIT 1%",SSECppCompiled,0.051243,333.062,1346.8,2990
3,10,14020516,6464378912,PostHistory,"WITH RECURSIVE%SQL",SSECppCompiled,0.026949,313.125,420.084,0
3,10,14020516,6464378912,PostHistory,"%define%then%double%",SSECppCompiled,0.081005,357.875,2556.55,1588
3,10,9274247,6467793801,Posts,"<p>I have tried%",SSECppCompiled,0.022018,285.549,232.555,5699
3,10,9274247,6467793801,Posts,"%cannot%fathom%C++%",SSECppCompiled,0.061687,338.996,1920.7,1
3,10,9274247,6467793801,Posts,"%why%happening%",SSECppCompiled,0.054392,338.022,1870.48,19361
3,10,9274247,6467793801,Posts,"%what%is%there",SSECppCompiled,0.052415,327.096,306.29,0
3,10,9274247,6467793801,Posts,"<p>We%try%",SSECppCompiled,0.044194,296.939,275.521,14408
3,50,70103102,32842104583,PostHistory,"%php%is%shit%",SSECppCompiled,0.065222,325.529,15101.5,598
3,50,70103102,32842104583,PostHistory,"I love%C++%but%",SSECppCompiled,0.04167,309.292,1631.15,15
3,50,70103102,32842104583,PostHistory,"%sometimes%know.",SSECppCompiled,0.056556,324.29,2152.66,175
3,50,70103102,32842104583,PostHistory,"%SELECT *%LIMIT 1%",SSECppCompiled,0.039843,322.173,6571.95,14908
3,50,70103102,32842104583,PostHistory,"WITH RECURSIVE%SQL",SSECppCompiled,0.031399,304.075,2093.49,1
3,50,70103102,32842104583,PostHistory,"%define%then%double%",SSECppCompiled,0.085479,354.938,15069.5,7993
3,50,46375197,33166382695,Posts,"<p>I have tried%",SSECppCompiled,0.017465,292.006,1162.54,28497
3,50,46375197,33166382695,Posts,"%cannot%fathom%C++%",SSECppCompiled,0.062289,333.6,15534.3,5
3,50,46375197,33166382695,Posts,"%why%happening%",SSECppCompiled,0.057548,327.522,9413.05,97325
3,50,46375197,33166382695,Posts,"%what%is%there",SSECppCompiled,0.052735,328.679,2124.94,0
3,50,46375197,33166382695,Posts,"<p>We%try%",SSECppCompiled,0.044421,308.879,1504.33,71674
3,0.01,67548,6158512,Comments,"Why do%you%?",SSEDecoded,0.00177,0,8.8753,79
3,0.01,67548,6158512,Comments,"%do we%actually%",SSEDecoded,0.001124,0,10.0748,0
3,0.01,67548,6158512,Comments,"%why%C++%",SSEDecoded,0.001144,0,9.91159,12
3,0.01,67548,6158512,Comments,"%how is%this%",SSEDecoded,0.00099,0,9.87223,10
3,0.01,67548,6158512,Comments,"%cannot%.",SSEDecoded,0.000898,0,9.63451,461
3,0.01,13706,6214943,PostHistory,"%php%is%shit%",SSEDecoded,0.001424,0,6.90199,0
3,0.01,13706,6214943,PostHistory,"I love%C++%but%",SSEDecoded,0.00098,0,6.03593,0
3,0.01,13706,6214943,PostHistory,"%sometimes%know.",SSEDecoded,0.000821,0,5.90265,0
3,0.01,13706,6214943,PostHistory,"%SELECT *%LIMIT 1%",SSEDecoded,0.000894,0,6.63803,3
3,0.01,13706,6214943,PostHistory,"WITH RECURSIVE%SQL",SSEDecoded,0.000684,0,6.15077,0
3,0.01,13706,6214943,PostHistory,"%define%then%double%",SSEDecoded,0.00128,0,6.97432,2
3,0.01,9104,6453362,Posts,"<p>I have tried%",SSEDecoded,0.000765,0,6.15909,6
3,0.01,9104,6453362,Posts,"%cannot%fathom%C++%",SSEDecoded,0.001149,0,7.06575,0
3,0.01,9104,6453362,Posts,"%why%happening%",SSEDecoded,0.000907,0,6.77037,24
3,0.01,9104,6453362,Posts,"%what%is%there",SSEDecoded,0.000839,0,6.07819,0
3,0.01,9104,6453362,Posts,"<p>We%try%",SSEDecoded,0.000731,0,6.08254,19
3,0.05,338143,31244354,Comments,"Why do%you%?",SSEDecoded,0.001047,0,41.9723,332
3,0.05,338143,31244354,Comments,"%do we%actually%",SSEDecoded,0.000972,0,48.6421,3
3,0.05,338143,31244354,Comments,"%why%C++%",SSEDecoded,0.000895,0,47.9827,47
3,0.05,338143,31244354,Comments,"%how is%this%",SSEDecoded,0.000786,0,48.6636,55
3,0.05,338143,31244354,Comments,"%cannot%.",SSEDecoded,0.000736,0,47.9754,2205
3,0.05,69346,31203934,PostHistory,"%php%is%shit%",SSEDecoded,0.001217,0,32.7079,0
3,0.05,69346,31203934,PostHistory,"I love%C++%but%",SSEDecoded,0.000895,0,29.9039,0
3,0.05,69346,31203934,PostHistory,"%sometimes%know.",SSEDecoded,0.000898,0,28.7026,0
3,0.05,69346,31203934,PostHistory,"%SELECT *%LIMIT 1%",SSEDecoded,0.00088,0,31.3539,13
3,0.05,69346,31203934,PostHistory,"WITH RECURSIVE%SQL",SSEDecoded,0.000611,0,29.6367,0
3,0.05,69346,31203934,PostHistory,"%define%then%double%",SSEDecoded,0.001272,0,33.1378,5
3,0.05,46252,32527140,Posts,"<p>I have tried%",SSEDecoded,0.000792,0,29.3302,24
3,0.05,46252,32527140,Posts,"%cannot%fathom%C++%",SSEDecoded,0.001191,0,34.6245,0
3,0.05,46252,32527140,Posts,"%why%happening%",SSEDecoded,0.000955,0,33.7828,104
3,0.05,46252,32527140,Posts,"%what%is%there",SSEDecoded,0.000904,0,30.1299,0
3,0.05,46252,32527140,Posts,"<p>We%try%",SSEDecoded,0.000791,0,30.0241,62
3,0.1,676808,61789917,Comments,"Why do%you%?",SSEDecoded,0.000882,0,84.6933,680
3,0.1,676808,61789917,Comments,"%do we%actually%",SSEDecoded,0.001156,0,91.4798,4
3,0.1,676808,61789917,Comments,"%why%C++%",SSEDecoded,0.000999,0,90.7972,88
3,0.1,676808,61789917,Comments,"%how is%this%",SSEDecoded,0.000881,0,92.0361,111
3,0.1,676808,61789917,Comments,"%cannot%.",SSEDecoded,0.000886,0,89.5262,4462
3,0.1,140045,64671224,PostHistory,"%php%is%shit%",SSEDecoded,0.001687,0,65.0393,1
3,0.1,140045,64671224,PostHistory,"I love%C++%but%",SSEDecoded,0.000985,0,56.2052,0
3,0.1,140045,64671224,PostHistory,"%sometimes%know.",SSEDecoded,0.000925,0,58.2934,0
3,0.1,140045,64671224,PostHistory,"%SELECT *%LIMIT 1%",SSEDecoded,0.000992,0,63.4992,29
3,0.1,140045,64671224,PostHistory,"WITH RECURSIVE%SQL",SSEDecoded,0.000787,0,59.2207,0
3,0.1,140045,64671224,PostHistory,"%define%then%double%",SSEDecoded,0.001531,0,66.3386,14
3,0.1,92437,65244570,Posts,"<p>I have tried%",SSEDecoded,0.000867,0,56.4157,48
3,0.1,92437,65244570,Posts,"%cannot%fathom%C++%",SSEDecoded,0.001334,0,66.9573,0
3,0.1,92437,65244570,Posts,"%why%happening%",SSEDecoded,0.001182,0,66.1189,183
3,0.1,92437,65244570,Posts,"%what%is%there",SSEDecoded,0.00091,0,59.1999,0
3,0.1,92437,65244570,Posts,"<p>We%try%",SSEDecoded,0.001016,0,58.9537,129
3,0.5,3381970,305571138,Comments,"Why do%you%?",SSEDecoded,0.001,0,397.215,3633
3,0.5,3381970,305571138,Comments,"%do we%actually%",SSEDecoded,0.001244,0,457.074,16
3,0.5,3381970,305571138,Comments,"%why%C++%",SSEDecoded,0.001051,0,456.2,516
3,0.5,3381970,305571138,Comments,"%how is%this%",SSEDecoded,0.001426,0,476.19,582
3,0.5,3381970,305571138,Comments,"%cannot%.",SSEDecoded,0.001127,0,482,22806
3,0.5,700773,325065834,PostHistory,"%php%is%shit%",SSEDecoded,0.00217,0,356.591,8
3,0.5,700773,325065834,PostHistory,"I love%C++%but%",SSEDecoded,0.001256,0,313.836,1
3,0.5,700773,325065834,PostHistory,"%sometimes%know.",SSEDecoded,0.000953,0,315.243,1
3,0.5,700773,325065834,PostHistory,"%SELECT *%LIMIT 1%",SSEDecoded,0.001387,0,346.451,157
3,0.5,700773,325065834,PostHistory,"WITH RECURSIVE%SQL",SSEDecoded,0.000792,0,316.421,0
3,0.5,700773,325065834,PostHistory,"%define%then%double%",SSEDecoded,0.001717,0,361.601,81
3,0.5,464093,326942687,Posts,"<p>I have tried%",SSEDecoded,0.001069,0,310.619,261
3,0.5,464093,326942687,Posts,"%cannot%fathom%C++%",SSEDecoded,0.00165,0,344.004,0
3,0.5,464093,326942687,Posts,"%why%happening%",SSEDecoded,0.001195,0,326.599,974
3,0.5,464093,326942687,Posts,"%what%is%there",SSEDecoded,0.001235,0,289.95,0
3,0.5,464093,326942687,Posts,"<p>We%try%",SSEDecoded,0.001231,0,291.302,676
3,1,6763320,618860378,Comments,"Why do%you%?",SSEDecoded,0.001161,0,808.697,7364
3,1,6763320,618860378,Comments,"%do we%actually%",SSEDecoded,0.001427,0,920.965,35
3,1,6763320,618860378,Comments,"%why%C++%",SSEDecoded,0.00181,0,915.72,1060
3,1,6763320,618860378,Comments,"%how is%this%",SSEDecoded,0.001292,0,974.962,1198
3,1,6763320,618860378,Comments,"%cannot%.",SSEDecoded,0.001607,0,956.534,45380
3,1,1402633,655946812,PostHistory,"%php%is%shit%",SSEDecoded,0.002278,0,705.369,13
3,1,1402633,655946812,PostHistory,"I love%C++%but%",SSEDecoded,0.001808,0,596.933,1
3,1,1402633,655946812,PostHistory,"%sometimes%know.",SSEDecoded,0.001095,0,589.14,3
3,1,1402633,655946812,PostHistory,"%SELECT *%LIMIT 1%",SSEDecoded,0.00123,0,657.584,309
3,1,1402633,655946812,PostHistory,"WITH RECURSIVE%SQL",SSEDecoded,0.000902,0,591.834,0
3,1,1402633,655946812,PostHistory,"%define%then%double%",SSEDecoded,0.001669,0,676.571,176
3,1,927644,659166886,Posts,"<p>I have tried%",SSEDecoded,0.000909,0,610.531,516
3,1,927644,659166886,Posts,"%cannot%fathom%C++%",SSEDecoded,0.001452,0,700.264,0
3,1,927644,659166886,Posts,"%why%happening%",SSEDecoded,0.001359,0,688.013,1910
3,1,927644,659166886,Posts,"%what%is%there",SSEDecoded,0.00141,0,616.133,0
3,1,927644,659166886,Posts,"<p>We%try%",SSEDecoded,0.001828,0,584.995,1415
3,5,33828344,3082980466,Comments,"Why do%you%?",SSEDecoded,0.001945,0,4074.8,37146
3,5,33828344,3082980466,Comments,"%do we%actually%",SSEDecoded,0.001736,0,4690.92,193
3,5,33828344,3082980466,Comments,"%why%C++%",SSEDecoded,0.001475,0,4689.47,5007
3,5,33828344,3082980466,Comments,"%how is%this%",SSEDecoded,0.001593,0,4780.98,5898
3,5,33828344,3082980466,Comments,"%cannot%.",SSEDecoded,0.001348,0,4634.58,228138
3,5,7011291,3260900860,PostHistory,"%php%is%shit%",SSEDecoded,0.001633,0,3409.74,58
3,5,7011291,3260900860,PostHistory,"I love%C++%but%",SSEDecoded,0.001608,0,2975.29,1
3,5,7011291,3260900860,PostHistory,"%sometimes%know.",SSEDecoded,0.002315,0,2967.6,17
3,5,7011291,3260900860,PostHistory,"%SELECT *%LIMIT 1%",SSEDecoded,0.001692,0,3309.63,1489
3,5,7011291,3260900860,PostHistory,"WITH RECURSIVE%SQL",SSEDecoded,0.001137,0,2992.02,0
3,5,7011291,3260900860,PostHistory,"%define%then%double%",SSEDecoded,0.002089,0,3383,796
3,5,4636953,3187168332,Posts,"<p>I have tried%",SSEDecoded,0.001144,0,2964.25,2821
3,5,4636953,3187168332,Posts,"%cannot%fathom%C++%",SSEDecoded,0.002103,0,3262.99,0
3,5,4636953,3187168332,Posts,"%why%happening%",SSEDecoded,0.001823,0,3348.17,9735
3,5,4636953,3187168332,Posts,"%what%is%there",SSEDecoded,0.001538,0,2860.9,0
3,5,4636953,3187168332,Posts,"<p>We%try%",SSEDecoded,0.001934,0,3006.92,7244
3,10,67660687,6184930096,Comments,"Why do%you%?",SSEDecoded,0.001395,0,8188.51,74121
3,10,67660687,6184930096,Comments,"%do we%actually%",SSEDecoded,0.002409,0,9636.68,421
3,10,67660687,6184930096,Comments,"%why%C++%",SSEDecoded,0.001767,0,9523.12,10167
3,10,67660687,6184930096,Comments,"%how is%this%",SSEDecoded,0.001464,0,9701.15,11818
3,10,67660687,6184930096,Comments,"%cannot%.",SSEDecoded,0.00165,0,9352.94,456260
3,10,14020516,6464378912,PostHistory,"%php%is%shit%",SSEDecoded,0.002127,0,6691.23,116
3,10,14020516,6464378912,PostHistory,"I love%C++%but%",SSEDecoded,0.001674,0,5895.75,1
3,10,14020516,6464378912,PostHistory,"%sometimes%know.",SSEDecoded,0.001617,0,5875.96,34
3,10,14020516,6464378912,PostHistory,"%SELECT *%LIMIT 1%",SSEDecoded,0.001551,0,6566.57,2990
3,10,14020516,6464378912,PostHistory,"WITH RECURSIVE%SQL",SSEDecoded,0.001438,0,5944.11,0
3,10,14020516,6464378912,PostHistory,"%define%then%double%",SSEDecoded,0.002081,0,6726.73,1594
3,10,9274247,6467793801,Posts,"<p>I have tried%",SSEDecoded,0.00171,0,6002.44,5699
3,10,9274247,6467793801,Posts,"%cannot%fathom%C++%",SSEDecoded,0.00183,0,6855.32,1
3,10,9274247,6467793801,Posts,"%why%happening%",SSEDecoded,0.001819,0,6698.61,19419
3,10,9274247,6467793801,Posts,"%what%is%there",SSEDecoded,0.00238,0,6008.19,0
3,10,9274247,6467793801,Posts,"<p>We%try%",SSEDecoded,0.001391,0,6040.92,14417
3,50,70103102,32842104583,PostHistory,"%php%is%shit%",SSEDecoded,0.002563,0,33533.6,599
3,50,70103102,32842104583,PostHistory,"I love%C++%but%",SSEDecoded,0.00158,0,29625.6,15
3,50,70103102,32842104583,PostHistory,"%sometimes%know.",SSEDecoded,0.001931,0,29614.9,175
3,50,70103102,32842104583,PostHistory,"%SELECT *%LIMIT 1%",SSEDecoded,0.001994,0,32832.1,14908
3,50,70103102,32842104583,PostHistory,"WITH RECURSIVE%SQL",SSEDecoded,0.00139,0,29673.4,1
3,50,70103102,32842104583,PostHistory,"%define%then%double%",SSEDecoded,0.001872,0,33757.3,8042
3,50,46375197,33166382695,Posts,"<p>I have tried%",SSEDecoded,0.00111,0,29205.8,28497
3,50,46375197,33166382695,Posts,"%cannot%fathom%C++%",SSEDecoded,0.002101,0,33502.8,5
3,50,46375197,33166382695,Posts,"%why%happening%",SSEDecoded,0.001575,0,33069.5,97637
3,50,46375197,33166382695,Posts,"%what%is%there",SSEDecoded,0.001741,0,29442.6,0
3,50,46375197,33166382695,Posts,"<p>We%try%",SSEDecoded,0.001386,0,29573.5,71674
3,0.01,67548,6158512,Comments,"Why do%you%?",VectorScan,1.07156,0,11.6038,79
3,0.01,67548,6158512,Comments,"%do we%actually%",VectorScan,0.502453,0,14.2302,0
3,0.01,67548,6158512,Comments,"%why%C++%",VectorScan,0.547084,0,14.7272,12
3,0.01,67548,6158512,Comments,"%how is%this%",VectorScan,0.342026,0,14.6576,10
3,0.01,67548,6158512,Comments,"%cannot%.",VectorScan,0.474019,0,13.2456,461
3,0.01,13706,6214943,PostHistory,"%php%is%shit%",VectorScan,0.630435,0,8.3061,0
3,0.01,13706,6214943,PostHistory,"I love%C++%but%",VectorScan,0.579041,0,6.70429,0
3,0.01,13706,6214943,PostHistory,"%sometimes%know.",VectorScan,0.519971,0,8.07941,0
3,0.01,13706,6214943,PostHistory,"%SELECT *%LIMIT 1%",VectorScan,0.39458,0,7.91924,3
3,0.01,13706,6214943,PostHistory,"WITH RECURSIVE%SQL",VectorScan,0.560556,0,6.67097,0
3,0.01,13706,6214943,PostHistory,"%define%then%double%",VectorScan,0.545908,0,8.4071,2
3,0.01,9104,6453362,Posts,"<p>I have tried%",VectorScan,0.256322,0,6.27011,6
3,0.01,9104,6453362,Posts,"%cannot%fathom%C++%",VectorScan,0.539235,0,7.42233,0
3,0.01,9104,6453362,Posts,"%why%happening%",VectorScan,0.433219,0,7.87895,24
3,0.01,9104,6453362,Posts,"%what%is%there",VectorScan,0.726374,0,8.3888,0
3,0.01,9104,6453362,Posts,"<p>We%try%",VectorScan,0.334364,0,6.85772,19
3,0.05,338143,31244354,Comments,"Why do%you%?",VectorScan,0.67193,0,57.9382,332
3,0.05,338143,31244354,Comments,"%do we%actually%",VectorScan,0.470181,0,71.6245,3
3,0.05,338143,31244354,Comments,"%why%C++%",VectorScan,0.522603,0,71.8181,47
3,0.05,338143,31244354,Comments,"%how is%this%",VectorScan,0.361112,0,71.7854,55
3,0.05,338143,31244354,Comments,"%cannot%.",VectorScan,0.488234,0,64.7676,2205
3,0.05,69346,31203934,PostHistory,"%php%is%shit%",VectorScan,0.611867,0,38.9336,0
3,0.05,69346,31203934,PostHistory,"I love%C++%but%",VectorScan,0.570729,0,32.1985,0
3,0.05,69346,31203934,PostHistory,"%sometimes%know.",VectorScan,0.485295,0,38.8557,0
3,0.05,69346,31203934,PostHistory,"%SELECT *%LIMIT 1%",VectorScan,0.413278,0,37.5873,13
3,0.05,69346,31203934,PostHistory,"WITH RECURSIVE%SQL",VectorScan,0.555334,0,33.0381,0
3,0.05,69346,31203934,PostHistory,"%define%then%double%",VectorScan,0.567749,0,41.9533,5
3,0.05,46252,32527140,Posts,"<p>I have tried%",VectorScan,0.243223,0,32.0571,24
3,0.05,46252,32527140,Posts,"%cannot%fathom%C++%",VectorScan,0.531369,0,39.5219,0
3,0.05,46252,32527140,Posts,"%why%happening%",VectorScan,0.460678,0,39.7832,104
3,0.05,46252,32527140,Posts,"%what%is%there",VectorScan,0.748453,0,42.8666,0
3,0.05,46252,32527140,Posts,"<p>We%try%",VectorScan,0.388973,0,32.4114,62
3,0.1,676808,61789917,Comments,"Why do%you%?",VectorScan,0.572012,0,114.498,680
3,0.1,676808,61789917,Comments,"%do we%actually%",VectorScan,0.435744,0,137.81,4
3,0.1,676808,61789917,Comments,"%why%C++%",VectorScan,0.526011,0,139.91,88
3,0.1,676808,61789917,Comments,"%how is%this%",VectorScan,0.354686,0,138.877,111
3,0.1,676808,61789917,Comments,"%cannot%.",VectorScan,0.449968,0,128.908,4462
3,0.1,140045,64671224,PostHistory,"%php%is%shit%",VectorScan,0.620092,0,75.7076,1
3,0.1,140045,64671224,PostHistory,"I love%C++%but%",VectorScan,0.531208,0,62.096,0
3,0.1,140045,64671224,PostHistory,"%sometimes%know.",VectorScan,0.466727,0,78.7185,0
3,0.1,140045,64671224,PostHistory,"%SELECT *%LIMIT 1%",VectorScan,0.390545,0,74.5205,29
3,0.1,140045,64671224,PostHistory,"WITH RECURSIVE%SQL",VectorScan,0.604762,0,62.904,0
3,0.1,140045,64671224,PostHistory,"%define%then%double%",VectorScan,0.520485,0,82.0784,14
3,0.1,92437,65244570,Posts,"<p>I have tried%",VectorScan,0.259786,0,61.0219,48
3,0.1,92437,65244570,Posts,"%cannot%fathom%C++%",VectorScan,0.543176,0,73.1147,0
3,0.1,92437,65244570,Posts,"%why%happening%",VectorScan,0.454525,0,75.5703,183
3,0.1,92437,65244570,Posts,"%what%is%there",VectorScan,0.713294,0,79.4095,0
3,0.1,92437,65244570,Posts,"<p>We%try%",VectorScan,0.385449,0,59.8982,129
3,0.5,3381970,305571138,Comments,"Why do%you%?",VectorScan,0.629578,0,543.367,3633
3,0.5,3381970,305571138,Comments,"%do we%actually%",VectorScan,0.477345,0,662.886,16
3,0.5,3381970,305571138,Comments,"%why%C++%",VectorScan,0.556607,0,670.395,516
3,0.5,3381970,305571138,Comments,"%how is%this%",VectorScan,0.381551,0,708.134,582
3,0.5,3381970,305571138,Comments,"%cannot%.",VectorScan,0.518794,0,639.269,22806
3,0.5,700773,325065834,PostHistory,"%php%is%shit%",VectorScan,0.681304,0,419.172,8
3,0.5,700773,325065834,PostHistory,"I love%C++%but%",VectorScan,0.684572,0,343.342,1
3,0.5,700773,325065834,PostHistory,"%sometimes%know.",VectorScan,0.554678,0,412.168,1
3,0.5,700773,325065834,PostHistory,"%SELECT *%LIMIT 1%",VectorScan,0.45672,0,403.103,157
3,0.5,700773,325065834,PostHistory,"WITH RECURSIVE%SQL",VectorScan,0.659267,0,353.27,0
3,0.5,700773,325065834,PostHistory,"%define%then%double%",VectorScan,0.681088,0,429.937,81
3,0.5,464093,326942687,Posts,"<p>I have tried%",VectorScan,0.334944,0,309.442,261
3,0.5,464093,326942687,Posts,"%cannot%fathom%C++%",VectorScan,0.547492,0,380.318,0
3,0.5,464093,326942687,Posts,"%why%happening%",VectorScan,0.467183,0,379.871,974
3,0.5,464093,326942687,Posts,"%what%is%there",VectorScan,0.775694,0,393.355,0
3,0.5,464093,326942687,Posts,"<p>We%try%",VectorScan,0.396034,0,309.098,676
3,1,6763320,618860378,Comments,"Why do%you%?",VectorScan,0.68542,0,1092.82,7364
3,1,6763320,618860378,Comments,"%do we%actually%",VectorScan,0.486226,0,1363.2,35
3,1,6763320,618860378,Comments,"%why%C++%",VectorScan,0.621559,0,1431.99,1060
3,1,6763320,618860378,Comments,"%how is%this%",VectorScan,0.444862,0,1385.11,1198
3,1,6763320,618860378,Comments,"%cannot%.",VectorScan,0.53671,0,1232.56,45380
3,1,1402633,655946812,PostHistory,"%php%is%shit%",VectorScan,0.707739,0,815.608,13
3,1,1402633,655946812,PostHistory,"I love%C++%but%",VectorScan,0.614594,0,694.357,1
3,1,1402633,655946812,PostHistory,"%sometimes%know.",VectorScan,0.60978,0,814.501,3
3,1,1402633,655946812,PostHistory,"%SELECT *%LIMIT 1%",VectorScan,0.516779,0,795.672,309
3,1,1402633,655946812,PostHistory,"WITH RECURSIVE%SQL",VectorScan,0.636352,0,635.151,0
3,1,1402633,655946812,PostHistory,"%define%then%double%",VectorScan,0.631371,0,818.465,176
3,1,927644,659166886,Posts,"<p>I have tried%",VectorScan,0.311529,0,615.404,516
3,1,927644,659166886,Posts,"%cannot%fathom%C++%",VectorScan,0.596586,0,767.063,0
3,1,927644,659166886,Posts,"%why%happening%",VectorScan,0.486003,0,793.321,1910
3,1,927644,659166886,Posts,"%what%is%there",VectorScan,0.853524,0,831.449,0
3,1,927644,659166886,Posts,"<p>We%try%",VectorScan,0.424063,0,619.425,1415
3,5,33828344,3082980466,Comments,"Why do%you%?",VectorScan,0.716654,0,5576.72,37146
3,5,33828344,3082980466,Comments,"%do we%actually%",VectorScan,0.57998,0,6950.06,193
3,5,33828344,3082980466,Comments,"%why%C++%",VectorScan,0.637341,0,6926.49,5007
3,5,33828344,3082980466,Comments,"%how is%this%",VectorScan,0.458561,0,6907.92,5898
3,5,33828344,3082980466,Comments,"%cannot%.",VectorScan,0.563436,0,6295.24,228138
3,5,7011291,3260900860,PostHistory,"%php%is%shit%",VectorScan,0.71336,0,3975.1,58
3,5,7011291,3260900860,PostHistory,"I love%C++%but%",VectorScan,0.644598,0,3262.64,1
3,5,7011291,3260900860,PostHistory,"%sometimes%know.",VectorScan,0.601023,0,4050.5,17
3,5,7011291,3260900860,PostHistory,"%SELECT *%LIMIT 1%",VectorScan,0.472187,0,3873.78,1489
3,5,7011291,3260900860,PostHistory,"WITH RECURSIVE%SQL",VectorScan,0.709347,0,3329.04,0
3,5,7011291,3260900860,PostHistory,"%define%then%double%",VectorScan,0.622418,0,4255.37,796
3,5,4636953,3187168332,Posts,"<p>I have tried%",VectorScan,0.350567,0,3049.75,2821
3,5,4636953,3187168332,Posts,"%cannot%fathom%C++%",VectorScan,0.639356,0,3821.32,0
3,5,4636953,3187168332,Posts,"%why%happening%",VectorScan,0.558608,0,3828.55,9735
3,5,4636953,3187168332,Posts,"%what%is%there",VectorScan,0.868635,0,3985.45,0
3,5,4636953,3187168332,Posts,"<p>We%try%",VectorScan,0.469831,0,3086.58,7244
3,10,67660687,6184930096,Comments,"Why do%you%?",VectorScan,0.693439,0,11352,74121
3,10,67660687,6184930096,Comments,"%do we%actually%",VectorScan,0.583956,0,14351.8,421
3,10,67660687,6184930096,Comments,"%why%C++%",VectorScan,0.598001,0,14467.1,10167
3,10,67660687,6184930096,Comments,"%how is%this%",VectorScan,0.463136,0,14192.3,11818
3,10,67660687,6184930096,Comments,"%cannot%.",VectorScan,0.571404,0,12844.1,456260
3,10,14020516,6464378912,PostHistory,"%php%is%shit%",VectorScan,0.690497,0,7731.03,116
3,10,14020516,6464378912,PostHistory,"I love%C++%but%",VectorScan,0.650948,0,6360.56,1
3,10,14020516,6464378912,PostHistory,"%sometimes%know.",VectorScan,0.616601,0,7798.51,34
3,10,14020516,6464378912,PostHistory,"%SELECT *%LIMIT 1%",VectorScan,0.520656,0,7734.28,2990
3,10,14020516,6464378912,PostHistory,"WITH RECURSIVE%SQL",VectorScan,0.67076,0,6362.49,0
3,10,14020516,6464378912,PostHistory,"%define%then%double%",VectorScan,0.620517,0,8306.22,1594
3,10,9274247,6467793801,Posts,"<p>I have tried%",VectorScan,0.318641,0,6371.04,5699
3,10,9274247,6467793801,Posts,"%cannot%fathom%C++%",VectorScan,0.650264,0,7742.34,1
3,10,9274247,6467793801,Posts,"%why%happening%",VectorScan,0.556777,0,7834.87,19419
3,10,9274247,6467793801,Posts,"%what%is%there",VectorScan,0.865907,0,8133.91,0
3,10,9274247,6467793801,Posts,"<p>We%try%",VectorScan,0.44793,0,6346.66,14417
3,50,70103102,32842104583,PostHistory,"%php%is%shit%",VectorScan,0.720654,0,39286.3,599
3,50,70103102,32842104583,PostHistory,"I love%C++%but%",VectorScan,0.655144,0,32331.6,15
3,50,70103102,32842104583,PostHistory,"%sometimes%know.",VectorScan,0.626646,0,39087.8,175
3,50,70103102,32842104583,PostHistory,"%SELECT *%LIMIT 1%",VectorScan,0.480661,0,38601.4,14908
3,50,70103102,32842104583,PostHistory,"WITH RECURSIVE%SQL",VectorScan,0.69181,0,32453.8,1
3,50,70103102,32842104583,PostHistory,"%define%then%double%",VectorScan,0.693818,0,41443.2,8042
3,50,46375197,33166382695,Posts,"<p>I have tried%",VectorScan,0.326969,0,31227.2,28497
3,50,46375197,33166382695,Posts,"%cannot%fathom%C++%",VectorScan,0.592993,0,37247.6,5
3,50,46375197,33166382695,Posts,"%why%happening%",VectorScan,0.576507,0,38593.8,97637
3,50,46375197,33166382695,Posts,"%what%is%there",VectorScan,0.889842,0,40321.9,1
3,50,46375197,33166382695,Posts,"<p>We%try%",VectorScan,0.479279,0,30859.5,71674
4,0.01,67548,6158512,Comments,"Why do%you%?",InMemory,0.036968,0.000107,1.2751,79
4,0.01,67548,6158512,Comments,"%do we%actually%",InMemory,0.072554,1.7e-05,93.7616,0
4,0.01,67548,6158512,Comments,"%why%C++%",InMemory,0.027863,3.9e-05,71.6697,12
4,0.01,67548,6158512,Comments,"%how is%this%",InMemory,0.059189,4.9e-05,87.7103,10
4,0.01,67548,6158512,Comments,"%cannot%.",InMemory,0.019498,4.7e-05,38.2088,460
4,0.01,13706,6214943,PostHistory,"%php%is%shit%",InMemory,0.043445,4.2e-05,57.3152,0
4,0.01,13706,6214943,PostHistory,"I love%C++%but%",InMemory,0.029683,3.5e-05,0.419813,0
4,0.01,13706,6214943,PostHistory,"%sometimes%know.",InMemory,0.032789,2e-05,0.211214,0
4,0.01,13706,6214943,PostHistory,"%SELECT *%LIMIT 1%",InMemory,0.031144,2e-05,53.0582,3
4,0.01,13706,6214943,PostHistory,"WITH RECURSIVE%SQL",InMemory,0.017115,3.2e-05,0.178694,0
4,0.01,13706,6214943,PostHistory,"%define%then%double%",InMemory,0.074588,2.1e-05,110.878,2
4,0.01,9104,6453362,Posts,"<p>I have tried%",InMemory,0.009264,3.2e-05,0.388609,6
4,0.01,9104,6453362,Posts,"%cannot%fathom%C++%",InMemory,0.054496,2.3e-05,102.013,0
4,0.01,9104,6453362,Posts,"%why%happening%",InMemory,0.042107,3.4e-05,92.0921,24
4,0.01,9104,6453362,Posts,"%what%is%there",InMemory,0.046672,3.4e-05,0.196512,0
4,0.01,9104,6453362,Posts,"<p>We%try%",InMemory,0.026027,2.2e-05,1.03959,19
4,0.05,338143,31244354,Comments,"Why do%you%?",InMemory,0.017648,3.5e-05,6.22459,332
4,0.05,338143,31244354,Comments,"%do we%actually%",InMemory,0.057068,3.9e-05,481.471,3
4,0.05,338143,31244354,Comments,"%why%C++%",InMemory,0.029657,4.3e-05,395.92,47
4,0.05,338143,31244354,Comments,"%how is%this%",InMemory,0.068416,4.1e-05,549.573,55
4,0.05,338143,31244354,Comments,"%cannot%.",InMemory,0.034901,4.2e-05,272.687,2204
4,0.05,69346,31203934,PostHistory,"%php%is%shit%",InMemory,0.054977,4.8e-05,320.871,0
4,0.05,69346,31203934,PostHistory,"I love%C++%but%",InMemory,0.021297,4.1e-05,2.21214,0
4,0.05,69346,31203934,PostHistory,"%sometimes%know.",InMemory,0.033998,1.5e-05,2.16683,0
4,0.05,69346,31203934,PostHistory,"%SELECT *%LIMIT 1%",InMemory,0.024769,1.6e-05,321.412,13
4,0.05,69346,31203934,PostHistory,"WITH RECURSIVE%SQL",InMemory,0.01682,3.7e-05,1.04031,0
4,0.05,69346,31203934,PostHistory,"%define%then%double%",InMemory,0.069163,3.9e-05,481,5
4,0.05,46252,32527140,Posts,"<p>I have tried%",InMemory,0.012667,0.000103,1.79523,24
4,0.05,46252,32527140,Posts,"%cannot%fathom%C++%",InMemory,0.049495,3.9e-05,438.652,0
4,0.05,46252,32527140,Posts,"%why%happening%",InMemory,0.044969,4.1e-05,346.09,104
4,0.05,46252,32527140,Posts,"%what%is%there",InMemory,0.041868,4.5e-05,2.66302,0
4,0.05,46252,32527140,Posts,"<p>We%try%",InMemory,0.034689,3e-05,5.68393,62
4,0.1,676808,61789917,Comments,"Why do%you%?",InMemory,0.020327,4e-05,12.456,680
4,0.1,676808,61789917,Comments,"%do we%actually%",InMemory,0.077774,2.3e-05,957.302,4
4,0.1,676808,61789917,Comments,"%why%C++%",InMemory,0.024087,4.3e-05,730.571,88
4,0.1,676808,61789917,Comments,"%how is%this%",InMemory,0.054436,4.5e-05,1169.53,111
4,0.1,676808,61789917,Comments,"%cannot%.",InMemory,0.032972,4.1e-05,483.652,4459
4,0.1,140045,64671224,PostHistory,"%php%is%shit%",InMemory,0.051507,4.2e-05,711.003,1
4,0.1,140045,64671224,PostHistory,"I love%C++%but%",InMemory,0.02175,3.6e-05,4.64398,0
4,0.1,140045,64671224,PostHistory,"%sometimes%know.",InMemory,0.036874,1.5e-05,5.29196,0
4,0.1,140045,64671224,PostHistory,"%SELECT *%LIMIT 1%",InMemory,0.02624,2.7e-05,661.432,29
4,0.1,140045,64671224,PostHistory,"WITH RECURSIVE%SQL",InMemory,0.020314,3.6e-05,3.66398,0
4,0.1,140045,64671224,PostHistory,"%define%then%double%",InMemory,0.053703,1.3e-05,689.045,14
4,0.1,92437,65244570,Posts,"<p>I have tried%",InMemory,0.014425,4.5e-05,3.63583,48
4,0.1,92437,65244570,Posts,"%cannot%fathom%C++%",InMemory,0.043918,2.1e-05,575.634,0
4,0.1,92437,65244570,Posts,"%why%happening%",InMemory,0.041514,3.6e-05,888.967,183
4,0.1,92437,65244570,Posts,"%what%is%there",InMemory,0.047704,5.1e-05,5.49284,0
4,0.1,92437,65244570,Posts,"<p>We%try%",InMemory,0.036093,4.8e-05,12.9304,129
4,0.5,3381970,305571138,Comments,"Why do%you%?",InMemory,0.020503,3e-05,60.93,3633
4,0.5,3381970,305571138,Comments,"%do we%actually%",InMemory,0.062198,5.8e-05,5098.85,16
4,0.5,3381970,305571138,Comments,"%why%C++%",InMemory,0.031228,0.000102,3611.73,516
4,0.5,3381970,305571138,Comments,"%how is%this%",InMemory,0.071166,0.00012,5036.8,581
4,0.5,3381970,305571138,Comments,"%cannot%.",InMemory,0.026249,0.000152,1517,22793
4,0.5,700773,325065834,PostHistory,"%php%is%shit%",InMemory,0.061783,0.000397,3889.81,8
4,0.5,700773,325065834,PostHistory,"I love%C++%but%",InMemory,0.031141,0.000101,22.1441,1
4,0.5,700773,325065834,PostHistory,"%sometimes%know.",InMemory,0.043976,3.3e-05,26.2441,1
4,0.5,700773,325065834,PostHistory,"%SELECT *%LIMIT 1%",InMemory,0.03141,4.6e-05,3388.04,157
4,0.5,700773,325065834,PostHistory,"WITH RECURSIVE%SQL",InMemory,0.024565,0.000102,21.9489,0
4,0.5,700773,325065834,PostHistory,"%define%then%double%",InMemory,0.062165,3.5e-05,5107.45,81
4,0.5,464093,326942687,Posts,"<p>I have tried%",InMemory,0.016103,0.000104,16.971,261
4,0.5,464093,326942687,Posts,"%cannot%fathom%C++%",InMemory,0.057162,3e-05,3765.78,0
4,0.5,464093,326942687,Posts,"%why%happening%",InMemory,0.047035,9.1e-05,4359.5,968
4,0.5,464093,326942687,Posts,"%what%is%there",InMemory,0.052564,0.000102,24.3312,0
4,0.5,464093,326942687,Posts,"<p>We%try%",InMemory,0.029204,3.2e-05,66.0785,676
4,1,6763320,618860378,Comments,"Why do%you%?",InMemory,0.025062,3.8e-05,119.708,7364
4,1,6763320,618860378,Comments,"%do we%actually%",InMemory,0.055304,3.4e-05,6929.92,35
4,1,6763320,618860378,Comments,"%why%C++%",InMemory,0.031511,0.000104,7906.78,1060
4,1,6763320,618860378,Comments,"%how is%this%",InMemory,0.074072,0.000104,11355.8,1198
4,1,6763320,618860378,Comments,"%cannot%.",InMemory,0.036546,0.000104,5222.65,45360
4,1,1402633,655946812,PostHistory,"%php%is%shit%",InMemory,0.061438,0.000112,8497.03,13
4,1,1402633,655946812,PostHistory,"I love%C++%but%",InMemory,0.02771,0.000101,44.7585,1
4,1,1402633,655946812,PostHistory,"%sometimes%know.",InMemory,0.045358,2.4e-05,47.7292,3
4,1,1402633,655946812,PostHistory,"%SELECT *%LIMIT 1%",InMemory,0.029434,3.6e-05,6622.62,309
4,1,1402633,655946812,PostHistory,"WITH RECURSIVE%SQL",InMemory,0.024799,0.000103,43.811,0
4,1,1402633,655946812,PostHistory,"%define%then%double%",InMemory,0.057514,3.5e-05,11592.2,176
4,1,927644,659166886,Posts,"<p>I have tried%",InMemory,0.014107,0.000104,34.0772,516
4,1,927644,659166886,Posts,"%cannot%fathom%C++%",InMemory,0.057849,3.3e-05,10869.1,0
4,1,927644,659166886,Posts,"%why%happening%",InMemory,0.05244,0.000178,7695.83,1899
4,1,927644,659166886,Posts,"%what%is%there",InMemory,0.054041,0.000116,49.7291,0
4,1,927644,659166886,Posts,"<p>We%try%",InMemory,0.027082,3.9e-05,129.419,1414
4,5,33828344,3082980466,Comments,"Why do%you%?",InMemory,0.026017,4.1e-05,593.352,37146
4,5,33828344,3082980466,Comments,"%do we%actually%",InMemory,0.051147,3.7e-05,34364.1,192
4,5,33828344,3082980466,Comments,"%why%C++%",InMemory,0.03236,0.000102,39801.9,5007
4,5,33828344,3082980466,Comments,"%how is%this%",InMemory,0.063757,0.000103,50211.2,5896
4,5,33828344,3082980466,Comments,"%cannot%.",InMemory,0.046737,0.000106,22334,228112
4,5,7011291,3260900860,PostHistory,"%php%is%shit%",InMemory,0.052085,0.0001,35100.8,58
4,5,7011291,3260900860,PostHistory,"I love%C++%but%",InMemory,0.029036,9.1e-05,223.703,1
4,5,7011291,3260900860,PostHistory,"%sometimes%know.",InMemory,0.048671,4.5e-05,244.991,17
4,5,7011291,3260900860,PostHistory,"%SELECT *%LIMIT 1%",InMemory,0.035941,4.4e-05,33314.3,1489
4,5,7011291,3260900860,PostHistory,"WITH RECURSIVE%SQL",InMemory,0.025237,0.000102,225.07,0
4,5,7011291,3260900860,PostHistory,"%define%then%double%",InMemory,0.062737,4.9e-05,51857.4,794
4,5,4636953,3187168332,Posts,"<p>I have tried%",InMemory,0.015015,8.8e-05,171.23,2821
4,5,4636953,3187168332,Posts,"%cannot%fathom%C++%",InMemory,0.062833,3.3e-05,49079.7,0
4,5,4636953,3187168332,Posts,"%why%happening%",InMemory,0.047809,0.000104,40418.3,9667
4,5,4636953,3187168332,Posts,"%what%is%there",InMemory,0.056384,0.000106,280.941,0
4,5,4636953,3187168332,Posts,"<p>We%try%",InMemory,0.039667,4.6e-05,544.126,7238
4,10,67660687,6184930096,Comments,"Why do%you%?",InMemory,0.025189,4.1e-05,1171.85,74121
4,10,67660687,6184930096,Comments,"%do we%actually%",InMemory,0.070813,9.2e-05,96974.5,420
4,10,67660687,6184930096,Comments,"%why%C++%",InMemory,0.031114,0.0001,78303.6,10167
4,10,67660687,6184930096,Comments,"%how is%this%",InMemory,0.059421,0.000107,110414,11812
4,10,67660687,6184930096,Comments,"%cannot%.",InMemory,0.042088,9.9e-05,53658.2,456139
4,10,14020516,6464378912,PostHistory,"%php%is%shit%",InMemory,0.057832,0.000121,85701,116
4,10,14020516,6464378912,PostHistory,"I love%C++%but%",InMemory,0.027712,0.000101,456.066,1
4,10,14020516,6464378912,PostHistory,"%sometimes%know.",InMemory,0.052208,3.9e-05,533.611,34
4,10,14020516,6464378912,PostHistory,"%SELECT *%LIMIT 1%",InMemory,0.040848,3.4e-05,63048.2,2990
4,10,14020516,6464378912,PostHistory,"WITH RECURSIVE%SQL",InMemory,0.024171,0.000107,454.639,0
4,10,14020516,6464378912,PostHistory,"%define%then%double%",InMemory,0.077211,0.000112,96475.1,1588
4,10,9274247,6467793801,Posts,"<p>I have tried%",InMemory,0.017507,0.000106,351.012,5699
4,10,9274247,6467793801,Posts,"%cannot%fathom%C++%",InMemory,0.064867,0.000107,93593.5,1
4,10,9274247,6467793801,Posts,"%why%happening%",InMemory,0.052377,0.000104,76291.5,19361
4,10,9274247,6467793801,Posts,"%what%is%there",InMemory,0.051935,0.000104,311.587,0
4,10,9274247,6467793801,Posts,"<p>We%try%",InMemory,0.033967,4.9e-05,1062.39,14408
4,50,70103102,32842104583,PostHistory,"%php%is%shit%",InMemory,0.059142,0.000107,391423,598
4,50,70103102,32842104583,PostHistory,"I love%C++%but%",InMemory,0.030176,0.000101,2300.81,15
4,50,70103102,32842104583,PostHistory,"%sometimes%know.",InMemory,0.052946,0.000102,2460.88,175
4,50,70103102,32842104583,PostHistory,"%SELECT *%LIMIT 1%",InMemory,0.036998,0.000102,318058,14908
4,50,70103102,32842104583,PostHistory,"WITH RECURSIVE%SQL",InMemory,0.025319,9.8e-05,2298.28,1
4,50,70103102,32842104583,PostHistory,"%define%then%double%",InMemory,0.084589,0.000113,501621,7993
4,50,46375197,33166382695,Posts,"<p>I have tried%",InMemory,0.015463,0.000104,1811.29,28497
4,50,46375197,33166382695,Posts,"%cannot%fathom%C++%",InMemory,0.063459,0.000101,455700,5
4,50,46375197,33166382695,Posts,"%why%happening%",InMemory,0.048316,0.000105,376118,97325
4,50,46375197,33166382695,Posts,"%what%is%there",InMemory,0.045594,0.000111,2456.92,0
4,50,46375197,33166382695,Posts,"<p>We%try%",InMemory,0.03778,0.000105,6985.09,71674
4,0.01,67548,6158512,Comments,"Why do%you%?",SSELLVMCompiled,0.036071,26.8667,0.84358,79
4,0.01,67548,6158512,Comments,"%do we%actually%",SSELLVMCompiled,0.077808,34.19,3.10381,0
4,0.01,67548,6158512,Comments,"%why%C++%",SSELLVMCompiled,0.034913,25.0195,3.58046,12
4,0.01,67548,6158512,Comments,"%how is%this%",SSELLVMCompiled,0.076494,31.4907,4.37158,10
4,0.01,67548,6158512,Comments,"%cannot%.",SSELLVMCompiled,0.030062,23.0381,2.15734,460
4,0.01,13706,6214943,PostHistory,"%php%is%shit%",SSELLVMCompiled,0.060647,34.0159,2.40162,0
4,0.01,13706,6214943,PostHistory,"I love%C++%but%",SSELLVMCompiled,0.040406,25.8568,0.41983,0
4,0.01,13706,6214943,PostHistory,"%sometimes%know.",SSELLVMCompiled,0.041341,28.8021,0.382229,0
4,0.01,13706,6214943,PostHistory,"%SELECT *%LIMIT 1%",SSELLVMCompiled,0.039904,24.9878,1.25919,3
4,0.01,13706,6214943,PostHistory,"WITH RECURSIVE%SQL",SSELLVMCompiled,0.023333,12.9793,0.284994,0
4,0.01,13706,6214943,PostHistory,"%define%then%double%",SSELLVMCompiled,0.091287,47.1736,3.58364,2
4,0.01,9104,6453362,Posts,"<p>I have tried%",SSELLVMCompiled,0.012879,9.17607,0.243157,6
4,0.01,9104,6453362,Posts,"%cannot%fathom%C++%",SSELLVMCompiled,0.067058,41.7025,3.61536,0
4,0.01,9104,6453362,Posts,"%why%happening%",SSELLVMCompiled,0.055948,34.3691,2.25193,24
4,0.01,9104,6453362,Posts,"%what%is%there",SSELLVMCompiled,0.06088,41.4982,0.296652,0
4,0.01,9104,6453362,Posts,"<p>We%try%",SSELLVMCompiled,0.046211,19.1518,0.327274,19
4,0.05,338143,31244354,Comments,"Why do%you%?",SSELLVMCompiled,0.024234,23.3569,4.19773,332
4,0.05,338143,31244354,Comments,"%do we%actually%",SSELLVMCompiled,0.075568,33.3053,15.7845,3
4,0.05,338143,31244354,Comments,"%why%C++%",SSELLVMCompiled,0.034436,24.1937,18.4188,47
4,0.05,338143,31244354,Comments,"%how is%this%",SSELLVMCompiled,0.072377,25.6531,25.352,55
4,0.05,338143,31244354,Comments,"%cannot%.",SSELLVMCompiled,0.045071,28.0421,13.3114,2204
4,0.05,69346,31203934,PostHistory,"%php%is%shit%",SSELLVMCompiled,0.058342,36.2013,10.8417,0
4,0.05,69346,31203934,PostHistory,"I love%C++%but%",SSELLVMCompiled,0.026265,25.4176,1.58623,0
4,0.05,69346,31203934,PostHistory,"%sometimes%know.",SSELLVMCompiled,0.049772,31.171,2.03698,0
4,0.05,69346,31203934,PostHistory,"%SELECT *%LIMIT 1%",SSELLVMCompiled,0.04027,24.6741,6.13334,13
4,0.05,69346,31203934,PostHistory,"WITH RECURSIVE%SQL",SSELLVMCompiled,0.022575,12.6026,1.46362,0
4,0.05,69346,31203934,PostHistory,"%define%then%double%",SSELLVMCompiled,0.083682,43.5396,18.3485,5
4,0.05,46252,32527140,Posts,"<p>I have tried%",SSELLVMCompiled,0.014302,9.11643,1.16843,24
4,0.05,46252,32527140,Posts,"%cannot%fathom%C++%",SSELLVMCompiled,0.065389,41.4884,15.6112,0
4,0.05,46252,32527140,Posts,"%why%happening%",SSELLVMCompiled,0.062229,34.1779,8.74323,104
4,0.05,46252,32527140,Posts,"%what%is%there",SSELLVMCompiled,0.053327,38.2143,1.54014,0
4,0.05,46252,32527140,Posts,"<p>We%try%",SSELLVMCompiled,0.046337,20.1132,1.78291,62
4,0.1,676808,61789917,Comments,"Why do%you%?",SSELLVMCompiled,0.026447,24.365,8.7875,680
4,0.1,676808,61789917,Comments,"%do we%actually%",SSELLVMCompiled,0.088882,36.5251,52.5148,4
4,0.1,676808,61789917,Comments,"%why%C++%",SSELLVMCompiled,0.031958,23.0715,24.332,88
4,0.1,676808,61789917,Comments,"%how is%this%",SSELLVMCompiled,0.064988,29.0412,55.6502,111
4,0.1,676808,61789917,Comments,"%cannot%.",SSELLVMCompiled,0.04302,25.3968,25.6222,4459
4,0.1,140045,64671224,PostHistory,"%php%is%shit%",SSELLVMCompiled,0.059914,36.1816,19.5613,1
4,0.1,140045,64671224,PostHistory,"I love%C++%but%",SSELLVMCompiled,0.028153,22.6848,3.99341,0
4,0.1,140045,64671224,PostHistory,"%sometimes%know.",SSELLVMCompiled,0.050888,35.9327,4.09733,0
4,0.1,140045,64671224,PostHistory,"%SELECT *%LIMIT 1%",SSELLVMCompiled,0.043534,24.3734,12.3801,29
4,0.1,140045,64671224,PostHistory,"WITH RECURSIVE%SQL",SSELLVMCompiled,0.023058,12.6775,3.12764,0
4,0.1,140045,64671224,PostHistory,"%define%then%double%",SSELLVMCompiled,0.070187,40.3547,21.3095,14
4,0.1,92437,65244570,Posts,"<p>I have tried%",SSELLVMCompiled,0.014698,9.07571,2.27954,48
4,0.1,92437,65244570,Posts,"%cannot%fathom%C++%",SSELLVMCompiled,0.049429,33.4986,8.77156,0
4,0.1,92437,65244570,Posts,"%why%happening%",SSELLVMCompiled,0.056101,32.3548,18.6989,183
4,0.1,92437,65244570,Posts,"%what%is%there",SSELLVMCompiled,0.05017,36.3222,3.10749,0
4,0.1,92437,65244570,Posts,"<p>We%try%",SSELLVMCompiled,0.054283,15.905,3.60399,129
4,0.5,3381970,305571138,Comments,"Why do%you%?",SSELLVMCompiled,0.024135,22.6085,38.1508,3633
4,0.5,3381970,305571138,Comments,"%do we%actually%",SSELLVMCompiled,0.076777,33.3636,159.763,16
4,0.5,3381970,305571138,Comments,"%why%C++%",SSELLVMCompiled,0.032914,22.0142,183.302,516
4,0.5,3381970,305571138,Comments,"%how is%this%",SSELLVMCompiled,0.079938,31.8578,210.529,581
4,0.5,3381970,305571138,Comments,"%cannot%.",SSELLVMCompiled,0.029908,24.3192,91.435,22793
4,0.5,700773,325065834,PostHistory,"%php%is%shit%",SSELLVMCompiled,0.06321,35.2794,132.933,8
4,0.5,700773,325065834,PostHistory,"I love%C++%but%",SSELLVMCompiled,0.031537,25.4795,19.7865,1
4,0.5,700773,325065834,PostHistory,"%sometimes%know.",SSELLVMCompiled,0.054804,32.0577,20.2834,1
4,0.5,700773,325065834,PostHistory,"%SELECT *%LIMIT 1%",SSELLVMCompiled,0.039639,25.152,57.3949,157
4,0.5,700773,325065834,PostHistory,"WITH RECURSIVE%SQL",SSELLVMCompiled,0.022737,12.1149,15.776,0
4,0.5,700773,325065834,PostHistory,"%define%then%double%",SSELLVMCompiled,0.077662,40.6009,110.673,81
4,0.5,464093,326942687,Posts,"<p>I have tried%",SSELLVMCompiled,0.013219,8.42655,11.3698,261
4,0.5,464093,326942687,Posts,"%cannot%fathom%C++%",SSELLVMCompiled,0.061876,37.9135,63.5178,0
4,0.5,464093,326942687,Posts,"%why%happening%",SSELLVMCompiled,0.056338,32.3849,99.801,968
4,0.5,464093,326942687,Posts,"%what%is%there",SSELLVMCompiled,0.063358,38.6219,15.1235,0
4,0.5,464093,326942687,Posts,"<p>We%try%",SSELLVMCompiled,0.039091,19.7751,16.8861,676
4,1,6763320,618860378,Comments,"Why do%you%?",SSELLVMCompiled,0.027754,25.4668,77.4102,7364
4,1,6763320,618860378,Comments,"%do we%actually%",SSELLVMCompiled,0.069626,30.6058,261.457,35
4,1,6763320,618860378,Comments,"%why%C++%",SSELLVMCompiled,0.028074,24.1814,270.438,1060
4,1,6763320,618860378,Comments,"%how is%this%",SSELLVMCompiled,0.074061,29.5913,630.999,1198
4,1,6763320,618860378,Comments,"%cannot%.",SSELLVMCompiled,0.038718,25.5166,231.745,45360
4,1,1402633,655946812,PostHistory,"%php%is%shit%",SSELLVMCompiled,0.061828,36.6878,260.393,13
4,1,1402633,655946812,PostHistory,"I love%C++%but%",SSELLVMCompiled,0.027173,24.5385,32.0207,1
4,1,1402633,655946812,PostHistory,"%sometimes%know.",SSELLVMCompiled,0.051116,30.7702,41.0633,3
4,1,1402633,655946812,PostHistory,"%SELECT *%LIMIT 1%",SSELLVMCompiled,0.047156,25.3256,125.851,309
4,1,1402633,655946812,PostHistory,"WITH RECURSIVE%SQL",SSELLVMCompiled,0.02659,12.4996,31.7843,0
4,1,1402633,655946812,PostHistory,"%define%then%double%",SSELLVMCompiled,0.070347,38.4984,332.12,176
4,1,927644,659166886,Posts,"<p>I have tried%",SSELLVMCompiled,0.014503,8.75697,22.986,516
4,1,927644,659166886,Posts,"%cannot%fathom%C++%",SSELLVMCompiled,0.062776,39.4048,261.887,0
4,1,927644,659166886,Posts,"%why%happening%",SSELLVMCompiled,0.058774,32.1659,190.383,1899
4,1,927644,659166886,Posts,"%what%is%there",SSELLVMCompiled,0.058269,36.3953,30.6348,0
4,1,927644,659166886,Posts,"<p>We%try%",SSELLVMCompiled,0.034473,19.1505,33.0115,1414
4,5,33828344,3082980466,Comments,"Why do%you%?",SSELLVMCompiled,0.027585,26.4741,409.738,37146
4,5,33828344,3082980466,Comments,"%do we%actually%",SSELLVMCompiled,0.058836,30.7488,1300.51,192
4,5,33828344,3082980466,Comments,"%why%C++%",SSELLVMCompiled,0.032452,24.4497,1745.24,5007
4,5,33828344,3082980466,Comments,"%how is%this%",SSELLVMCompiled,0.070885,27.9493,2539.23,5896
4,5,33828344,3082980466,Comments,"%cannot%.",SSELLVMCompiled,0.057776,32.0837,1179.19,228112
4,5,7011291,3260900860,PostHistory,"%php%is%shit%",SSELLVMCompiled,0.054468,31.4407,985.494,58
4,5,7011291,3260900860,PostHistory,"I love%C++%but%",SSELLVMCompiled,0.02897,23.0162,191.583,1
4,5,7011291,3260900860,PostHistory,"%sometimes%know.",SSELLVMCompiled,0.064099,32.1522,200.568,17
4,5,7011291,3260900860,PostHistory,"%SELECT *%LIMIT 1%",SSELLVMCompiled,0.037519,23.7611,603.699,1489
4,5,7011291,3260900860,PostHistory,"WITH RECURSIVE%SQL",SSELLVMCompiled,0.027786,13.4671,158.365,0
4,5,7011291,3260900860,PostHistory,"%define%then%double%",SSELLVMCompiled,0.075845,44.3871,1374.96,794
4,5,4636953,3187168332,Posts,"<p>I have tried%",SSELLVMCompiled,0.017379,8.91462,114.456,2821
4,5,4636953,3187168332,Posts,"%cannot%fathom%C++%",SSELLVMCompiled,0.078143,41.1045,1175.13,0
4,5,4636953,3187168332,Posts,"%why%happening%",SSELLVMCompiled,0.054032,30.7688,805.4,9667
4,5,4636953,3187168332,Posts,"%what%is%there",SSELLVMCompiled,0.055178,38.6135,152.479,0
4,5,4636953,3187168332,Posts,"<p>We%try%",SSELLVMCompiled,0.036143,18.5446,166.151,7238
4,10,67660687,6184930096,Comments,"Why do%you%?",SSELLVMCompiled,0.030363,25.4702,768.801,74121
4,10,67660687,6184930096,Comments,"%do we%actually%",SSELLVMCompiled,0.095727,33.3215,2984.26,420
4,10,67660687,6184930096,Comments,"%why%C++%",SSELLVMCompiled,0.042994,26.1683,3112.69,10167
4,10,67660687,6184930096,Comments,"%how is%this%",SSELLVMCompiled,0.082787,30.7023,6709.39,11812
4,10,67660687,6184930096,Comments,"%cannot%.",SSELLVMCompiled,0.059754,28.847,2573,456139
4,10,14020516,6464378912,PostHistory,"%php%is%shit%",SSELLVMCompiled,0.064936,37.7582,2790.82,116
4,10,14020516,6464378912,PostHistory,"I love%C++%but%",SSELLVMCompiled,0.030203,25.2537,319.509,1
4,10,14020516,6464378912,PostHistory,"%sometimes%know.",SSELLVMCompiled,0.058432,34.4248,407.347,34
4,10,14020516,6464378912,PostHistory,"%SELECT *%LIMIT 1%",SSELLVMCompiled,0.052342,31.8943,1254.94,2990
4,10,14020516,6464378912,PostHistory,"WITH RECURSIVE%SQL",SSELLVMCompiled,0.030105,18.278,312.091,0
4,10,14020516,6464378912,PostHistory,"%define%then%double%",SSELLVMCompiled,0.077011,42.2463,2224.9,1588
4,10,9274247,6467793801,Posts,"<p>I have tried%",SSELLVMCompiled,0.019216,8.9199,223.851,5699
4,10,9274247,6467793801,Posts,"%cannot%fathom%C++%",SSELLVMCompiled,0.068014,40.9957,1828.99,1
4,10,9274247,6467793801,Posts,"%why%happening%",SSELLVMCompiled,0.068122,34.0949,1762.4,19361
4,10,9274247,6467793801,Posts,"%what%is%there",SSELLVMCompiled,0.05677,39.5534,286.734,0
4,10,9274247,6467793801,Posts,"<p>We%try%",SSELLVMCompiled,0.041279,18.6513,329.138,14408
4,50,70103102,32842104583,PostHistory,"%php%is%shit%",SSELLVMCompiled,0.063767,34.6095,14652,598
4,50,70103102,32842104583,PostHistory,"I love%C++%but%",SSELLVMCompiled,0.032385,25.7845,1615.8,15
4,50,70103102,32842104583,PostHistory,"%sometimes%know.",SSELLVMCompiled,0.072217,31.5945,2043.38,175
4,50,70103102,32842104583,PostHistory,"%SELECT *%LIMIT 1%",SSELLVMCompiled,0.044653,24.482,6093.93,14908
4,50,70103102,32842104583,PostHistory,"WITH RECURSIVE%SQL",SSELLVMCompiled,0.033387,13.9359,1572.77,1
4,50,70103102,32842104583,PostHistory,"%define%then%double%",SSELLVMCompiled,0.085351,44.565,13961.5,7993
4,50,46375197,33166382695,Posts,"<p>I have tried%",SSELLVMCompiled,0.021615,9.20743,1101.63,28497
4,50,46375197,33166382695,Posts,"%cannot%fathom%C++%",SSELLVMCompiled,0.06927,38.1424,12891.4,5
4,50,46375197,33166382695,Posts,"%why%happening%",SSELLVMCompiled,0.068689,34.2741,9306.46,97325
4,50,46375197,33166382695,Posts,"%what%is%there",SSELLVMCompiled,0.061002,40.982,1539.81,0
4,50,46375197,33166382695,Posts,"<p>We%try%",SSELLVMCompiled,0.051065,20.9082,1767.03,71674
4,0.01,67548,6158512,Comments,"Why do%you%?",SSECppCompiled,0.036518,308.877,0.997725,79
4,0.01,67548,6158512,Comments,"%do we%actually%",SSECppCompiled,0.080482,333.059,3.50712,0
4,0.01,67548,6158512,Comments,"%why%C++%",SSECppCompiled,0.033618,311.198,3.89182,12
4,0.01,67548,6158512,Comments,"%how is%this%",SSECppCompiled,0.075596,328.125,5.4278,10
4,0.01,67548,6158512,Comments,"%cannot%.",SSECppCompiled,0.04123,310.135,2.2421,460
4,0.01,13706,6214943,PostHistory,"%php%is%shit%",SSECppCompiled,0.049465,320.966,2.54803,0
4,0.01,13706,6214943,PostHistory,"I love%C++%but%",SSECppCompiled,0.041222,315.475,0.358576,0
4,0.01,13706,6214943,PostHistory,"%sometimes%know.",SSECppCompiled,0.048136,327.764,0.448766,0
4,0.01,13706,6214943,PostHistory,"%SELECT *%LIMIT 1%",SSECppCompiled,0.039212,325.417,1.32098,3
4,0.01,13706,6214943,PostHistory,"WITH RECURSIVE%SQL",SSECppCompiled,0.028443,308.14,0.448005,0
4,0.01,13706,6214943,PostHistory,"%define%then%double%",SSECppCompiled,0.092452,358.187,3.6049,2
4,0.01,9104,6453362,Posts,"<p>I have tried%",SSECppCompiled,0.014759,294.077,0.286531,6
4,0.01,9104,6453362,Posts,"%cannot%fathom%C++%",SSECppCompiled,0.067649,351.056,4.16161,0
4,0.01,9104,6453362,Posts,"%why%happening%",SSECppCompiled,0.056207,342.528,2.25651,24
4,0.01,9104,6453362,Posts,"%what%is%there",SSECppCompiled,0.061601,350.385,0.461599,0
4,0.01,9104,6453362,Posts,"<p>We%try%",SSECppCompiled,0.040491,307.985,0.307217,19
4,0.05,338143,31244354,Comments,"Why do%you%?",SSECppCompiled,0.026745,319.123,4.61714,332
4,0.05,338143,31244354,Comments,"%do we%actually%",SSECppCompiled,0.07192,345.074,16.1425,3
4,0.05,338143,31244354,Comments,"%why%C++%",SSECppCompiled,0.032695,311.203,19.0343,47
4,0.05,338143,31244354,Comments,"%how is%this%",SSECppCompiled,0.06935,315.973,27.1198,55
4,0.05,338143,31244354,Comments,"%cannot%.",SSECppCompiled,0.041896,327.802,14.1261,2204
4,0.05,69346,31203934,PostHistory,"%php%is%shit%",SSECppCompiled,0.061905,317.776,11.3373,0
4,0.05,69346,31203934,PostHistory,"I love%C++%but%",SSECppCompiled,0.028987,305.607,1.70008,0
4,0.05,69346,31203934,PostHistory,"%sometimes%know.",SSECppCompiled,0.058893,326.222,2.22189,0
4,0.05,69346,31203934,PostHistory,"%SELECT *%LIMIT 1%",SSECppCompiled,0.039112,313.979,6.76556,13
4,0.05,69346,31203934,PostHistory,"WITH RECURSIVE%SQL",SSECppCompiled,0.023327,293.028,2.12975,0
4,0.05,69346,31203934,PostHistory,"%define%then%double%",SSECppCompiled,0.091415,345.338,19.194,5
4,0.05,46252,32527140,Posts,"<p>I have tried%",SSECppCompiled,0.017165,285.329,1.2528,24
4,0.05,46252,32527140,Posts,"%cannot%fathom%C++%",SSECppCompiled,0.064318,348.815,18.5812,0
4,0.05,46252,32527140,Posts,"%why%happening%",SSECppCompiled,0.05908,342.931,9.57982,104
4,0.05,46252,32527140,Posts,"%what%is%there",SSECppCompiled,0.050725,349.9,2.19883,0
4,0.05,46252,32527140,Posts,"<p>We%try%",SSECppCompiled,0.045012,309.014,1.55786,62
4,0.1,676808,61789917,Comments,"Why do%you%?",SSECppCompiled,0.030666,320.118,9.06952,680
4,0.1,676808,61789917,Comments,"%do we%actually%",SSECppCompiled,0.090439,350.266,51.5475,4
4,0.1,676808,61789917,Comments,"%why%C++%",SSECppCompiled,0.031273,316.385,28.3696,88
4,0.1,676808,61789917,Comments,"%how is%this%",SSECppCompiled,0.065871,328.825,60.7808,111
4,0.1,676808,61789917,Comments,"%cannot%.",SSECppCompiled,0.083562,317.178,27.8697,4459
4,0.1,140045,64671224,PostHistory,"%php%is%shit%",SSECppCompiled,0.063065,328.268,21.4936,1
4,0.1,140045,64671224,PostHistory,"I love%C++%but%",SSECppCompiled,0.030286,299.629,4.21216,0
4,0.1,140045,64671224,PostHistory,"%sometimes%know.",SSECppCompiled,0.085663,331.682,4.37033,0
4,0.1,140045,64671224,PostHistory,"%SELECT *%LIMIT 1%",SSECppCompiled,0.039732,317.268,13.2956,29
4,0.1,140045,64671224,PostHistory,"WITH RECURSIVE%SQL",SSECppCompiled,0.02443,299.388,4.22225,0
4,0.1,140045,64671224,PostHistory,"%define%then%double%",SSECppCompiled,0.073799,337.249,22.9805,14
4,0.1,92437,65244570,Posts,"<p>I have tried%",SSECppCompiled,0.017187,282.699,2.50857,48
4,0.1,92437,65244570,Posts,"%cannot%fathom%C++%",SSECppCompiled,0.053322,340.616,10.0827,0
4,0.1,92437,65244570,Posts,"%why%happening%",SSECppCompiled,0.055033,341.061,21.1255,183
4,0.1,92437,65244570,Posts,"%what%is%there",SSECppCompiled,0.05428,340.189,4.26102,0
4,0.1,92437,65244570,Posts,"<p>We%try%",SSECppCompiled,0.047196,304.388,3.18488,129
4,0.5,3381970,305571138,Comments,"Why do%you%?",SSECppCompiled,0.029371,317.358,44.7591,3633
4,0.5,3381970,305571138,Comments,"%do we%actually%",SSECppCompiled,0.081219,340.164,177.439,16
4,0.5,3381970,305571138,Comments,"%why%C++%",SSECppCompiled,0.03257,317.533,200.401,516
4,0.5,3381970,305571138,Comments,"%how is%this%",SSECppCompiled,0.073777,339.694,234.121,581
4,0.5,3381970,305571138,Comments,"%cannot%.",SSECppCompiled,0.025176,301.054,105.971,22793
4,0.5,700773,325065834,PostHistory,"%php%is%shit%",SSECppCompiled,0.063568,328.722,148.768,8
4,0.5,700773,325065834,PostHistory,"I love%C++%but%",SSECppCompiled,0.030892,310.403,16.5245,1
4,0.5,700773,325065834,PostHistory,"%sometimes%know.",SSECppCompiled,0.056586,330.934,22.2321,1
4,0.5,700773,325065834,PostHistory,"%SELECT *%LIMIT 1%",SSECppCompiled,0.039459,317.905,63.202,157
4,0.5,700773,325065834,PostHistory,"WITH RECURSIVE%SQL",SSECppCompiled,0.024358,295.273,21.1038,0
4,0.5,700773,325065834,PostHistory,"%define%then%double%",SSECppCompiled,0.077155,339.152,129.15,81
4,0.5,464093,326942687,Posts,"<p>I have tried%",SSECppCompiled,0.015766,290.699,12.0895,261
4,0.5,464093,326942687,Posts,"%cannot%fathom%C++%",SSECppCompiled,0.066824,350.953,74.2793,0
4,0.5,464093,326942687,Posts,"%why%happening%",SSECppCompiled,0.053212,342.008,104.58,968
4,0.5,464093,326942687,Posts,"%what%is%there",SSECppCompiled,0.062256,347.448,21.678,0
4,0.5,464093,326942687,Posts,"<p>We%try%",SSECppCompiled,0.039215,311.63,14.8874,676
4,1,6763320,618860378,Comments,"Why do%you%?",SSECppCompiled,0.032992,322.008,90.3989,7364
4,1,6763320,618860378,Comments,"%do we%actually%",SSECppCompiled,0.069745,331.087,273.129,35
4,1,6763320,618860378,Comments,"%why%C++%",SSECppCompiled,0.031904,310.397,297.805,1060
4,1,6763320,618860378,Comments,"%how is%this%",SSECppCompiled,0.070058,321.881,623.862,1198
4,1,6763320,618860378,Comments,"%cannot%.",SSECppCompiled,0.036768,318.745,252.903,45360
4,1,1402633,655946812,PostHistory,"%php%is%shit%",SSECppCompiled,0.061275,341.563,277.007,13
4,1,1402633,655946812,PostHistory,"I love%C++%but%",SSECppCompiled,0.029226,301.686,33.5389,1
4,1,1402633,655946812,PostHistory,"%sometimes%know.",SSECppCompiled,0.054423,336.524,43.5712,3
4,1,1402633,655946812,PostHistory,"%SELECT *%LIMIT 1%",SSECppCompiled,0.041305,328.191,135.089,309
4,1,1402633,655946812,PostHistory,"WITH RECURSIVE%SQL",SSECppCompiled,0.023951,304.394,42.4156,0
4,1,1402633,655946812,PostHistory,"%define%then%double%",SSECppCompiled,0.069343,338.802,347.102,176
4,1,927644,659166886,Posts,"<p>I have tried%",SSECppCompiled,0.015642,291.453,24.3253,516
4,1,927644,659166886,Posts,"%cannot%fathom%C++%",SSECppCompiled,0.066062,352.997,262.039,0
4,1,927644,659166886,Posts,"%why%happening%",SSECppCompiled,0.053371,337.708,176.192,1899
4,1,927644,659166886,Posts,"%what%is%there",SSECppCompiled,0.051278,325.745,42.7091,0
4,1,927644,659166886,Posts,"<p>We%try%",SSECppCompiled,0.035739,295.162,28.5568,1414
4,5,33828344,3082980466,Comments,"Why do%you%?",SSECppCompiled,0.032382,308.843,440.767,37146
4,5,33828344,3082980466,Comments,"%do we%actually%",SSECppCompiled,0.061141,328.363,1233.76,192
4,5,33828344,3082980466,Comments,"%why%C++%",SSECppCompiled,0.032294,321.07,1994.87,5007
4,5,33828344,3082980466,Comments,"%how is%this%",SSECppCompiled,0.066987,331.254,2672.03,5896
4,5,33828344,3082980466,Comments,"%cannot%.",SSECppCompiled,0.046406,324.772,1356.02,228112
4,5,7011291,3260900860,PostHistory,"%php%is%shit%",SSECppCompiled,0.055789,326.056,1035.76,58
4,5,7011291,3260900860,PostHistory,"I love%C++%but%",SSECppCompiled,0.031798,305.87,164.898,1
4,5,7011291,3260900860,PostHistory,"%sometimes%know.",SSECppCompiled,0.056795,328.243,213.87,17
4,5,7011291,3260900860,PostHistory,"%SELECT *%LIMIT 1%",SSECppCompiled,0.038804,315.935,629.626,1489
4,5,7011291,3260900860,PostHistory,"WITH RECURSIVE%SQL",SSECppCompiled,0.034141,312.061,212.653,0
4,5,7011291,3260900860,PostHistory,"%define%then%double%",SSECppCompiled,0.06895,353.431,1520.54,794
4,5,4636953,3187168332,Posts,"<p>I have tried%",SSECppCompiled,0.016314,290.672,121.257,2821
4,5,4636953,3187168332,Posts,"%cannot%fathom%C++%",SSECppCompiled,0.070799,357.26,1227.33,0
4,5,4636953,3187168332,Posts,"%why%happening%",SSECppCompiled,0.050623,324.754,882.007,9667
4,5,4636953,3187168332,Posts,"%what%is%there",SSECppCompiled,0.053412,344.251,213.453,0
4,5,4636953,3187168332,Posts,"<p>We%try%",SSECppCompiled,0.039746,309.74,144.047,7238
4,10,67660687,6184930096,Comments,"Why do%you%?",SSECppCompiled,0.032339,319.39,881.971,74121
4,10,67660687,6184930096,Comments,"%do we%actually%",SSECppCompiled,0.072972,336.473,3170.49,420
4,10,67660687,6184930096,Comments,"%why%C++%",SSECppCompiled,0.03654,309.904,3408.84,10167
4,10,67660687,6184930096,Comments,"%how is%this%",SSECppCompiled,0.065368,313.336,7449.85,11812
4,10,67660687,6184930096,Comments,"%cannot%.",SSECppCompiled,0.046489,326.965,2719.15,456139
4,10,14020516,6464378912,PostHistory,"%php%is%shit%",SSECppCompiled,0.05747,330.401,3117.34,116
4,10,14020516,6464378912,PostHistory,"I love%C++%but%",SSECppCompiled,0.029908,315.289,328.412,1
4,10,14020516,6464378912,PostHistory,"%sometimes%know.",SSECppCompiled,0.056312,340.538,432.065,34
4,10,14020516,6464378912,PostHistory,"%SELECT *%LIMIT 1%",SSECppCompiled,0.061971,339.442,1315.91,2990
4,10,14020516,6464378912,PostHistory,"WITH RECURSIVE%SQL",SSECppCompiled,0.026217,304.391,414.413,0
4,10,14020516,6464378912,PostHistory,"%define%then%double%",SSECppCompiled,0.072206,348.051,2623.32,1588
4,10,9274247,6467793801,Posts,"<p>I have tried%",SSECppCompiled,0.017419,289.878,234.242,5699
4,10,9274247,6467793801,Posts,"%cannot%fathom%C++%",SSECppCompiled,0.059317,350.971,1962.41,1
4,10,9274247,6467793801,Posts,"%why%happening%",SSECppCompiled,0.052853,328.27,1843.71,19361
4,10,9274247,6467793801,Posts,"%what%is%there",SSECppCompiled,0.051208,356.575,309.779,0
4,10,9274247,6467793801,Posts,"<p>We%try%",SSECppCompiled,0.046775,307.56,280.898,14408
4,50,70103102,32842104583,PostHistory,"%php%is%shit%",SSECppCompiled,0.070767,340.298,14957.5,598
4,50,70103102,32842104583,PostHistory,"I love%C++%but%",SSECppCompiled,0.032552,320.018,1669.13,15
4,50,70103102,32842104583,PostHistory,"%sometimes%know.",SSECppCompiled,0.052961,339.413,2171.19,175
4,50,70103102,32842104583,PostHistory,"%SELECT *%LIMIT 1%",SSECppCompiled,0.036337,312.067,6452.96,14908
4,50,70103102,32842104583,PostHistory,"WITH RECURSIVE%SQL",SSECppCompiled,0.023045,293.858,2104.4,1
4,50,70103102,32842104583,PostHistory,"%define%then%double%",SSECppCompiled,0.082105,360.324,14953,7993
4,50,46375197,33166382695,Posts,"<p>I have tried%",SSECppCompiled,0.016887,278.706,1168.71,28497
4,50,46375197,33166382695,Posts,"%cannot%fathom%C++%",SSECppCompiled,0.061044,346.713,15101.2,5
4,50,46375197,33166382695,Posts,"%why%happening%",SSECppCompiled,0.055854,329.187,9640.5,97325
4,50,46375197,33166382695,Posts,"%what%is%there",SSECppCompiled,0.050614,329.735,2133.24,0
4,50,46375197,33166382695,Posts,"<p>We%try%",SSECppCompiled,0.043067,310.933,1500.13,71674
4,0.01,67548,6158512,Comments,"Why do%you%?",SSEDecoded,0.001739,0,8.89202,79
4,0.01,67548,6158512,Comments,"%do we%actually%",SSEDecoded,0.001117,0,10.0619,0
4,0.01,67548,6158512,Comments,"%why%C++%",SSEDecoded,0.001054,0,9.83325,12
4,0.01,67548,6158512,Comments,"%how is%this%",SSEDecoded,0.000874,0,9.99311,10
4,0.01,67548,6158512,Comments,"%cannot%.",SSEDecoded,0.000951,0,9.83829,461
4,0.01,13706,6214943,PostHistory,"%php%is%shit%",SSEDecoded,0.00162,0,6.96373,0
4,0.01,13706,6214943,PostHistory,"I love%C++%but%",SSEDecoded,0.000939,0,6.09193,0
4,0.01,13706,6214943,PostHistory,"%sometimes%know.",SSEDecoded,0.000928,0,6.03456,0
4,0.01,13706,6214943,PostHistory,"%SELECT *%LIMIT 1%",SSEDecoded,0.000906,0,6.54827,3
4,0.01,13706,6214943,PostHistory,"WITH RECURSIVE%SQL",SSEDecoded,0.000691,0,5.9741,0
4,0.01,13706,6214943,PostHistory,"%define%then%double%",SSEDecoded,0.001189,0,6.89173,2
4,0.01,9104,6453362,Posts,"<p>I have tried%",SSEDecoded,0.000763,0,6.04098,6
4,0.01,9104,6453362,Posts,"%cannot%fathom%C++%",SSEDecoded,0.001123,0,6.88756,0
4,0.01,9104,6453362,Posts,"%why%happening%",SSEDecoded,0.000909,0,6.76915,24
4,0.01,9104,6453362,Posts,"%what%is%there",SSEDecoded,0.000902,0,5.95877,0
4,0.01,9104,6453362,Posts,"<p>We%try%",SSEDecoded,0.000853,0,6.01297,19
4,0.05,338143,31244354,Comments,"Why do%you%?",SSEDecoded,0.001023,0,41.1162,332
4,0.05,338143,31244354,Comments,"%do we%actually%",SSEDecoded,0.000981,0,49.4802,3
4,0.05,338143,31244354,Comments,"%why%C++%",SSEDecoded,0.000872,0,47.6781,47
4,0.05,338143,31244354,Comments,"%how is%this%",SSEDecoded,0.000844,0,48.7557,55
4,0.05,338143,31244354,Comments,"%cannot%.",SSEDecoded,0.000795,0,46.2782,2205
4,0.05,69346,31203934,PostHistory,"%php%is%shit%",SSEDecoded,0.00119,0,30.5766,0
4,0.05,69346,31203934,PostHistory,"I love%C++%but%",SSEDecoded,0.000893,0,28.0292,0
4,0.05,69346,31203934,PostHistory,"%sometimes%know.",SSEDecoded,0.000803,0,26.734,0
4,0.05,69346,31203934,PostHistory,"%SELECT *%LIMIT 1%",SSEDecoded,0.000931,0,29.5365,13
4,0.05,69346,31203934,PostHistory,"WITH RECURSIVE%SQL",SSEDecoded,0.000628,0,27.7879,0
4,0.05,69346,31203934,PostHistory,"%define%then%double%",SSEDecoded,0.001109,0,32.3473,5
4,0.05,46252,32527140,Posts,"<p>I have tried%",SSEDecoded,0.000768,0,27.7776,24
4,0.05,46252,32527140,Posts,"%cannot%fathom%C++%",SSEDecoded,0.001141,0,31.9714,0
4,0.05,46252,32527140,Posts,"%why%happening%",SSEDecoded,0.000964,0,31.8371,104
4,0.05,46252,32527140,Posts,"%what%is%there",SSEDecoded,0.000811,0,27.6179,0
4,0.05,46252,32527140,Posts,"<p>We%try%",SSEDecoded,0.00077,0,27.3012,62
4,0.1,676808,61789917,Comments,"Why do%you%?",SSEDecoded,0.000985,0,78.7224,680
4,0.1,676808,61789917,Comments,"%do we%actually%",SSEDecoded,0.001002,0,90.4459,4
4,0.1,676808,61789917,Comments,"%why%C++%",SSEDecoded,0.001022,0,90.5539,88
4,0.1,676808,61789917,Comments,"%how is%this%",SSEDecoded,0.000936,0,91.1102,111
4,0.1,676808,61789917,Comments,"%cannot%.",SSEDecoded,0.000752,0,90.0293,4462
4,0.1,140045,64671224,PostHistory,"%php%is%shit%",SSEDecoded,0.001435,0,62.804,1
4,0.1,140045,64671224,PostHistory,"I love%C++%but%",SSEDecoded,0.000933,0,58.255,0
4,0.1,140045,64671224,PostHistory,"%sometimes%know.",SSEDecoded,0.000853,0,55.8936,0
4,0.1,140045,64671224,PostHistory,"%SELECT *%LIMIT 1%",SSEDecoded,0.001072,0,62.4022,29
4,0.1,140045,64671224,PostHistory,"WITH RECURSIVE%SQL",SSEDecoded,0.000667,0,56.8232,0
4,0.1,140045,64671224,PostHistory,"%define%then%double%",SSEDecoded,0.001184,0,63.9545,14
4,0.1,92437,65244570,Posts,"<p>I have tried%",SSEDecoded,0.000656,0,57.2996,48
4,0.1,92437,65244570,Posts,"%cannot%fathom%C++%",SSEDecoded,0.001186,0,64.4172,0
4,0.1,92437,65244570,Posts,"%why%happening%",SSEDecoded,0.001092,0,63.0782,183
4,0.1,92437,65244570,Posts,"%what%is%there",SSEDecoded,0.000873,0,56.0019,0
4,0.1,92437,65244570,Posts,"<p>We%try%",SSEDecoded,0.000729,0,55.5083,129
4,0.5,3381970,305571138,Comments,"Why do%you%?",SSEDecoded,0.000979,0,393.027,3633
4,0.5,3381970,305571138,Comments,"%do we%actually%",SSEDecoded,0.001175,0,460.675,16
4,0.5,3381970,305571138,Comments,"%why%C++%",SSEDecoded,0.001129,0,452.351,516
4,0.5,3381970,305571138,Comments,"%how is%this%",SSEDecoded,0.001168,0,476.104,582
4,0.5,3381970,305571138,Comments,"%cannot%.",SSEDecoded,0.00141,0,476.199,22806
4,0.5,700773,325065834,PostHistory,"%php%is%shit%",SSEDecoded,0.001781,0,350.865,8
4,0.5,700773,325065834,PostHistory,"I love%C++%but%",SSEDecoded,0.001465,0,309.357,1
4,0.5,700773,325065834,PostHistory,"%sometimes%know.",SSEDecoded,0.001259,0,309.004,1
4,0.5,700773,325065834,PostHistory,"%SELECT *%LIMIT 1%",SSEDecoded,0.001536,0,342.995,157
4,0.5,700773,325065834,PostHistory,"WITH RECURSIVE%SQL",SSEDecoded,0.001325,0,312.856,0
4,0.5,700773,325065834,PostHistory,"%define%then%double%",SSEDecoded,0.001846,0,353.603,81
4,0.5,464093,326942687,Posts,"<p>I have tried%",SSEDecoded,0.00102,0,303.172,261
4,0.5,464093,326942687,Posts,"%cannot%fathom%C++%",SSEDecoded,0.00183,0,341.438,0
4,0.5,464093,326942687,Posts,"%why%happening%",SSEDecoded,0.001139,0,319.135,974
4,0.5,464093,326942687,Posts,"%what%is%there",SSEDecoded,0.001076,0,288.222,0
4,0.5,464093,326942687,Posts,"<p>We%try%",SSEDecoded,0.001135,0,289.359,676
4,1,6763320,618860378,Comments,"Why do%you%?",SSEDecoded,0.001274,0,792.051,7364
4,1,6763320,618860378,Comments,"%do we%actually%",SSEDecoded,0.001326,0,925.478,35
4,1,6763320,618860378,Comments,"%why%C++%",SSEDecoded,0.001441,0,922.463,1060
4,1,6763320,618860378,Comments,"%how is%this%",SSEDecoded,0.001234,0,967.1,1198
4,1,6763320,618860378,Comments,"%cannot%.",SSEDecoded,0.001102,0,957.397,45380
4,1,1402633,655946812,PostHistory,"%php%is%shit%",SSEDecoded,0.001784,0,692.18,13
4,1,1402633,655946812,PostHistory,"I love%C++%but%",SSEDecoded,0.002037,0,580.125,1
4,1,1402633,655946812,PostHistory,"%sometimes%know.",SSEDecoded,0.001585,0,584.741,3
4,1,1402633,655946812,PostHistory,"%SELECT *%LIMIT 1%",SSEDecoded,0.002085,0,648.718,309
4,1,1402633,655946812,PostHistory,"WITH RECURSIVE%SQL",SSEDecoded,0.001055,0,580.464,0
4,1,1402633,655946812,PostHistory,"%define%then%double%",SSEDecoded,0.001943,0,683.186,176
4,1,927644,659166886,Posts,"<p>I have tried%",SSEDecoded,0.001195,0,592.36,516
4,1,927644,659166886,Posts,"%cannot%fathom%C++%",SSEDecoded,0.001731,0,683.739,0
4,1,927644,659166886,Posts,"%why%happening%",SSEDecoded,0.001716,0,665.111,1910
4,1,927644,659166886,Posts,"%what%is%there",SSEDecoded,0.001448,0,594.496,0
4,1,927644,659166886,Posts,"<p>We%try%",SSEDecoded,0.002099,0,570.475,1415
4,5,33828344,3082980466,Comments,"Why do%you%?",SSEDecoded,0.001465,0,4075.63,37146
4,5,33828344,3082980466,Comments,"%do we%actually%",SSEDecoded,0.001363,0,4749.16,193
4,5,33828344,3082980466,Comments,"%why%C++%",SSEDecoded,0.001547,0,4683.17,5007
4,5,33828344,3082980466,Comments,"%how is%this%",SSEDecoded,0.0016,0,4811.03,5898
4,5,33828344,3082980466,Comments,"%cannot%.",SSEDecoded,0.001805,0,4650.34,228138
4,5,7011291,3260900860,PostHistory,"%php%is%shit%",SSEDecoded,0.002087,0,3345.32,58
4,5,7011291,3260900860,PostHistory,"I love%C++%but%",SSEDecoded,0.001408,0,3026.94,1
4,5,7011291,3260900860,PostHistory,"%sometimes%know.",SSEDecoded,0.001352,0,2930.53,17
4,5,7011291,3260900860,PostHistory,"%SELECT *%LIMIT 1%",SSEDecoded,0.001619,0,3336.92,1489
4,5,7011291,3260900860,PostHistory,"WITH RECURSIVE%SQL",SSEDecoded,0.001518,0,2981,0
4,5,7011291,3260900860,PostHistory,"%define%then%double%",SSEDecoded,0.001773,0,3396.65,796
4,5,4636953,3187168332,Posts,"<p>I have tried%",SSEDecoded,0.001463,0,2849.58,2821
4,5,4636953,3187168332,Posts,"%cannot%fathom%C++%",SSEDecoded,0.001993,0,3295.72,0
4,5,4636953,3187168332,Posts,"%why%happening%",SSEDecoded,0.001683,0,3168.02,9735
4,5,4636953,3187168332,Posts,"%what%is%there",SSEDecoded,0.001822,0,2890.2,0
4,5,4636953,3187168332,Posts,"<p>We%try%",SSEDecoded,0.001414,0,2806.22,7244
4,10,67660687,6184930096,Comments,"Why do%you%?",SSEDecoded,0.001514,0,8341.28,74121
4,10,67660687,6184930096,Comments,"%do we%actually%",SSEDecoded,0.001701,0,9612.71,421
4,10,67660687,6184930096,Comments,"%why%C++%",SSEDecoded,0.001547,0,9573.12,10167
4,10,67660687,6184930096,Comments,"%how is%this%",SSEDecoded,0.00153,0,9635.03,11818
4,10,67660687,6184930096,Comments,"%cannot%.",SSEDecoded,0.001924,0,9430.63,456260
4,10,14020516,6464378912,PostHistory,"%php%is%shit%",SSEDecoded,0.001697,0,6591.36,116
4,10,14020516,6464378912,PostHistory,"I love%C++%but%",SSEDecoded,0.001803,0,5808.33,1
4,10,14020516,6464378912,PostHistory,"%sometimes%know.",SSEDecoded,0.001422,0,5845.15,34
4,10,14020516,6464378912,PostHistory,"%SELECT *%LIMIT 1%",SSEDecoded,0.00144,0,6442.65,2990
4,10,14020516,6464378912,PostHistory,"WITH RECURSIVE%SQL",SSEDecoded,0.001461,0,5825.66,0
4,10,14020516,6464378912,PostHistory,"%define%then%double%",SSEDecoded,0.002718,0,6683.22,1594
4,10,9274247,6467793801,Posts,"<p>I have tried%",SSEDecoded,0.001181,0,5935.75,5699
4,10,9274247,6467793801,Posts,"%cannot%fathom%C++%",SSEDecoded,0.002097,0,6769.48,1
4,10,9274247,6467793801,Posts,"%why%happening%",SSEDecoded,0.002111,0,6607.15,19419
4,10,9274247,6467793801,Posts,"%what%is%there",SSEDecoded,0.001274,0,5929.66,0
4,10,9274247,6467793801,Posts,"<p>We%try%",SSEDecoded,0.001641,0,5895.27,14417
4,50,70103102,32842104583,PostHistory,"%php%is%shit%",SSEDecoded,0.001947,0,33071.8,599
4,50,70103102,32842104583,PostHistory,"I love%C++%but%",SSEDecoded,0.001492,0,29162.1,15
4,50,70103102,32842104583,PostHistory,"%sometimes%know.",SSEDecoded,0.001295,0,29071.4,175
4,50,70103102,32842104583,PostHistory,"%SELECT *%LIMIT 1%",SSEDecoded,0.001537,0,32314,14908
4,50,70103102,32842104583,PostHistory,"WITH RECURSIVE%SQL",SSEDecoded,0.001032,0,29192,1
4,50,70103102,32842104583,PostHistory,"%define%then%double%",SSEDecoded,0.001874,0,33514.6,8042
4,50,46375197,33166382695,Posts,"<p>I have tried%",SSEDecoded,0.001385,0,28839.6,28497
4,50,46375197,33166382695,Posts,"%cannot%fathom%C++%",SSEDecoded,0.002489,0,32845.5,5
4,50,46375197,33166382695,Posts,"%why%happening%",SSEDecoded,0.002196,0,32361.4,97637
4,50,46375197,33166382695,Posts,"%what%is%there",SSEDecoded,0.001397,0,28819.1,0
4,50,46375197,33166382695,Posts,"<p>We%try%",SSEDecoded,0.001844,0,28913.2,71674
4,0.01,67548,6158512,Comments,"Why do%you%?",VectorScan,1.07342,0,11.5766,79
4,0.01,67548,6158512,Comments,"%do we%actually%",VectorScan,0.549764,0,14.2048,0
4,0.01,67548,6158512,Comments,"%why%C++%",VectorScan,0.534322,0,14.4802,12
4,0.01,67548,6158512,Comments,"%how is%this%",VectorScan,0.349985,0,14.6578,10
4,0.01,67548,6158512,Comments,"%cannot%.",VectorScan,0.486924,0,12.1485,461
4,0.01,13706,6214943,PostHistory,"%php%is%shit%",VectorScan,0.630092,0,7.51669,0
4,0.01,13706,6214943,PostHistory,"I love%C++%but%",VectorScan,0.513014,0,5.98892,0
4,0.01,13706,6214943,PostHistory,"%sometimes%know.",VectorScan,0.440998,0,7.40959,0
4,0.01,13706,6214943,PostHistory,"%SELECT *%LIMIT 1%",VectorScan,0.351994,0,7.47828,3
4,0.01,13706,6214943,PostHistory,"WITH RECURSIVE%SQL",VectorScan,0.50469,0,6.11332,0
4,0.01,13706,6214943,PostHistory,"%define%then%double%",VectorScan,0.576261,0,7.84833,2
4,0.01,9104,6453362,Posts,"<p>I have tried%",VectorScan,0.277229,0,6.53831,6
4,0.01,9104,6453362,Posts,"%cannot%fathom%C++%",VectorScan,0.514196,0,7.79612,0
4,0.01,9104,6453362,Posts,"%why%happening%",VectorScan,0.420671,0,7.40536,24
4,0.01,9104,6453362,Posts,"%what%is%there",VectorScan,0.726737,0,8.14469,0
4,0.01,9104,6453362,Posts,"<p>We%try%",VectorScan,0.336588,0,5.8539,19
4,0.05,338143,31244354,Comments,"Why do%you%?",VectorScan,0.594137,0,52.5169,332
4,0.05,338143,31244354,Comments,"%do we%actually%",VectorScan,0.416575,0,67.0812,3
4,0.05,338143,31244354,Comments,"%why%C++%",VectorScan,0.456018,0,67.0244,47
4,0.05,338143,31244354,Comments,"%how is%this%",VectorScan,0.324161,0,66.724,55
4,0.05,338143,31244354,Comments,"%cannot%.",VectorScan,0.487051,0,64.514,2205
4,0.05,69346,31203934,PostHistory,"%php%is%shit%",VectorScan,0.621287,0,36.4919,0
4,0.05,69346,31203934,PostHistory,"I love%C++%but%",VectorScan,0.532108,0,30.7248,0
4,0.05,69346,31203934,PostHistory,"%sometimes%know.",VectorScan,0.441951,0,36.4118,0
4,0.05,69346,31203934,PostHistory,"%SELECT *%LIMIT 1%",VectorScan,0.364166,0,35.8183,13
4,0.05,69346,31203934,PostHistory,"WITH RECURSIVE%SQL",VectorScan,0.505201,0,31.4225,0
4,0.05,69346,31203934,PostHistory,"%define%then%double%",VectorScan,0.540232,0,39.7091,5
4,0.05,46252,32527140,Posts,"<p>I have tried%",VectorScan,0.240563,0,29.6909,24
4,0.05,46252,32527140,Posts,"%cannot%fathom%C++%",VectorScan,0.524581,0,37.1593,0
4,0.05,46252,32527140,Posts,"%why%happening%",VectorScan,0.400258,0,36.0922,104
4,0.05,46252,32527140,Posts,"%what%is%there",VectorScan,0.664795,0,39.7735,0
4,0.05,46252,32527140,Posts,"<p>We%try%",VectorScan,0.349132,0,30.5286,62
4,0.1,676808,61789917,Comments,"Why do%you%?",VectorScan,0.568203,0,107.492,680
4,0.1,676808,61789917,Comments,"%do we%actually%",VectorScan,0.455003,0,133.271,4
4,0.1,676808,61789917,Comments,"%why%C++%",VectorScan,0.467054,0,134.744,88
4,0.1,676808,61789917,Comments,"%how is%this%",VectorScan,0.352571,0,133.535,111
4,0.1,676808,61789917,Comments,"%cannot%.",VectorScan,0.451441,0,127.914,4462
4,0.1,140045,64671224,PostHistory,"%php%is%shit%",VectorScan,0.595026,0,75.2829,1
4,0.1,140045,64671224,PostHistory,"I love%C++%but%",VectorScan,0.541568,0,62.6116,0
4,0.1,140045,64671224,PostHistory,"%sometimes%know.",VectorScan,0.461848,0,74.5149,0
4,0.1,140045,64671224,PostHistory,"%SELECT *%LIMIT 1%",VectorScan,0.400733,0,79.9146,29
4,0.1,140045,64671224,PostHistory,"WITH RECURSIVE%SQL",VectorScan,0.571605,0,65.7878,0
4,0.1,140045,64671224,PostHistory,"%define%then%double%",VectorScan,0.573336,0,84.1577,14
4,0.1,92437,65244570,Posts,"<p>I have tried%",VectorScan,0.290028,0,63.1066,48
4,0.1,92437,65244570,Posts,"%cannot%fathom%C++%",VectorScan,0.546377,0,76.2842,0
4,0.1,92437,65244570,Posts,"%why%happening%",VectorScan,0.422747,0,79.3897,183
4,0.1,92437,65244570,Posts,"%what%is%there",VectorScan,0.691706,0,80.787,0
4,0.1,92437,65244570,Posts,"<p>We%try%",VectorScan,0.357617,0,62.44,129
4,0.5,3381970,305571138,Comments,"Why do%you%?",VectorScan,0.639211,0,562.772,3633
4,0.5,3381970,305571138,Comments,"%do we%actually%",VectorScan,0.519883,0,697.839,16
4,0.5,3381970,305571138,Comments,"%why%C++%",VectorScan,0.588659,0,714.427,516
4,0.5,3381970,305571138,Comments,"%how is%this%",VectorScan,0.408035,0,715.589,582
4,0.5,3381970,305571138,Comments,"%cannot%.",VectorScan,0.548613,0,630.157,22806
4,0.5,700773,325065834,PostHistory,"%php%is%shit%",VectorScan,0.666924,0,396.26,8
4,0.5,700773,325065834,PostHistory,"I love%C++%but%",VectorScan,0.674019,0,329.148,1
4,0.5,700773,325065834,PostHistory,"%sometimes%know.",VectorScan,0.545109,0,394.04,1
4,0.5,700773,325065834,PostHistory,"%SELECT *%LIMIT 1%",VectorScan,0.425471,0,384.314,157
4,0.5,700773,325065834,PostHistory,"WITH RECURSIVE%SQL",VectorScan,0.579971,0,329.458,0
4,0.5,700773,325065834,PostHistory,"%define%then%double%",VectorScan,0.600361,0,414.528,81
4,0.5,464093,326942687,Posts,"<p>I have tried%",VectorScan,0.329684,0,308.783,261
4,0.5,464093,326942687,Posts,"%cannot%fathom%C++%",VectorScan,0.56727,0,375.169,0
4,0.5,464093,326942687,Posts,"%why%happening%",VectorScan,0.461856,0,385.543,974
4,0.5,464093,326942687,Posts,"%what%is%there",VectorScan,0.760804,0,416.603,0
4,0.5,464093,326942687,Posts,"<p>We%try%",VectorScan,0.403108,0,325.281,676
4,1,6763320,618860378,Comments,"Why do%you%?",VectorScan,0.682034,0,1142.67,7364
4,1,6763320,618860378,Comments,"%do we%actually%",VectorScan,0.535856,0,1390.54,35
4,1,6763320,618860378,Comments,"%why%C++%",VectorScan,0.614081,0,1351.28,1060
4,1,6763320,618860378,Comments,"%how is%this%",VectorScan,0.427942,0,1361.93,1198
4,1,6763320,618860378,Comments,"%cannot%.",VectorScan,0.545872,0,1269.74,45380
4,1,1402633,655946812,PostHistory,"%php%is%shit%",VectorScan,0.687618,0,831.737,13
4,1,1402633,655946812,PostHistory,"I love%C++%but%",VectorScan,0.687479,0,683.27,1
4,1,1402633,655946812,PostHistory,"%sometimes%know.",VectorScan,0.602675,0,806.007,3
4,1,1402633,655946812,PostHistory,"%SELECT *%LIMIT 1%",VectorScan,0.448186,0,758.709,309
4,1,1402633,655946812,PostHistory,"WITH RECURSIVE%SQL",VectorScan,0.606421,0,636.57,0
4,1,1402633,655946812,PostHistory,"%define%then%double%",VectorScan,0.575544,0,816.782,176
4,1,927644,659166886,Posts,"<p>I have tried%",VectorScan,0.291563,0,611.856,516
4,1,927644,659166886,Posts,"%cannot%fathom%C++%",VectorScan,0.579017,0,781.574,0
4,1,927644,659166886,Posts,"%why%happening%",VectorScan,0.509444,0,794.403,1910
4,1,927644,659166886,Posts,"%what%is%there",VectorScan,0.845843,0,823.733,0
4,1,927644,659166886,Posts,"<p>We%try%",VectorScan,0.450234,0,606.574,1415
4,5,33828344,3082980466,Comments,"Why do%you%?",VectorScan,0.657671,0,5627.21,37146
4,5,33828344,3082980466,Comments,"%do we%actually%",VectorScan,0.521911,0,6929.72,193
4,5,33828344,3082980466,Comments,"%why%C++%",VectorScan,0.592266,0,6878.43,5007
4,5,33828344,3082980466,Comments,"%how is%this%",VectorScan,0.456607,0,6996.51,5898
4,5,33828344,3082980466,Comments,"%cannot%.",VectorScan,0.617696,0,6303.64,228138
4,5,7011291,3260900860,PostHistory,"%php%is%shit%",VectorScan,0.677661,0,4024.55,58
4,5,7011291,3260900860,PostHistory,"I love%C++%but%",VectorScan,0.661338,0,3248.75,1
4,5,7011291,3260900860,PostHistory,"%sometimes%know.",VectorScan,0.630766,0,3966.37,17
4,5,7011291,3260900860,PostHistory,"%SELECT *%LIMIT 1%",VectorScan,0.48432,0,3884.62,1489
4,5,7011291,3260900860,PostHistory,"WITH RECURSIVE%SQL",VectorScan,0.704217,0,3181.36,0
4,5,7011291,3260900860,PostHistory,"%define%then%double%",VectorScan,0.620489,0,4191.09,796
4,5,4636953,3187168332,Posts,"<p>I have tried%",VectorScan,0.33884,0,3061.45,2821
4,5,4636953,3187168332,Posts,"%cannot%fathom%C++%",VectorScan,0.631711,0,3708.81,0
4,5,4636953,3187168332,Posts,"%why%happening%",VectorScan,0.576894,0,3863.33,9735
4,5,4636953,3187168332,Posts,"%what%is%there",VectorScan,0.869671,0,3945.35,0
4,5,4636953,3187168332,Posts,"<p>We%try%",VectorScan,0.43741,0,3128.59,7244
4,10,67660687,6184930096,Comments,"Why do%you%?",VectorScan,0.764859,0,11298.6,74121
4,10,67660687,6184930096,Comments,"%do we%actually%",VectorScan,0.583986,0,14030.7,421
4,10,67660687,6184930096,Comments,"%why%C++%",VectorScan,0.628983,0,13957.1,10167
4,10,67660687,6184930096,Comments,"%how is%this%",VectorScan,0.472068,0,14148.7,11818
4,10,67660687,6184930096,Comments,"%cannot%.",VectorScan,0.623855,0,12748.5,456260
4,10,14020516,6464378912,PostHistory,"%php%is%shit%",VectorScan,0.73561,0,7852.75,116
4,10,14020516,6464378912,PostHistory,"I love%C++%but%",VectorScan,0.719857,0,6501.64,1
4,10,14020516,6464378912,PostHistory,"%sometimes%know.",VectorScan,0.620673,0,7838.69,34
4,10,14020516,6464378912,PostHistory,"%SELECT *%LIMIT 1%",VectorScan,0.521515,0,7642.67,2990
4,10,14020516,6464378912,PostHistory,"WITH RECURSIVE%SQL",VectorScan,0.643088,0,6380.47,0
4,10,14020516,6464378912,PostHistory,"%define%then%double%",VectorScan,0.624476,0,8355.81,1594
4,10,9274247,6467793801,Posts,"<p>I have tried%",VectorScan,0.33695,0,6371.19,5699
4,10,9274247,6467793801,Posts,"%cannot%fathom%C++%",VectorScan,0.644638,0,7751.48,1
4,10,9274247,6467793801,Posts,"%why%happening%",VectorScan,0.552661,0,7801.42,19419
4,10,9274247,6467793801,Posts,"%what%is%there",VectorScan,0.803229,0,8130.86,0
4,10,9274247,6467793801,Posts,"<p>We%try%",VectorScan,0.469667,0,6271.58,14417
4,50,70103102,32842104583,PostHistory,"%php%is%shit%",VectorScan,0.680255,0,39166.6,599
4,50,70103102,32842104583,PostHistory,"I love%C++%but%",VectorScan,0.697897,0,32295.4,15
4,50,70103102,32842104583,PostHistory,"%sometimes%know.",VectorScan,0.582756,0,39085,175
4,50,70103102,32842104583,PostHistory,"%SELECT *%LIMIT 1%",VectorScan,0.528509,0,38427.2,14908
4,50,70103102,32842104583,PostHistory,"WITH RECURSIVE%SQL",VectorScan,0.638347,0,32157.9,1
4,50,70103102,32842104583,PostHistory,"%define%then%double%",VectorScan,0.63895,0,41292.4,8042
4,50,46375197,33166382695,Posts,"<p>I have tried%",VectorScan,0.341514,0,31127.1,28497
4,50,46375197,33166382695,Posts,"%cannot%fathom%C++%",VectorScan,0.596306,0,37511.8,5
4,50,46375197,33166382695,Posts,"%why%happening%",VectorScan,0.561114,0,38155.5,97637
4,50,46375197,33166382695,Posts,"%what%is%there",VectorScan,0.893533,0,40272.9,1
4,50,46375197,33166382695,Posts,"<p>We%try%",VectorScan,0.468058,0,30800,71674
5,0.01,67548,6158512,Comments,"Why do%you%?",InMemory,0.037921,0.000111,1.29028,79
5,0.01,67548,6158512,Comments,"%do we%actually%",InMemory,0.071759,2.7e-05,89.7791,0
5,0.01,67548,6158512,Comments,"%why%C++%",InMemory,0.025719,4.1e-05,69.4222,12
5,0.01,67548,6158512,Comments,"%how is%this%",InMemory,0.055167,2.1e-05,85.3793,10
5,0.01,67548,6158512,Comments,"%cannot%.",InMemory,0.019244,1.6e-05,36.1812,460
5,0.01,13706,6214943,PostHistory,"%php%is%shit%",InMemory,0.039957,5e-05,55.3406,0
5,0.01,13706,6214943,PostHistory,"I love%C++%but%",InMemory,0.029278,2e-05,0.42386,0
5,0.01,13706,6214943,PostHistory,"%sometimes%know.",InMemory,0.0326,1.7e-05,0.202032,0
5,0.01,13706,6214943,PostHistory,"%SELECT *%LIMIT 1%",InMemory,0.026127,3.5e-05,49.8275,3
5,0.01,13706,6214943,PostHistory,"WITH RECURSIVE%SQL",InMemory,0.020186,1.8e-05,0.172073,0
5,0.01,13706,6214943,PostHistory,"%define%then%double%",InMemory,0.066507,2.7e-05,106.406,2
5,0.01,9104,6453362,Posts,"<p>I have tried%",InMemory,0.009182,2.1e-05,0.379341,6
5,0.01,9104,6453362,Posts,"%cannot%fathom%C++%",InMemory,0.057161,3.2e-05,95.9714,0
5,0.01,9104,6453362,Posts,"%why%happening%",InMemory,0.039395,2e-05,88.1039,24
5,0.01,9104,6453362,Posts,"%what%is%there",InMemory,0.042266,1.9e-05,0.195249,0
5,0.01,9104,6453362,Posts,"<p>We%try%",InMemory,0.023426,1.5e-05,0.917771,19
5,0.05,338143,31244354,Comments,"Why do%you%?",InMemory,0.016044,3.9e-05,5.79389,332
5,0.05,338143,31244354,Comments,"%do we%actually%",InMemory,0.057163,3.1e-05,456.342,3
5,0.05,338143,31244354,Comments,"%why%C++%",InMemory,0.021526,2e-05,383.23,47
5,0.05,338143,31244354,Comments,"%how is%this%",InMemory,0.051552,1.6e-05,563.725,55
5,0.05,338143,31244354,Comments,"%cannot%.",InMemory,0.032802,2e-05,284.065,2204
5,0.05,69346,31203934,PostHistory,"%php%is%shit%",InMemory,0.047998,1.9e-05,335.722,0
5,0.05,69346,31203934,PostHistory,"I love%C++%but%",InMemory,0.021627,1.9e-05,2.24179,0
5,0.05,69346,31203934,PostHistory,"%sometimes%know.",InMemory,0.033555,1.8e-05,2.3217,0
5,0.05,69346,31203934,PostHistory,"%SELECT *%LIMIT 1%",InMemory,0.026332,2.7e-05,340.857,13
5,0.05,69346,31203934,PostHistory,"WITH RECURSIVE%SQL",InMemory,0.018578,2e-05,1.22975,0
5,0.05,69346,31203934,PostHistory,"%define%then%double%",InMemory,0.070845,1.9e-05,501.441,5
5,0.05,46252,32527140,Posts,"<p>I have tried%",InMemory,0.014247,1.4e-05,1.82811,24
5,0.05,46252,32527140,Posts,"%cannot%fathom%C++%",InMemory,0.054882,1.6e-05,458.529,0
5,0.05,46252,32527140,Posts,"%why%happening%",InMemory,0.045339,1.9e-05,354.703,104
5,0.05,46252,32527140,Posts,"%what%is%there",InMemory,0.042964,2.1e-05,2.63198,0
5,0.05,46252,32527140,Posts,"<p>We%try%",InMemory,0.030052,3.2e-05,5.93014,62
5,0.1,676808,61789917,Comments,"Why do%you%?",InMemory,0.021098,2e-05,13.0181,680
5,0.1,676808,61789917,Comments,"%do we%actually%",InMemory,0.075919,3.3e-05,919.807,4
5,0.1,676808,61789917,Comments,"%why%C++%",InMemory,0.022223,1.5e-05,700.379,88
5,0.1,676808,61789917,Comments,"%how is%this%",InMemory,0.045912,1.9e-05,1105.15,111
5,0.1,676808,61789917,Comments,"%cannot%.",InMemory,0.031255,1.4e-05,483.688,4459
5,0.1,140045,64671224,PostHistory,"%php%is%shit%",InMemory,0.053736,3.5e-05,736.411,1
5,0.1,140045,64671224,PostHistory,"I love%C++%but%",InMemory,0.023372,2.1e-05,4.83415,0
5,0.1,140045,64671224,PostHistory,"%sometimes%know.",InMemory,0.039193,2.2e-05,5.48446,0
5,0.1,140045,64671224,PostHistory,"%SELECT *%LIMIT 1%",InMemory,0.027653,1.7e-05,697.776,29
5,0.1,140045,64671224,PostHistory,"WITH RECURSIVE%SQL",InMemory,0.021528,1.6e-05,4.09645,0
5,0.1,140045,64671224,PostHistory,"%define%then%double%",InMemory,0.061703,2.6e-05,721.231,14
5,0.1,92437,65244570,Posts,"<p>I have tried%",InMemory,0.014865,5e-05,3.51945,48
5,0.1,92437,65244570,Posts,"%cannot%fathom%C++%",InMemory,0.045723,2.7e-05,586.228,0
5,0.1,92437,65244570,Posts,"%why%happening%",InMemory,0.047689,3.5e-05,852.193,183
5,0.1,92437,65244570,Posts,"%what%is%there",InMemory,0.041791,9.6e-05,5.38786,0
5,0.1,92437,65244570,Posts,"<p>We%try%",InMemory,0.033522,3.1e-05,12.6611,129
5,0.5,3381970,305571138,Comments,"Why do%you%?",InMemory,0.020444,4e-05,58.4806,3633
5,0.5,3381970,305571138,Comments,"%do we%actually%",InMemory,0.069156,2.2e-05,5083.16,16
5,0.5,3381970,305571138,Comments,"%why%C++%",InMemory,0.029875,2e-05,3517.52,516
5,0.5,3381970,305571138,Comments,"%how is%this%",InMemory,0.07549,0.000107,5060.62,581
5,0.5,3381970,305571138,Comments,"%cannot%.",InMemory,0.024385,0.000107,1515.98,22793
5,0.5,700773,325065834,PostHistory,"%php%is%shit%",InMemory,0.062697,0.000104,3937.56,8
5,0.5,700773,325065834,PostHistory,"I love%C++%but%",InMemory,0.032998,0.000109,22.8644,1
5,0.5,700773,325065834,PostHistory,"%sometimes%know.",InMemory,0.050697,2.2e-05,27.0369,1
5,0.5,700773,325065834,PostHistory,"%SELECT *%LIMIT 1%",InMemory,0.030912,1.7e-05,3368.29,157
5,0.5,700773,325065834,PostHistory,"WITH RECURSIVE%SQL",InMemory,0.021652,9.7e-05,21.8609,0
5,0.5,700773,325065834,PostHistory,"%define%then%double%",InMemory,0.05947,1.5e-05,5123.41,81
5,0.5,464093,326942687,Posts,"<p>I have tried%",InMemory,0.016625,0.000105,17.5434,261
5,0.5,464093,326942687,Posts,"%cannot%fathom%C++%",InMemory,0.062392,1.6e-05,3717.33,0
5,0.5,464093,326942687,Posts,"%why%happening%",InMemory,0.045248,9.2e-05,4457.43,968
5,0.5,464093,326942687,Posts,"%what%is%there",InMemory,0.058114,0.000103,24.5861,0
5,0.5,464093,326942687,Posts,"<p>We%try%",InMemory,0.031301,2.2e-05,63.4623,676
5,1,6763320,618860378,Comments,"Why do%you%?",InMemory,0.024375,4.1e-05,121.909,7364
5,1,6763320,618860378,Comments,"%do we%actually%",InMemory,0.055526,1.9e-05,6929.73,35
5,1,6763320,618860378,Comments,"%why%C++%",InMemory,0.031582,0.000102,7930.67,1060
5,1,6763320,618860378,Comments,"%how is%this%",InMemory,0.0678,0.0001,11399,1198
5,1,6763320,618860378,Comments,"%cannot%.",InMemory,0.032739,0.000107,5218.44,45360
5,1,1402633,655946812,PostHistory,"%php%is%shit%",InMemory,0.060078,0.000104,8443.63,13
5,1,1402633,655946812,PostHistory,"I love%C++%but%",InMemory,0.028226,0.000104,45.9264,1
5,1,1402633,655946812,PostHistory,"%sometimes%know.",InMemory,0.041315,2e-05,48.8468,3
5,1,1402633,655946812,PostHistory,"%SELECT *%LIMIT 1%",InMemory,0.032335,1.7e-05,6697.75,309
5,1,1402633,655946812,PostHistory,"WITH RECURSIVE%SQL",InMemory,0.025825,0.000106,44.591,0
5,1,1402633,655946812,PostHistory,"%define%then%double%",InMemory,0.065655,2.1e-05,11587.8,176
5,1,927644,659166886,Posts,"<p>I have tried%",InMemory,0.014698,0.000106,35.7473,516
5,1,927644,659166886,Posts,"%cannot%fathom%C++%",InMemory,0.059997,2.1e-05,10960.4,0
5,1,927644,659166886,Posts,"%why%happening%",InMemory,0.052005,0.000107,7749.24,1899
5,1,927644,659166886,Posts,"%what%is%there",InMemory,0.051613,0.000106,49.7119,0
5,1,927644,659166886,Posts,"<p>We%try%",InMemory,0.026815,1.9e-05,137.283,1414
5,5,33828344,3082980466,Comments,"Why do%you%?",InMemory,0.025859,2.3e-05,617.284,37146
5,5,33828344,3082980466,Comments,"%do we%actually%",InMemory,0.056314,2.1e-05,34012.2,192
5,5,33828344,3082980466,Comments,"%why%C++%",InMemory,0.032291,9.4e-05,39839.4,5007
5,5,33828344,3082980466,Comments,"%how is%this%",InMemory,0.058943,8.7e-05,50387.7,5896
5,5,33828344,3082980466,Comments,"%cannot%.",InMemory,0.045971,0.000106,22331.9,228112
5,5,7011291,3260900860,PostHistory,"%php%is%shit%",InMemory,0.051305,9.9e-05,34956,58
5,5,7011291,3260900860,PostHistory,"I love%C++%but%",InMemory,0.031199,0.000103,228.359,1
5,5,7011291,3260900860,PostHistory,"%sometimes%know.",InMemory,0.057237,2.1e-05,249.687,17
5,5,7011291,3260900860,PostHistory,"%SELECT *%LIMIT 1%",InMemory,0.033961,2.1e-05,33346.4,1489
5,5,7011291,3260900860,PostHistory,"WITH RECURSIVE%SQL",InMemory,0.024673,0.000306,221.146,0
5,5,7011291,3260900860,PostHistory,"%define%then%double%",InMemory,0.064057,2.2e-05,51872,794
5,5,4636953,3187168332,Posts,"<p>I have tried%",InMemory,0.015557,9.8e-05,170.321,2821
5,5,4636953,3187168332,Posts,"%cannot%fathom%C++%",InMemory,0.063273,2.1e-05,49157.7,0
5,5,4636953,3187168332,Posts,"%why%happening%",InMemory,0.045883,0.000101,40256,9667
5,5,4636953,3187168332,Posts,"%what%is%there",InMemory,0.05309,0.000103,279.07,0
5,5,4636953,3187168332,Posts,"<p>We%try%",InMemory,0.034695,1.5e-05,539.261,7238
5,10,67660687,6184930096,Comments,"Why do%you%?",InMemory,0.026942,0.000107,1158.21,74121
5,10,67660687,6184930096,Comments,"%do we%actually%",InMemory,0.077697,2.2e-05,97224.7,420
5,10,67660687,6184930096,Comments,"%why%C++%",InMemory,0.034138,9e-05,78731.9,10167
5,10,67660687,6184930096,Comments,"%how is%this%",InMemory,0.055331,9.7e-05,110652,11812
5,10,67660687,6184930096,Comments,"%cannot%.",InMemory,0.04425,0.000101,53531.4,456139
5,10,14020516,6464378912,PostHistory,"%php%is%shit%",InMemory,0.063856,0.000102,85389.4,116
5,10,14020516,6464378912,PostHistory,"I love%C++%but%",InMemory,0.029324,0.000102,462.749,1
5,10,14020516,6464378912,PostHistory,"%sometimes%know.",InMemory,0.055698,2.2e-05,525.41,34
5,10,14020516,6464378912,PostHistory,"%SELECT *%LIMIT 1%",InMemory,0.047183,2.2e-05,63159,2990
5,10,14020516,6464378912,PostHistory,"WITH RECURSIVE%SQL",InMemory,0.022227,9.8e-05,446.364,0
5,10,14020516,6464378912,PostHistory,"%define%then%double%",InMemory,0.065383,1.5e-05,96578,1588
5,10,9274247,6467793801,Posts,"<p>I have tried%",InMemory,0.018335,0.000105,352.947,5699
5,10,9274247,6467793801,Posts,"%cannot%fathom%C++%",InMemory,0.063266,4.2e-05,93475.3,1
5,10,9274247,6467793801,Posts,"%why%happening%",InMemory,0.051717,0.000105,76624.5,19361
5,10,9274247,6467793801,Posts,"%what%is%there",InMemory,0.049049,0.000104,321.215,0
5,10,9274247,6467793801,Posts,"<p>We%try%",InMemory,0.037889,7.4e-05,1122.51,14408
5,50,70103102,32842104583,PostHistory,"%php%is%shit%",InMemory,0.060456,0.000102,392032,598
5,50,70103102,32842104583,PostHistory,"I love%C++%but%",InMemory,0.033169,0.000121,2277.49,15
5,50,70103102,32842104583,PostHistory,"%sometimes%know.",InMemory,0.051708,0.000101,2510.7,175
5,50,70103102,32842104583,PostHistory,"%SELECT *%LIMIT 1%",InMemory,0.038444,0.0001,317886,14908
5,50,70103102,32842104583,PostHistory,"WITH RECURSIVE%SQL",InMemory,0.022226,9.8e-05,2293.34,1
5,50,70103102,32842104583,PostHistory,"%define%then%double%",InMemory,0.073603,9.1e-05,501130,7993
5,50,46375197,33166382695,Posts,"<p>I have tried%",InMemory,0.014879,9.8e-05,1746.44,28497
5,50,46375197,33166382695,Posts,"%cannot%fathom%C++%",InMemory,0.061735,2.1e-05,456090,5
5,50,46375197,33166382695,Posts,"%why%happening%",InMemory,0.052573,0.000102,376803,97325
5,50,46375197,33166382695,Posts,"%what%is%there",InMemory,0.044684,0.0001,2478.93,0
5,50,46375197,33166382695,Posts,"<p>We%try%",InMemory,0.039882,0.000104,7012.72,71674
5,0.01,67548,6158512,Comments,"Why do%you%?",SSELLVMCompiled,0.037398,27.1327,1.03262,79
5,0.01,67548,6158512,Comments,"%do we%actually%",SSELLVMCompiled,0.076246,35.0588,3.11399,0
5,0.01,67548,6158512,Comments,"%why%C++%",SSELLVMCompiled,0.041946,25.9664,3.65818,12
5,0.01,67548,6158512,Comments,"%how is%this%",SSELLVMCompiled,0.076947,32.5951,4.82097,10
5,0.01,67548,6158512,Comments,"%cannot%.",SSELLVMCompiled,0.030425,24.0368,2.13626,460
5,0.01,13706,6214943,PostHistory,"%php%is%shit%",SSELLVMCompiled,0.065418,34.4729,2.17247,0
5,0.01,13706,6214943,PostHistory,"I love%C++%but%",SSELLVMCompiled,0.036948,26.7982,0.401553,0
5,0.01,13706,6214943,PostHistory,"%sometimes%know.",SSELLVMCompiled,0.046376,29.947,0.384723,0
5,0.01,13706,6214943,PostHistory,"%SELECT *%LIMIT 1%",SSELLVMCompiled,0.035377,25.1089,1.14637,3
5,0.01,13706,6214943,PostHistory,"WITH RECURSIVE%SQL",SSELLVMCompiled,0.02277,12.7582,0.288112,0
5,0.01,13706,6214943,PostHistory,"%define%then%double%",SSELLVMCompiled,0.102783,47.7276,3.65193,2
5,0.01,9104,6453362,Posts,"<p>I have tried%",SSELLVMCompiled,0.011384,9.4324,0.243138,6
5,0.01,9104,6453362,Posts,"%cannot%fathom%C++%",SSELLVMCompiled,0.086438,42.6643,3.45032,0
5,0.01,9104,6453362,Posts,"%why%happening%",SSELLVMCompiled,0.051506,35.32,2.24974,24
5,0.01,9104,6453362,Posts,"%what%is%there",SSELLVMCompiled,0.070345,41.4405,0.294476,0
5,0.01,9104,6453362,Posts,"<p>We%try%",SSELLVMCompiled,0.03303,18.618,0.300155,19
5,0.05,338143,31244354,Comments,"Why do%you%?",SSELLVMCompiled,0.021519,23.7071,4.24078,332
5,0.05,338143,31244354,Comments,"%do we%actually%",SSELLVMCompiled,0.077117,34.7882,15.8495,3
5,0.05,338143,31244354,Comments,"%why%C++%",SSELLVMCompiled,0.031556,23.6626,18.389,47
5,0.05,338143,31244354,Comments,"%how is%this%",SSELLVMCompiled,0.073402,26.8705,23.8049,55
5,0.05,338143,31244354,Comments,"%cannot%.",SSELLVMCompiled,0.041153,26.15,12.1385,2204
5,0.05,69346,31203934,PostHistory,"%php%is%shit%",SSELLVMCompiled,0.064954,37.2612,10.2107,0
5,0.05,69346,31203934,PostHistory,"I love%C++%but%",SSELLVMCompiled,0.024533,24.7798,1.57757,0
5,0.05,69346,31203934,PostHistory,"%sometimes%know.",SSELLVMCompiled,0.04628,29.4681,2.0522,0
5,0.05,69346,31203934,PostHistory,"%SELECT *%LIMIT 1%",SSELLVMCompiled,0.040393,24.106,5.79295,13
5,0.05,69346,31203934,PostHistory,"WITH RECURSIVE%SQL",SSELLVMCompiled,0.020848,12.0878,1.38778,0
5,0.05,69346,31203934,PostHistory,"%define%then%double%",SSELLVMCompiled,0.082782,41.0389,18.5351,5
5,0.05,46252,32527140,Posts,"<p>I have tried%",SSELLVMCompiled,0.013036,9.11098,1.1682,24
5,0.05,46252,32527140,Posts,"%cannot%fathom%C++%",SSELLVMCompiled,0.064725,39.615,14.3252,0
5,0.05,46252,32527140,Posts,"%why%happening%",SSELLVMCompiled,0.062924,32.493,8.58167,104
5,0.05,46252,32527140,Posts,"%what%is%there",SSELLVMCompiled,0.052543,36.2495,1.52285,0
5,0.05,46252,32527140,Posts,"<p>We%try%",SSELLVMCompiled,0.041653,20.2781,1.74672,62
5,0.1,676808,61789917,Comments,"Why do%you%?",SSELLVMCompiled,0.026745,23.7404,8.79112,680
5,0.1,676808,61789917,Comments,"%do we%actually%",SSELLVMCompiled,0.088509,36.4065,48.2158,4
5,0.1,676808,61789917,Comments,"%why%C++%",SSELLVMCompiled,0.032976,22.7398,23.3149,88
5,0.1,676808,61789917,Comments,"%how is%this%",SSELLVMCompiled,0.057876,27.3176,52.8049,111
5,0.1,676808,61789917,Comments,"%cannot%.",SSELLVMCompiled,0.041351,24.7389,23.666,4459
5,0.1,140045,64671224,PostHistory,"%php%is%shit%",SSELLVMCompiled,0.057118,36.1454,20.7884,1
5,0.1,140045,64671224,PostHistory,"I love%C++%but%",SSELLVMCompiled,0.028454,22.5839,3.96482,0
5,0.1,140045,64671224,PostHistory,"%sometimes%know.",SSELLVMCompiled,0.048347,33.666,4.06309,0
5,0.1,140045,64671224,PostHistory,"%SELECT *%LIMIT 1%",SSELLVMCompiled,0.038076,24.6637,12.0676,29
5,0.1,140045,64671224,PostHistory,"WITH RECURSIVE%SQL",SSELLVMCompiled,0.021086,12.1738,3.07951,0
5,0.1,140045,64671224,PostHistory,"%define%then%double%",SSELLVMCompiled,0.071605,39.1527,21.2008,14
5,0.1,92437,65244570,Posts,"<p>I have tried%",SSELLVMCompiled,0.014339,9.34598,2.27997,48
5,0.1,92437,65244570,Posts,"%cannot%fathom%C++%",SSELLVMCompiled,0.05149,33.7343,8.50917,0
5,0.1,92437,65244570,Posts,"%why%happening%",SSELLVMCompiled,0.049847,31.1267,19.1667,183
5,0.1,92437,65244570,Posts,"%what%is%there",SSELLVMCompiled,0.064341,38.8896,3.09902,0
5,0.1,92437,65244570,Posts,"<p>We%try%",SSELLVMCompiled,0.044685,15.2013,3.58367,129
5,0.5,3381970,305571138,Comments,"Why do%you%?",SSELLVMCompiled,0.022233,22.6856,39.4458,3633
5,0.5,3381970,305571138,Comments,"%do we%actually%",SSELLVMCompiled,0.077497,31.9369,160.215,16
5,0.5,3381970,305571138,Comments,"%why%C++%",SSELLVMCompiled,0.031812,22.974,180.869,516
5,0.5,3381970,305571138,Comments,"%how is%this%",SSELLVMCompiled,0.070734,29.5146,207.759,581
5,0.5,3381970,305571138,Comments,"%cannot%.",SSELLVMCompiled,0.024365,24.3804,91.284,22793
5,0.5,700773,325065834,PostHistory,"%php%is%shit%",SSELLVMCompiled,0.061945,36.4581,135.183,8
5,0.5,700773,325065834,PostHistory,"I love%C++%but%",SSELLVMCompiled,0.029047,26.4942,19.6665,1
5,0.5,700773,325065834,PostHistory,"%sometimes%know.",SSELLVMCompiled,0.056572,33.6969,20.2321,1
5,0.5,700773,325065834,PostHistory,"%SELECT *%LIMIT 1%",SSELLVMCompiled,0.038457,23.8925,58.1093,157
5,0.5,700773,325065834,PostHistory,"WITH RECURSIVE%SQL",SSELLVMCompiled,0.021892,12.138,15.7312,0
5,0.5,700773,325065834,PostHistory,"%define%then%double%",SSELLVMCompiled,0.067433,38.8963,113.788,81
5,0.5,464093,326942687,Posts,"<p>I have tried%",SSELLVMCompiled,0.013399,9.32316,11.5613,261
5,0.5,464093,326942687,Posts,"%cannot%fathom%C++%",SSELLVMCompiled,0.065016,36.5107,63.9021,0
5,0.5,464093,326942687,Posts,"%why%happening%",SSELLVMCompiled,0.052562,30.6514,99.932,968
5,0.5,464093,326942687,Posts,"%what%is%there",SSELLVMCompiled,0.059232,38.9607,15.342,0
5,0.5,464093,326942687,Posts,"<p>We%try%",SSELLVMCompiled,0.041101,21.3641,16.9684,676
5,1,6763320,618860378,Comments,"Why do%you%?",SSELLVMCompiled,0.026745,25.0273,81.95,7364
5,1,6763320,618860378,Comments,"%do we%actually%",SSELLVMCompiled,0.07239,31.9384,279.082,35
5,1,6763320,618860378,Comments,"%why%C++%",SSELLVMCompiled,0.027751,24.7499,284.988,1060
5,1,6763320,618860378,Comments,"%how is%this%",SSELLVMCompiled,0.083275,29.7166,652.779,1198
5,1,6763320,618860378,Comments,"%cannot%.",SSELLVMCompiled,0.040364,26.91,248.222,45360
5,1,1402633,655946812,PostHistory,"%php%is%shit%",SSELLVMCompiled,0.061258,38.9898,260.463,13
5,1,1402633,655946812,PostHistory,"I love%C++%but%",SSELLVMCompiled,0.027672,23.9046,32.0562,1
5,1,1402633,655946812,PostHistory,"%sometimes%know.",SSELLVMCompiled,0.06007,29.8619,40.9871,3
5,1,1402633,655946812,PostHistory,"%SELECT *%LIMIT 1%",SSELLVMCompiled,0.041321,25.3608,126.037,309
5,1,1402633,655946812,PostHistory,"WITH RECURSIVE%SQL",SSELLVMCompiled,0.024668,13.319,31.6934,0
5,1,1402633,655946812,PostHistory,"%define%then%double%",SSELLVMCompiled,0.071894,40.1269,336.759,176
5,1,927644,659166886,Posts,"<p>I have tried%",SSELLVMCompiled,0.014977,8.94882,22.6496,516
5,1,927644,659166886,Posts,"%cannot%fathom%C++%",SSELLVMCompiled,0.057642,38.3577,251.163,0
5,1,927644,659166886,Posts,"%why%happening%",SSELLVMCompiled,0.054977,31.4155,179.753,1899
5,1,927644,659166886,Posts,"%what%is%there",SSELLVMCompiled,0.056991,35.4769,30.2941,0
5,1,927644,659166886,Posts,"<p>We%try%",SSELLVMCompiled,0.034316,19.6427,32.733,1414
5,5,33828344,3082980466,Comments,"Why do%you%?",SSELLVMCompiled,0.026264,24.2724,392.365,37146
5,5,33828344,3082980466,Comments,"%do we%actually%",SSELLVMCompiled,0.061171,28.604,1262.64,192
5,5,33828344,3082980466,Comments,"%why%C++%",SSELLVMCompiled,0.031777,24.0451,1845.06,5007
5,5,33828344,3082980466,Comments,"%how is%this%",SSELLVMCompiled,0.07582,30.6238,2513.05,5896
5,5,33828344,3082980466,Comments,"%cannot%.",SSELLVMCompiled,0.052618,30.0768,1175.77,228112
5,5,7011291,3260900860,PostHistory,"%php%is%shit%",SSELLVMCompiled,0.05425,32.0974,985.994,58
5,5,7011291,3260900860,PostHistory,"I love%C++%but%",SSELLVMCompiled,0.031805,23.6689,190.254,1
5,5,7011291,3260900860,PostHistory,"%sometimes%know.",SSELLVMCompiled,0.059159,31.8028,201.509,17
5,5,7011291,3260900860,PostHistory,"%SELECT *%LIMIT 1%",SSELLVMCompiled,0.046005,24.5275,613.255,1489
5,5,7011291,3260900860,PostHistory,"WITH RECURSIVE%SQL",SSELLVMCompiled,0.030434,13.6317,159.671,0
5,5,7011291,3260900860,PostHistory,"%define%then%double%",SSELLVMCompiled,0.07409,45.5719,1395.47,794
5,5,4636953,3187168332,Posts,"<p>I have tried%",SSELLVMCompiled,0.020962,9.71553,115.521,2821
5,5,4636953,3187168332,Posts,"%cannot%fathom%C++%",SSELLVMCompiled,0.079573,42.8325,1177.32,0
5,5,4636953,3187168332,Posts,"%why%happening%",SSELLVMCompiled,0.050449,30.2104,796.99,9667
5,5,4636953,3187168332,Posts,"%what%is%there",SSELLVMCompiled,0.056117,40.6775,152.641,0
5,5,4636953,3187168332,Posts,"<p>We%try%",SSELLVMCompiled,0.034814,18.4588,165.374,7238
5,10,67660687,6184930096,Comments,"Why do%you%?",SSELLVMCompiled,0.028356,24.4196,778.328,74121
5,10,67660687,6184930096,Comments,"%do we%actually%",SSELLVMCompiled,0.091255,32.5349,2987.34,420
5,10,67660687,6184930096,Comments,"%why%C++%",SSELLVMCompiled,0.048051,26.794,3128.33,10167
5,10,67660687,6184930096,Comments,"%how is%this%",SSELLVMCompiled,0.072931,30.4792,6741.96,11812
5,10,67660687,6184930096,Comments,"%cannot%.",SSELLVMCompiled,0.055682,29.6871,2581.01,456139
5,10,14020516,6464378912,PostHistory,"%php%is%shit%",SSELLVMCompiled,0.069387,40.5968,2837.1,116
5,10,14020516,6464378912,PostHistory,"I love%C++%but%",SSELLVMCompiled,0.028921,23.9042,317.682,1
5,10,14020516,6464378912,PostHistory,"%sometimes%know.",SSELLVMCompiled,0.056196,33.9591,406.25,34
5,10,14020516,6464378912,PostHistory,"%SELECT *%LIMIT 1%",SSELLVMCompiled,0.054789,30.2407,1208.26,2990
5,10,14020516,6464378912,PostHistory,"WITH RECURSIVE%SQL",SSELLVMCompiled,0.029752,17.8029,316.805,0
5,10,14020516,6464378912,PostHistory,"%define%then%double%",SSELLVMCompiled,0.080895,44.6154,2340.58,1588
5,10,9274247,6467793801,Posts,"<p>I have tried%",SSELLVMCompiled,0.021426,9.54301,222.355,5699
5,10,9274247,6467793801,Posts,"%cannot%fathom%C++%",SSELLVMCompiled,0.068413,40.1935,1751.8,1
5,10,9274247,6467793801,Posts,"%why%happening%",SSELLVMCompiled,0.063815,31.9812,1783.09,19361
5,10,9274247,6467793801,Posts,"%what%is%there",SSELLVMCompiled,0.060128,40.7107,290.358,0
5,10,9274247,6467793801,Posts,"<p>We%try%",SSELLVMCompiled,0.042389,20.2824,335.024,14408
5,50,70103102,32842104583,PostHistory,"%php%is%shit%",SSELLVMCompiled,0.064575,36.6393,14630,598
5,50,70103102,32842104583,PostHistory,"I love%C++%but%",SSELLVMCompiled,0.032948,25.5395,1609.76,15
5,50,70103102,32842104583,PostHistory,"%sometimes%know.",SSELLVMCompiled,0.063645,30.8859,2068.68,175
5,50,70103102,32842104583,PostHistory,"%SELECT *%LIMIT 1%",SSELLVMCompiled,0.04236,26.4303,6096.69,14908
5,50,70103102,32842104583,PostHistory,"WITH RECURSIVE%SQL",SSELLVMCompiled,0.03143,13.3906,1569.51,1
5,50,70103102,32842104583,PostHistory,"%define%then%double%",SSELLVMCompiled,0.095323,47.5302,13856.1,7993
5,50,46375197,33166382695,Posts,"<p>I have tried%",SSELLVMCompiled,0.018205,9.29712,1109.5,28497
5,50,46375197,33166382695,Posts,"%cannot%fathom%C++%",SSELLVMCompiled,0.066832,40.6583,12979.7,5
5,50,46375197,33166382695,Posts,"%why%happening%",SSELLVMCompiled,0.07871,35.847,9168.02,97325
5,50,46375197,33166382695,Posts,"%what%is%there",SSELLVMCompiled,0.061034,40.8349,1554.15,0
5,50,46375197,33166382695,Posts,"<p>We%try%",SSELLVMCompiled,0.049362,20.6826,1778.93,71674
5,0.01,67548,6158512,Comments,"Why do%you%?",SSECppCompiled,0.035841,303.815,0.945171,79
5,0.01,67548,6158512,Comments,"%do we%actually%",SSECppCompiled,0.082323,328.282,3.44277,0
5,0.01,67548,6158512,Comments,"%why%C++%",SSECppCompiled,0.033709,304.559,3.85358,12
5,0.01,67548,6158512,Comments,"%how is%this%",SSECppCompiled,0.074944,325.371,5.46138,10
5,0.01,67548,6158512,Comments,"%cannot%.",SSECppCompiled,0.029008,308.466,2.32252,460
5,0.01,13706,6214943,PostHistory,"%php%is%shit%",SSECppCompiled,0.055864,317.055,2.60805,0
5,0.01,13706,6214943,PostHistory,"I love%C++%but%",SSECppCompiled,0.043125,306.272,0.3517,0
5,0.01,13706,6214943,PostHistory,"%sometimes%know.",SSECppCompiled,0.04803,322.004,0.448051,0
5,0.01,13706,6214943,PostHistory,"%SELECT *%LIMIT 1%",SSECppCompiled,0.039663,313.613,1.33179,3
5,0.01,13706,6214943,PostHistory,"WITH RECURSIVE%SQL",SSECppCompiled,0.029023,295.138,0.451994,0
5,0.01,13706,6214943,PostHistory,"%define%then%double%",SSECppCompiled,0.094123,357.176,3.60527,2
5,0.01,9104,6453362,Posts,"<p>I have tried%",SSECppCompiled,0.014148,288.568,0.269169,6
5,0.01,9104,6453362,Posts,"%cannot%fathom%C++%",SSECppCompiled,0.069972,354.264,4.16654,0
5,0.01,9104,6453362,Posts,"%why%happening%",SSECppCompiled,0.058675,343.07,2.23002,24
5,0.01,9104,6453362,Posts,"%what%is%there",SSECppCompiled,0.061651,341.394,0.442296,0
5,0.01,9104,6453362,Posts,"<p>We%try%",SSECppCompiled,0.039475,307.428,0.307647,19
5,0.05,338143,31244354,Comments,"Why do%you%?",SSECppCompiled,0.029088,310.424,4.61882,332
5,0.05,338143,31244354,Comments,"%do we%actually%",SSECppCompiled,0.070382,339.13,15.5062,3
5,0.05,338143,31244354,Comments,"%why%C++%",SSECppCompiled,0.030086,301.961,18.9876,47
5,0.05,338143,31244354,Comments,"%how is%this%",SSECppCompiled,0.069728,312.156,27.8261,55
5,0.05,338143,31244354,Comments,"%cannot%.",SSECppCompiled,0.044967,318.911,13.9349,2204
5,0.05,69346,31203934,PostHistory,"%php%is%shit%",SSECppCompiled,0.061527,315.169,12.0193,0
5,0.05,69346,31203934,PostHistory,"I love%C++%but%",SSECppCompiled,0.03097,303.163,1.69781,0
5,0.05,69346,31203934,PostHistory,"%sometimes%know.",SSECppCompiled,0.051181,320.387,2.21464,0
5,0.05,69346,31203934,PostHistory,"%SELECT *%LIMIT 1%",SSECppCompiled,0.039207,312.539,6.4383,13
5,0.05,69346,31203934,PostHistory,"WITH RECURSIVE%SQL",SSECppCompiled,0.023854,304.069,2.11713,0
5,0.05,69346,31203934,PostHistory,"%define%then%double%",SSECppCompiled,0.095704,355.559,19.1521,5
5,0.05,46252,32527140,Posts,"<p>I have tried%",SSECppCompiled,0.017164,292.201,1.24917,24
5,0.05,46252,32527140,Posts,"%cannot%fathom%C++%",SSECppCompiled,0.066318,357.622,18.528,0
5,0.05,46252,32527140,Posts,"%why%happening%",SSECppCompiled,0.057636,341.887,9.61829,104
5,0.05,46252,32527140,Posts,"%what%is%there",SSECppCompiled,0.051615,340.465,2.21701,0
5,0.05,46252,32527140,Posts,"<p>We%try%",SSECppCompiled,0.056017,310.396,1.55679,62
5,0.1,676808,61789917,Comments,"Why do%you%?",SSECppCompiled,0.032378,319.424,9.03371,680
5,0.1,676808,61789917,Comments,"%do we%actually%",SSECppCompiled,0.091508,352.147,51.6007,4
5,0.1,676808,61789917,Comments,"%why%C++%",SSECppCompiled,0.031501,318.52,28.3596,88
5,0.1,676808,61789917,Comments,"%how is%this%",SSECppCompiled,0.065408,327.855,61.025,111
5,0.1,676808,61789917,Comments,"%cannot%.",SSECppCompiled,0.041798,318.814,27.9,4459
5,0.1,140045,64671224,PostHistory,"%php%is%shit%",SSECppCompiled,0.06461,333.796,21.6455,1
5,0.1,140045,64671224,PostHistory,"I love%C++%but%",SSECppCompiled,0.029489,303.588,4.25432,0
5,0.1,140045,64671224,PostHistory,"%sometimes%know.",SSECppCompiled,0.050638,332.136,4.43084,0
5,0.1,140045,64671224,PostHistory,"%SELECT *%LIMIT 1%",SSECppCompiled,0.039873,317.129,13.0889,29
5,0.1,140045,64671224,PostHistory,"WITH RECURSIVE%SQL",SSECppCompiled,0.024376,293.707,4.28659,0
5,0.1,140045,64671224,PostHistory,"%define%then%double%",SSECppCompiled,0.081765,332.779,22.5077,14
5,0.1,92437,65244570,Posts,"<p>I have tried%",SSECppCompiled,0.017633,284.993,2.54381,48
5,0.1,92437,65244570,Posts,"%cannot%fathom%C++%",SSECppCompiled,0.076602,327.027,10.0283,0
5,0.1,92437,65244570,Posts,"%why%happening%",SSECppCompiled,0.053953,329.759,21.7807,183
5,0.1,92437,65244570,Posts,"%what%is%there",SSECppCompiled,0.054132,334.328,4.36594,0
5,0.1,92437,65244570,Posts,"<p>We%try%",SSECppCompiled,0.047811,302.942,3.153,129
5,0.5,3381970,305571138,Comments,"Why do%you%?",SSECppCompiled,0.029239,319.932,44.2267,3633
5,0.5,3381970,305571138,Comments,"%do we%actually%",SSECppCompiled,0.077441,339.027,169.53,16
5,0.5,3381970,305571138,Comments,"%why%C++%",SSECppCompiled,0.03049,320.513,198.298,516
5,0.5,3381970,305571138,Comments,"%how is%this%",SSECppCompiled,0.077234,338.807,247.722,581
5,0.5,3381970,305571138,Comments,"%cannot%.",SSECppCompiled,0.025712,315.15,107.544,22793
5,0.5,700773,325065834,PostHistory,"%php%is%shit%",SSECppCompiled,0.067977,331.659,146.434,8
5,0.5,700773,325065834,PostHistory,"I love%C++%but%",SSECppCompiled,0.034504,305.077,16.7321,1
5,0.5,700773,325065834,PostHistory,"%sometimes%know.",SSECppCompiled,0.059471,330.079,21.6914,1
5,0.5,700773,325065834,PostHistory,"%SELECT *%LIMIT 1%",SSECppCompiled,0.046176,317.033,64.7946,157
5,0.5,700773,325065834,PostHistory,"WITH RECURSIVE%SQL",SSECppCompiled,0.024965,293.55,21.0373,0
5,0.5,700773,325065834,PostHistory,"%define%then%double%",SSECppCompiled,0.07728,341.28,127.518,81
5,0.5,464093,326942687,Posts,"<p>I have tried%",SSECppCompiled,0.016305,298.511,12.3845,261
5,0.5,464093,326942687,Posts,"%cannot%fathom%C++%",SSECppCompiled,0.068994,344.824,72.3563,0
5,0.5,464093,326942687,Posts,"%why%happening%",SSECppCompiled,0.051216,336.146,102.254,968
5,0.5,464093,326942687,Posts,"%what%is%there",SSECppCompiled,0.063084,345.692,21.1363,0
5,0.5,464093,326942687,Posts,"<p>We%try%",SSECppCompiled,0.039786,308.855,14.8656,676
5,1,6763320,618860378,Comments,"Why do%you%?",SSECppCompiled,0.03302,320.372,90.1441,7364
5,1,6763320,618860378,Comments,"%do we%actually%",SSECppCompiled,0.063187,337.106,278.066,35
5,1,6763320,618860378,Comments,"%why%C++%",SSECppCompiled,0.031597,316.496,313.306,1060
5,1,6763320,618860378,Comments,"%how is%this%",SSECppCompiled,0.07774,334.217,617.308,1198
5,1,6763320,618860378,Comments,"%cannot%.",SSECppCompiled,0.036835,319.432,251.089,45360
5,1,1402633,655946812,PostHistory,"%php%is%shit%",SSECppCompiled,0.064341,338.192,277.784,13
5,1,1402633,655946812,PostHistory,"I love%C++%but%",SSECppCompiled,0.030466,303.468,33.0969,1
5,1,1402633,655946812,PostHistory,"%sometimes%know.",SSECppCompiled,0.049153,326.006,43.6212,3
5,1,1402633,655946812,PostHistory,"%SELECT *%LIMIT 1%",SSECppCompiled,0.039491,314.79,134.562,309
5,1,1402633,655946812,PostHistory,"WITH RECURSIVE%SQL",SSECppCompiled,0.031651,313.59,42.7467,0
5,1,1402633,655946812,PostHistory,"%define%then%double%",SSECppCompiled,0.072334,332.036,341.343,176
5,1,927644,659166886,Posts,"<p>I have tried%",SSECppCompiled,0.01582,288.949,24.7691,516
5,1,927644,659166886,Posts,"%cannot%fathom%C++%",SSECppCompiled,0.066432,346.01,262.181,0
5,1,927644,659166886,Posts,"%why%happening%",SSECppCompiled,0.057229,338.06,183.398,1899
5,1,927644,659166886,Posts,"%what%is%there",SSECppCompiled,0.061397,335.053,43.1678,0
5,1,927644,659166886,Posts,"<p>We%try%",SSECppCompiled,0.039058,312.855,28.3619,1414
5,5,33828344,3082980466,Comments,"Why do%you%?",SSECppCompiled,0.034328,317.861,438.901,37146
5,5,33828344,3082980466,Comments,"%do we%actually%",SSECppCompiled,0.061911,322.706,1227.48,192
5,5,33828344,3082980466,Comments,"%why%C++%",SSECppCompiled,0.034639,308.075,1941.86,5007
5,5,33828344,3082980466,Comments,"%how is%this%",SSECppCompiled,0.067143,331.686,2733.51,5896
5,5,33828344,3082980466,Comments,"%cannot%.",SSECppCompiled,0.048212,320.459,1278.65,228112
5,5,7011291,3260900860,PostHistory,"%php%is%shit%",SSECppCompiled,0.057001,325.554,1047.59,58
5,5,7011291,3260900860,PostHistory,"I love%C++%but%",SSECppCompiled,0.034028,315.601,165.31,1
5,5,7011291,3260900860,PostHistory,"%sometimes%know.",SSECppCompiled,0.055677,339.621,215.132,17
5,5,7011291,3260900860,PostHistory,"%SELECT *%LIMIT 1%",SSECppCompiled,0.039958,327.901,661.522,1489
5,5,7011291,3260900860,PostHistory,"WITH RECURSIVE%SQL",SSECppCompiled,0.02432,310.147,208.993,0
5,5,7011291,3260900860,PostHistory,"%define%then%double%",SSECppCompiled,0.066523,342.654,1465.03,794
5,5,4636953,3187168332,Posts,"<p>I have tried%",SSECppCompiled,0.016623,280.596,120.15,2821
5,5,4636953,3187168332,Posts,"%cannot%fathom%C++%",SSECppCompiled,0.067295,343.745,1280.89,0
5,5,4636953,3187168332,Posts,"%why%happening%",SSECppCompiled,0.050178,337.069,916.163,9667
5,5,4636953,3187168332,Posts,"%what%is%there",SSECppCompiled,0.056002,340.433,213.9,0
5,5,4636953,3187168332,Posts,"<p>We%try%",SSECppCompiled,0.0534,303.467,141.113,7238
5,10,67660687,6184930096,Comments,"Why do%you%?",SSECppCompiled,0.033404,306.795,858.606,74121
5,10,67660687,6184930096,Comments,"%do we%actually%",SSECppCompiled,0.074309,329.534,3202.56,420
5,10,67660687,6184930096,Comments,"%why%C++%",SSECppCompiled,0.035309,332.696,3293.94,10167
5,10,67660687,6184930096,Comments,"%how is%this%",SSECppCompiled,0.063762,319.641,7565.38,11812
5,10,67660687,6184930096,Comments,"%cannot%.",SSECppCompiled,0.048716,335.375,2568.56,456139
5,10,14020516,6464378912,PostHistory,"%php%is%shit%",SSECppCompiled,0.059096,330.851,3214.8,116
5,10,14020516,6464378912,PostHistory,"I love%C++%but%",SSECppCompiled,0.030665,312.417,325.84,1
5,10,14020516,6464378912,PostHistory,"%sometimes%know.",SSECppCompiled,0.053478,330.608,426.707,34
5,10,14020516,6464378912,PostHistory,"%SELECT *%LIMIT 1%",SSECppCompiled,0.050423,327.167,1276.31,2990
5,10,14020516,6464378912,PostHistory,"WITH RECURSIVE%SQL",SSECppCompiled,0.024977,302.678,421.217,0
5,10,14020516,6464378912,PostHistory,"%define%then%double%",SSECppCompiled,0.081363,358.391,2650.56,1588
5,10,9274247,6467793801,Posts,"<p>I have tried%",SSECppCompiled,0.019416,288.222,231.022,5699
5,10,9274247,6467793801,Posts,"%cannot%fathom%C++%",SSECppCompiled,0.067159,340.284,1945.35,1
5,10,9274247,6467793801,Posts,"%why%happening%",SSECppCompiled,0.053265,327.834,1903.08,19361
5,10,9274247,6467793801,Posts,"%what%is%there",SSECppCompiled,0.052906,354.471,308.308,0
5,10,9274247,6467793801,Posts,"<p>We%try%",SSECppCompiled,0.038937,309.119,281.415,14408
5,50,70103102,32842104583,PostHistory,"%php%is%shit%",SSECppCompiled,0.06918,335.32,15021.6,598
5,50,70103102,32842104583,PostHistory,"I love%C++%but%",SSECppCompiled,0.033405,309.539,1638.37,15
5,50,70103102,32842104583,PostHistory,"%sometimes%know.",SSECppCompiled,0.06008,339.039,2175.57,175
5,50,70103102,32842104583,PostHistory,"%SELECT *%LIMIT 1%",SSECppCompiled,0.039709,331.613,6571.04,14908
5,50,70103102,32842104583,PostHistory,"WITH RECURSIVE%SQL",SSECppCompiled,0.024407,299.215,2089.91,1
5,50,70103102,32842104583,PostHistory,"%define%then%double%",SSECppCompiled,0.082757,349.857,15307.6,7993
5,50,46375197,33166382695,Posts,"<p>I have tried%",SSECppCompiled,0.016381,286.25,1165.24,28497
5,50,46375197,33166382695,Posts,"%cannot%fathom%C++%",SSECppCompiled,0.080225,337.898,15014.1,5
5,50,46375197,33166382695,Posts,"%why%happening%",SSECppCompiled,0.056752,336.732,9647.87,97325
5,50,46375197,33166382695,Posts,"%what%is%there",SSECppCompiled,0.058137,331.516,2136.76,0
5,50,46375197,33166382695,Posts,"<p>We%try%",SSECppCompiled,0.039808,306.721,1501.23,71674
5,0.01,67548,6158512,Comments,"Why do%you%?",SSEDecoded,0.001536,0,8.88662,79
5,0.01,67548,6158512,Comments,"%do we%actually%",SSEDecoded,0.0012,0,10.0281,0
5,0.01,67548,6158512,Comments,"%why%C++%",SSEDecoded,0.000977,0,9.9247,12
5,0.01,67548,6158512,Comments,"%how is%this%",SSEDecoded,0.000948,0,10.0626,10
5,0.01,67548,6158512,Comments,"%cannot%.",SSEDecoded,0.000863,0,9.79602,461
5,0.01,13706,6214943,PostHistory,"%php%is%shit%",SSEDecoded,0.001627,0,6.92635,0
5,0.01,13706,6214943,PostHistory,"I love%C++%but%",SSEDecoded,0.001033,0,5.99819,0
5,0.01,13706,6214943,PostHistory,"%sometimes%know.",SSEDecoded,0.000963,0,5.93236,0
5,0.01,13706,6214943,PostHistory,"%SELECT *%LIMIT 1%",SSEDecoded,0.000942,0,6.44244,3
5,0.01,13706,6214943,PostHistory,"WITH RECURSIVE%SQL",SSEDecoded,0.000714,0,5.60391,0
5,0.01,13706,6214943,PostHistory,"%define%then%double%",SSEDecoded,0.001119,0,6.55665,2
5,0.01,9104,6453362,Posts,"<p>I have tried%",SSEDecoded,0.000656,0,5.69782,6
5,0.01,9104,6453362,Posts,"%cannot%fathom%C++%",SSEDecoded,0.001002,0,6.35748,0
5,0.01,9104,6453362,Posts,"%why%happening%",SSEDecoded,0.0009,0,7.09198,24
5,0.01,9104,6453362,Posts,"%what%is%there",SSEDecoded,0.001061,0,6.01423,0
5,0.01,9104,6453362,Posts,"<p>We%try%",SSEDecoded,0.000921,0,5.99837,19
5,0.05,338143,31244354,Comments,"Why do%you%?",SSEDecoded,0.000967,0,41.9406,332
5,0.05,338143,31244354,Comments,"%do we%actually%",SSEDecoded,0.000957,0,46.9724,3
5,0.05,338143,31244354,Comments,"%why%C++%",SSEDecoded,0.000995,0,48.3466,47
5,0.05,338143,31244354,Comments,"%how is%this%",SSEDecoded,0.001043,0,47.5312,55
5,0.05,338143,31244354,Comments,"%cannot%.",SSEDecoded,0.000989,0,47.9822,2205
5,0.05,69346,31203934,PostHistory,"%php%is%shit%",SSEDecoded,0.001391,0,31.6145,0
5,0.05,69346,31203934,PostHistory,"I love%C++%but%",SSEDecoded,0.00104,0,28.9286,0
5,0.05,69346,31203934,PostHistory,"%sometimes%know.",SSEDecoded,0.000846,0,29.3422,0
5,0.05,69346,31203934,PostHistory,"%SELECT *%LIMIT 1%",SSEDecoded,0.000963,0,32.2264,13
5,0.05,69346,31203934,PostHistory,"WITH RECURSIVE%SQL",SSEDecoded,0.000606,0,28.3291,0
5,0.05,69346,31203934,PostHistory,"%define%then%double%",SSEDecoded,0.001248,0,33.8436,5
5,0.05,46252,32527140,Posts,"<p>I have tried%",SSEDecoded,0.000878,0,30.1126,24
5,0.05,46252,32527140,Posts,"%cannot%fathom%C++%",SSEDecoded,0.00118,0,33.5952,0
5,0.05,46252,32527140,Posts,"%why%happening%",SSEDecoded,0.000976,0,34.0201,104
5,0.05,46252,32527140,Posts,"%what%is%there",SSEDecoded,0.000899,0,29.6862,0
5,0.05,46252,32527140,Posts,"<p>We%try%",SSEDecoded,0.000732,0,28.4866,62
5,0.1,676808,61789917,Comments,"Why do%you%?",SSEDecoded,0.001087,0,83.9379,680
5,0.1,676808,61789917,Comments,"%do we%actually%",SSEDecoded,0.001155,0,96.5738,4
5,0.1,676808,61789917,Comments,"%why%C++%",SSEDecoded,0.000843,0,95.5833,88
5,0.1,676808,61789917,Comments,"%how is%this%",SSEDecoded,0.000849,0,97.9136,111
5,0.1,676808,61789917,Comments,"%cannot%.",SSEDecoded,0.00111,0,94.8259,4462
5,0.1,140045,64671224,PostHistory,"%php%is%shit%",SSEDecoded,0.00139,0,67.5208,1
5,0.1,140045,64671224,PostHistory,"I love%C++%but%",SSEDecoded,0.000966,0,59.0395,0
5,0.1,140045,64671224,PostHistory,"%sometimes%know.",SSEDecoded,0.000948,0,59.6994,0
5,0.1,140045,64671224,PostHistory,"%SELECT *%LIMIT 1%",SSEDecoded,0.000999,0,65.0876,29
5,0.1,140045,64671224,PostHistory,"WITH RECURSIVE%SQL",SSEDecoded,0.000659,0,59.4109,0
5,0.1,140045,64671224,PostHistory,"%define%then%double%",SSEDecoded,0.001197,0,69.1756,14
5,0.1,92437,65244570,Posts,"<p>I have tried%",SSEDecoded,0.000756,0,60.2748,48
5,0.1,92437,65244570,Posts,"%cannot%fathom%C++%",SSEDecoded,0.001215,0,69.1921,0
5,0.1,92437,65244570,Posts,"%why%happening%",SSEDecoded,0.001156,0,64.8826,183
5,0.1,92437,65244570,Posts,"%what%is%there",SSEDecoded,0.00089,0,54.9106,0
5,0.1,92437,65244570,Posts,"<p>We%try%",SSEDecoded,0.000773,0,57.3604,129
5,0.5,3381970,305571138,Comments,"Why do%you%?",SSEDecoded,0.000991,0,397.059,3633
5,0.5,3381970,305571138,Comments,"%do we%actually%",SSEDecoded,0.001036,0,458.564,16
5,0.5,3381970,305571138,Comments,"%why%C++%",SSEDecoded,0.0013,0,456.654,516
5,0.5,3381970,305571138,Comments,"%how is%this%",SSEDecoded,0.001778,0,459.995,582
5,0.5,3381970,305571138,Comments,"%cannot%.",SSEDecoded,0.001336,0,453.323,22806
5,0.5,700773,325065834,PostHistory,"%php%is%shit%",SSEDecoded,0.001798,0,328.99,8
5,0.5,700773,325065834,PostHistory,"I love%C++%but%",SSEDecoded,0.001157,0,290.928,1
5,0.5,700773,325065834,PostHistory,"%sometimes%know.",SSEDecoded,0.001042,0,294.401,1
5,0.5,700773,325065834,PostHistory,"%SELECT *%LIMIT 1%",SSEDecoded,0.000985,0,331.762,157
5,0.5,700773,325065834,PostHistory,"WITH RECURSIVE%SQL",SSEDecoded,0.000729,0,303.503,0
5,0.5,700773,325065834,PostHistory,"%define%then%double%",SSEDecoded,0.001283,0,353.095,81
5,0.5,464093,326942687,Posts,"<p>I have tried%",SSEDecoded,0.000964,0,300.558,261
5,0.5,464093,326942687,Posts,"%cannot%fathom%C++%",SSEDecoded,0.001692,0,340.254,0
5,0.5,464093,326942687,Posts,"%why%happening%",SSEDecoded,0.001199,0,333.501,974
5,0.5,464093,326942687,Posts,"%what%is%there",SSEDecoded,0.001334,0,297.403,0
5,0.5,464093,326942687,Posts,"<p>We%try%",SSEDecoded,0.001326,0,295.254,676
5,1,6763320,618860378,Comments,"Why do%you%?",SSEDecoded,0.001158,0,799.681,7364
5,1,6763320,618860378,Comments,"%do we%actually%",SSEDecoded,0.001829,0,916.507,35
5,1,6763320,618860378,Comments,"%why%C++%",SSEDecoded,0.001401,0,917.706,1060
5,1,6763320,618860378,Comments,"%how is%this%",SSEDecoded,0.001705,0,963.245,1198
5,1,6763320,618860378,Comments,"%cannot%.",SSEDecoded,0.001366,0,935.38,45380
5,1,1402633,655946812,PostHistory,"%php%is%shit%",SSEDecoded,0.001617,0,682.067,13
5,1,1402633,655946812,PostHistory,"I love%C++%but%",SSEDecoded,0.001751,0,602.567,1
5,1,1402633,655946812,PostHistory,"%sometimes%know.",SSEDecoded,0.001315,0,581.198,3
5,1,1402633,655946812,PostHistory,"%SELECT *%LIMIT 1%",SSEDecoded,0.00143,0,638.51,309
5,1,1402633,655946812,PostHistory,"WITH RECURSIVE%SQL",SSEDecoded,0.000764,0,584.357,0
5,1,1402633,655946812,PostHistory,"%define%then%double%",SSEDecoded,0.001625,0,661.491,176
5,1,927644,659166886,Posts,"<p>I have tried%",SSEDecoded,0.000992,0,569.329,516
5,1,927644,659166886,Posts,"%cannot%fathom%C++%",SSEDecoded,0.001624,0,674.505,0
5,1,927644,659166886,Posts,"%why%happening%",SSEDecoded,0.00175,0,657.566,1910
5,1,927644,659166886,Posts,"%what%is%there",SSEDecoded,0.001326,0,597.863,0
5,1,927644,659166886,Posts,"<p>We%try%",SSEDecoded,0.001323,0,605.932,1415
5,5,33828344,3082980466,Comments,"Why do%you%?",SSEDecoded,0.001512,0,4038.21,37146
5,5,33828344,3082980466,Comments,"%do we%actually%",SSEDecoded,0.00201,0,4710.91,193
5,5,33828344,3082980466,Comments,"%why%C++%",SSEDecoded,0.002226,0,4717.74,5007
5,5,33828344,3082980466,Comments,"%how is%this%",SSEDecoded,0.001784,0,4791.38,5898
5,5,33828344,3082980466,Comments,"%cannot%.",SSEDecoded,0.001669,0,4633.26,228138
5,5,7011291,3260900860,PostHistory,"%php%is%shit%",SSEDecoded,0.002144,0,3339.94,58
5,5,7011291,3260900860,PostHistory,"I love%C++%but%",SSEDecoded,0.001735,0,3051.55,1
5,5,7011291,3260900860,PostHistory,"%sometimes%know.",SSEDecoded,0.001589,0,2917.14,17
5,5,7011291,3260900860,PostHistory,"%SELECT *%LIMIT 1%",SSEDecoded,0.002038,0,3314.86,1489
5,5,7011291,3260900860,PostHistory,"WITH RECURSIVE%SQL",SSEDecoded,0.001595,0,2946.91,0
5,5,7011291,3260900860,PostHistory,"%define%then%double%",SSEDecoded,0.001979,0,3390.66,796
5,5,4636953,3187168332,Posts,"<p>I have tried%",SSEDecoded,0.001166,0,2845.97,2821
5,5,4636953,3187168332,Posts,"%cannot%fathom%C++%",SSEDecoded,0.002278,0,3245.18,0
5,5,4636953,3187168332,Posts,"%why%happening%",SSEDecoded,0.001928,0,3215.72,9735
5,5,4636953,3187168332,Posts,"%what%is%there",SSEDecoded,0.001988,0,2822,0
5,5,4636953,3187168332,Posts,"<p>We%try%",SSEDecoded,0.001716,0,2911.48,7244
5,10,67660687,6184930096,Comments,"Why do%you%?",SSEDecoded,0.001558,0,8243.51,74121
5,10,67660687,6184930096,Comments,"%do we%actually%",SSEDecoded,0.001511,0,9678.88,421
5,10,67660687,6184930096,Comments,"%why%C++%",SSEDecoded,0.001811,0,9509.15,10167
5,10,67660687,6184930096,Comments,"%how is%this%",SSEDecoded,0.00157,0,9714.45,11818
5,10,67660687,6184930096,Comments,"%cannot%.",SSEDecoded,0.001695,0,9468.07,456260
5,10,14020516,6464378912,PostHistory,"%php%is%shit%",SSEDecoded,0.001772,0,6588.36,116
5,10,14020516,6464378912,PostHistory,"I love%C++%but%",SSEDecoded,0.001535,0,5793.1,1
5,10,14020516,6464378912,PostHistory,"%sometimes%know.",SSEDecoded,0.001527,0,5813.97,34
5,10,14020516,6464378912,PostHistory,"%SELECT *%LIMIT 1%",SSEDecoded,0.002091,0,6430.26,2990
5,10,14020516,6464378912,PostHistory,"WITH RECURSIVE%SQL",SSEDecoded,0.001364,0,5840.21,0
5,10,14020516,6464378912,PostHistory,"%define%then%double%",SSEDecoded,0.001927,0,6650.28,1594
5,10,9274247,6467793801,Posts,"<p>I have tried%",SSEDecoded,0.001131,0,5822.18,5699
5,10,9274247,6467793801,Posts,"%cannot%fathom%C++%",SSEDecoded,0.001979,0,6634.67,1
5,10,9274247,6467793801,Posts,"%why%happening%",SSEDecoded,0.001963,0,6529.39,19419
5,10,9274247,6467793801,Posts,"%what%is%there",SSEDecoded,0.001747,0,5885.8,0
5,10,9274247,6467793801,Posts,"<p>We%try%",SSEDecoded,0.001487,0,5928.89,14417
5,50,70103102,32842104583,PostHistory,"%php%is%shit%",SSEDecoded,0.001946,0,33060.5,599
5,50,70103102,32842104583,PostHistory,"I love%C++%but%",SSEDecoded,0.001693,0,29250,15
5,50,70103102,32842104583,PostHistory,"%sometimes%know.",SSEDecoded,0.001663,0,29230.4,175
5,50,70103102,32842104583,PostHistory,"%SELECT *%LIMIT 1%",SSEDecoded,0.001649,0,32402.8,14908
5,50,70103102,32842104583,PostHistory,"WITH RECURSIVE%SQL",SSEDecoded,0.001697,0,29265.7,1
5,50,70103102,32842104583,PostHistory,"%define%then%double%",SSEDecoded,0.002061,0,33525.8,8042
5,50,46375197,33166382695,Posts,"<p>I have tried%",SSEDecoded,0.001541,0,28828.8,28497
5,50,46375197,33166382695,Posts,"%cannot%fathom%C++%",SSEDecoded,0.002196,0,32990.2,5
5,50,46375197,33166382695,Posts,"%why%happening%",SSEDecoded,0.001791,0,32183.3,97637
5,50,46375197,33166382695,Posts,"%what%is%there",SSEDecoded,0.002033,0,28716.9,0
5,50,46375197,33166382695,Posts,"<p>We%try%",SSEDecoded,0.001663,0,28797.5,71674
5,0.01,67548,6158512,Comments,"Why do%you%?",VectorScan,1.06968,0,11.3399,79
5,0.01,67548,6158512,Comments,"%do we%actually%",VectorScan,0.524058,0,14.0306,0
5,0.01,67548,6158512,Comments,"%why%C++%",VectorScan,0.492723,0,13.9451,12
5,0.01,67548,6158512,Comments,"%how is%this%",VectorScan,0.318857,0,14.1033,10
5,0.01,67548,6158512,Comments,"%cannot%.",VectorScan,0.475279,0,12.7675,461
5,0.01,13706,6214943,PostHistory,"%php%is%shit%",VectorScan,0.568264,0,7.49047,0
5,0.01,13706,6214943,PostHistory,"I love%C++%but%",VectorScan,0.523542,0,5.98366,0
5,0.01,13706,6214943,PostHistory,"%sometimes%know.",VectorScan,0.438685,0,7.2122,0
5,0.01,13706,6214943,PostHistory,"%SELECT *%LIMIT 1%",VectorScan,0.352344,0,7.10853,3
5,0.01,13706,6214943,PostHistory,"WITH RECURSIVE%SQL",VectorScan,0.509475,0,6.04415,0
5,0.01,13706,6214943,PostHistory,"%define%then%double%",VectorScan,0.487801,0,7.76762,2
5,0.01,9104,6453362,Posts,"<p>I have tried%",VectorScan,0.23606,0,5.88905,6
5,0.01,9104,6453362,Posts,"%cannot%fathom%C++%",VectorScan,0.463513,0,7.30765,0
5,0.01,9104,6453362,Posts,"%why%happening%",VectorScan,0.396018,0,7.12804,24
5,0.01,9104,6453362,Posts,"%what%is%there",VectorScan,0.662338,0,8.01843,0
5,0.01,9104,6453362,Posts,"<p>We%try%",VectorScan,0.304934,0,6.38137,19
5,0.05,338143,31244354,Comments,"Why do%you%?",VectorScan,0.620691,0,53.7999,332
5,0.05,338143,31244354,Comments,"%do we%actually%",VectorScan,0.448412,0,69.5262,3
5,0.05,338143,31244354,Comments,"%why%C++%",VectorScan,0.461444,0,65.7596,47
5,0.05,338143,31244354,Comments,"%how is%this%",VectorScan,0.319006,0,66.8556,55
5,0.05,338143,31244354,Comments,"%cannot%.",VectorScan,0.462667,0,62.2711,2205
5,0.05,69346,31203934,PostHistory,"%php%is%shit%",VectorScan,0.591064,0,36.292,0
5,0.05,69346,31203934,PostHistory,"I love%C++%but%",VectorScan,0.569588,0,29.3669,0
5,0.05,69346,31203934,PostHistory,"%sometimes%know.",VectorScan,0.48305,0,38.8103,0
5,0.05,69346,31203934,PostHistory,"%SELECT *%LIMIT 1%",VectorScan,0.365118,0,35.6296,13
5,0.05,69346,31203934,PostHistory,"WITH RECURSIVE%SQL",VectorScan,0.505278,0,29.9555,0
5,0.05,69346,31203934,PostHistory,"%define%then%double%",VectorScan,0.506034,0,40.115,5
5,0.05,46252,32527140,Posts,"<p>I have tried%",VectorScan,0.241002,0,29.7951,24
5,0.05,46252,32527140,Posts,"%cannot%fathom%C++%",VectorScan,0.475841,0,36.2288,0
5,0.05,46252,32527140,Posts,"%why%happening%",VectorScan,0.429451,0,37.9723,104
5,0.05,46252,32527140,Posts,"%what%is%there",VectorScan,0.659271,0,38.7303,0
5,0.05,46252,32527140,Posts,"<p>We%try%",VectorScan,0.32298,0,30.5887,62
5,0.1,676808,61789917,Comments,"Why do%you%?",VectorScan,0.61267,0,107.781,680
5,0.1,676808,61789917,Comments,"%do we%actually%",VectorScan,0.457443,0,131.564,4
5,0.1,676808,61789917,Comments,"%why%C++%",VectorScan,0.470268,0,134.952,88
5,0.1,676808,61789917,Comments,"%how is%this%",VectorScan,0.360703,0,137.218,111
5,0.1,676808,61789917,Comments,"%cannot%.",VectorScan,0.48767,0,122.376,4462
5,0.1,140045,64671224,PostHistory,"%php%is%shit%",VectorScan,0.621497,0,75.8773,1
5,0.1,140045,64671224,PostHistory,"I love%C++%but%",VectorScan,0.590647,0,60.6298,0
5,0.1,140045,64671224,PostHistory,"%sometimes%know.",VectorScan,0.461763,0,77.1916,0
5,0.1,140045,64671224,PostHistory,"%SELECT *%LIMIT 1%",VectorScan,0.374835,0,76.1335,29
5,0.1,140045,64671224,PostHistory,"WITH RECURSIVE%SQL",VectorScan,0.532008,0,61.1582,0
5,0.1,140045,64671224,PostHistory,"%define%then%double%",VectorScan,0.519469,0,84.4874,14
5,0.1,92437,65244570,Posts,"<p>I have tried%",VectorScan,0.250639,0,65.9402,48
5,0.1,92437,65244570,Posts,"%cannot%fathom%C++%",VectorScan,0.544941,0,78.0724,0
5,0.1,92437,65244570,Posts,"%why%happening%",VectorScan,0.445844,0,78.808,183
5,0.1,92437,65244570,Posts,"%what%is%there",VectorScan,0.782539,0,82.5673,0
5,0.1,92437,65244570,Posts,"<p>We%try%",VectorScan,0.335968,0,62.8066,129
5,0.5,3381970,305571138,Comments,"Why do%you%?",VectorScan,0.584426,0,549.962,3633
5,0.5,3381970,305571138,Comments,"%do we%actually%",VectorScan,0.506472,0,689.091,16
5,0.5,3381970,305571138,Comments,"%why%C++%",VectorScan,0.556848,0,695.756,516
5,0.5,3381970,305571138,Comments,"%how is%this%",VectorScan,0.399801,0,711.327,582
5,0.5,3381970,305571138,Comments,"%cannot%.",VectorScan,0.507068,0,616.992,22806
5,0.5,700773,325065834,PostHistory,"%php%is%shit%",VectorScan,0.605839,0,399.181,8
5,0.5,700773,325065834,PostHistory,"I love%C++%but%",VectorScan,0.600383,0,331.353,1
5,0.5,700773,325065834,PostHistory,"%sometimes%know.",VectorScan,0.525011,0,392.858,1
5,0.5,700773,325065834,PostHistory,"%SELECT *%LIMIT 1%",VectorScan,0.447077,0,384.472,157
5,0.5,700773,325065834,PostHistory,"WITH RECURSIVE%SQL",VectorScan,0.592863,0,327.289,0
5,0.5,700773,325065834,PostHistory,"%define%then%double%",VectorScan,0.552328,0,414.987,81
5,0.5,464093,326942687,Posts,"<p>I have tried%",VectorScan,0.33377,0,309.885,261
5,0.5,464093,326942687,Posts,"%cannot%fathom%C++%",VectorScan,0.53843,0,395.166,0
5,0.5,464093,326942687,Posts,"%why%happening%",VectorScan,0.504759,0,399.576,974
5,0.5,464093,326942687,Posts,"%what%is%there",VectorScan,0.817027,0,421.06,0
5,0.5,464093,326942687,Posts,"<p>We%try%",VectorScan,0.390858,0,321.72,676
5,1,6763320,618860378,Comments,"Why do%you%?",VectorScan,0.688328,0,1132.75,7364
5,1,6763320,618860378,Comments,"%do we%actually%",VectorScan,0.482924,0,1322.42,35
5,1,6763320,618860378,Comments,"%why%C++%",VectorScan,0.545963,0,1379.85,1060
5,1,6763320,618860378,Comments,"%how is%this%",VectorScan,0.391497,0,1436.47,1198
5,1,6763320,618860378,Comments,"%cannot%.",VectorScan,0.590533,0,1305.07,45380
5,1,1402633,655946812,PostHistory,"%php%is%shit%",VectorScan,0.726763,0,796.511,13
5,1,1402633,655946812,PostHistory,"I love%C++%but%",VectorScan,0.617661,0,654.389,1
5,1,1402633,655946812,PostHistory,"%sometimes%know.",VectorScan,0.54618,0,766.236,3
5,1,1402633,655946812,PostHistory,"%SELECT *%LIMIT 1%",VectorScan,0.442461,0,767.113,309
5,1,1402633,655946812,PostHistory,"WITH RECURSIVE%SQL",VectorScan,0.611951,0,642.235,0
5,1,1402633,655946812,PostHistory,"%define%then%double%",VectorScan,0.636109,0,867.326,176
5,1,927644,659166886,Posts,"<p>I have tried%",VectorScan,0.315929,0,643.862,516
5,1,927644,659166886,Posts,"%cannot%fathom%C++%",VectorScan,0.556415,0,772.391,0
5,1,927644,659166886,Posts,"%why%happening%",VectorScan,0.478733,0,791.384,1910
5,1,927644,659166886,Posts,"%what%is%there",VectorScan,0.751289,0,800.375,0
5,1,927644,659166886,Posts,"<p>We%try%",VectorScan,0.397618,0,613.229,1415
5,5,33828344,3082980466,Comments,"Why do%you%?",VectorScan,0.655019,0,5572.7,37146
5,5,33828344,3082980466,Comments,"%do we%actually%",VectorScan,0.528563,0,6884.18,193
5,5,33828344,3082980466,Comments,"%why%C++%",VectorScan,0.589366,0,6888.09,5007
5,5,33828344,3082980466,Comments,"%how is%this%",VectorScan,0.44287,0,6938.36,5898
5,5,33828344,3082980466,Comments,"%cannot%.",VectorScan,0.569429,0,6275.84,228138
5,5,7011291,3260900860,PostHistory,"%php%is%shit%",VectorScan,0.736597,0,4113.41,58
5,5,7011291,3260900860,PostHistory,"I love%C++%but%",VectorScan,0.660819,0,3246.91,1
5,5,7011291,3260900860,PostHistory,"%sometimes%know.",VectorScan,0.6026,0,4033.23,17
5,5,7011291,3260900860,PostHistory,"%SELECT *%LIMIT 1%",VectorScan,0.470952,0,3924.26,1489
5,5,7011291,3260900860,PostHistory,"WITH RECURSIVE%SQL",VectorScan,0.651324,0,3242.57,0
5,5,7011291,3260900860,PostHistory,"%define%then%double%",VectorScan,0.614385,0,4311.41,796
5,5,4636953,3187168332,Posts,"<p>I have tried%",VectorScan,0.324542,0,3136.05,2821
5,5,4636953,3187168332,Posts,"%cannot%fathom%C++%",VectorScan,0.627675,0,3776.94,0
5,5,4636953,3187168332,Posts,"%why%happening%",VectorScan,0.518378,0,3902.24,9735
5,5,4636953,3187168332,Posts,"%what%is%there",VectorScan,0.886756,0,3971.93,0
5,5,4636953,3187168332,Posts,"<p>We%try%",VectorScan,0.43009,0,3121.83,7244
5,10,67660687,6184930096,Comments,"Why do%you%?",VectorScan,0.696203,0,11294.3,74121
5,10,67660687,6184930096,Comments,"%do we%actually%",VectorScan,0.575276,0,13956.2,421
5,10,67660687,6184930096,Comments,"%why%C++%",VectorScan,0.590247,0,13926.6,10167
5,10,67660687,6184930096,Comments,"%how is%this%",VectorScan,0.458042,0,14084.7,11818
5,10,67660687,6184930096,Comments,"%cannot%.",VectorScan,0.56475,0,12706.1,456260
5,10,14020516,6464378912,PostHistory,"%php%is%shit%",VectorScan,0.743996,0,7916.52,116
5,10,14020516,6464378912,PostHistory,"I love%C++%but%",VectorScan,0.727038,0,6535.97,1
5,10,14020516,6464378912,PostHistory,"%sometimes%know.",VectorScan,0.610303,0,7765.84,34
5,10,14020516,6464378912,PostHistory,"%SELECT *%LIMIT 1%",VectorScan,0.477,0,7647.98,2990
5,10,14020516,6464378912,PostHistory,"WITH RECURSIVE%SQL",VectorScan,0.637146,0,6382.51,0
5,10,14020516,6464378912,PostHistory,"%define%then%double%",VectorScan,0.614844,0,8426.99,1594
5,10,9274247,6467793801,Posts,"<p>I have tried%",VectorScan,0.353491,0,6371.65,5699
5,10,9274247,6467793801,Posts,"%cannot%fathom%C++%",VectorScan,0.639574,0,7701.75,1
5,10,9274247,6467793801,Posts,"%why%happening%",VectorScan,0.520421,0,7798.08,19419
5,10,9274247,6467793801,Posts,"%what%is%there",VectorScan,0.874495,0,8215.58,0
5,10,9274247,6467793801,Posts,"<p>We%try%",VectorScan,0.464988,0,6313.13,14417
5,50,70103102,32842104583,PostHistory,"%php%is%shit%",VectorScan,0.666518,0,39414.4,599
5,50,70103102,32842104583,PostHistory,"I love%C++%but%",VectorScan,0.692162,0,32176.4,15
5,50,70103102,32842104583,PostHistory,"%sometimes%know.",VectorScan,0.616482,0,39080.5,175
5,50,70103102,32842104583,PostHistory,"%SELECT *%LIMIT 1%",VectorScan,0.484846,0,38729.2,14908
5,50,70103102,32842104583,PostHistory,"WITH RECURSIVE%SQL",VectorScan,0.703259,0,32485.5,1
5,50,70103102,32842104583,PostHistory,"%define%then%double%",VectorScan,0.631537,0,41457.5,8042
5,50,46375197,33166382695,Posts,"<p>I have tried%",VectorScan,0.328749,0,31240.6,28497
5,50,46375197,33166382695,Posts,"%cannot%fathom%C++%",VectorScan,0.680303,0,37746.6,5
5,50,46375197,33166382695,Posts,"%why%happening%",VectorScan,0.527309,0,38467.1,97637
5,50,46375197,33166382695,Posts,"%what%is%there",VectorScan,0.818837,0,40175.4,1
5,50,46375197,33166382695,Posts,"<p>We%try%",VectorScan,0.472991,0,30599.9,71674
6,0.01,67548,6158512,Comments,"Why do%you%?",InMemory,0.038426,0.000107,1.27415,79
6,0.01,67548,6158512,Comments,"%do we%actually%",InMemory,0.068871,2.8e-05,93.4189,0
6,0.01,67548,6158512,Comments,"%why%C++%",InMemory,0.026624,2.6e-05,71.9549,12
6,0.01,67548,6158512,Comments,"%how is%this%",InMemory,0.060369,2.4e-05,88.6254,10
6,0.01,67548,6158512,Comments,"%cannot%.",InMemory,0.020397,1.7e-05,39.8839,460
6,0.01,13706,6214943,PostHistory,"%php%is%shit%",InMemory,0.044608,5.8e-05,58.9195,0
6,0.01,13706,6214943,PostHistory,"I love%C++%but%",InMemory,0.030681,3.5e-05,0.425953,0
6,0.01,13706,6214943,PostHistory,"%sometimes%know.",InMemory,0.032297,2.7e-05,0.203309,0
6,0.01,13706,6214943,PostHistory,"%SELECT *%LIMIT 1%",InMemory,0.032653,1.7e-05,54.3003,3
6,0.01,13706,6214943,PostHistory,"WITH RECURSIVE%SQL",InMemory,0.016871,1.6e-05,0.193404,0
6,0.01,13706,6214943,PostHistory,"%define%then%double%",InMemory,0.075475,2.2e-05,110.314,2
6,0.01,9104,6453362,Posts,"<p>I have tried%",InMemory,0.008617,4.4e-05,0.349545,6
6,0.01,9104,6453362,Posts,"%cannot%fathom%C++%",InMemory,0.048684,3e-05,102.465,0
6,0.01,9104,6453362,Posts,"%why%happening%",InMemory,0.039938,1.7e-05,91.5848,24
6,0.01,9104,6453362,Posts,"%what%is%there",InMemory,0.046181,1.5e-05,0.199604,0
6,0.01,9104,6453362,Posts,"<p>We%try%",InMemory,0.024129,1.4e-05,1.00283,19
6,0.05,338143,31244354,Comments,"Why do%you%?",InMemory,0.017397,3.9e-05,5.82186,332
6,0.05,338143,31244354,Comments,"%do we%actually%",InMemory,0.060253,1.4e-05,471.521,3
6,0.05,338143,31244354,Comments,"%why%C++%",InMemory,0.028617,4.5e-05,389.836,47
6,0.05,338143,31244354,Comments,"%how is%this%",InMemory,0.059674,3.7e-05,552.789,55
6,0.05,338143,31244354,Comments,"%cannot%.",InMemory,0.034765,4.4e-05,271.417,2204
6,0.05,69346,31203934,PostHistory,"%php%is%shit%",InMemory,0.052262,5.7e-05,323.082,0
6,0.05,69346,31203934,PostHistory,"I love%C++%but%",InMemory,0.022411,2.1e-05,2.25506,0
6,0.05,69346,31203934,PostHistory,"%sometimes%know.",InMemory,0.034924,1.6e-05,2.23056,0
6,0.05,69346,31203934,PostHistory,"%SELECT *%LIMIT 1%",InMemory,0.024486,1.4e-05,322.946,13
6,0.05,69346,31203934,PostHistory,"WITH RECURSIVE%SQL",InMemory,0.01697,1.9e-05,1.22075,0
6,0.05,69346,31203934,PostHistory,"%define%then%double%",InMemory,0.07481,2e-05,478.629,5
6,0.05,46252,32527140,Posts,"<p>I have tried%",InMemory,0.012907,5.3e-05,1.7344,24
6,0.05,46252,32527140,Posts,"%cannot%fathom%C++%",InMemory,0.049971,3.1e-05,438.137,0
6,0.05,46252,32527140,Posts,"%why%happening%",InMemory,0.048382,4.4e-05,349.95,104
6,0.05,46252,32527140,Posts,"%what%is%there",InMemory,0.038563,3.5e-05,2.64011,0
6,0.05,46252,32527140,Posts,"<p>We%try%",InMemory,0.033251,2e-05,6.15982,62
6,0.1,676808,61789917,Comments,"Why do%you%?",InMemory,0.021553,4.2e-05,12.9233,680
6,0.1,676808,61789917,Comments,"%do we%actually%",InMemory,0.070365,1.9e-05,952.821,4
6,0.1,676808,61789917,Comments,"%why%C++%",InMemory,0.027162,4.5e-05,725.367,88
6,0.1,676808,61789917,Comments,"%how is%this%",InMemory,0.052877,3.7e-05,1168.24,111
6,0.1,676808,61789917,Comments,"%cannot%.",InMemory,0.035858,4.5e-05,491.387,4459
6,0.1,140045,64671224,PostHistory,"%php%is%shit%",InMemory,0.051397,3.7e-05,711.493,1
6,0.1,140045,64671224,PostHistory,"I love%C++%but%",InMemory,0.024097,3.6e-05,4.66623,0
6,0.1,140045,64671224,PostHistory,"%sometimes%know.",InMemory,0.038106,2.9e-05,5.24265,0
6,0.1,140045,64671224,PostHistory,"%SELECT *%LIMIT 1%",InMemory,0.026506,1.6e-05,660.289,29
6,0.1,140045,64671224,PostHistory,"WITH RECURSIVE%SQL",InMemory,0.017839,3.8e-05,3.72549,0
6,0.1,140045,64671224,PostHistory,"%define%then%double%",InMemory,0.056055,2.1e-05,686.929,14
6,0.1,92437,65244570,Posts,"<p>I have tried%",InMemory,0.014352,4e-05,3.51829,48
6,0.1,92437,65244570,Posts,"%cannot%fathom%C++%",InMemory,0.042584,1.5e-05,556.95,0
6,0.1,92437,65244570,Posts,"%why%happening%",InMemory,0.042375,1.5e-05,878.268,183
6,0.1,92437,65244570,Posts,"%what%is%there",InMemory,0.046151,3.9e-05,5.51037,0
6,0.1,92437,65244570,Posts,"<p>We%try%",InMemory,0.03389,1.5e-05,13.2866,129
6,0.5,3381970,305571138,Comments,"Why do%you%?",InMemory,0.020657,4.3e-05,61.0347,3633
6,0.5,3381970,305571138,Comments,"%do we%actually%",InMemory,0.064397,1.7e-05,5099.16,16
6,0.5,3381970,305571138,Comments,"%why%C++%",InMemory,0.032268,4.1e-05,3567.42,516
6,0.5,3381970,305571138,Comments,"%how is%this%",InMemory,0.068198,9.9e-05,5009,581
6,0.5,3381970,305571138,Comments,"%cannot%.",InMemory,0.025794,0.000104,1451.94,22793
6,0.5,700773,325065834,PostHistory,"%php%is%shit%",InMemory,0.061803,0.000106,3853.47,8
6,0.5,700773,325065834,PostHistory,"I love%C++%but%",InMemory,0.034265,0.000105,22.7348,1
6,0.5,700773,325065834,PostHistory,"%sometimes%know.",InMemory,0.04432,1.9e-05,26.8394,1
6,0.5,700773,325065834,PostHistory,"%SELECT *%LIMIT 1%",InMemory,0.030508,2.2e-05,3286.01,157
6,0.5,700773,325065834,PostHistory,"WITH RECURSIVE%SQL",InMemory,0.021963,3.7e-05,22.1316,0
6,0.5,700773,325065834,PostHistory,"%define%then%double%",InMemory,0.061274,2e-05,5052.23,81
6,0.5,464093,326942687,Posts,"<p>I have tried%",InMemory,0.017887,0.000107,17.2107,261
6,0.5,464093,326942687,Posts,"%cannot%fathom%C++%",InMemory,0.057829,2e-05,3777.03,0
6,0.5,464093,326942687,Posts,"%why%happening%",InMemory,0.051541,0.000117,4354.04,968
6,0.5,464093,326942687,Posts,"%what%is%there",InMemory,0.059922,8.7e-05,24.4025,0
6,0.5,464093,326942687,Posts,"<p>We%try%",InMemory,0.027388,1.8e-05,65.242,676
6,1,6763320,618860378,Comments,"Why do%you%?",InMemory,0.023006,3.2e-05,121.719,7364
6,1,6763320,618860378,Comments,"%do we%actually%",InMemory,0.060852,1.7e-05,7031.52,35
6,1,6763320,618860378,Comments,"%why%C++%",InMemory,0.034096,0.000152,7874.74,1060
6,1,6763320,618860378,Comments,"%how is%this%",InMemory,0.073504,0.000118,11405.8,1198
6,1,6763320,618860378,Comments,"%cannot%.",InMemory,0.034344,0.0001,5236.05,45360
6,1,1402633,655946812,PostHistory,"%php%is%shit%",InMemory,0.059758,0.000105,8344.05,13
6,1,1402633,655946812,PostHistory,"I love%C++%but%",InMemory,0.029654,0.00013,44.5238,1
6,1,1402633,655946812,PostHistory,"%sometimes%know.",InMemory,0.042769,2.2e-05,48.2058,3
6,1,1402633,655946812,PostHistory,"%SELECT *%LIMIT 1%",InMemory,0.033329,1.6e-05,6668.12,309
6,1,1402633,655946812,PostHistory,"WITH RECURSIVE%SQL",InMemory,0.022156,0.000368,44.4557,0
6,1,1402633,655946812,PostHistory,"%define%then%double%",InMemory,0.065407,2.1e-05,11556.9,176
6,1,927644,659166886,Posts,"<p>I have tried%",InMemory,0.015249,0.000106,36.301,516
6,1,927644,659166886,Posts,"%cannot%fathom%C++%",InMemory,0.060159,2.4e-05,11038.4,0
6,1,927644,659166886,Posts,"%why%happening%",InMemory,0.051226,9.7e-05,7657.43,1899
6,1,927644,659166886,Posts,"%what%is%there",InMemory,0.051555,9.7e-05,49.165,0
6,1,927644,659166886,Posts,"<p>We%try%",InMemory,0.029671,1.6e-05,130.648,1414
6,5,33828344,3082980466,Comments,"Why do%you%?",InMemory,0.023728,4.6e-05,593.348,37146
6,5,33828344,3082980466,Comments,"%do we%actually%",InMemory,0.051331,8.7e-05,34321.8,192
6,5,33828344,3082980466,Comments,"%why%C++%",InMemory,0.034688,0.000103,39695,5007
6,5,33828344,3082980466,Comments,"%how is%this%",InMemory,0.0634,0.000104,50250,5896
6,5,33828344,3082980466,Comments,"%cannot%.",InMemory,0.046584,0.000104,22280.4,228112
6,5,7011291,3260900860,PostHistory,"%php%is%shit%",InMemory,0.05233,0.000102,35116,58
6,5,7011291,3260900860,PostHistory,"I love%C++%but%",InMemory,0.033035,0.000104,230.025,1
6,5,7011291,3260900860,PostHistory,"%sometimes%know.",InMemory,0.058713,3.6e-05,250.56,17
6,5,7011291,3260900860,PostHistory,"%SELECT *%LIMIT 1%",InMemory,0.035618,2e-05,33178.6,1489
6,5,7011291,3260900860,PostHistory,"WITH RECURSIVE%SQL",InMemory,0.026813,0.000103,226.487,0
6,5,7011291,3260900860,PostHistory,"%define%then%double%",InMemory,0.066329,1.7e-05,51294.7,794
6,5,4636953,3187168332,Posts,"<p>I have tried%",InMemory,0.016087,0.000109,170.214,2821
6,5,4636953,3187168332,Posts,"%cannot%fathom%C++%",InMemory,0.061776,3.3e-05,48994.5,0
6,5,4636953,3187168332,Posts,"%why%happening%",InMemory,0.070808,0.000105,40507.2,9667
6,5,4636953,3187168332,Posts,"%what%is%there",InMemory,0.057203,0.000156,281.626,0
6,5,4636953,3187168332,Posts,"<p>We%try%",InMemory,0.038448,9.9e-05,537.618,7238
6,10,67660687,6184930096,Comments,"Why do%you%?",InMemory,0.031105,9.3e-05,1169.87,74121
6,10,67660687,6184930096,Comments,"%do we%actually%",InMemory,0.069901,0.000484,97060.5,420
6,10,67660687,6184930096,Comments,"%why%C++%",InMemory,0.035574,0.000107,78535.8,10167
6,10,67660687,6184930096,Comments,"%how is%this%",InMemory,0.059343,0.000105,110211,11812
6,10,67660687,6184930096,Comments,"%cannot%.",InMemory,0.045269,0.000107,53833.9,456139
6,10,14020516,6464378912,PostHistory,"%php%is%shit%",InMemory,0.059098,0.000102,85180.3,116
6,10,14020516,6464378912,PostHistory,"I love%C++%but%",InMemory,0.03071,0.000101,455.345,1
6,10,14020516,6464378912,PostHistory,"%sometimes%know.",InMemory,0.050485,5.6e-05,530.523,34
6,10,14020516,6464378912,PostHistory,"%SELECT *%LIMIT 1%",InMemory,0.044703,1.6e-05,63218.4,2990
6,10,14020516,6464378912,PostHistory,"WITH RECURSIVE%SQL",InMemory,0.024618,0.000406,452.137,0
6,10,14020516,6464378912,PostHistory,"%define%then%double%",InMemory,0.068349,8.3e-05,96101,1588
6,10,9274247,6467793801,Posts,"<p>I have tried%",InMemory,0.018062,0.000113,346.57,5699
6,10,9274247,6467793801,Posts,"%cannot%fathom%C++%",InMemory,0.061028,2.9e-05,93715.9,1
6,10,9274247,6467793801,Posts,"%why%happening%",InMemory,0.05213,0.000101,76395.7,19361
6,10,9274247,6467793801,Posts,"%what%is%there",InMemory,0.049183,0.000105,314.909,0
6,10,9274247,6467793801,Posts,"<p>We%try%",InMemory,0.035289,2e-05,1075.22,14408
6,50,70103102,32842104583,PostHistory,"%php%is%shit%",InMemory,0.068907,0.000107,391694,598
6,50,70103102,32842104583,PostHistory,"I love%C++%but%",InMemory,0.031724,0.000103,2269.52,15
6,50,70103102,32842104583,PostHistory,"%sometimes%know.",InMemory,0.053253,9.2e-05,2453.11,175
6,50,70103102,32842104583,PostHistory,"%SELECT *%LIMIT 1%",InMemory,0.039612,7.2e-05,317806,14908
6,50,70103102,32842104583,PostHistory,"WITH RECURSIVE%SQL",InMemory,0.024045,0.000157,2263.07,1
6,50,70103102,32842104583,PostHistory,"%define%then%double%",InMemory,0.083356,8.6e-05,500940,7993
6,50,46375197,33166382695,Posts,"<p>I have tried%",InMemory,0.014813,0.000104,1754.61,28497
6,50,46375197,33166382695,Posts,"%cannot%fathom%C++%",InMemory,0.06408,0.000106,455914,5
6,50,46375197,33166382695,Posts,"%why%happening%",InMemory,0.051275,0.000162,376344,97325
6,50,46375197,33166382695,Posts,"%what%is%there",InMemory,0.049714,0.000156,2464.91,0
6,50,46375197,33166382695,Posts,"<p>We%try%",InMemory,0.044048,0.000105,6926.41,71674
6,0.01,67548,6158512,Comments,"Why do%you%?",SSELLVMCompiled,0.040375,26.8947,0.857296,79
6,0.01,67548,6158512,Comments,"%do we%actually%",SSELLVMCompiled,0.080915,34.0709,3.01002,0
6,0.01,67548,6158512,Comments,"%why%C++%",SSELLVMCompiled,0.033775,22.9163,3.23049,12
6,0.01,67548,6158512,Comments,"%how is%this%",SSELLVMCompiled,0.06971,30.8449,4.70147,10
6,0.01,67548,6158512,Comments,"%cannot%.",SSELLVMCompiled,0.031844,22.1378,1.99891,460
6,0.01,13706,6214943,PostHistory,"%php%is%shit%",SSELLVMCompiled,0.046169,31.4131,2.17133,0
6,0.01,13706,6214943,PostHistory,"I love%C++%but%",SSELLVMCompiled,0.039549,25.0121,0.395488,0
6,0.01,13706,6214943,PostHistory,"%sometimes%know.",SSELLVMCompiled,0.043415,28.7456,0.391547,0
6,0.01,13706,6214943,PostHistory,"%SELECT *%LIMIT 1%",SSELLVMCompiled,0.036591,22.9318,1.15299,3
6,0.01,13706,6214943,PostHistory,"WITH RECURSIVE%SQL",SSELLVMCompiled,0.021844,12.0296,0.290734,0
6,0.01,13706,6214943,PostHistory,"%define%then%double%",SSELLVMCompiled,0.089848,45.3547,3.3464,2
6,0.01,9104,6453362,Posts,"<p>I have tried%",SSELLVMCompiled,0.01191,8.47188,0.232177,6
6,0.01,9104,6453362,Posts,"%cannot%fathom%C++%",SSELLVMCompiled,0.069288,38.1964,3.24514,0
6,0.01,9104,6453362,Posts,"%why%happening%",SSELLVMCompiled,0.050477,32.2444,2.32045,24
6,0.01,9104,6453362,Posts,"%what%is%there",SSELLVMCompiled,0.058893,39.355,0.293292,0
6,0.01,9104,6453362,Posts,"<p>We%try%",SSELLVMCompiled,0.032391,17.3273,0.296574,19
6,0.05,338143,31244354,Comments,"Why do%you%?",SSELLVMCompiled,0.020735,21.7076,3.92278,332
6,0.05,338143,31244354,Comments,"%do we%actually%",SSELLVMCompiled,0.069343,32.9795,14.7181,3
6,0.05,338143,31244354,Comments,"%why%C++%",SSELLVMCompiled,0.031108,21.9443,16.6067,47
6,0.05,338143,31244354,Comments,"%how is%this%",SSELLVMCompiled,0.063121,24.0129,25.4257,55
6,0.05,338143,31244354,Comments,"%cannot%.",SSELLVMCompiled,0.042061,25.6205,12.4787,2204
6,0.05,69346,31203934,PostHistory,"%php%is%shit%",SSELLVMCompiled,0.052662,32.9271,10.5762,0
6,0.05,69346,31203934,PostHistory,"I love%C++%but%",SSELLVMCompiled,0.025927,24.8069,1.61801,0
6,0.05,69346,31203934,PostHistory,"%sometimes%know.",SSELLVMCompiled,0.045496,28.9324,2.00033,0
6,0.05,69346,31203934,PostHistory,"%SELECT *%LIMIT 1%",SSELLVMCompiled,0.037293,22.9896,5.6807,13
6,0.05,69346,31203934,PostHistory,"WITH RECURSIVE%SQL",SSELLVMCompiled,0.02119,12.2537,1.42655,0
6,0.05,69346,31203934,PostHistory,"%define%then%double%",SSELLVMCompiled,0.095898,41.6535,16.7215,5
6,0.05,46252,32527140,Posts,"<p>I have tried%",SSELLVMCompiled,0.014458,8.32095,1.15622,24
6,0.05,46252,32527140,Posts,"%cannot%fathom%C++%",SSELLVMCompiled,0.059883,39.768,15.6895,0
6,0.05,46252,32527140,Posts,"%why%happening%",SSELLVMCompiled,0.079393,33.0046,8.24758,104
6,0.05,46252,32527140,Posts,"%what%is%there",SSELLVMCompiled,0.053395,36.4222,1.58376,0
6,0.05,46252,32527140,Posts,"<p>We%try%",SSELLVMCompiled,0.046555,19.3271,1.79179,62
6,0.1,676808,61789917,Comments,"Why do%you%?",SSELLVMCompiled,0.026169,22.6126,8.33258,680
6,0.1,676808,61789917,Comments,"%do we%actually%",SSELLVMCompiled,0.082229,33.4171,50.5517,4
6,0.1,676808,61789917,Comments,"%why%C++%",SSELLVMCompiled,0.028553,21.7795,23.4449,88
6,0.1,676808,61789917,Comments,"%how is%this%",SSELLVMCompiled,0.062529,28.2982,51.8758,111
6,0.1,676808,61789917,Comments,"%cannot%.",SSELLVMCompiled,0.037701,24.5264,25.2328,4459
6,0.1,140045,64671224,PostHistory,"%php%is%shit%",SSELLVMCompiled,0.061009,36.0423,18.9466,1
6,0.1,140045,64671224,PostHistory,"I love%C++%but%",SSELLVMCompiled,0.026189,21.5631,4.06278,0
6,0.1,140045,64671224,PostHistory,"%sometimes%know.",SSELLVMCompiled,0.049763,36.3222,4.09257,0
6,0.1,140045,64671224,PostHistory,"%SELECT *%LIMIT 1%",SSELLVMCompiled,0.039257,23.2037,11.9361,29
6,0.1,140045,64671224,PostHistory,"WITH RECURSIVE%SQL",SSELLVMCompiled,0.021316,11.7921,3.08779,0
6,0.1,140045,64671224,PostHistory,"%define%then%double%",SSELLVMCompiled,0.064774,38.8344,21.0198,14
6,0.1,92437,65244570,Posts,"<p>I have tried%",SSELLVMCompiled,0.012608,8.88512,2.29385,48
6,0.1,92437,65244570,Posts,"%cannot%fathom%C++%",SSELLVMCompiled,0.04748,33.317,8.76389,0
6,0.1,92437,65244570,Posts,"%why%happening%",SSELLVMCompiled,0.058326,33.6137,20.1837,183
6,0.1,92437,65244570,Posts,"%what%is%there",SSELLVMCompiled,0.054359,38.4868,3.1126,0
6,0.1,92437,65244570,Posts,"<p>We%try%",SSELLVMCompiled,0.047888,16.327,3.61745,129
6,0.5,3381970,305571138,Comments,"Why do%you%?",SSELLVMCompiled,0.024597,24.2592,40.0851,3633
6,0.5,3381970,305571138,Comments,"%do we%actually%",SSELLVMCompiled,0.076313,33.7136,170.122,16
6,0.5,3381970,305571138,Comments,"%why%C++%",SSELLVMCompiled,0.036957,23.9391,188.89,516
6,0.5,3381970,305571138,Comments,"%how is%this%",SSELLVMCompiled,0.085469,32.133,222.014,581
6,0.5,3381970,305571138,Comments,"%cannot%.",SSELLVMCompiled,0.021807,26.3434,96.5661,22793
6,0.5,700773,325065834,PostHistory,"%php%is%shit%",SSELLVMCompiled,0.05728,38.8113,140.615,8
6,0.5,700773,325065834,PostHistory,"I love%C++%but%",SSELLVMCompiled,0.029355,25.3427,19.751,1
6,0.5,700773,325065834,PostHistory,"%sometimes%know.",SSELLVMCompiled,0.054421,35.2056,20.5576,1
6,0.5,700773,325065834,PostHistory,"%SELECT *%LIMIT 1%",SSELLVMCompiled,0.040902,24.4685,61.5207,157
6,0.5,700773,325065834,PostHistory,"WITH RECURSIVE%SQL",SSELLVMCompiled,0.022381,12.6154,15.9766,0
6,0.5,700773,325065834,PostHistory,"%define%then%double%",SSELLVMCompiled,0.074796,41.7376,117.037,81
6,0.5,464093,326942687,Posts,"<p>I have tried%",SSELLVMCompiled,0.015105,9.26312,11.4725,261
6,0.5,464093,326942687,Posts,"%cannot%fathom%C++%",SSELLVMCompiled,0.061718,37.6562,66.1993,0
6,0.5,464093,326942687,Posts,"%why%happening%",SSELLVMCompiled,0.052773,31.5878,103.986,968
6,0.5,464093,326942687,Posts,"%what%is%there",SSELLVMCompiled,0.064736,42.1496,15.5952,0
6,0.5,464093,326942687,Posts,"<p>We%try%",SSELLVMCompiled,0.038856,20.3988,17.1167,676
6,1,6763320,618860378,Comments,"Why do%you%?",SSELLVMCompiled,0.027304,24.9942,81.0771,7364
6,1,6763320,618860378,Comments,"%do we%actually%",SSELLVMCompiled,0.06788,31.898,275.228,35
6,1,6763320,618860378,Comments,"%why%C++%",SSELLVMCompiled,0.028986,24.8838,284.55,1060
6,1,6763320,618860378,Comments,"%how is%this%",SSELLVMCompiled,0.081544,30.7041,655.323,1198
6,1,6763320,618860378,Comments,"%cannot%.",SSELLVMCompiled,0.038036,26.905,235.16,45360
6,1,1402633,655946812,PostHistory,"%php%is%shit%",SSELLVMCompiled,0.057319,35.0462,248.269,13
6,1,1402633,655946812,PostHistory,"I love%C++%but%",SSELLVMCompiled,0.030144,24.1723,31.5152,1
6,1,1402633,655946812,PostHistory,"%sometimes%know.",SSELLVMCompiled,0.04947,28.1353,40.7365,3
6,1,1402633,655946812,PostHistory,"%SELECT *%LIMIT 1%",SSELLVMCompiled,0.038671,23.1142,118.985,309
6,1,1402633,655946812,PostHistory,"WITH RECURSIVE%SQL",SSELLVMCompiled,0.023842,11.8677,31.6298,0
6,1,1402633,655946812,PostHistory,"%define%then%double%",SSELLVMCompiled,0.062575,35.5851,318.561,176
6,1,927644,659166886,Posts,"<p>I have tried%",SSELLVMCompiled,0.014812,8.32736,22.8489,516
6,1,927644,659166886,Posts,"%cannot%fathom%C++%",SSELLVMCompiled,0.084188,38.1504,249.6,0
6,1,927644,659166886,Posts,"%why%happening%",SSELLVMCompiled,0.062415,33.0778,179.175,1899
6,1,927644,659166886,Posts,"%what%is%there",SSELLVMCompiled,0.058461,35.5541,30.1,0
6,1,927644,659166886,Posts,"<p>We%try%",SSELLVMCompiled,0.038606,17.2942,32.9099,1414
6,5,33828344,3082980466,Comments,"Why do%you%?",SSELLVMCompiled,0.027116,23.9608,394.856,37146
6,5,33828344,3082980466,Comments,"%do we%actually%",SSELLVMCompiled,0.057065,28.4193,1306.08,192
6,5,33828344,3082980466,Comments,"%why%C++%",SSELLVMCompiled,0.032494,24.8129,1816.27,5007
6,5,33828344,3082980466,Comments,"%how is%this%",SSELLVMCompiled,0.076235,28.9611,2426.82,5896
6,5,33828344,3082980466,Comments,"%cannot%.",SSELLVMCompiled,0.053177,29.5642,1154.61,228112
6,5,7011291,3260900860,PostHistory,"%php%is%shit%",SSELLVMCompiled,0.053365,31.8577,967.242,58
6,5,7011291,3260900860,PostHistory,"I love%C++%but%",SSELLVMCompiled,0.029353,23.6114,192.25,1
6,5,7011291,3260900860,PostHistory,"%sometimes%know.",SSELLVMCompiled,0.057017,33.1929,204.174,17
6,5,7011291,3260900860,PostHistory,"%SELECT *%LIMIT 1%",SSELLVMCompiled,0.037782,25.3558,616.668,1489
6,5,7011291,3260900860,PostHistory,"WITH RECURSIVE%SQL",SSELLVMCompiled,0.029765,13.1051,158.458,0
6,5,7011291,3260900860,PostHistory,"%define%then%double%",SSELLVMCompiled,0.067153,43.8961,1367.03,794
6,5,4636953,3187168332,Posts,"<p>I have tried%",SSELLVMCompiled,0.020608,9.39339,115.25,2821
6,5,4636953,3187168332,Posts,"%cannot%fathom%C++%",SSELLVMCompiled,0.074307,42.5986,1140.99,0
6,5,4636953,3187168332,Posts,"%why%happening%",SSELLVMCompiled,0.055954,30.2015,791.806,9667
6,5,4636953,3187168332,Posts,"%what%is%there",SSELLVMCompiled,0.057128,38.2016,154.059,0
6,5,4636953,3187168332,Posts,"<p>We%try%",SSELLVMCompiled,0.035937,18.4477,165.29,7238
6,10,67660687,6184930096,Comments,"Why do%you%?",SSELLVMCompiled,0.030505,24.3619,767.141,74121
6,10,67660687,6184930096,Comments,"%do we%actually%",SSELLVMCompiled,0.091376,33.4689,2923.66,420
6,10,67660687,6184930096,Comments,"%why%C++%",SSELLVMCompiled,0.039624,26.0486,3093.22,10167
6,10,67660687,6184930096,Comments,"%how is%this%",SSELLVMCompiled,0.072206,28.2361,6683.12,11812
6,10,67660687,6184930096,Comments,"%cannot%.",SSELLVMCompiled,0.05654,27.783,2565.87,456139
6,10,14020516,6464378912,PostHistory,"%php%is%shit%",SSELLVMCompiled,0.063062,36.6887,2828.28,116
6,10,14020516,6464378912,PostHistory,"I love%C++%but%",SSELLVMCompiled,0.030089,25.7903,320.05,1
6,10,14020516,6464378912,PostHistory,"%sometimes%know.",SSELLVMCompiled,0.062037,33.6801,408.098,34
6,10,14020516,6464378912,PostHistory,"%SELECT *%LIMIT 1%",SSELLVMCompiled,0.056051,31.2633,1239.64,2990
6,10,14020516,6464378912,PostHistory,"WITH RECURSIVE%SQL",SSELLVMCompiled,0.031861,18.924,314.147,0
6,10,14020516,6464378912,PostHistory,"%define%then%double%",SSELLVMCompiled,0.077206,40.5908,2219.98,1588
6,10,9274247,6467793801,Posts,"<p>I have tried%",SSELLVMCompiled,0.020954,9.90011,223.094,5699
6,10,9274247,6467793801,Posts,"%cannot%fathom%C++%",SSELLVMCompiled,0.066806,37.6775,1812.46,1
6,10,9274247,6467793801,Posts,"%why%happening%",SSELLVMCompiled,0.067832,33.5422,1802.34,19361
6,10,9274247,6467793801,Posts,"%what%is%there",SSELLVMCompiled,0.056585,38.6057,285.769,0
6,10,9274247,6467793801,Posts,"<p>We%try%",SSELLVMCompiled,0.042223,19.6917,328.462,14408
6,50,70103102,32842104583,PostHistory,"%php%is%shit%",SSELLVMCompiled,0.062911,33.3288,14655.6,598
6,50,70103102,32842104583,PostHistory,"I love%C++%but%",SSELLVMCompiled,0.032417,25.2931,1610.87,15
6,50,70103102,32842104583,PostHistory,"%sometimes%know.",SSELLVMCompiled,0.060775,30.5574,2036.36,175
6,50,70103102,32842104583,PostHistory,"%SELECT *%LIMIT 1%",SSELLVMCompiled,0.041713,26.2736,6120.28,14908
6,50,70103102,32842104583,PostHistory,"WITH RECURSIVE%SQL",SSELLVMCompiled,0.033598,13.894,1592.83,1
6,50,70103102,32842104583,PostHistory,"%define%then%double%",SSELLVMCompiled,0.091735,47.5199,13863.4,7993
6,50,46375197,33166382695,Posts,"<p>I have tried%",SSELLVMCompiled,0.020239,8.77993,1096.66,28497
6,50,46375197,33166382695,Posts,"%cannot%fathom%C++%",SSELLVMCompiled,0.067816,39.5894,12925.9,5
6,50,46375197,33166382695,Posts,"%why%happening%",SSELLVMCompiled,0.069691,34.3756,9329.37,97325
6,50,46375197,33166382695,Posts,"%what%is%there",SSELLVMCompiled,0.057538,39.0112,1549.43,0
6,50,46375197,33166382695,Posts,"<p>We%try%",SSELLVMCompiled,0.050352,20.8168,1785.37,71674
6,0.01,67548,6158512,Comments,"Why do%you%?",SSECppCompiled,0.041079,305.107,0.941415,79
6,0.01,67548,6158512,Comments,"%do we%actually%",SSECppCompiled,0.079005,338.48,3.52513,0
6,0.01,67548,6158512,Comments,"%why%C++%",SSECppCompiled,0.03409,308.192,3.90599,12
6,0.01,67548,6158512,Comments,"%how is%this%",SSECppCompiled,0.076429,330.424,5.43759,10
6,0.01,67548,6158512,Comments,"%cannot%.",SSECppCompiled,0.030608,314.318,2.3207,460
6,0.01,13706,6214943,PostHistory,"%php%is%shit%",SSECppCompiled,0.052452,318.254,2.61038,0
6,0.01,13706,6214943,PostHistory,"I love%C++%but%",SSECppCompiled,0.040365,315.931,0.352187,0
6,0.01,13706,6214943,PostHistory,"%sometimes%know.",SSECppCompiled,0.048245,340.706,0.463699,0
6,0.01,13706,6214943,PostHistory,"%SELECT *%LIMIT 1%",SSECppCompiled,0.042717,327.21,1.32325,3
6,0.01,13706,6214943,PostHistory,"WITH RECURSIVE%SQL",SSECppCompiled,0.024597,305.625,0.443908,0
6,0.01,13706,6214943,PostHistory,"%define%then%double%",SSECppCompiled,0.105517,357.996,3.61609,2
6,0.01,9104,6453362,Posts,"<p>I have tried%",SSECppCompiled,0.015204,292.541,0.385476,6
6,0.01,9104,6453362,Posts,"%cannot%fathom%C++%",SSECppCompiled,0.068998,352.752,4.12589,0
6,0.01,9104,6453362,Posts,"%why%happening%",SSECppCompiled,0.055641,343.347,2.25175,24
6,0.01,9104,6453362,Posts,"%what%is%there",SSECppCompiled,0.061379,341.176,0.452003,0
6,0.01,9104,6453362,Posts,"<p>We%try%",SSECppCompiled,0.038983,309.378,0.308126,19
6,0.05,338143,31244354,Comments,"Why do%you%?",SSECppCompiled,0.028161,308.382,4.52894,332
6,0.05,338143,31244354,Comments,"%do we%actually%",SSECppCompiled,0.073428,332.049,16.6487,3
6,0.05,338143,31244354,Comments,"%why%C++%",SSECppCompiled,0.031669,305.689,19.0756,47
6,0.05,338143,31244354,Comments,"%how is%this%",SSECppCompiled,0.069478,317.304,27.5284,55
6,0.05,338143,31244354,Comments,"%cannot%.",SSECppCompiled,0.044504,322.435,13.7648,2204
6,0.05,69346,31203934,PostHistory,"%php%is%shit%",SSECppCompiled,0.062475,320.859,11.9856,0
6,0.05,69346,31203934,PostHistory,"I love%C++%but%",SSECppCompiled,0.031186,307.114,1.70677,0
6,0.05,69346,31203934,PostHistory,"%sometimes%know.",SSECppCompiled,0.051399,325.323,2.23623,0
6,0.05,69346,31203934,PostHistory,"%SELECT *%LIMIT 1%",SSECppCompiled,0.046908,315.025,6.6597,13
6,0.05,69346,31203934,PostHistory,"WITH RECURSIVE%SQL",SSECppCompiled,0.023724,303.122,2.14211,0
6,0.05,69346,31203934,PostHistory,"%define%then%double%",SSECppCompiled,0.092489,353.06,19.0359,5
6,0.05,46252,32527140,Posts,"<p>I have tried%",SSECppCompiled,0.016307,292.684,1.25028,24
6,0.05,46252,32527140,Posts,"%cannot%fathom%C++%",SSECppCompiled,0.066422,351.597,18.5628,0
6,0.05,46252,32527140,Posts,"%why%happening%",SSECppCompiled,0.061452,341.67,10.7711,104
6,0.05,46252,32527140,Posts,"%what%is%there",SSECppCompiled,0.05266,355.904,2.20737,0
6,0.05,46252,32527140,Posts,"<p>We%try%",SSECppCompiled,0.045811,309.467,1.54001,62
6,0.1,676808,61789917,Comments,"Why do%you%?",SSECppCompiled,0.032132,320.175,9.10215,680
6,0.1,676808,61789917,Comments,"%do we%actually%",SSECppCompiled,0.098038,347.537,50.3997,4
6,0.1,676808,61789917,Comments,"%why%C++%",SSECppCompiled,0.031059,307.173,26.4141,88
6,0.1,676808,61789917,Comments,"%how is%this%",SSECppCompiled,0.060865,316.552,60.9418,111
6,0.1,676808,61789917,Comments,"%cannot%.",SSECppCompiled,0.041416,317.907,27.4708,4459
6,0.1,140045,64671224,PostHistory,"%php%is%shit%",SSECppCompiled,0.065995,331.7,21.6116,1
6,0.1,140045,64671224,PostHistory,"I love%C++%but%",SSECppCompiled,0.027656,302.359,4.3436,0
6,0.1,140045,64671224,PostHistory,"%sometimes%know.",SSECppCompiled,0.051423,329.988,4.3374,0
6,0.1,140045,64671224,PostHistory,"%SELECT *%LIMIT 1%",SSECppCompiled,0.037633,313.412,12.9262,29
6,0.1,140045,64671224,PostHistory,"WITH RECURSIVE%SQL",SSECppCompiled,0.025556,306.622,4.22106,0
6,0.1,140045,64671224,PostHistory,"%define%then%double%",SSECppCompiled,0.080533,343.104,22.6091,14
6,0.1,92437,65244570,Posts,"<p>I have tried%",SSECppCompiled,0.016604,293.271,2.45729,48
6,0.1,92437,65244570,Posts,"%cannot%fathom%C++%",SSECppCompiled,0.052359,335.979,10.2134,0
6,0.1,92437,65244570,Posts,"%why%happening%",SSECppCompiled,0.070664,334.802,21.0142,183
6,0.1,92437,65244570,Posts,"%what%is%there",SSECppCompiled,0.05472,337.077,4.39833,0
6,0.1,92437,65244570,Posts,"<p>We%try%",SSECppCompiled,0.04875,303.029,3.21563,129
6,0.5,3381970,305571138,Comments,"Why do%you%?",SSECppCompiled,0.028742,313.861,44.4018,3633
6,0.5,3381970,305571138,Comments,"%do we%actually%",SSECppCompiled,0.073575,335.919,167.988,16
6,0.5,3381970,305571138,Comments,"%why%C++%",SSECppCompiled,0.029858,307.335,191.461,516
6,0.5,3381970,305571138,Comments,"%how is%this%",SSECppCompiled,0.069843,330.709,231.163,581
6,0.5,3381970,305571138,Comments,"%cannot%.",SSECppCompiled,0.025474,309.425,103.638,22793
6,0.5,700773,325065834,PostHistory,"%php%is%shit%",SSECppCompiled,0.059846,327.829,147.571,8
6,0.5,700773,325065834,PostHistory,"I love%C++%but%",SSECppCompiled,0.032116,307.661,16.7269,1
6,0.5,700773,325065834,PostHistory,"%sometimes%know.",SSECppCompiled,0.06084,328.199,21.71,1
6,0.5,700773,325065834,PostHistory,"%SELECT *%LIMIT 1%",SSECppCompiled,0.040106,318.233,65.8953,157
6,0.5,700773,325065834,PostHistory,"WITH RECURSIVE%SQL",SSECppCompiled,0.025579,305.987,21.2407,0
6,0.5,700773,325065834,PostHistory,"%define%then%double%",SSECppCompiled,0.075308,351.353,131.164,81
6,0.5,464093,326942687,Posts,"<p>I have tried%",SSECppCompiled,0.015815,291.613,12.299,261
6,0.5,464093,326942687,Posts,"%cannot%fathom%C++%",SSECppCompiled,0.06952,349.992,75.7118,0
6,0.5,464093,326942687,Posts,"%why%happening%",SSECppCompiled,0.055472,337.94,108.603,968
6,0.5,464093,326942687,Posts,"%what%is%there",SSECppCompiled,0.064003,345.603,21.1164,0
6,0.5,464093,326942687,Posts,"<p>We%try%",SSECppCompiled,0.039275,313.345,14.8491,676
6,1,6763320,618860378,Comments,"Why do%you%?",SSECppCompiled,0.032723,320.91,88.6565,7364
6,1,6763320,618860378,Comments,"%do we%actually%",SSECppCompiled,0.067223,323.095,262.472,35
6,1,6763320,618860378,Comments,"%why%C++%",SSECppCompiled,0.029158,305.224,294.9,1060
6,1,6763320,618860378,Comments,"%how is%this%",SSECppCompiled,0.094198,319.902,622.239,1198
6,1,6763320,618860378,Comments,"%cannot%.",SSECppCompiled,0.044372,316.42,255.388,45360
6,1,1402633,655946812,PostHistory,"%php%is%shit%",SSECppCompiled,0.056639,342.592,285.794,13
6,1,1402633,655946812,PostHistory,"I love%C++%but%",SSECppCompiled,0.02813,310.875,33.0425,1
6,1,1402633,655946812,PostHistory,"%sometimes%know.",SSECppCompiled,0.05371,336.477,43.3591,3
6,1,1402633,655946812,PostHistory,"%SELECT *%LIMIT 1%",SSECppCompiled,0.039705,326.376,133.664,309
6,1,1402633,655946812,PostHistory,"WITH RECURSIVE%SQL",SSECppCompiled,0.024703,307.339,42.2892,0
6,1,1402633,655946812,PostHistory,"%define%then%double%",SSECppCompiled,0.070272,335.762,332.036,176
6,1,927644,659166886,Posts,"<p>I have tried%",SSECppCompiled,0.015422,291.873,24.5161,516
6,1,927644,659166886,Posts,"%cannot%fathom%C++%",SSECppCompiled,0.064144,349.653,253.064,0
6,1,927644,659166886,Posts,"%why%happening%",SSECppCompiled,0.051223,331.554,178.579,1899
6,1,927644,659166886,Posts,"%what%is%there",SSECppCompiled,0.055918,328.436,43.1904,0
6,1,927644,659166886,Posts,"<p>We%try%",SSECppCompiled,0.034469,297.233,28.4279,1414
6,5,33828344,3082980466,Comments,"Why do%you%?",SSECppCompiled,0.032018,312.23,440.596,37146
6,5,33828344,3082980466,Comments,"%do we%actually%",SSECppCompiled,0.057528,325.733,1204.53,192
6,5,33828344,3082980466,Comments,"%why%C++%",SSECppCompiled,0.033451,320.572,1998.73,5007
6,5,33828344,3082980466,Comments,"%how is%this%",SSECppCompiled,0.066412,321.31,2653.69,5896
6,5,33828344,3082980466,Comments,"%cannot%.",SSECppCompiled,0.048014,332.499,1353.37,228112
6,5,7011291,3260900860,PostHistory,"%php%is%shit%",SSECppCompiled,0.052334,330.457,1034.99,58
6,5,7011291,3260900860,PostHistory,"I love%C++%but%",SSECppCompiled,0.03124,314.994,164.746,1
6,5,7011291,3260900860,PostHistory,"%sometimes%know.",SSECppCompiled,0.05757,327.75,214.184,17
6,5,7011291,3260900860,PostHistory,"%SELECT *%LIMIT 1%",SSECppCompiled,0.037798,319.565,636.963,1489
6,5,7011291,3260900860,PostHistory,"WITH RECURSIVE%SQL",SSECppCompiled,0.025424,308.212,211.641,0
6,5,7011291,3260900860,PostHistory,"%define%then%double%",SSECppCompiled,0.069983,351.365,1480.2,794
6,5,4636953,3187168332,Posts,"<p>I have tried%",SSECppCompiled,0.016918,292.35,121.732,2821
6,5,4636953,3187168332,Posts,"%cannot%fathom%C++%",SSECppCompiled,0.072909,359.748,1286.13,0
6,5,4636953,3187168332,Posts,"%why%happening%",SSECppCompiled,0.049212,331.442,857.138,9667
6,5,4636953,3187168332,Posts,"%what%is%there",SSECppCompiled,0.055365,344.35,212.16,0
6,5,4636953,3187168332,Posts,"<p>We%try%",SSECppCompiled,0.040781,296.295,139.985,7238
6,10,67660687,6184930096,Comments,"Why do%you%?",SSECppCompiled,0.032033,310.338,872.535,74121
6,10,67660687,6184930096,Comments,"%do we%actually%",SSECppCompiled,0.078296,346.146,3227.41,420
6,10,67660687,6184930096,Comments,"%why%C++%",SSECppCompiled,0.05972,321.588,3351.7,10167
6,10,67660687,6184930096,Comments,"%how is%this%",SSECppCompiled,0.063333,331.8,7641.87,11812
6,10,67660687,6184930096,Comments,"%cannot%.",SSECppCompiled,0.045454,323.277,2614.53,456139
6,10,14020516,6464378912,PostHistory,"%php%is%shit%",SSECppCompiled,0.06257,339.664,3162.12,116
6,10,14020516,6464378912,PostHistory,"I love%C++%but%",SSECppCompiled,0.029795,302.285,328.041,1
6,10,14020516,6464378912,PostHistory,"%sometimes%know.",SSECppCompiled,0.051284,327.616,427.547,34
6,10,14020516,6464378912,PostHistory,"%SELECT *%LIMIT 1%",SSECppCompiled,0.049901,332.259,1333.9,2990
6,10,14020516,6464378912,PostHistory,"WITH RECURSIVE%SQL",SSECppCompiled,0.024097,308.314,422.073,0
6,10,14020516,6464378912,PostHistory,"%define%then%double%",SSECppCompiled,0.076398,360.054,2608.45,1588
6,10,9274247,6467793801,Posts,"<p>I have tried%",SSECppCompiled,0.018879,289.197,230.916,5699
6,10,9274247,6467793801,Posts,"%cannot%fathom%C++%",SSECppCompiled,0.068176,339.662,2005.88,1
6,10,9274247,6467793801,Posts,"%why%happening%",SSECppCompiled,0.055195,341.516,1845.11,19361
6,10,9274247,6467793801,Posts,"%what%is%there",SSECppCompiled,0.052708,341.878,305.226,0
6,10,9274247,6467793801,Posts,"<p>We%try%",SSECppCompiled,0.040775,296.926,278.188,14408
6,50,70103102,32842104583,PostHistory,"%php%is%shit%",SSECppCompiled,0.063854,333.443,15039.2,598
6,50,70103102,32842104583,PostHistory,"I love%C++%but%",SSECppCompiled,0.032727,312.743,1643.97,15
6,50,70103102,32842104583,PostHistory,"%sometimes%know.",SSECppCompiled,0.056678,326.625,2192.96,175
6,50,70103102,32842104583,PostHistory,"%SELECT *%LIMIT 1%",SSECppCompiled,0.039917,330.026,6526.02,14908
6,50,70103102,32842104583,PostHistory,"WITH RECURSIVE%SQL",SSECppCompiled,0.024577,304.227,2127.42,1
6,50,70103102,32842104583,PostHistory,"%define%then%double%",SSECppCompiled,0.101355,350.161,15044,7993
6,50,46375197,33166382695,Posts,"<p>I have tried%",SSECppCompiled,0.015431,283.662,1164.1,28497
6,50,46375197,33166382695,Posts,"%cannot%fathom%C++%",SSECppCompiled,0.062353,347.845,15807.9,5
6,50,46375197,33166382695,Posts,"%why%happening%",SSECppCompiled,0.055784,331.589,9768.57,97325
6,50,46375197,33166382695,Posts,"%what%is%there",SSECppCompiled,0.050464,337.246,2142.34,0
6,50,46375197,33166382695,Posts,"<p>We%try%",SSECppCompiled,0.042461,298.24,1480.43,71674
6,0.01,67548,6158512,Comments,"Why do%you%?",SSEDecoded,0.001637,0,8.90559,79
6,0.01,67548,6158512,Comments,"%do we%actually%",SSEDecoded,0.001129,0,10.0646,0
6,0.01,67548,6158512,Comments,"%why%C++%",SSEDecoded,0.001075,0,9.88473,12
6,0.01,67548,6158512,Comments,"%how is%this%",SSEDecoded,0.000882,0,9.87713,10
6,0.01,67548,6158512,Comments,"%cannot%.",SSEDecoded,0.000783,0,9.86333,461
6,0.01,13706,6214943,PostHistory,"%php%is%shit%",SSEDecoded,0.001628,0,7.43299,0
6,0.01,13706,6214943,PostHistory,"I love%C++%but%",SSEDecoded,0.000853,0,6.26381,0
6,0.01,13706,6214943,PostHistory,"%sometimes%know.",SSEDecoded,0.000966,0,6.04603,0
6,0.01,13706,6214943,PostHistory,"%SELECT *%LIMIT 1%",SSEDecoded,0.000826,0,6.64965,3
6,0.01,13706,6214943,PostHistory,"WITH RECURSIVE%SQL",SSEDecoded,0.000724,0,5.83618,0
6,0.01,13706,6214943,PostHistory,"%define%then%double%",SSEDecoded,0.000981,0,6.81319,2
6,0.01,9104,6453362,Posts,"<p>I have tried%",SSEDecoded,0.000622,0,5.86302,6
6,0.01,9104,6453362,Posts,"%cannot%fathom%C++%",SSEDecoded,0.00104,0,6.54107,0
6,0.01,9104,6453362,Posts,"%why%happening%",SSEDecoded,0.000832,0,6.54758,24
6,0.01,9104,6453362,Posts,"%what%is%there",SSEDecoded,0.000895,0,5.69077,0
6,0.01,9104,6453362,Posts,"<p>We%try%",SSEDecoded,0.000858,0,5.75034,19
6,0.05,338143,31244354,Comments,"Why do%you%?",SSEDecoded,0.000979,0,42.196,332
6,0.05,338143,31244354,Comments,"%do we%actually%",SSEDecoded,0.001016,0,48.6534,3
6,0.05,338143,31244354,Comments,"%why%C++%",SSEDecoded,0.000956,0,49.52,47
6,0.05,338143,31244354,Comments,"%how is%this%",SSEDecoded,0.000918,0,49.8036,55
6,0.05,338143,31244354,Comments,"%cannot%.",SSEDecoded,0.000888,0,48.25,2205
6,0.05,69346,31203934,PostHistory,"%php%is%shit%",SSEDecoded,0.001484,0,36.4339,0
6,0.05,69346,31203934,PostHistory,"I love%C++%but%",SSEDecoded,0.00084,0,30.8643,0
6,0.05,69346,31203934,PostHistory,"%sometimes%know.",SSEDecoded,0.000736,0,31.7188,0
6,0.05,69346,31203934,PostHistory,"%SELECT *%LIMIT 1%",SSEDecoded,0.00095,0,35.7513,13
6,0.05,69346,31203934,PostHistory,"WITH RECURSIVE%SQL",SSEDecoded,0.00069,0,31.377,0
6,0.05,69346,31203934,PostHistory,"%define%then%double%",SSEDecoded,0.001232,0,35.7545,5
6,0.05,46252,32527140,Posts,"<p>I have tried%",SSEDecoded,0.000854,0,32.5077,24
6,0.05,46252,32527140,Posts,"%cannot%fathom%C++%",SSEDecoded,0.001251,0,36.1454,0
6,0.05,46252,32527140,Posts,"%why%happening%",SSEDecoded,0.001019,0,35.4037,104
6,0.05,46252,32527140,Posts,"%what%is%there",SSEDecoded,0.000988,0,32.0853,0
6,0.05,46252,32527140,Posts,"<p>We%try%",SSEDecoded,0.000947,0,31.6527,62
6,0.1,676808,61789917,Comments,"Why do%you%?",SSEDecoded,0.001128,0,83.401,680
6,0.1,676808,61789917,Comments,"%do we%actually%",SSEDecoded,0.000872,0,97.5313,4
6,0.1,676808,61789917,Comments,"%why%C++%",SSEDecoded,0.000917,0,97.8719,88
6,0.1,676808,61789917,Comments,"%how is%this%",SSEDecoded,0.00097,0,99.6451,111
6,0.1,676808,61789917,Comments,"%cannot%.",SSEDecoded,0.000821,0,98.2547,4462
6,0.1,140045,64671224,PostHistory,"%php%is%shit%",SSEDecoded,0.001188,0,74.9522,1
6,0.1,140045,64671224,PostHistory,"I love%C++%but%",SSEDecoded,0.000876,0,64.1998,0
6,0.1,140045,64671224,PostHistory,"%sometimes%know.",SSEDecoded,0.000857,0,65.1876,0
6,0.1,140045,64671224,PostHistory,"%SELECT *%LIMIT 1%",SSEDecoded,0.000849,0,74.2155,29
6,0.1,140045,64671224,PostHistory,"WITH RECURSIVE%SQL",SSEDecoded,0.000891,0,66.9802,0
6,0.1,140045,64671224,PostHistory,"%define%then%double%",SSEDecoded,0.001351,0,75.9711,14
6,0.1,92437,65244570,Posts,"<p>I have tried%",SSEDecoded,0.000811,0,64.9779,48
6,0.1,92437,65244570,Posts,"%cannot%fathom%C++%",SSEDecoded,0.001279,0,73.1518,0
6,0.1,92437,65244570,Posts,"%why%happening%",SSEDecoded,0.001017,0,70.1979,183
6,0.1,92437,65244570,Posts,"%what%is%there",SSEDecoded,0.000886,0,63.8033,0
6,0.1,92437,65244570,Posts,"<p>We%try%",SSEDecoded,0.000927,0,64.0602,129
6,0.5,3381970,305571138,Comments,"Why do%you%?",SSEDecoded,0.000915,0,424.161,3633
6,0.5,3381970,305571138,Comments,"%do we%actually%",SSEDecoded,0.001229,0,490.464,16
6,0.5,3381970,305571138,Comments,"%why%C++%",SSEDecoded,0.001204,0,467.795,516
6,0.5,3381970,305571138,Comments,"%how is%this%",SSEDecoded,0.001144,0,468.013,582
6,0.5,3381970,305571138,Comments,"%cannot%.",SSEDecoded,0.001262,0,458.092,22806
6,0.5,700773,325065834,PostHistory,"%php%is%shit%",SSEDecoded,0.001782,0,357.157,8
6,0.5,700773,325065834,PostHistory,"I love%C++%but%",SSEDecoded,0.001166,0,319.638,1
6,0.5,700773,325065834,PostHistory,"%sometimes%know.",SSEDecoded,0.00122,0,325.44,1
6,0.5,700773,325065834,PostHistory,"%SELECT *%LIMIT 1%",SSEDecoded,0.001569,0,353.636,157
6,0.5,700773,325065834,PostHistory,"WITH RECURSIVE%SQL",SSEDecoded,0.000776,0,323.534,0
6,0.5,700773,325065834,PostHistory,"%define%then%double%",SSEDecoded,0.001626,0,381.166,81
6,0.5,464093,326942687,Posts,"<p>I have tried%",SSEDecoded,0.000921,0,323.607,261
6,0.5,464093,326942687,Posts,"%cannot%fathom%C++%",SSEDecoded,0.001713,0,367.52,0
6,0.5,464093,326942687,Posts,"%why%happening%",SSEDecoded,0.001457,0,355.042,974
6,0.5,464093,326942687,Posts,"%what%is%there",SSEDecoded,0.001574,0,325.912,0
6,0.5,464093,326942687,Posts,"<p>We%try%",SSEDecoded,0.001073,0,326.182,676
6,1,6763320,618860378,Comments,"Why do%you%?",SSEDecoded,0.001222,0,847.649,7364
6,1,6763320,618860378,Comments,"%do we%actually%",SSEDecoded,0.001336,0,951.72,35
6,1,6763320,618860378,Comments,"%why%C++%",SSEDecoded,0.001329,0,919.871,1060
6,1,6763320,618860378,Comments,"%how is%this%",SSEDecoded,0.001476,0,939.143,1198
6,1,6763320,618860378,Comments,"%cannot%.",SSEDecoded,0.001493,0,915.931,45380
6,1,1402633,655946812,PostHistory,"%php%is%shit%",SSEDecoded,0.001612,0,743.275,13
6,1,1402633,655946812,PostHistory,"I love%C++%but%",SSEDecoded,0.001235,0,664.303,1
6,1,1402633,655946812,PostHistory,"%sometimes%know.",SSEDecoded,0.001268,0,672.121,3
6,1,1402633,655946812,PostHistory,"%SELECT *%LIMIT 1%",SSEDecoded,0.001087,0,729.329,309
6,1,1402633,655946812,PostHistory,"WITH RECURSIVE%SQL",SSEDecoded,0.000755,0,632.919,0
6,1,1402633,655946812,PostHistory,"%define%then%double%",SSEDecoded,0.001667,0,716.158,176
6,1,927644,659166886,Posts,"<p>I have tried%",SSEDecoded,0.00096,0,609.18,516
6,1,927644,659166886,Posts,"%cannot%fathom%C++%",SSEDecoded,0.001599,0,693.486,0
6,1,927644,659166886,Posts,"%why%happening%",SSEDecoded,0.001428,0,710.311,1910
6,1,927644,659166886,Posts,"%what%is%there",SSEDecoded,0.001483,0,643.4,0
6,1,927644,659166886,Posts,"<p>We%try%",SSEDecoded,0.001166,0,641.807,1415
6,5,33828344,3082980466,Comments,"Why do%you%?",SSEDecoded,0.001394,0,4092.74,37146
6,5,33828344,3082980466,Comments,"%do we%actually%",SSEDecoded,0.001435,0,4785.09,193
6,5,33828344,3082980466,Comments,"%why%C++%",SSEDecoded,0.001573,0,4794.38,5007
6,5,33828344,3082980466,Comments,"%how is%this%",SSEDecoded,0.001664,0,4854.16,5898
6,5,33828344,3082980466,Comments,"%cannot%.",SSEDecoded,0.001316,0,4631.72,228138
6,5,7011291,3260900860,PostHistory,"%php%is%shit%",SSEDecoded,0.002218,0,3654.5,58
6,5,7011291,3260900860,PostHistory,"I love%C++%but%",SSEDecoded,0.001647,0,3270,1
6,5,7011291,3260900860,PostHistory,"%sometimes%know.",SSEDecoded,0.001764,0,3251.02,17
6,5,7011291,3260900860,PostHistory,"%SELECT *%LIMIT 1%",SSEDecoded,0.001838,0,3600.75,1489
6,5,7011291,3260900860,PostHistory,"WITH RECURSIVE%SQL",SSEDecoded,0.001171,0,3166.44,0
6,5,7011291,3260900860,PostHistory,"%define%then%double%",SSEDecoded,0.001656,0,3674.8,796
6,5,4636953,3187168332,Posts,"<p>I have tried%",SSEDecoded,0.001356,0,2973.58,2821
6,5,4636953,3187168332,Posts,"%cannot%fathom%C++%",SSEDecoded,0.001804,0,3444.5,0
6,5,4636953,3187168332,Posts,"%why%happening%",SSEDecoded,0.001858,0,3362.74,9735
6,5,4636953,3187168332,Posts,"%what%is%there",SSEDecoded,0.001494,0,3033.8,0
6,5,4636953,3187168332,Posts,"<p>We%try%",SSEDecoded,0.002,0,3117.16,7244
6,10,67660687,6184930096,Comments,"Why do%you%?",SSEDecoded,0.002074,0,8417.65,74121
6,10,67660687,6184930096,Comments,"%do we%actually%",SSEDecoded,0.001448,0,9679.62,421
6,10,67660687,6184930096,Comments,"%why%C++%",SSEDecoded,0.00165,0,9584.35,10167
6,10,67660687,6184930096,Comments,"%how is%this%",SSEDecoded,0.001554,0,9840.72,11818
6,10,67660687,6184930096,Comments,"%cannot%.",SSEDecoded,0.001832,0,9452.56,456260
6,10,14020516,6464378912,PostHistory,"%php%is%shit%",SSEDecoded,0.002593,0,7173.12,116
6,10,14020516,6464378912,PostHistory,"I love%C++%but%",SSEDecoded,0.001436,0,6385.37,1
6,10,14020516,6464378912,PostHistory,"%sometimes%know.",SSEDecoded,0.001675,0,6415.3,34
6,10,14020516,6464378912,PostHistory,"%SELECT *%LIMIT 1%",SSEDecoded,0.001514,0,6986.83,2990
6,10,14020516,6464378912,PostHistory,"WITH RECURSIVE%SQL",SSEDecoded,0.001367,0,6350.77,0
6,10,14020516,6464378912,PostHistory,"%define%then%double%",SSEDecoded,0.001964,0,7167.69,1594
6,10,9274247,6467793801,Posts,"<p>I have tried%",SSEDecoded,0.001335,0,6301.75,5699
6,10,9274247,6467793801,Posts,"%cannot%fathom%C++%",SSEDecoded,0.001833,0,7144.04,1
6,10,9274247,6467793801,Posts,"%why%happening%",SSEDecoded,0.001817,0,6987.99,19419
6,10,9274247,6467793801,Posts,"%what%is%there",SSEDecoded,0.001491,0,6280.67,0
6,10,9274247,6467793801,Posts,"<p>We%try%",SSEDecoded,0.0014,0,6259.71,14417
6,50,70103102,32842104583,PostHistory,"%php%is%shit%",SSEDecoded,0.002154,0,35797.5,599
6,50,70103102,32842104583,PostHistory,"I love%C++%but%",SSEDecoded,0.001671,0,32010.6,15
6,50,70103102,32842104583,PostHistory,"%sometimes%know.",SSEDecoded,0.001436,0,31914.6,175
6,50,70103102,32842104583,PostHistory,"%SELECT *%LIMIT 1%",SSEDecoded,0.001808,0,35179.7,14908
6,50,70103102,32842104583,PostHistory,"WITH RECURSIVE%SQL",SSEDecoded,0.001356,0,31973.4,1
6,50,70103102,32842104583,PostHistory,"%define%then%double%",SSEDecoded,0.002016,0,35941.2,8042
6,50,46375197,33166382695,Posts,"<p>I have tried%",SSEDecoded,0.001806,0,30656.3,28497
6,50,46375197,33166382695,Posts,"%cannot%fathom%C++%",SSEDecoded,0.001867,0,35023.9,5
6,50,46375197,33166382695,Posts,"%why%happening%",SSEDecoded,0.001624,0,34235.1,97637
6,50,46375197,33166382695,Posts,"%what%is%there",SSEDecoded,0.001888,0,30821.1,0
6,50,46375197,33166382695,Posts,"<p>We%try%",SSEDecoded,0.001822,0,30792.9,71674
6,0.01,67548,6158512,Comments,"Why do%you%?",VectorScan,1.06389,0,11.5968,79
6,0.01,67548,6158512,Comments,"%do we%actually%",VectorScan,0.551248,0,14.0213,0
6,0.01,67548,6158512,Comments,"%why%C++%",VectorScan,0.516552,0,14.5714,12
6,0.01,67548,6158512,Comments,"%how is%this%",VectorScan,0.335177,0,13.3401,10
6,0.01,67548,6158512,Comments,"%cannot%.",VectorScan,0.421624,0,12.7754,461
6,0.01,13706,6214943,PostHistory,"%php%is%shit%",VectorScan,0.617637,0,7.91265,0
6,0.01,13706,6214943,PostHistory,"I love%C++%but%",VectorScan,0.515168,0,6.22392,0
6,0.01,13706,6214943,PostHistory,"%sometimes%know.",VectorScan,0.441887,0,7.41006,0
6,0.01,13706,6214943,PostHistory,"%SELECT *%LIMIT 1%",VectorScan,0.360072,0,7.39003,3
6,0.01,13706,6214943,PostHistory,"WITH RECURSIVE%SQL",VectorScan,0.511377,0,6.0878,0
6,0.01,13706,6214943,PostHistory,"%define%then%double%",VectorScan,0.48908,0,7.83078,2
6,0.01,9104,6453362,Posts,"<p>I have tried%",VectorScan,0.233186,0,5.91833,6
6,0.01,9104,6453362,Posts,"%cannot%fathom%C++%",VectorScan,0.45984,0,7.50453,0
6,0.01,9104,6453362,Posts,"%why%happening%",VectorScan,0.426312,0,7.37985,24
6,0.01,9104,6453362,Posts,"%what%is%there",VectorScan,0.709943,0,8.41606,0
6,0.01,9104,6453362,Posts,"<p>We%try%",VectorScan,0.324184,0,5.87109,19
6,0.05,338143,31244354,Comments,"Why do%you%?",VectorScan,0.593506,0,54.9068,332
6,0.05,338143,31244354,Comments,"%do we%actually%",VectorScan,0.423858,0,66.4217,3
6,0.05,338143,31244354,Comments,"%why%C++%",VectorScan,0.51635,0,66.818,47
6,0.05,338143,31244354,Comments,"%how is%this%",VectorScan,0.319049,0,67.9108,55
6,0.05,338143,31244354,Comments,"%cannot%.",VectorScan,0.430691,0,60.7336,2205
6,0.05,69346,31203934,PostHistory,"%php%is%shit%",VectorScan,0.601567,0,37.2069,0
6,0.05,69346,31203934,PostHistory,"I love%C++%but%",VectorScan,0.524813,0,29.5087,0
6,0.05,69346,31203934,PostHistory,"%sometimes%know.",VectorScan,0.443252,0,37.8918,0
6,0.05,69346,31203934,PostHistory,"%SELECT *%LIMIT 1%",VectorScan,0.401947,0,37.5552,13
6,0.05,69346,31203934,PostHistory,"WITH RECURSIVE%SQL",VectorScan,0.538524,0,30.4181,0
6,0.05,69346,31203934,PostHistory,"%define%then%double%",VectorScan,0.506898,0,40.681,5
6,0.05,46252,32527140,Posts,"<p>I have tried%",VectorScan,0.263625,0,29.7842,24
6,0.05,46252,32527140,Posts,"%cannot%fathom%C++%",VectorScan,0.486206,0,35.7676,0
6,0.05,46252,32527140,Posts,"%why%happening%",VectorScan,0.399815,0,38.3634,104
6,0.05,46252,32527140,Posts,"%what%is%there",VectorScan,0.738527,0,39.849,0
6,0.05,46252,32527140,Posts,"<p>We%try%",VectorScan,0.322607,0,29.4312,62
6,0.1,676808,61789917,Comments,"Why do%you%?",VectorScan,0.616881,0,110.542,680
6,0.1,676808,61789917,Comments,"%do we%actually%",VectorScan,0.4698,0,138.771,4
6,0.1,676808,61789917,Comments,"%why%C++%",VectorScan,0.469521,0,140.635,88
6,0.1,676808,61789917,Comments,"%how is%this%",VectorScan,0.35331,0,141.911,111
6,0.1,676808,61789917,Comments,"%cannot%.",VectorScan,0.506871,0,129.236,4462
6,0.1,140045,64671224,PostHistory,"%php%is%shit%",VectorScan,0.591368,0,80.1648,1
6,0.1,140045,64671224,PostHistory,"I love%C++%but%",VectorScan,0.586641,0,65.4808,0
6,0.1,140045,64671224,PostHistory,"%sometimes%know.",VectorScan,0.492055,0,78.7606,0
6,0.1,140045,64671224,PostHistory,"%SELECT *%LIMIT 1%",VectorScan,0.384434,0,79.7227,29
6,0.1,140045,64671224,PostHistory,"WITH RECURSIVE%SQL",VectorScan,0.595737,0,65.097,0
6,0.1,140045,64671224,PostHistory,"%define%then%double%",VectorScan,0.570175,0,84.029,14
6,0.1,92437,65244570,Posts,"<p>I have tried%",VectorScan,0.274815,0,64.3334,48
6,0.1,92437,65244570,Posts,"%cannot%fathom%C++%",VectorScan,0.516978,0,77.1315,0
6,0.1,92437,65244570,Posts,"%why%happening%",VectorScan,0.440111,0,79.4855,183
6,0.1,92437,65244570,Posts,"%what%is%there",VectorScan,0.741063,0,81.4861,0
6,0.1,92437,65244570,Posts,"<p>We%try%",VectorScan,0.36609,0,62.599,129
6,0.5,3381970,305571138,Comments,"Why do%you%?",VectorScan,0.58517,0,560.13,3633
6,0.5,3381970,305571138,Comments,"%do we%actually%",VectorScan,0.45505,0,686.497,16
6,0.5,3381970,305571138,Comments,"%why%C++%",VectorScan,0.578311,0,704.68,516
6,0.5,3381970,305571138,Comments,"%how is%this%",VectorScan,0.39406,0,674.503,582
6,0.5,3381970,305571138,Comments,"%cannot%.",VectorScan,0.486455,0,616.723,22806
6,0.5,700773,325065834,PostHistory,"%php%is%shit%",VectorScan,0.679974,0,395.942,8
6,0.5,700773,325065834,PostHistory,"I love%C++%but%",VectorScan,0.582867,0,328.689,1
6,0.5,700773,325065834,PostHistory,"%sometimes%know.",VectorScan,0.514108,0,394.606,1
6,0.5,700773,325065834,PostHistory,"%SELECT *%LIMIT 1%",VectorScan,0.450467,0,381.673,157
6,0.5,700773,325065834,PostHistory,"WITH RECURSIVE%SQL",VectorScan,0.568021,0,329.435,0
6,0.5,700773,325065834,PostHistory,"%define%then%double%",VectorScan,0.598037,0,415.459,81
6,0.5,464093,326942687,Posts,"<p>I have tried%",VectorScan,0.282686,0,322.096,261
6,0.5,464093,326942687,Posts,"%cannot%fathom%C++%",VectorScan,0.610583,0,396.858,0
6,0.5,464093,326942687,Posts,"%why%happening%",VectorScan,0.456244,0,399.669,974
6,0.5,464093,326942687,Posts,"%what%is%there",VectorScan,0.785701,0,413.315,0
6,0.5,464093,326942687,Posts,"<p>We%try%",VectorScan,0.409954,0,322.149,676
6,1,6763320,618860378,Comments,"Why do%you%?",VectorScan,0.647424,0,1138.24,7364
6,1,6763320,618860378,Comments,"%do we%actually%",VectorScan,0.564742,0,1328.63,35
6,1,6763320,618860378,Comments,"%why%C++%",VectorScan,0.580216,0,1368.36,1060
6,1,6763320,618860378,Comments,"%how is%this%",VectorScan,0.423469,0,1434.7,1198
6,1,6763320,618860378,Comments,"%cannot%.",VectorScan,0.577774,0,1295.6,45380
6,1,1402633,655946812,PostHistory,"%php%is%shit%",VectorScan,0.685247,0,800.932,13
6,1,1402633,655946812,PostHistory,"I love%C++%but%",VectorScan,0.636208,0,654.295,1
6,1,1402633,655946812,PostHistory,"%sometimes%know.",VectorScan,0.575253,0,767.085,3
6,1,1402633,655946812,PostHistory,"%SELECT *%LIMIT 1%",VectorScan,0.493008,0,772.532,309
6,1,1402633,655946812,PostHistory,"WITH RECURSIVE%SQL",VectorScan,0.649065,0,640.2,0
6,1,1402633,655946812,PostHistory,"%define%then%double%",VectorScan,0.645986,0,858.695,176
6,1,927644,659166886,Posts,"<p>I have tried%",VectorScan,0.312565,0,637.587,516
6,1,927644,659166886,Posts,"%cannot%fathom%C++%",VectorScan,0.564585,0,779.192,0
6,1,927644,659166886,Posts,"%why%happening%",VectorScan,0.502402,0,778.112,1910
6,1,927644,659166886,Posts,"%what%is%there",VectorScan,0.778704,0,787.877,0
6,1,927644,659166886,Posts,"<p>We%try%",VectorScan,0.418831,0,608.997,1415
6,5,33828344,3082980466,Comments,"Why do%you%?",VectorScan,0.660979,0,5605.11,37146
6,5,33828344,3082980466,Comments,"%do we%actually%",VectorScan,0.519316,0,6903.01,193
6,5,33828344,3082980466,Comments,"%why%C++%",VectorScan,0.644633,0,6966.03,5007
6,5,33828344,3082980466,Comments,"%how is%this%",VectorScan,0.440355,0,6991.92,5898
6,5,33828344,3082980466,Comments,"%cannot%.",VectorScan,0.607752,0,6333.64,228138
6,5,7011291,3260900860,PostHistory,"%php%is%shit%",VectorScan,0.686454,0,3952.02,58
6,5,7011291,3260900860,PostHistory,"I love%C++%but%",VectorScan,0.712083,0,3349.11,1
6,5,7011291,3260900860,PostHistory,"%sometimes%know.",VectorScan,0.570579,0,3951.86,17
6,5,7011291,3260900860,PostHistory,"%SELECT *%LIMIT 1%",VectorScan,0.526354,0,3890.03,1489
6,5,7011291,3260900860,PostHistory,"WITH RECURSIVE%SQL",VectorScan,0.683713,0,3354.42,0
6,5,7011291,3260900860,PostHistory,"%define%then%double%",VectorScan,0.665472,0,4170.83,796
6,5,4636953,3187168332,Posts,"<p>I have tried%",VectorScan,0.347756,0,3101.86,2821
6,5,4636953,3187168332,Posts,"%cannot%fathom%C++%",VectorScan,0.598165,0,3797.97,0
6,5,4636953,3187168332,Posts,"%why%happening%",VectorScan,0.565209,0,3763.09,9735
6,5,4636953,3187168332,Posts,"%what%is%there",VectorScan,0.805676,0,4079.16,0
6,5,4636953,3187168332,Posts,"<p>We%try%",VectorScan,0.468033,0,3054.11,7244
6,10,67660687,6184930096,Comments,"Why do%you%?",VectorScan,1.07438,0,11292.3,74121
6,10,67660687,6184930096,Comments,"%do we%actually%",VectorScan,0.536316,0,13960.3,421
6,10,67660687,6184930096,Comments,"%why%C++%",VectorScan,0.638781,0,14011.1,10167
6,10,67660687,6184930096,Comments,"%how is%this%",VectorScan,0.471169,0,14037.8,11818
6,10,67660687,6184930096,Comments,"%cannot%.",VectorScan,0.565331,0,12694.3,456260
6,10,14020516,6464378912,PostHistory,"%php%is%shit%",VectorScan,0.725126,0,7753.91,116
6,10,14020516,6464378912,PostHistory,"I love%C++%but%",VectorScan,0.645077,0,6363.37,1
6,10,14020516,6464378912,PostHistory,"%sometimes%know.",VectorScan,0.609762,0,7811.78,34
6,10,14020516,6464378912,PostHistory,"%SELECT *%LIMIT 1%",VectorScan,0.569966,0,7729.45,2990
6,10,14020516,6464378912,PostHistory,"WITH RECURSIVE%SQL",VectorScan,0.643172,0,6368.4,0
6,10,14020516,6464378912,PostHistory,"%define%then%double%",VectorScan,0.630023,0,8396.53,1594
6,10,9274247,6467793801,Posts,"<p>I have tried%",VectorScan,0.342701,0,6334.57,5699
6,10,9274247,6467793801,Posts,"%cannot%fathom%C++%",VectorScan,0.643204,0,7701.07,1
6,10,9274247,6467793801,Posts,"%why%happening%",VectorScan,0.520017,0,7752.61,19419
6,10,9274247,6467793801,Posts,"%what%is%there",VectorScan,0.86903,0,8223.31,0
6,10,9274247,6467793801,Posts,"<p>We%try%",VectorScan,0.464299,0,6292.97,14417
6,50,70103102,32842104583,PostHistory,"%php%is%shit%",VectorScan,0.705346,0,39404.4,599
6,50,70103102,32842104583,PostHistory,"I love%C++%but%",VectorScan,0.702095,0,32197.8,15
6,50,70103102,32842104583,PostHistory,"%sometimes%know.",VectorScan,0.62482,0,39035.2,175
6,50,70103102,32842104583,PostHistory,"%SELECT *%LIMIT 1%",VectorScan,0.493369,0,38558.1,14908
6,50,70103102,32842104583,PostHistory,"WITH RECURSIVE%SQL",VectorScan,0.649521,0,32371.1,1
6,50,70103102,32842104583,PostHistory,"%define%then%double%",VectorScan,0.669016,0,41500.4,8042
6,50,46375197,33166382695,Posts,"<p>I have tried%",VectorScan,0.365196,0,31022.4,28497
6,50,46375197,33166382695,Posts,"%cannot%fathom%C++%",VectorScan,0.610965,0,37491.5,5
6,50,46375197,33166382695,Posts,"%why%happening%",VectorScan,0.529107,0,38290.4,97637
6,50,46375197,33166382695,Posts,"%what%is%there",VectorScan,0.882124,0,40108,1
6,50,46375197,33166382695,Posts,"<p>We%try%",VectorScan,0.431391,0,30918.7,71674
7,0.01,67548,6158512,Comments,"Why do%you%?",InMemory,0.041156,4.7e-05,1.2933,79
7,0.01,67548,6158512,Comments,"%do we%actually%",InMemory,0.070611,2.9e-05,93.6162,0
7,0.01,67548,6158512,Comments,"%why%C++%",InMemory,0.028182,4e-05,71.4088,12
7,0.01,67548,6158512,Comments,"%how is%this%",InMemory,0.055099,3.4e-05,88.0242,10
7,0.01,67548,6158512,Comments,"%cannot%.",InMemory,0.021401,3.3e-05,38.7417,460
7,0.01,13706,6214943,PostHistory,"%php%is%shit%",InMemory,0.044419,3e-05,57.5723,0
7,0.01,13706,6214943,PostHistory,"I love%C++%but%",InMemory,0.030257,2.1e-05,0.425516,0
7,0.01,13706,6214943,PostHistory,"%sometimes%know.",InMemory,0.031929,1.7e-05,0.220149,0
7,0.01,13706,6214943,PostHistory,"%SELECT *%LIMIT 1%",InMemory,0.024712,2.1e-05,53.5736,3
7,0.01,13706,6214943,PostHistory,"WITH RECURSIVE%SQL",InMemory,0.023553,3.1e-05,0.192627,0
7,0.01,13706,6214943,PostHistory,"%define%then%double%",InMemory,0.078123,1.6e-05,111.895,2
7,0.01,9104,6453362,Posts,"<p>I have tried%",InMemory,0.008188,2e-05,0.3713,6
7,0.01,9104,6453362,Posts,"%cannot%fathom%C++%",InMemory,0.054581,1.5e-05,102.481,0
7,0.01,9104,6453362,Posts,"%why%happening%",InMemory,0.044043,3e-05,90.9834,24
7,0.01,9104,6453362,Posts,"%what%is%there",InMemory,0.047428,4e-05,0.207376,0
7,0.01,9104,6453362,Posts,"<p>We%try%",InMemory,0.026094,1.7e-05,1.00755,19
7,0.05,338143,31244354,Comments,"Why do%you%?",InMemory,0.016517,1.9e-05,6.11549,332
7,0.05,338143,31244354,Comments,"%do we%actually%",InMemory,0.059961,2.2e-05,486.642,3
7,0.05,338143,31244354,Comments,"%why%C++%",InMemory,0.024665,3.4e-05,404.543,47
7,0.05,338143,31244354,Comments,"%how is%this%",InMemory,0.057632,4.3e-05,567.755,55
7,0.05,338143,31244354,Comments,"%cannot%.",InMemory,0.034672,1.5e-05,274.564,2204
7,0.05,69346,31203934,PostHistory,"%php%is%shit%",InMemory,0.054482,3.1e-05,317.642,0
7,0.05,69346,31203934,PostHistory,"I love%C++%but%",InMemory,0.021188,3.4e-05,2.28921,0
7,0.05,69346,31203934,PostHistory,"%sometimes%know.",InMemory,0.038347,2.1e-05,2.22621,0
7,0.05,69346,31203934,PostHistory,"%SELECT *%LIMIT 1%",InMemory,0.025149,1.5e-05,324.76,13
7,0.05,69346,31203934,PostHistory,"WITH RECURSIVE%SQL",InMemory,0.019101,9.5e-05,1.23118,0
7,0.05,69346,31203934,PostHistory,"%define%then%double%",InMemory,0.075931,1.6e-05,485.417,5
7,0.05,46252,32527140,Posts,"<p>I have tried%",InMemory,0.013451,4.2e-05,1.82991,24
7,0.05,46252,32527140,Posts,"%cannot%fathom%C++%",InMemory,0.049467,2.7e-05,437.522,0
7,0.05,46252,32527140,Posts,"%why%happening%",InMemory,0.043834,2.7e-05,342.975,104
7,0.05,46252,32527140,Posts,"%what%is%there",InMemory,0.040895,1.6e-05,2.71622,0
7,0.05,46252,32527140,Posts,"<p>We%try%",InMemory,0.030856,2.5e-05,5.62893,62
7,0.1,676808,61789917,Comments,"Why do%you%?",InMemory,0.019048,1.9e-05,12.5061,680
7,0.1,676808,61789917,Comments,"%do we%actually%",InMemory,0.070849,1.5e-05,912.833,4
7,0.1,676808,61789917,Comments,"%why%C++%",InMemory,0.025883,1.7e-05,735.807,88
7,0.1,676808,61789917,Comments,"%how is%this%",InMemory,0.0541,2.8e-05,1173.61,111
7,0.1,676808,61789917,Comments,"%cannot%.",InMemory,0.034022,3.4e-05,514.215,4459
7,0.1,140045,64671224,PostHistory,"%php%is%shit%",InMemory,0.057523,3.6e-05,750.647,1
7,0.1,140045,64671224,PostHistory,"I love%C++%but%",InMemory,0.024031,2e-05,4.64563,0
7,0.1,140045,64671224,PostHistory,"%sometimes%know.",InMemory,0.036538,2e-05,5.342,0
7,0.1,140045,64671224,PostHistory,"%SELECT *%LIMIT 1%",InMemory,0.026295,2e-05,659.152,29
7,0.1,140045,64671224,PostHistory,"WITH RECURSIVE%SQL",InMemory,0.021656,2.8e-05,4.04509,0
7,0.1,140045,64671224,PostHistory,"%define%then%double%",InMemory,0.064216,1.8e-05,686.036,14
7,0.1,92437,65244570,Posts,"<p>I have tried%",InMemory,0.011627,3.7e-05,3.41016,48
7,0.1,92437,65244570,Posts,"%cannot%fathom%C++%",InMemory,0.039795,2.8e-05,557.726,0
7,0.1,92437,65244570,Posts,"%why%happening%",InMemory,0.045153,2.5e-05,834.592,183
7,0.1,92437,65244570,Posts,"%what%is%there",InMemory,0.04398,2.1e-05,5.43998,0
7,0.1,92437,65244570,Posts,"<p>We%try%",InMemory,0.032154,1.8e-05,12.4611,129
7,0.5,3381970,305571138,Comments,"Why do%you%?",InMemory,0.018796,2.3e-05,60.4841,3633
7,0.5,3381970,305571138,Comments,"%do we%actually%",InMemory,0.062794,2.1e-05,5112.03,16
7,0.5,3381970,305571138,Comments,"%why%C++%",InMemory,0.032112,0.000121,3598.18,516
7,0.5,3381970,305571138,Comments,"%how is%this%",InMemory,0.069224,0.000117,5061.05,581
7,0.5,3381970,305571138,Comments,"%cannot%.",InMemory,0.024282,0.000103,1502.31,22793
7,0.5,700773,325065834,PostHistory,"%php%is%shit%",InMemory,0.063021,2.6e-05,3882.67,8
7,0.5,700773,325065834,PostHistory,"I love%C++%but%",InMemory,0.028606,9.2e-05,22.6295,1
7,0.5,700773,325065834,PostHistory,"%sometimes%know.",InMemory,0.049746,2.9e-05,26.9196,1
7,0.5,700773,325065834,PostHistory,"%SELECT *%LIMIT 1%",InMemory,0.031704,2.4e-05,3357.48,157
7,0.5,700773,325065834,PostHistory,"WITH RECURSIVE%SQL",InMemory,0.022889,0.0001,21.8937,0
7,0.5,700773,325065834,PostHistory,"%define%then%double%",InMemory,0.062259,1.9e-05,5095.71,81
7,0.5,464093,326942687,Posts,"<p>I have tried%",InMemory,0.01525,0.000119,17.0688,261
7,0.5,464093,326942687,Posts,"%cannot%fathom%C++%",InMemory,0.05553,3.1e-05,3781.7,0
7,0.5,464093,326942687,Posts,"%why%happening%",InMemory,0.046764,0.000316,4384.59,968
7,0.5,464093,326942687,Posts,"%what%is%there",InMemory,0.05241,0.000103,23.8386,0
7,0.5,464093,326942687,Posts,"<p>We%try%",InMemory,0.029703,1.6e-05,65.3983,676
7,1,6763320,618860378,Comments,"Why do%you%?",InMemory,0.02361,3.2e-05,120.448,7364
7,1,6763320,618860378,Comments,"%do we%actually%",InMemory,0.056121,3.7e-05,6950.75,35
7,1,6763320,618860378,Comments,"%why%C++%",InMemory,0.029379,0.000104,7946.76,1060
7,1,6763320,618860378,Comments,"%how is%this%",InMemory,0.07197,8e-05,11353.1,1198
7,1,6763320,618860378,Comments,"%cannot%.",InMemory,0.035382,2.9e-05,5212.24,45360
7,1,1402633,655946812,PostHistory,"%php%is%shit%",InMemory,0.058512,2.8e-05,8493.89,13
7,1,1402633,655946812,PostHistory,"I love%C++%but%",InMemory,0.028998,0.000109,45.604,1
7,1,1402633,655946812,PostHistory,"%sometimes%know.",InMemory,0.043971,3.2e-05,48.4359,3
7,1,1402633,655946812,PostHistory,"%SELECT *%LIMIT 1%",InMemory,0.033473,2.3e-05,6642.64,309
7,1,1402633,655946812,PostHistory,"WITH RECURSIVE%SQL",InMemory,0.024155,0.000107,44.0442,0
7,1,1402633,655946812,PostHistory,"%define%then%double%",InMemory,0.05709,1.5e-05,11531.7,176
7,1,927644,659166886,Posts,"<p>I have tried%",InMemory,0.014471,0.000105,35.028,516
7,1,927644,659166886,Posts,"%cannot%fathom%C++%",InMemory,0.054814,2.6e-05,10932.9,0
7,1,927644,659166886,Posts,"%why%happening%",InMemory,0.051581,0.000104,7689.94,1899
7,1,927644,659166886,Posts,"%what%is%there",InMemory,0.052307,0.000104,48.8412,0
7,1,927644,659166886,Posts,"<p>We%try%",InMemory,0.028084,2.6e-05,129.022,1414
7,5,33828344,3082980466,Comments,"Why do%you%?",InMemory,0.02395,4.3e-05,592.27,37146
7,5,33828344,3082980466,Comments,"%do we%actually%",InMemory,0.050841,4.1e-05,34300,192
7,5,33828344,3082980466,Comments,"%why%C++%",InMemory,0.033375,0.000105,39525.8,5007
7,5,33828344,3082980466,Comments,"%how is%this%",InMemory,0.059616,0.000101,50062.5,5896
7,5,33828344,3082980466,Comments,"%cannot%.",InMemory,0.045539,0.000102,22188,228112
7,5,7011291,3260900860,PostHistory,"%php%is%shit%",InMemory,0.056522,0.00013,35106,58
7,5,7011291,3260900860,PostHistory,"I love%C++%but%",InMemory,0.031326,0.000103,230.079,1
7,5,7011291,3260900860,PostHistory,"%sometimes%know.",InMemory,0.053887,6.8e-05,251.931,17
7,5,7011291,3260900860,PostHistory,"%SELECT *%LIMIT 1%",InMemory,0.035597,3.1e-05,33263.1,1489
7,5,7011291,3260900860,PostHistory,"WITH RECURSIVE%SQL",InMemory,0.02412,0.000103,220.795,0
7,5,7011291,3260900860,PostHistory,"%define%then%double%",InMemory,0.05996,3.1e-05,52212.2,794
7,5,4636953,3187168332,Posts,"<p>I have tried%",InMemory,0.015879,0.0001,177.358,2821
7,5,4636953,3187168332,Posts,"%cannot%fathom%C++%",InMemory,0.062858,0.000155,48944.5,0
7,5,4636953,3187168332,Posts,"%why%happening%",InMemory,0.050741,0.000106,40415.7,9667
7,5,4636953,3187168332,Posts,"%what%is%there",InMemory,0.053493,0.000102,282.114,0
7,5,4636953,3187168332,Posts,"<p>We%try%",InMemory,0.036087,9e-05,548.471,7238
7,10,67660687,6184930096,Comments,"Why do%you%?",InMemory,0.029815,2.2e-05,1214.15,74121
7,10,67660687,6184930096,Comments,"%do we%actually%",InMemory,0.073971,0.000189,96878.6,420
7,10,67660687,6184930096,Comments,"%why%C++%",InMemory,0.035411,0.000104,78361.7,10167
7,10,67660687,6184930096,Comments,"%how is%this%",InMemory,0.071064,0.000159,110497,11812
7,10,67660687,6184930096,Comments,"%cannot%.",InMemory,0.046476,0.000102,53762.7,456139
7,10,14020516,6464378912,PostHistory,"%php%is%shit%",InMemory,0.063501,0.000104,85415.1,116
7,10,14020516,6464378912,PostHistory,"I love%C++%but%",InMemory,0.028108,0.0001,461.821,1
7,10,14020516,6464378912,PostHistory,"%sometimes%know.",InMemory,0.059999,8.8e-05,536.788,34
7,10,14020516,6464378912,PostHistory,"%SELECT *%LIMIT 1%",InMemory,0.046122,2.9e-05,62896.9,2990
7,10,14020516,6464378912,PostHistory,"WITH RECURSIVE%SQL",InMemory,0.022715,9.9e-05,447.234,0
7,10,14020516,6464378912,PostHistory,"%define%then%double%",InMemory,0.070863,2.8e-05,96684.5,1588
7,10,9274247,6467793801,Posts,"<p>I have tried%",InMemory,0.018533,0.000104,348.079,5699
7,10,9274247,6467793801,Posts,"%cannot%fathom%C++%",InMemory,0.071546,6.9e-05,93576.7,1
7,10,9274247,6467793801,Posts,"%why%happening%",InMemory,0.04822,0.000101,76489,19361
7,10,9274247,6467793801,Posts,"%what%is%there",InMemory,0.050623,0.000249,320.98,0
7,10,9274247,6467793801,Posts,"<p>We%try%",InMemory,0.035887,3.9e-05,1120.81,14408
7,50,70103102,32842104583,PostHistory,"%php%is%shit%",InMemory,0.064442,0.000105,391523,598
7,50,70103102,32842104583,PostHistory,"I love%C++%but%",InMemory,0.028863,0.000101,2275.78,15
7,50,70103102,32842104583,PostHistory,"%sometimes%know.",InMemory,0.053705,0.000106,2489.1,175
7,50,70103102,32842104583,PostHistory,"%SELECT *%LIMIT 1%",InMemory,0.036041,0.000103,318053,14908
7,50,70103102,32842104583,PostHistory,"WITH RECURSIVE%SQL",InMemory,0.025404,0.000105,2265.23,1
7,50,70103102,32842104583,PostHistory,"%define%then%double%",InMemory,0.080636,8.8e-05,501607,7993
7,50,46375197,33166382695,Posts,"<p>I have tried%",InMemory,0.014294,0.0001,1737.33,28497
7,50,46375197,33166382695,Posts,"%cannot%fathom%C++%",InMemory,0.061479,6.6e-05,455758,5
7,50,46375197,33166382695,Posts,"%why%happening%",InMemory,0.050108,0.000109,376625,97325
7,50,46375197,33166382695,Posts,"%what%is%there",InMemory,0.046616,0.000101,2446.23,0
7,50,46375197,33166382695,Posts,"<p>We%try%",InMemory,0.040993,4.3e-05,6967.49,71674
7,0.01,67548,6158512,Comments,"Why do%you%?",SSELLVMCompiled,0.039733,26.9457,0.851975,79
7,0.01,67548,6158512,Comments,"%do we%actually%",SSELLVMCompiled,0.07888,35.4877,3.17155,0
7,0.01,67548,6158512,Comments,"%why%C++%",SSELLVMCompiled,0.03977,25.0893,3.53401,12
7,0.01,67548,6158512,Comments,"%how is%this%",SSELLVMCompiled,0.080968,32.1797,4.65486,10
7,0.01,67548,6158512,Comments,"%cannot%.",SSELLVMCompiled,0.032598,24.2213,2.17476,460
7,0.01,13706,6214943,PostHistory,"%php%is%shit%",SSELLVMCompiled,0.048919,34.5642,2.34378,0
7,0.01,13706,6214943,PostHistory,"I love%C++%but%",SSELLVMCompiled,0.043766,27.3807,0.416766,0
7,0.01,13706,6214943,PostHistory,"%sometimes%know.",SSELLVMCompiled,0.04699,30.1634,0.39714,0
7,0.01,13706,6214943,PostHistory,"%SELECT *%LIMIT 1%",SSELLVMCompiled,0.048492,25.4832,1.24432,3
7,0.01,13706,6214943,PostHistory,"WITH RECURSIVE%SQL",SSELLVMCompiled,0.023945,12.7523,0.277943,0
7,0.01,13706,6214943,PostHistory,"%define%then%double%",SSELLVMCompiled,0.091439,47.7043,3.58915,2
7,0.01,9104,6453362,Posts,"<p>I have tried%",SSELLVMCompiled,0.013963,9.23439,0.244776,6
7,0.01,9104,6453362,Posts,"%cannot%fathom%C++%",SSELLVMCompiled,0.072763,42.4836,3.58924,0
7,0.01,9104,6453362,Posts,"%why%happening%",SSELLVMCompiled,0.060882,35.1659,2.30001,24
7,0.01,9104,6453362,Posts,"%what%is%there",SSELLVMCompiled,0.063049,42.6673,0.297697,0
7,0.01,9104,6453362,Posts,"<p>We%try%",SSELLVMCompiled,0.036809,19.4976,0.303973,19
7,0.05,338143,31244354,Comments,"Why do%you%?",SSELLVMCompiled,0.025261,23.7513,4.23808,332
7,0.05,338143,31244354,Comments,"%do we%actually%",SSELLVMCompiled,0.074808,34.8876,16.1494,3
7,0.05,338143,31244354,Comments,"%why%C++%",SSELLVMCompiled,0.032519,24.3354,18.3827,47
7,0.05,338143,31244354,Comments,"%how is%this%",SSELLVMCompiled,0.072356,26.7776,26.2852,55
7,0.05,338143,31244354,Comments,"%cannot%.",SSELLVMCompiled,0.047967,28.5272,13.2978,2204
7,0.05,69346,31203934,PostHistory,"%php%is%shit%",SSELLVMCompiled,0.057829,36.9277,10.893,0
7,0.05,69346,31203934,PostHistory,"I love%C++%but%",SSELLVMCompiled,0.034047,26.1239,1.64453,0
7,0.05,69346,31203934,PostHistory,"%sometimes%know.",SSELLVMCompiled,0.054141,31.4989,2.06159,0
7,0.05,69346,31203934,PostHistory,"%SELECT *%LIMIT 1%",SSELLVMCompiled,0.041985,26.0698,6.29351,13
7,0.05,69346,31203934,PostHistory,"WITH RECURSIVE%SQL",SSELLVMCompiled,0.024025,13.1189,1.56246,0
7,0.05,69346,31203934,PostHistory,"%define%then%double%",SSELLVMCompiled,0.095476,44.1162,18.3705,5
7,0.05,46252,32527140,Posts,"<p>I have tried%",SSELLVMCompiled,0.013952,9.24271,1.1846,24
7,0.05,46252,32527140,Posts,"%cannot%fathom%C++%",SSELLVMCompiled,0.067772,43.1587,15.5428,0
7,0.05,46252,32527140,Posts,"%why%happening%",SSELLVMCompiled,0.064008,34.5064,8.83161,104
7,0.05,46252,32527140,Posts,"%what%is%there",SSELLVMCompiled,0.055252,39.6609,1.5555,0
7,0.05,46252,32527140,Posts,"<p>We%try%",SSELLVMCompiled,0.048308,20.044,1.78028,62
7,0.1,676808,61789917,Comments,"Why do%you%?",SSELLVMCompiled,0.028296,24.7718,8.82619,680
7,0.1,676808,61789917,Comments,"%do we%actually%",SSELLVMCompiled,0.093163,38.4684,49.9634,4
7,0.1,676808,61789917,Comments,"%why%C++%",SSELLVMCompiled,0.035273,23.8994,25.3699,88
7,0.1,676808,61789917,Comments,"%how is%this%",SSELLVMCompiled,0.065875,29.7482,54.8132,111
7,0.1,676808,61789917,Comments,"%cannot%.",SSELLVMCompiled,0.045827,25.1368,24.8854,4459
7,0.1,140045,64671224,PostHistory,"%php%is%shit%",SSELLVMCompiled,0.053764,38.2151,20.6044,1
7,0.1,140045,64671224,PostHistory,"I love%C++%but%",SSELLVMCompiled,0.029207,23.0296,3.97172,0
7,0.1,140045,64671224,PostHistory,"%sometimes%know.",SSELLVMCompiled,0.047075,35.6117,4.12649,0
7,0.1,140045,64671224,PostHistory,"%SELECT *%LIMIT 1%",SSELLVMCompiled,0.045165,26.1247,12.4635,29
7,0.1,140045,64671224,PostHistory,"WITH RECURSIVE%SQL",SSELLVMCompiled,0.022374,12.1577,3.25932,0
7,0.1,140045,64671224,PostHistory,"%define%then%double%",SSELLVMCompiled,0.069437,39.8855,21.7807,14
7,0.1,92437,65244570,Posts,"<p>I have tried%",SSELLVMCompiled,0.014158,9.40041,2.32211,48
7,0.1,92437,65244570,Posts,"%cannot%fathom%C++%",SSELLVMCompiled,0.051705,34.1028,8.74067,0
7,0.1,92437,65244570,Posts,"%why%happening%",SSELLVMCompiled,0.051894,33.6864,20.9797,183
7,0.1,92437,65244570,Posts,"%what%is%there",SSELLVMCompiled,0.056031,39.9466,3.16215,0
7,0.1,92437,65244570,Posts,"<p>We%try%",SSELLVMCompiled,0.059377,15.7267,3.63343,129
7,0.5,3381970,305571138,Comments,"Why do%you%?",SSELLVMCompiled,0.025192,24.9611,40.6535,3633
7,0.5,3381970,305571138,Comments,"%do we%actually%",SSELLVMCompiled,0.071187,34.4763,170.339,16
7,0.5,3381970,305571138,Comments,"%why%C++%",SSELLVMCompiled,0.031655,24.0034,181.017,516
7,0.5,3381970,305571138,Comments,"%how is%this%",SSELLVMCompiled,0.080899,29.7585,207.323,581
7,0.5,3381970,305571138,Comments,"%cannot%.",SSELLVMCompiled,0.028618,26.3394,92.4906,22793
7,0.5,700773,325065834,PostHistory,"%php%is%shit%",SSELLVMCompiled,0.062235,36.0121,132.634,8
7,0.5,700773,325065834,PostHistory,"I love%C++%but%",SSELLVMCompiled,0.029518,26.0119,19.6991,1
7,0.5,700773,325065834,PostHistory,"%sometimes%know.",SSELLVMCompiled,0.053041,32.0794,20.5022,1
7,0.5,700773,325065834,PostHistory,"%SELECT *%LIMIT 1%",SSELLVMCompiled,0.039113,25.0893,57.1592,157
7,0.5,700773,325065834,PostHistory,"WITH RECURSIVE%SQL",SSELLVMCompiled,0.022129,12.503,15.7824,0
7,0.5,700773,325065834,PostHistory,"%define%then%double%",SSELLVMCompiled,0.070139,40.9664,110.477,81
7,0.5,464093,326942687,Posts,"<p>I have tried%",SSELLVMCompiled,0.013319,8.60162,11.3208,261
7,0.5,464093,326942687,Posts,"%cannot%fathom%C++%",SSELLVMCompiled,0.063489,37.3053,62.842,0
7,0.5,464093,326942687,Posts,"%why%happening%",SSELLVMCompiled,0.05123,30.512,98.4395,968
7,0.5,464093,326942687,Posts,"%what%is%there",SSELLVMCompiled,0.058651,40.2519,15.2277,0
7,0.5,464093,326942687,Posts,"<p>We%try%",SSELLVMCompiled,0.038478,19.6324,16.8335,676
7,1,6763320,618860378,Comments,"Why do%you%?",SSELLVMCompiled,0.026719,25.2842,79.2083,7364
7,1,6763320,618860378,Comments,"%do we%actually%",SSELLVMCompiled,0.085779,31.9354,264.392,35
7,1,6763320,618860378,Comments,"%why%C++%",SSELLVMCompiled,0.028576,24.0702,270.096,1060
7,1,6763320,618860378,Comments,"%how is%this%",SSELLVMCompiled,0.072007,29.3777,629.986,1198
7,1,6763320,618860378,Comments,"%cannot%.",SSELLVMCompiled,0.035552,25.7514,247.633,45360
7,1,1402633,655946812,PostHistory,"%php%is%shit%",SSELLVMCompiled,0.066187,39.8094,267.378,13
7,1,1402633,655946812,PostHistory,"I love%C++%but%",SSELLVMCompiled,0.028408,25.088,32.0785,1
7,1,1402633,655946812,PostHistory,"%sometimes%know.",SSELLVMCompiled,0.05336,30.4611,42.3014,3
7,1,1402633,655946812,PostHistory,"%SELECT *%LIMIT 1%",SSELLVMCompiled,0.040866,26.8866,128.038,309
7,1,1402633,655946812,PostHistory,"WITH RECURSIVE%SQL",SSELLVMCompiled,0.041264,13.4877,32.556,0
7,1,1402633,655946812,PostHistory,"%define%then%double%",SSELLVMCompiled,0.070614,39.9253,339.256,176
7,1,927644,659166886,Posts,"<p>I have tried%",SSELLVMCompiled,0.014791,9.15664,22.9454,516
7,1,927644,659166886,Posts,"%cannot%fathom%C++%",SSELLVMCompiled,0.065607,41.7252,269.374,0
7,1,927644,659166886,Posts,"%why%happening%",SSELLVMCompiled,0.060509,33.8376,192.966,1899
7,1,927644,659166886,Posts,"%what%is%there",SSELLVMCompiled,0.063459,37.6148,30.7156,0
7,1,927644,659166886,Posts,"<p>We%try%",SSELLVMCompiled,0.03626,19.058,33.011,1414
7,5,33828344,3082980466,Comments,"Why do%you%?",SSELLVMCompiled,0.032785,27.0399,408.308,37146
7,5,33828344,3082980466,Comments,"%do we%actually%",SSELLVMCompiled,0.065547,31.4617,1306.58,192
7,5,33828344,3082980466,Comments,"%why%C++%",SSELLVMCompiled,0.036539,25.4256,1747.37,5007
7,5,33828344,3082980466,Comments,"%how is%this%",SSELLVMCompiled,0.080645,27.613,2492.1,5896
7,5,33828344,3082980466,Comments,"%cannot%.",SSELLVMCompiled,0.069453,32.602,1233.35,228112
7,5,7011291,3260900860,PostHistory,"%php%is%shit%",SSELLVMCompiled,0.061248,34.7799,990.038,58
7,5,7011291,3260900860,PostHistory,"I love%C++%but%",SSELLVMCompiled,0.033005,25.5105,189.711,1
7,5,7011291,3260900860,PostHistory,"%sometimes%know.",SSELLVMCompiled,0.059607,31.6289,201.205,17
7,5,7011291,3260900860,PostHistory,"%SELECT *%LIMIT 1%",SSELLVMCompiled,0.04095,23.7899,594.14,1489
7,5,7011291,3260900860,PostHistory,"WITH RECURSIVE%SQL",SSELLVMCompiled,0.029955,12.7587,156.294,0
7,5,7011291,3260900860,PostHistory,"%define%then%double%",SSELLVMCompiled,0.06796,42.057,1343.65,794
7,5,4636953,3187168332,Posts,"<p>I have tried%",SSELLVMCompiled,0.019939,9.94897,153.474,2821
7,5,4636953,3187168332,Posts,"%cannot%fathom%C++%",SSELLVMCompiled,0.098061,52.2932,1191.54,0
7,5,4636953,3187168332,Posts,"%why%happening%",SSELLVMCompiled,0.062826,32.9869,855.429,9667
7,5,4636953,3187168332,Posts,"%what%is%there",SSELLVMCompiled,0.066721,42.4199,153.525,0
7,5,4636953,3187168332,Posts,"<p>We%try%",SSELLVMCompiled,0.035331,18.8225,164.864,7238
7,10,67660687,6184930096,Comments,"Why do%you%?",SSELLVMCompiled,0.03155,25.7887,788.299,74121
7,10,67660687,6184930096,Comments,"%do we%actually%",SSELLVMCompiled,0.094265,33.566,2900.07,420
7,10,67660687,6184930096,Comments,"%why%C++%",SSELLVMCompiled,0.040979,26.499,3211.14,10167
7,10,67660687,6184930096,Comments,"%how is%this%",SSELLVMCompiled,0.071755,29.6707,6766.42,11812
7,10,67660687,6184930096,Comments,"%cannot%.",SSELLVMCompiled,0.059911,27.4288,2542.04,456139
7,10,14020516,6464378912,PostHistory,"%php%is%shit%",SSELLVMCompiled,0.070245,40.7868,2825.32,116
7,10,14020516,6464378912,PostHistory,"I love%C++%but%",SSELLVMCompiled,0.030281,23.2938,317.334,1
7,10,14020516,6464378912,PostHistory,"%sometimes%know.",SSELLVMCompiled,0.063267,33.3297,405.332,34
7,10,14020516,6464378912,PostHistory,"%SELECT *%LIMIT 1%",SSELLVMCompiled,0.069448,31.4851,1259.11,2990
7,10,14020516,6464378912,PostHistory,"WITH RECURSIVE%SQL",SSELLVMCompiled,0.029093,19.5912,314.605,0
7,10,14020516,6464378912,PostHistory,"%define%then%double%",SSELLVMCompiled,0.082103,41.5496,2281.88,1588
7,10,9274247,6467793801,Posts,"<p>I have tried%",SSELLVMCompiled,0.020667,9.19413,220.984,5699
7,10,9274247,6467793801,Posts,"%cannot%fathom%C++%",SSELLVMCompiled,0.063855,38.7983,1760.92,1
7,10,9274247,6467793801,Posts,"%why%happening%",SSELLVMCompiled,0.067536,33.9101,1813.57,19361
7,10,9274247,6467793801,Posts,"%what%is%there",SSELLVMCompiled,0.062251,40.7896,289.694,0
7,10,9274247,6467793801,Posts,"<p>We%try%",SSELLVMCompiled,0.045278,20.2529,335.62,14408
7,50,70103102,32842104583,PostHistory,"%php%is%shit%",SSELLVMCompiled,0.070077,36.9947,14609.7,598
7,50,70103102,32842104583,PostHistory,"I love%C++%but%",SSELLVMCompiled,0.032403,26.0543,1603.02,15
7,50,70103102,32842104583,PostHistory,"%sometimes%know.",SSELLVMCompiled,0.060645,29.8306,2066.94,175
7,50,70103102,32842104583,PostHistory,"%SELECT *%LIMIT 1%",SSELLVMCompiled,0.040871,26.5177,6105.63,14908
7,50,70103102,32842104583,PostHistory,"WITH RECURSIVE%SQL",SSELLVMCompiled,0.034992,13.6871,1583.93,1
7,50,70103102,32842104583,PostHistory,"%define%then%double%",SSELLVMCompiled,0.08955,45.0716,13880.2,7993
7,50,46375197,33166382695,Posts,"<p>I have tried%",SSELLVMCompiled,0.018525,8.77364,1102.33,28497
7,50,46375197,33166382695,Posts,"%cannot%fathom%C++%",SSELLVMCompiled,0.072804,39.2016,12909.2,5
7,50,46375197,33166382695,Posts,"%why%happening%",SSELLVMCompiled,0.068866,33.967,9368.45,97325
7,50,46375197,33166382695,Posts,"%what%is%there",SSELLVMCompiled,0.064481,41.6243,1529.97,0
7,50,46375197,33166382695,Posts,"<p>We%try%",SSELLVMCompiled,0.047508,19.6903,1792.99,71674
7,0.01,67548,6158512,Comments,"Why do%you%?",SSECppCompiled,0.035557,322.99,0.959925,79
7,0.01,67548,6158512,Comments,"%do we%actually%",SSECppCompiled,0.082135,344.149,3.49797,0
7,0.01,67548,6158512,Comments,"%why%C++%",SSECppCompiled,0.034255,321.564,3.94887,12
7,0.01,67548,6158512,Comments,"%how is%this%",SSECppCompiled,0.078367,342.982,5.47191,10
7,0.01,67548,6158512,Comments,"%cannot%.",SSECppCompiled,0.031527,320.424,2.32958,460
7,0.01,13706,6214943,PostHistory,"%php%is%shit%",SSECppCompiled,0.055882,324.412,2.62583,0
7,0.01,13706,6214943,PostHistory,"I love%C++%but%",SSECppCompiled,0.041673,312.719,0.344169,0
7,0.01,13706,6214943,PostHistory,"%sometimes%know.",SSECppCompiled,0.04775,333.669,0.451552,0
7,0.01,13706,6214943,PostHistory,"%SELECT *%LIMIT 1%",SSECppCompiled,0.041101,312.243,1.33425,3
7,0.01,13706,6214943,PostHistory,"WITH RECURSIVE%SQL",SSECppCompiled,0.028347,294.808,0.443919,0
7,0.01,13706,6214943,PostHistory,"%define%then%double%",SSECppCompiled,0.092301,350.548,3.57482,2
7,0.01,9104,6453362,Posts,"<p>I have tried%",SSECppCompiled,0.01533,283.055,0.26798,6
7,0.01,9104,6453362,Posts,"%cannot%fathom%C++%",SSECppCompiled,0.086938,344.498,4.20934,0
7,0.01,9104,6453362,Posts,"%why%happening%",SSECppCompiled,0.056276,330.077,2.24248,24
7,0.01,9104,6453362,Posts,"%what%is%there",SSECppCompiled,0.060819,339.734,0.445113,0
7,0.01,9104,6453362,Posts,"<p>We%try%",SSECppCompiled,0.042344,298.844,0.303774,19
7,0.05,338143,31244354,Comments,"Why do%you%?",SSECppCompiled,0.029401,317.074,4.62969,332
7,0.05,338143,31244354,Comments,"%do we%actually%",SSECppCompiled,0.072687,341.628,16.135,3
7,0.05,338143,31244354,Comments,"%why%C++%",SSECppCompiled,0.033314,316.512,19.3649,47
7,0.05,338143,31244354,Comments,"%how is%this%",SSECppCompiled,0.069624,326.974,27.8208,55
7,0.05,338143,31244354,Comments,"%cannot%.",SSECppCompiled,0.046768,336,14.129,2204
7,0.05,69346,31203934,PostHistory,"%php%is%shit%",SSECppCompiled,0.063423,335.692,12.1595,0
7,0.05,69346,31203934,PostHistory,"I love%C++%but%",SSECppCompiled,0.032031,315.822,1.68865,0
7,0.05,69346,31203934,PostHistory,"%sometimes%know.",SSECppCompiled,0.052083,336.024,2.19619,0
7,0.05,69346,31203934,PostHistory,"%SELECT *%LIMIT 1%",SSECppCompiled,0.040302,331.899,6.67857,13
7,0.05,69346,31203934,PostHistory,"WITH RECURSIVE%SQL",SSECppCompiled,0.024017,305.134,2.1742,0
7,0.05,69346,31203934,PostHistory,"%define%then%double%",SSECppCompiled,0.094153,345.132,19.1434,5
7,0.05,46252,32527140,Posts,"<p>I have tried%",SSECppCompiled,0.016878,287.167,1.26625,24
7,0.05,46252,32527140,Posts,"%cannot%fathom%C++%",SSECppCompiled,0.06746,342.55,18.5075,0
7,0.05,46252,32527140,Posts,"%why%happening%",SSECppCompiled,0.059165,331.064,9.61199,104
7,0.05,46252,32527140,Posts,"%what%is%there",SSECppCompiled,0.051133,329.398,2.23064,0
7,0.05,46252,32527140,Posts,"<p>We%try%",SSECppCompiled,0.043369,301.401,1.5481,62
7,0.1,676808,61789917,Comments,"Why do%you%?",SSECppCompiled,0.030058,310.162,9.02204,680
7,0.1,676808,61789917,Comments,"%do we%actually%",SSECppCompiled,0.089693,336.682,50.2557,4
7,0.1,676808,61789917,Comments,"%why%C++%",SSECppCompiled,0.029076,306.442,26.2972,88
7,0.1,676808,61789917,Comments,"%how is%this%",SSECppCompiled,0.064768,318.206,59.6441,111
7,0.1,676808,61789917,Comments,"%cannot%.",SSECppCompiled,0.040025,326.683,28.6382,4459
7,0.1,140045,64671224,PostHistory,"%php%is%shit%",SSECppCompiled,0.063316,344.849,21.7185,1
7,0.1,140045,64671224,PostHistory,"I love%C++%but%",SSECppCompiled,0.03014,309.021,4.23196,0
7,0.1,140045,64671224,PostHistory,"%sometimes%know.",SSECppCompiled,0.052614,346.629,4.38092,0
7,0.1,140045,64671224,PostHistory,"%SELECT *%LIMIT 1%",SSECppCompiled,0.038135,328.857,13.4239,29
7,0.1,140045,64671224,PostHistory,"WITH RECURSIVE%SQL",SSECppCompiled,0.024777,307.813,4.20794,0
7,0.1,140045,64671224,PostHistory,"%define%then%double%",SSECppCompiled,0.071997,347.409,22.1365,14
7,0.1,92437,65244570,Posts,"<p>I have tried%",SSECppCompiled,0.016807,293.501,2.49958,48
7,0.1,92437,65244570,Posts,"%cannot%fathom%C++%",SSECppCompiled,0.055319,338.725,10.0117,0
7,0.1,92437,65244570,Posts,"%why%happening%",SSECppCompiled,0.055225,340.314,21.1332,183
7,0.1,92437,65244570,Posts,"%what%is%there",SSECppCompiled,0.05577,339.112,4.40362,0
7,0.1,92437,65244570,Posts,"<p>We%try%",SSECppCompiled,0.049488,295.033,3.20496,129
7,0.5,3381970,305571138,Comments,"Why do%you%?",SSECppCompiled,0.029085,309.55,44.7005,3633
7,0.5,3381970,305571138,Comments,"%do we%actually%",SSECppCompiled,0.075075,329.33,163.051,16
7,0.5,3381970,305571138,Comments,"%why%C++%",SSECppCompiled,0.032644,305.097,191.959,516
7,0.5,3381970,305571138,Comments,"%how is%this%",SSECppCompiled,0.08515,325.392,229.56,581
7,0.5,3381970,305571138,Comments,"%cannot%.",SSECppCompiled,0.025307,304.716,103.035,22793
7,0.5,700773,325065834,PostHistory,"%php%is%shit%",SSECppCompiled,0.061152,327.768,148.768,8
7,0.5,700773,325065834,PostHistory,"I love%C++%but%",SSECppCompiled,0.0326,308.064,16.7833,1
7,0.5,700773,325065834,PostHistory,"%sometimes%know.",SSECppCompiled,0.061883,340.192,22.0039,1
7,0.5,700773,325065834,PostHistory,"%SELECT *%LIMIT 1%",SSECppCompiled,0.051319,325.508,65.1712,157
7,0.5,700773,325065834,PostHistory,"WITH RECURSIVE%SQL",SSECppCompiled,0.024526,306.791,21.3308,0
7,0.5,700773,325065834,PostHistory,"%define%then%double%",SSECppCompiled,0.082911,351.069,131.951,81
7,0.5,464093,326942687,Posts,"<p>I have tried%",SSECppCompiled,0.017742,292.271,12.1461,261
7,0.5,464093,326942687,Posts,"%cannot%fathom%C++%",SSECppCompiled,0.069631,353.552,74.4414,0
7,0.5,464093,326942687,Posts,"%why%happening%",SSECppCompiled,0.074099,340.07,104.604,968
7,0.5,464093,326942687,Posts,"%what%is%there",SSECppCompiled,0.063105,345.002,21.6169,0
7,0.5,464093,326942687,Posts,"<p>We%try%",SSECppCompiled,0.037325,301.04,14.9404,676
7,1,6763320,618860378,Comments,"Why do%you%?",SSECppCompiled,0.033273,310.294,88.7703,7364
7,1,6763320,618860378,Comments,"%do we%actually%",SSECppCompiled,0.07765,327.187,259.905,35
7,1,6763320,618860378,Comments,"%why%C++%",SSECppCompiled,0.030325,307.476,293.658,1060
7,1,6763320,618860378,Comments,"%how is%this%",SSECppCompiled,0.076432,317.55,644.313,1198
7,1,6763320,618860378,Comments,"%cannot%.",SSECppCompiled,0.033735,328.493,264.613,45360
7,1,1402633,655946812,PostHistory,"%php%is%shit%",SSECppCompiled,0.063657,348.939,285.01,13
7,1,1402633,655946812,PostHistory,"I love%C++%but%",SSECppCompiled,0.03732,314.793,33.0884,1
7,1,1402633,655946812,PostHistory,"%sometimes%know.",SSECppCompiled,0.059238,336.699,43.7947,3
7,1,1402633,655946812,PostHistory,"%SELECT *%LIMIT 1%",SSECppCompiled,0.040913,324.897,134.929,309
7,1,1402633,655946812,PostHistory,"WITH RECURSIVE%SQL",SSECppCompiled,0.023194,297.405,42.5916,0
7,1,1402633,655946812,PostHistory,"%define%then%double%",SSECppCompiled,0.071521,326.156,327.244,176
7,1,927644,659166886,Posts,"<p>I have tried%",SSECppCompiled,0.014818,283.283,24.3754,516
7,1,927644,659166886,Posts,"%cannot%fathom%C++%",SSECppCompiled,0.064642,338.327,248.471,0
7,1,927644,659166886,Posts,"%why%happening%",SSECppCompiled,0.051684,337.268,176.564,1899
7,1,927644,659166886,Posts,"%what%is%there",SSECppCompiled,0.057225,331.268,44.1631,0
7,1,927644,659166886,Posts,"<p>We%try%",SSECppCompiled,0.036828,309.526,28.3372,1414
7,5,33828344,3082980466,Comments,"Why do%you%?",SSECppCompiled,0.033179,325.178,449.433,37146
7,5,33828344,3082980466,Comments,"%do we%actually%",SSECppCompiled,0.057404,329.183,1285.38,192
7,5,33828344,3082980466,Comments,"%why%C++%",SSECppCompiled,0.034737,307.968,1902.58,5007
7,5,33828344,3082980466,Comments,"%how is%this%",SSECppCompiled,0.06709,317.792,2778.07,5896
7,5,33828344,3082980466,Comments,"%cannot%.",SSECppCompiled,0.049998,331.252,1321.48,228112
7,5,7011291,3260900860,PostHistory,"%php%is%shit%",SSECppCompiled,0.052359,315.145,987.889,58
7,5,7011291,3260900860,PostHistory,"I love%C++%but%",SSECppCompiled,0.032972,303.021,164.763,1
7,5,7011291,3260900860,PostHistory,"%sometimes%know.",SSECppCompiled,0.0735,329.984,214.414,17
7,5,7011291,3260900860,PostHistory,"%SELECT *%LIMIT 1%",SSECppCompiled,0.040487,313.058,660.459,1489
7,5,7011291,3260900860,PostHistory,"WITH RECURSIVE%SQL",SSECppCompiled,0.025693,303.695,211.155,0
7,5,7011291,3260900860,PostHistory,"%define%then%double%",SSECppCompiled,0.072346,353.823,1511.37,794
7,5,4636953,3187168332,Posts,"<p>I have tried%",SSECppCompiled,0.017968,283.778,120.558,2821
7,5,4636953,3187168332,Posts,"%cannot%fathom%C++%",SSECppCompiled,0.065252,345.766,1202.79,0
7,5,4636953,3187168332,Posts,"%why%happening%",SSECppCompiled,0.051582,328.484,942.719,9667
7,5,4636953,3187168332,Posts,"%what%is%there",SSECppCompiled,0.056503,359.422,214.498,0
7,5,4636953,3187168332,Posts,"<p>We%try%",SSECppCompiled,0.041458,307.742,142.204,7238
7,10,67660687,6184930096,Comments,"Why do%you%?",SSECppCompiled,0.032907,325.922,875.062,74121
7,10,67660687,6184930096,Comments,"%do we%actually%",SSECppCompiled,0.079042,335.355,3187.33,420
7,10,67660687,6184930096,Comments,"%why%C++%",SSECppCompiled,0.03789,319.564,3374.1,10167
7,10,67660687,6184930096,Comments,"%how is%this%",SSECppCompiled,0.064781,321.834,7585.36,11812
7,10,67660687,6184930096,Comments,"%cannot%.",SSECppCompiled,0.048935,321.494,2668.31,456139
7,10,14020516,6464378912,PostHistory,"%php%is%shit%",SSECppCompiled,0.064702,339.673,3086.41,116
7,10,14020516,6464378912,PostHistory,"I love%C++%but%",SSECppCompiled,0.032868,309.905,330.763,1
7,10,14020516,6464378912,PostHistory,"%sometimes%know.",SSECppCompiled,0.051337,341.339,435.573,34
7,10,14020516,6464378912,PostHistory,"%SELECT *%LIMIT 1%",SSECppCompiled,0.052077,341.154,1342.65,2990
7,10,14020516,6464378912,PostHistory,"WITH RECURSIVE%SQL",SSECppCompiled,0.025034,304.614,418.645,0
7,10,14020516,6464378912,PostHistory,"%define%then%double%",SSECppCompiled,0.088043,346.795,2610.47,1588
7,10,9274247,6467793801,Posts,"<p>I have tried%",SSECppCompiled,0.019835,292.143,235.942,5699
7,10,9274247,6467793801,Posts,"%cannot%fathom%C++%",SSECppCompiled,0.059357,352.862,1918.92,1
7,10,9274247,6467793801,Posts,"%why%happening%",SSECppCompiled,0.054259,330.344,1744.8,19361
7,10,9274247,6467793801,Posts,"%what%is%there",SSECppCompiled,0.051693,338.713,308.616,0
7,10,9274247,6467793801,Posts,"<p>We%try%",SSECppCompiled,0.041615,306.668,278.918,14408
7,50,70103102,32842104583,PostHistory,"%php%is%shit%",SSECppCompiled,0.069015,336.178,15027.3,598
7,50,70103102,32842104583,PostHistory,"I love%C++%but%",SSECppCompiled,0.033335,307.725,1642.96,15
7,50,70103102,32842104583,PostHistory,"%sometimes%know.",SSECppCompiled,0.057604,324.999,2166.65,175
7,50,70103102,32842104583,PostHistory,"%SELECT *%LIMIT 1%",SSECppCompiled,0.037226,327.492,6587.23,14908
7,50,70103102,32842104583,PostHistory,"WITH RECURSIVE%SQL",SSECppCompiled,0.024815,297.377,2080.86,1
7,50,70103102,32842104583,PostHistory,"%define%then%double%",SSECppCompiled,0.081921,351.053,15203.4,7993
7,50,46375197,33166382695,Posts,"<p>I have tried%",SSECppCompiled,0.019557,275.457,1143.7,28497
7,50,46375197,33166382695,Posts,"%cannot%fathom%C++%",SSECppCompiled,0.058218,332.658,15494,5
7,50,46375197,33166382695,Posts,"%why%happening%",SSECppCompiled,0.056436,336.969,9771.03,97325
7,50,46375197,33166382695,Posts,"%what%is%there",SSECppCompiled,0.051796,340.552,2128.38,0
7,50,46375197,33166382695,Posts,"<p>We%try%",SSECppCompiled,0.043863,300.76,1496.01,71674
7,0.01,67548,6158512,Comments,"Why do%you%?",SSEDecoded,0.001723,0,8.86423,79
7,0.01,67548,6158512,Comments,"%do we%actually%",SSEDecoded,0.001178,0,10.1178,0
7,0.01,67548,6158512,Comments,"%why%C++%",SSEDecoded,0.001162,0,9.86077,12
7,0.01,67548,6158512,Comments,"%how is%this%",SSEDecoded,0.000957,0,10.0372,10
7,0.01,67548,6158512,Comments,"%cannot%.",SSEDecoded,0.000913,0,9.787,461
7,0.01,13706,6214943,PostHistory,"%php%is%shit%",SSEDecoded,0.001321,0,6.91122,0
7,0.01,13706,6214943,PostHistory,"I love%C++%but%",SSEDecoded,0.00098,0,6.0988,0
7,0.01,13706,6214943,PostHistory,"%sometimes%know.",SSEDecoded,0.000846,0,5.932,0
7,0.01,13706,6214943,PostHistory,"%SELECT *%LIMIT 1%",SSEDecoded,0.000835,0,6.63741,3
7,0.01,13706,6214943,PostHistory,"WITH RECURSIVE%SQL",SSEDecoded,0.000672,0,6.03478,0
7,0.01,13706,6214943,PostHistory,"%define%then%double%",SSEDecoded,0.001177,0,6.88168,2
7,0.01,9104,6453362,Posts,"<p>I have tried%",SSEDecoded,0.000639,0,6.02833,6
7,0.01,9104,6453362,Posts,"%cannot%fathom%C++%",SSEDecoded,0.001102,0,6.87657,0
7,0.01,9104,6453362,Posts,"%why%happening%",SSEDecoded,0.000852,0,6.71691,24
7,0.01,9104,6453362,Posts,"%what%is%there",SSEDecoded,0.000767,0,6.03326,0
7,0.01,9104,6453362,Posts,"<p>We%try%",SSEDecoded,0.000828,0,5.95514,19
7,0.05,338143,31244354,Comments,"Why do%you%?",SSEDecoded,0.000936,0,42.463,332
7,0.05,338143,31244354,Comments,"%do we%actually%",SSEDecoded,0.000909,0,48.9506,3
7,0.05,338143,31244354,Comments,"%why%C++%",SSEDecoded,0.000859,0,47.9103,47
7,0.05,338143,31244354,Comments,"%how is%this%",SSEDecoded,0.000818,0,49.3563,55
7,0.05,338143,31244354,Comments,"%cannot%.",SSEDecoded,0.00093,0,47.4186,2205
7,0.05,69346,31203934,PostHistory,"%php%is%shit%",SSEDecoded,0.001464,0,32.9347,0
7,0.05,69346,31203934,PostHistory,"I love%C++%but%",SSEDecoded,0.001024,0,29.3038,0
7,0.05,69346,31203934,PostHistory,"%sometimes%know.",SSEDecoded,0.000845,0,28.0924,0
7,0.05,69346,31203934,PostHistory,"%SELECT *%LIMIT 1%",SSEDecoded,0.000917,0,31.1136,13
7,0.05,69346,31203934,PostHistory,"WITH RECURSIVE%SQL",SSEDecoded,0.000619,0,28.9491,0
7,0.05,69346,31203934,PostHistory,"%define%then%double%",SSEDecoded,0.001224,0,32.5567,5
7,0.05,46252,32527140,Posts,"<p>I have tried%",SSEDecoded,0.000789,0,28.8174,24
7,0.05,46252,32527140,Posts,"%cannot%fathom%C++%",SSEDecoded,0.001161,0,33.6989,0
7,0.05,46252,32527140,Posts,"%why%happening%",SSEDecoded,0.000892,0,33.8897,104
7,0.05,46252,32527140,Posts,"%what%is%there",SSEDecoded,0.000748,0,29.4817,0
7,0.05,46252,32527140,Posts,"<p>We%try%",SSEDecoded,0.000912,0,29.3048,62
7,0.1,676808,61789917,Comments,"Why do%you%?",SSEDecoded,0.001355,0,84.7084,680
7,0.1,676808,61789917,Comments,"%do we%actually%",SSEDecoded,0.001133,0,96.2117,4
7,0.1,676808,61789917,Comments,"%why%C++%",SSEDecoded,0.001137,0,95.9903,88
7,0.1,676808,61789917,Comments,"%how is%this%",SSEDecoded,0.000976,0,96.4174,111
7,0.1,676808,61789917,Comments,"%cannot%.",SSEDecoded,0.000993,0,93.9191,4462
7,0.1,140045,64671224,PostHistory,"%php%is%shit%",SSEDecoded,0.001684,0,67.6717,1
7,0.1,140045,64671224,PostHistory,"I love%C++%but%",SSEDecoded,0.000958,0,59.4907,0
7,0.1,140045,64671224,PostHistory,"%sometimes%know.",SSEDecoded,0.000991,0,61.1645,0
7,0.1,140045,64671224,PostHistory,"%SELECT *%LIMIT 1%",SSEDecoded,0.000937,0,67.1803,29
7,0.1,140045,64671224,PostHistory,"WITH RECURSIVE%SQL",SSEDecoded,0.000844,0,59.1244,0
7,0.1,140045,64671224,PostHistory,"%define%then%double%",SSEDecoded,0.001433,0,69.0866,14
7,0.1,92437,65244570,Posts,"<p>I have tried%",SSEDecoded,0.001228,0,59.2983,48
7,0.1,92437,65244570,Posts,"%cannot%fathom%C++%",SSEDecoded,0.001283,0,69.1984,0
7,0.1,92437,65244570,Posts,"%why%happening%",SSEDecoded,0.001022,0,67.8532,183
7,0.1,92437,65244570,Posts,"%what%is%there",SSEDecoded,0.000953,0,59.9252,0
7,0.1,92437,65244570,Posts,"<p>We%try%",SSEDecoded,0.001403,0,60.7931,129
7,0.5,3381970,305571138,Comments,"Why do%you%?",SSEDecoded,0.001278,0,408.192,3633
7,0.5,3381970,305571138,Comments,"%do we%actually%",SSEDecoded,0.001362,0,459.498,16
7,0.5,3381970,305571138,Comments,"%why%C++%",SSEDecoded,0.001264,0,454.981,516
7,0.5,3381970,305571138,Comments,"%how is%this%",SSEDecoded,0.001151,0,462.555,582
7,0.5,3381970,305571138,Comments,"%cannot%.",SSEDecoded,0.001299,0,454.633,22806
7,0.5,700773,325065834,PostHistory,"%php%is%shit%",SSEDecoded,0.001669,0,335.326,8
7,0.5,700773,325065834,PostHistory,"I love%C++%but%",SSEDecoded,0.001192,0,292.992,1
7,0.5,700773,325065834,PostHistory,"%sometimes%know.",SSEDecoded,0.001271,0,291.849,1
7,0.5,700773,325065834,PostHistory,"%SELECT *%LIMIT 1%",SSEDecoded,0.001319,0,342.698,157
7,0.5,700773,325065834,PostHistory,"WITH RECURSIVE%SQL",SSEDecoded,0.000987,0,312.585,0
7,0.5,700773,325065834,PostHistory,"%define%then%double%",SSEDecoded,0.001574,0,353.496,81
7,0.5,464093,326942687,Posts,"<p>I have tried%",SSEDecoded,0.001051,0,303.725,261
7,0.5,464093,326942687,Posts,"%cannot%fathom%C++%",SSEDecoded,0.001646,0,346.383,0
7,0.5,464093,326942687,Posts,"%why%happening%",SSEDecoded,0.001358,0,338.282,974
7,0.5,464093,326942687,Posts,"%what%is%there",SSEDecoded,0.001192,0,297.132,0
7,0.5,464093,326942687,Posts,"<p>We%try%",SSEDecoded,0.001291,0,299.699,676
7,1,6763320,618860378,Comments,"Why do%you%?",SSEDecoded,0.001324,0,804.571,7364
7,1,6763320,618860378,Comments,"%do we%actually%",SSEDecoded,0.001384,0,922.687,35
7,1,6763320,618860378,Comments,"%why%C++%",SSEDecoded,0.001377,0,923.733,1060
7,1,6763320,618860378,Comments,"%how is%this%",SSEDecoded,0.001556,0,960.424,1198
7,1,6763320,618860378,Comments,"%cannot%.",SSEDecoded,0.001473,0,962.618,45380
7,1,1402633,655946812,PostHistory,"%php%is%shit%",SSEDecoded,0.001817,0,688.469,13
7,1,1402633,655946812,PostHistory,"I love%C++%but%",SSEDecoded,0.001639,0,607.369,1
7,1,1402633,655946812,PostHistory,"%sometimes%know.",SSEDecoded,0.001585,0,583.956,3
7,1,1402633,655946812,PostHistory,"%SELECT *%LIMIT 1%",SSEDecoded,0.00187,0,649.675,309
7,1,1402633,655946812,PostHistory,"WITH RECURSIVE%SQL",SSEDecoded,0.001293,0,583.581,0
7,1,1402633,655946812,PostHistory,"%define%then%double%",SSEDecoded,0.001814,0,670.624,176
7,1,927644,659166886,Posts,"<p>I have tried%",SSEDecoded,0.00103,0,598.474,516
7,1,927644,659166886,Posts,"%cannot%fathom%C++%",SSEDecoded,0.00159,0,682.754,0
7,1,927644,659166886,Posts,"%why%happening%",SSEDecoded,0.001719,0,667.203,1910
7,1,927644,659166886,Posts,"%what%is%there",SSEDecoded,0.001802,0,594.857,0
7,1,927644,659166886,Posts,"<p>We%try%",SSEDecoded,0.001421,0,595.62,1415
7,5,33828344,3082980466,Comments,"Why do%you%?",SSEDecoded,0.001252,0,4051.92,37146
7,5,33828344,3082980466,Comments,"%do we%actually%",SSEDecoded,0.001676,0,4761.59,193
7,5,33828344,3082980466,Comments,"%why%C++%",SSEDecoded,0.001752,0,4713.78,5007
7,5,33828344,3082980466,Comments,"%how is%this%",SSEDecoded,0.0018,0,4816.6,5898
7,5,33828344,3082980466,Comments,"%cannot%.",SSEDecoded,0.001499,0,4634.69,228138
7,5,7011291,3260900860,PostHistory,"%php%is%shit%",SSEDecoded,0.001882,0,3339.22,58
7,5,7011291,3260900860,PostHistory,"I love%C++%but%",SSEDecoded,0.001736,0,2977.23,1
7,5,7011291,3260900860,PostHistory,"%sometimes%know.",SSEDecoded,0.001589,0,2981.8,17
7,5,7011291,3260900860,PostHistory,"%SELECT *%LIMIT 1%",SSEDecoded,0.001679,0,3262.73,1489
7,5,7011291,3260900860,PostHistory,"WITH RECURSIVE%SQL",SSEDecoded,0.00181,0,2978.37,0
7,5,7011291,3260900860,PostHistory,"%define%then%double%",SSEDecoded,0.002255,0,3446.85,796
7,5,4636953,3187168332,Posts,"<p>I have tried%",SSEDecoded,0.001328,0,2818.71,2821
7,5,4636953,3187168332,Posts,"%cannot%fathom%C++%",SSEDecoded,0.002157,0,3328.06,0
7,5,4636953,3187168332,Posts,"%why%happening%",SSEDecoded,0.002429,0,3133.78,9735
7,5,4636953,3187168332,Posts,"%what%is%there",SSEDecoded,0.001418,0,2932.93,0
7,5,4636953,3187168332,Posts,"<p>We%try%",SSEDecoded,0.001673,0,2797.6,7244
7,10,67660687,6184930096,Comments,"Why do%you%?",SSEDecoded,0.001788,0,8344.87,74121
7,10,67660687,6184930096,Comments,"%do we%actually%",SSEDecoded,0.001523,0,9656.06,421
7,10,67660687,6184930096,Comments,"%why%C++%",SSEDecoded,0.001462,0,9521.13,10167
7,10,67660687,6184930096,Comments,"%how is%this%",SSEDecoded,0.001941,0,9691.8,11818
7,10,67660687,6184930096,Comments,"%cannot%.",SSEDecoded,0.001897,0,9475.93,456260
7,10,14020516,6464378912,PostHistory,"%php%is%shit%",SSEDecoded,0.002076,0,6615.54,116
7,10,14020516,6464378912,PostHistory,"I love%C++%but%",SSEDecoded,0.001848,0,5819.91,1
7,10,14020516,6464378912,PostHistory,"%sometimes%know.",SSEDecoded,0.001618,0,5849.42,34
7,10,14020516,6464378912,PostHistory,"%SELECT *%LIMIT 1%",SSEDecoded,0.001519,0,6476.44,2990
7,10,14020516,6464378912,PostHistory,"WITH RECURSIVE%SQL",SSEDecoded,0.001024,0,5823.83,0
7,10,14020516,6464378912,PostHistory,"%define%then%double%",SSEDecoded,0.002558,0,6647.35,1594
7,10,9274247,6467793801,Posts,"<p>I have tried%",SSEDecoded,0.001331,0,5926.16,5699
7,10,9274247,6467793801,Posts,"%cannot%fathom%C++%",SSEDecoded,0.001815,0,6754.26,1
7,10,9274247,6467793801,Posts,"%why%happening%",SSEDecoded,0.002029,0,6608.98,19419
7,10,9274247,6467793801,Posts,"%what%is%there",SSEDecoded,0.001944,0,5913.33,0
7,10,9274247,6467793801,Posts,"<p>We%try%",SSEDecoded,0.001657,0,5900.74,14417
7,50,70103102,32842104583,PostHistory,"%php%is%shit%",SSEDecoded,0.002087,0,33111.2,599
7,50,70103102,32842104583,PostHistory,"I love%C++%but%",SSEDecoded,0.001577,0,29069,15
7,50,70103102,32842104583,PostHistory,"%sometimes%know.",SSEDecoded,0.001639,0,29223.3,175
7,50,70103102,32842104583,PostHistory,"%SELECT *%LIMIT 1%",SSEDecoded,0.001589,0,32125.5,14908
7,50,70103102,32842104583,PostHistory,"WITH RECURSIVE%SQL",SSEDecoded,0.001885,0,29265,1
7,50,70103102,32842104583,PostHistory,"%define%then%double%",SSEDecoded,0.002024,0,33432.6,8042
7,50,46375197,33166382695,Posts,"<p>I have tried%",SSEDecoded,0.001428,0,28839.8,28497
7,50,46375197,33166382695,Posts,"%cannot%fathom%C++%",SSEDecoded,0.001828,0,32886.7,5
7,50,46375197,33166382695,Posts,"%why%happening%",SSEDecoded,0.002029,0,32214.5,97637
7,50,46375197,33166382695,Posts,"%what%is%there",SSEDecoded,0.002175,0,28850.7,0
7,50,46375197,33166382695,Posts,"<p>We%try%",SSEDecoded,0.001822,0,28940,71674
7,0.01,67548,6158512,Comments,"Why do%you%?",VectorScan,1.07746,0,11.3675,79
7,0.01,67548,6158512,Comments,"%do we%actually%",VectorScan,0.51599,0,13.9274,0
7,0.01,67548,6158512,Comments,"%why%C++%",VectorScan,0.516233,0,13.9278,12
7,0.01,67548,6158512,Comments,"%how is%this%",VectorScan,0.312666,0,13.7228,10
7,0.01,67548,6158512,Comments,"%cannot%.",VectorScan,0.476889,0,12.875,461
7,0.01,13706,6214943,PostHistory,"%php%is%shit%",VectorScan,0.616241,0,7.84435,0
7,0.01,13706,6214943,PostHistory,"I love%C++%but%",VectorScan,0.513017,0,6.26221,0
7,0.01,13706,6214943,PostHistory,"%sometimes%know.",VectorScan,0.467632,0,7.20317,0
7,0.01,13706,6214943,PostHistory,"%SELECT *%LIMIT 1%",VectorScan,0.360158,0,7.37389,3
7,0.01,13706,6214943,PostHistory,"WITH RECURSIVE%SQL",VectorScan,0.504738,0,6.2691,0
7,0.01,13706,6214943,PostHistory,"%define%then%double%",VectorScan,0.490044,0,7.59373,2
7,0.01,9104,6453362,Posts,"<p>I have tried%",VectorScan,0.282574,0,5.91565,6
7,0.01,9104,6453362,Posts,"%cannot%fathom%C++%",VectorScan,0.461068,0,7.05346,0
7,0.01,9104,6453362,Posts,"%why%happening%",VectorScan,0.393595,0,7.26361,24
7,0.01,9104,6453362,Posts,"%what%is%there",VectorScan,0.68489,0,7.44404,0
7,0.01,9104,6453362,Posts,"<p>We%try%",VectorScan,0.304849,0,5.768,19
7,0.05,338143,31244354,Comments,"Why do%you%?",VectorScan,0.590294,0,54.3748,332
7,0.05,338143,31244354,Comments,"%do we%actually%",VectorScan,0.413673,0,67.1667,3
7,0.05,338143,31244354,Comments,"%why%C++%",VectorScan,0.505021,0,66.5436,47
7,0.05,338143,31244354,Comments,"%how is%this%",VectorScan,0.321312,0,66.837,55
7,0.05,338143,31244354,Comments,"%cannot%.",VectorScan,0.428595,0,60.2614,2205
7,0.05,69346,31203934,PostHistory,"%php%is%shit%",VectorScan,0.605825,0,36.9114,0
7,0.05,69346,31203934,PostHistory,"I love%C++%but%",VectorScan,0.520995,0,29.0107,0
7,0.05,69346,31203934,PostHistory,"%sometimes%know.",VectorScan,0.460532,0,38.9981,0
7,0.05,69346,31203934,PostHistory,"%SELECT *%LIMIT 1%",VectorScan,0.396683,0,36.6863,13
7,0.05,69346,31203934,PostHistory,"WITH RECURSIVE%SQL",VectorScan,0.526184,0,30.5431,0
7,0.05,69346,31203934,PostHistory,"%define%then%double%",VectorScan,0.49598,0,40.5053,5
7,0.05,46252,32527140,Posts,"<p>I have tried%",VectorScan,0.241125,0,31.4285,24
7,0.05,46252,32527140,Posts,"%cannot%fathom%C++%",VectorScan,0.49241,0,35.7224,0
7,0.05,46252,32527140,Posts,"%why%happening%",VectorScan,0.396226,0,39.6802,104
7,0.05,46252,32527140,Posts,"%what%is%there",VectorScan,0.671471,0,38.6834,0
7,0.05,46252,32527140,Posts,"<p>We%try%",VectorScan,0.322545,0,29.519,62
7,0.1,676808,61789917,Comments,"Why do%you%?",VectorScan,0.62335,0,108.353,680
7,0.1,676808,61789917,Comments,"%do we%actually%",VectorScan,0.469892,0,134.91,4
7,0.1,676808,61789917,Comments,"%why%C++%",VectorScan,0.47807,0,136.409,88
7,0.1,676808,61789917,Comments,"%how is%this%",VectorScan,0.330396,0,134.593,111
7,0.1,676808,61789917,Comments,"%cannot%.",VectorScan,0.483971,0,123.15,4462
7,0.1,140045,64671224,PostHistory,"%php%is%shit%",VectorScan,0.548336,0,77.2364,1
7,0.1,140045,64671224,PostHistory,"I love%C++%but%",VectorScan,0.589155,0,63.3501,0
7,0.1,140045,64671224,PostHistory,"%sometimes%know.",VectorScan,0.453673,0,79.2892,0
7,0.1,140045,64671224,PostHistory,"%SELECT *%LIMIT 1%",VectorScan,0.415986,0,79.862,29
7,0.1,140045,64671224,PostHistory,"WITH RECURSIVE%SQL",VectorScan,0.571924,0,66.0429,0
7,0.1,140045,64671224,PostHistory,"%define%then%double%",VectorScan,0.591675,0,84.3914,14
7,0.1,92437,65244570,Posts,"<p>I have tried%",VectorScan,0.251331,0,64.8141,48
7,0.1,92437,65244570,Posts,"%cannot%fathom%C++%",VectorScan,0.496466,0,76.6301,0
7,0.1,92437,65244570,Posts,"%why%happening%",VectorScan,0.450164,0,79.7091,183
7,0.1,92437,65244570,Posts,"%what%is%there",VectorScan,0.747025,0,83.8134,0
7,0.1,92437,65244570,Posts,"<p>We%try%",VectorScan,0.355145,0,63.4817,129
7,0.5,3381970,305571138,Comments,"Why do%you%?",VectorScan,0.608916,0,568.492,3633
7,0.5,3381970,305571138,Comments,"%do we%actually%",VectorScan,0.509388,0,703.277,16
7,0.5,3381970,305571138,Comments,"%why%C++%",VectorScan,0.636942,0,714.65,516
7,0.5,3381970,305571138,Comments,"%how is%this%",VectorScan,0.444218,0,701.794,582
7,0.5,3381970,305571138,Comments,"%cannot%.",VectorScan,0.583938,0,620.927,22806
7,0.5,700773,325065834,PostHistory,"%php%is%shit%",VectorScan,0.633732,0,398.416,8
7,0.5,700773,325065834,PostHistory,"I love%C++%but%",VectorScan,0.614212,0,326.344,1
7,0.5,700773,325065834,PostHistory,"%sometimes%know.",VectorScan,0.512251,0,397.912,1
7,0.5,700773,325065834,PostHistory,"%SELECT *%LIMIT 1%",VectorScan,0.417568,0,383.267,157
7,0.5,700773,325065834,PostHistory,"WITH RECURSIVE%SQL",VectorScan,0.579557,0,326.137,0
7,0.5,700773,325065834,PostHistory,"%define%then%double%",VectorScan,0.558384,0,423.403,81
7,0.5,464093,326942687,Posts,"<p>I have tried%",VectorScan,0.313441,0,328.085,261
7,0.5,464093,326942687,Posts,"%cannot%fathom%C++%",VectorScan,0.607542,0,402.083,0
7,0.5,464093,326942687,Posts,"%why%happening%",VectorScan,0.519451,0,403.215,974
7,0.5,464093,326942687,Posts,"%what%is%there",VectorScan,0.824964,0,418.765,0
7,0.5,464093,326942687,Posts,"<p>We%try%",VectorScan,0.396221,0,325.507,676
7,1,6763320,618860378,Comments,"Why do%you%?",VectorScan,0.676908,0,1158.23,7364
7,1,6763320,618860378,Comments,"%do we%actually%",VectorScan,0.526566,0,1324.78,35
7,1,6763320,618860378,Comments,"%why%C++%",VectorScan,0.586538,0,1358.77,1060
7,1,6763320,618860378,Comments,"%how is%this%",VectorScan,0.40277,0,1412.89,1198
7,1,6763320,618860378,Comments,"%cannot%.",VectorScan,0.545317,0,1291.12,45380
7,1,1402633,655946812,PostHistory,"%php%is%shit%",VectorScan,0.679822,0,793.079,13
7,1,1402633,655946812,PostHistory,"I love%C++%but%",VectorScan,0.609209,0,652.859,1
7,1,1402633,655946812,PostHistory,"%sometimes%know.",VectorScan,0.542933,0,766.727,3
7,1,1402633,655946812,PostHistory,"%SELECT *%LIMIT 1%",VectorScan,0.477613,0,796.901,309
7,1,1402633,655946812,PostHistory,"WITH RECURSIVE%SQL",VectorScan,0.653535,0,675.894,0
7,1,1402633,655946812,PostHistory,"%define%then%double%",VectorScan,0.623892,0,867.375,176
7,1,927644,659166886,Posts,"<p>I have tried%",VectorScan,0.322559,0,643.993,516
7,1,927644,659166886,Posts,"%cannot%fathom%C++%",VectorScan,0.627283,0,780.343,0
7,1,927644,659166886,Posts,"%why%happening%",VectorScan,0.491107,0,756.763,1910
7,1,927644,659166886,Posts,"%what%is%there",VectorScan,0.761849,0,781.203,0
7,1,927644,659166886,Posts,"<p>We%try%",VectorScan,0.398854,0,610.928,1415
7,5,33828344,3082980466,Comments,"Why do%you%?",VectorScan,0.67021,0,5635.32,37146
7,5,33828344,3082980466,Comments,"%do we%actually%",VectorScan,0.597109,0,6914.54,193
7,5,33828344,3082980466,Comments,"%why%C++%",VectorScan,0.594818,0,6868.36,5007
7,5,33828344,3082980466,Comments,"%how is%this%",VectorScan,0.486447,0,6954.53,5898
7,5,33828344,3082980466,Comments,"%cannot%.",VectorScan,0.618572,0,6340.14,228138
7,5,7011291,3260900860,PostHistory,"%php%is%shit%",VectorScan,0.661901,0,4032.05,58
7,5,7011291,3260900860,PostHistory,"I love%C++%but%",VectorScan,0.65082,0,3314.23,1
7,5,7011291,3260900860,PostHistory,"%sometimes%know.",VectorScan,0.578889,0,3970.87,17
7,5,7011291,3260900860,PostHistory,"%SELECT *%LIMIT 1%",VectorScan,0.517569,0,3896.27,1489
7,5,7011291,3260900860,PostHistory,"WITH RECURSIVE%SQL",VectorScan,0.661076,0,3360.72,0
7,5,7011291,3260900860,PostHistory,"%define%then%double%",VectorScan,0.680442,0,4180.66,796
7,5,4636953,3187168332,Posts,"<p>I have tried%",VectorScan,0.323011,0,3158.49,2821
7,5,4636953,3187168332,Posts,"%cannot%fathom%C++%",VectorScan,0.593697,0,3755.74,0
7,5,4636953,3187168332,Posts,"%why%happening%",VectorScan,0.553779,0,3834.32,9735
7,5,4636953,3187168332,Posts,"%what%is%there",VectorScan,0.880851,0,4005.95,0
7,5,4636953,3187168332,Posts,"<p>We%try%",VectorScan,0.4629,0,2992.5,7244
7,10,67660687,6184930096,Comments,"Why do%you%?",VectorScan,0.729834,0,11092.1,74121
7,10,67660687,6184930096,Comments,"%do we%actually%",VectorScan,0.541019,0,14032.6,421
7,10,67660687,6184930096,Comments,"%why%C++%",VectorScan,0.593445,0,13966.2,10167
7,10,67660687,6184930096,Comments,"%how is%this%",VectorScan,0.423443,0,14069.1,11818
7,10,67660687,6184930096,Comments,"%cannot%.",VectorScan,0.608011,0,12921.5,456260
7,10,14020516,6464378912,PostHistory,"%php%is%shit%",VectorScan,0.729073,0,7922.64,116
7,10,14020516,6464378912,PostHistory,"I love%C++%but%",VectorScan,0.685947,0,6448.3,1
7,10,14020516,6464378912,PostHistory,"%sometimes%know.",VectorScan,0.57783,0,7821.89,34
7,10,14020516,6464378912,PostHistory,"%SELECT *%LIMIT 1%",VectorScan,0.509582,0,7678.45,2990
7,10,14020516,6464378912,PostHistory,"WITH RECURSIVE%SQL",VectorScan,0.696593,0,6397.49,0
7,10,14020516,6464378912,PostHistory,"%define%then%double%",VectorScan,0.67274,0,8357.82,1594
7,10,9274247,6467793801,Posts,"<p>I have tried%",VectorScan,0.334665,0,6372.22,5699
7,10,9274247,6467793801,Posts,"%cannot%fathom%C++%",VectorScan,0.651149,0,7737.36,1
7,10,9274247,6467793801,Posts,"%why%happening%",VectorScan,0.550359,0,7824.47,19419
7,10,9274247,6467793801,Posts,"%what%is%there",VectorScan,0.803158,0,8137.86,0
7,10,9274247,6467793801,Posts,"<p>We%try%",VectorScan,0.466505,0,6327.69,14417
7,50,70103102,32842104583,PostHistory,"%php%is%shit%",VectorScan,0.719072,0,39254.1,599
7,50,70103102,32842104583,PostHistory,"I love%C++%but%",VectorScan,0.66056,0,32315.7,15
7,50,70103102,32842104583,PostHistory,"%sometimes%know.",VectorScan,0.583979,0,39136.8,175
7,50,70103102,32842104583,PostHistory,"%SELECT *%LIMIT 1%",VectorScan,0.525477,0,38582.8,14908
7,50,70103102,32842104583,PostHistory,"WITH RECURSIVE%SQL",VectorScan,0.654178,0,32269.4,1
7,50,70103102,32842104583,PostHistory,"%define%then%double%",VectorScan,0.633335,0,41273.8,8042
7,50,46375197,33166382695,Posts,"<p>I have tried%",VectorScan,0.351711,0,31118.4,28497
7,50,46375197,33166382695,Posts,"%cannot%fathom%C++%",VectorScan,0.65519,0,37641.2,5
7,50,46375197,33166382695,Posts,"%why%happening%",VectorScan,0.555627,0,38445.8,97637
7,50,46375197,33166382695,Posts,"%what%is%there",VectorScan,0.805697,0,40264.8,1
7,50,46375197,33166382695,Posts,"<p>We%try%",VectorScan,0.43694,0,30937.4,71674
