patternId,runNumber,scaleFactor,numLines,numBytes,HSSCreate,HSSRun,SSECreate,SSERun,AutomatonCreate,InterpretedRun,NoSSECppCompile,NoSSECppRun,SSECppCompile,SSECppRun,NoSSELLVMCompile,NoSSELLVMRun,SSELLVMCompile,SSELLVMRun,VectorScanCompile,VectorScanRun
0,1,1.0,1500000,22694323,,,0.002071,100.093,0.260775,65.9172,,,308.512,65.9401,,,36.8857,60.0041,,
1,1,1.0,1500000,22694323,,,0.001196,106.541,0.183448,66.6577,,,310.56,48.6335,,,33.3086,46.647,,
2,1,1.0,1500000,22694323,,,0.00123,99.6813,0.115981,66.9644,,,298.579,53.8725,,,30.5317,50.7298,,
3,1,1.0,1500000,22694323,,,0.0012,97.0417,0.066341,68.279,,,277.395,44.2539,,,18.6348,40.1744,,
4,1,1.0,200000,2237473,,,0.001287,10.7785,0.069182,6.80659,,,282.093,4.71533,,,18.9699,4.11206,,
5,1,1.0,200000,2237473,,,0.000746,10.5984,0.04902,7.33454,,,278.907,4.54595,,,17.2915,3.90938,,
6,1,1.0,200000,2237473,,,0.000622,10.1035,0.047372,7.20623,,,278.927,4.77724,,,16.6672,4.23137,,
7,1,1.0,200000,2237473,,,0.000559,8.07652,0.010626,1.55032,,,254.365,0.997621,,,4.47999,0.966206,,
8,1,1.0,200000,2237473,,,0.000978,10.7288,0.108694,7.18027,,,300.834,5.60462,,,28.0534,5.084,,
9,1,1.0,200000,2237473,,,0.000867,10.5122,0.074963,7.43369,,,278.722,4.51017,,,19.3314,3.88146,,
10,1,1.0,200000,821034,,,0.000933,10.9248,0.043047,3.85046,,,269.64,3.50149,,,16.5703,3.26901,,
11,1,1.0,200000,821034,,,0.000527,10.6626,0.016293,3.74401,,,260.915,2.9925,,,11.7847,2.71563,,
12,1,1.0,200000,821034,,,0.000495,9.01451,0.01541,1.99706,,,252.356,1.39234,,,8.35831,1.28753,,
13,1,1.0,200000,821034,,,0.000476,9.73747,0.077645,2.32135,,,254.205,2.32166,,,9.08906,1.94564,,
14,1,1.0,200000,821034,,,0.000834,11.2289,0.050802,3.88951,,,274.541,3.95072,,,17.2589,3.68693,,
15,1,1.0,200000,821034,,,0.000537,9.50792,0.008088,2.35657,,,240.446,0.875482,,,4.16486,0.825536,,
16,1,1.0,200000,821034,,,0.00039,9.39862,0.039546,2.11961,,,251.792,2.0789,,,8.83976,1.66369,,
17,1,1.0,200000,821034,,,0.000422,9.11707,0.011632,2.69592,,,249.355,1.39822,,,6.24023,1.31414,,
18,1,1.0,10000,194749,,,0.001014,0.528827,0.090394,0.079433,,,283.835,0.115288,,,23.7879,0.094933,,
19,1,1.0,10000,194749,,,0.000652,0.517668,0.117926,0.07697,,,276.087,0.112345,,,19.8455,0.092538,,
20,1,1.0,10000,194749,,,0.000716,0.736463,0.16916,0.554334,,,299.815,0.457863,,,32.4384,0.456846,,
21,1,1.0,10000,194749,,,0.000419,0.639984,0.060244,0.422143,,,267.697,0.202661,,,15.9646,0.187538,,
22,1,1.0,10000,194749,,,0.000436,0.537506,0.026823,0.076508,,,263.361,0.080182,,,11.3708,0.056327,,
0,1,10.0,15000000,229667600,,,0.000901,1012.04,0.195707,648.205,,,305.277,546.746,,,33.3443,511.466,,
1,1,10.0,15000000,229667600,,,0.00203,1054.13,0.221353,679.139,,,308.333,484.325,,,33.0777,441.549,,
2,1,10.0,15000000,229667600,,,0.001365,976.994,0.205105,676.058,,,317.882,475.644,,,35.7593,443.001,,
3,1,10.0,15000000,229667600,,,0.001414,926.138,0.073674,672.999,,,280.574,375.644,,,20.127,338.914,,
4,1,10.0,2000000,22019783,,,0.001742,101.049,0.061861,69.7691,,,273.755,48.5405,,,17.3109,40.956,,
5,1,10.0,2000000,22019783,,,0.000985,103.218,0.045037,73.2429,,,267.791,44.7722,,,16.2404,38.2582,,
6,1,10.0,2000000,22019783,,,0.000895,100.796,0.050439,72.1629,,,273.773,45.8721,,,15.4059,40.7678,,
7,1,10.0,2000000,22019783,,,0.000758,81.6454,0.021945,20.486,,,244.857,13.5548,,,6.84598,9.45999,,
8,1,10.0,2000000,22019783,,,0.00124,101.213,0.107202,66.4915,,,288.65,49.9379,,,26.6019,46.4109,,
9,1,10.0,2000000,22019783,,,0.001009,97.8638,0.080939,71.3958,,,279.095,43.9829,,,19.3592,38.9219,,
10,1,10.0,2000000,8213633,,,0.001197,108.559,0.045854,36.2102,,,283.343,34.6562,,,16.5668,29.5368,,
11,1,10.0,2000000,8213633,,,0.00089,106.736,0.016296,35.8483,,,269.22,31.7266,,,11.6503,25.4883,,
12,1,10.0,2000000,8213633,,,0.000559,87.9738,0.017477,19.0612,,,258.927,13.5758,,,8.30895,12.0996,,
13,1,10.0,2000000,8213633,,,0.000588,91.4453,0.060328,21.823,,,266.684,23.5737,,,8.56822,17.1181,,
14,1,10.0,2000000,8213633,,,0.000918,106.01,0.057084,38.9102,,,292.537,38.6773,,,16.7636,33.6238,,
15,1,10.0,2000000,8213633,,,0.000554,92.7631,0.007345,17.7794,,,251.673,9.05389,,,4.18086,8.5528,,
16,1,10.0,2000000,8213633,,,0.000626,95.2162,0.042684,19.7364,,,262.29,21.1075,,,8.69341,16.6407,,
17,1,10.0,2000000,8213633,,,0.000662,89.6835,0.013098,26.4317,,,258.128,14.0467,,,6.16534,13.57,,
18,1,10.0,100000,1960972,,,0.00149,5.45296,0.087391,0.685838,,,288.566,0.972722,,,23.3956,0.817927,,
19,1,10.0,100000,1960972,,,0.000809,5.28056,0.064261,0.698458,,,275.145,0.973931,,,19.2939,0.813835,,
20,1,10.0,100000,1960972,,,0.001227,7.30076,0.124107,5.07334,,,295.038,4.32661,,,29.9162,3.75144,,
21,1,10.0,100000,1960972,,,0.000785,6.21289,0.066759,3.72455,,,268.842,2.17312,,,14.3634,1.82298,,
22,1,10.0,100000,1960972,,,0.000767,4.90485,0.029604,0.680185,,,262.014,0.95387,,,12.2662,0.517966,,
0,1,100.0,150000000,2346793956,,,0.001166,10110.8,0.158257,6844.42,,,284.771,6412.39,,,27.8349,5842.07,,
1,1,100.0,150000000,2346793956,,,0.001828,10400.5,0.196991,6889.33,,,313.685,5000.69,,,35.9212,4916.5,,
2,1,100.0,150000000,2346793956,,,0.002295,9885.36,0.216523,6882.99,,,319.42,5905.33,,,34.3861,5731.26,,
3,1,100.0,150000000,2346793956,,,0.001976,9582.03,0.082967,6860.14,,,277.871,3778.18,,,21.974,3667.91,,
4,1,100.0,20000000,228698483,,,0.0023,1050.3,0.054164,769.572,,,277.595,434.305,,,17.7301,414.4,,
5,1,100.0,20000000,228698483,,,0.001681,1036.89,0.058023,735.563,,,279.399,406.821,,,17.6424,386.234,,
6,1,100.0,20000000,228698483,,,0.001488,1018.2,0.073046,718.7,,,271.899,449.435,,,16.0306,442.304,,
7,1,100.0,20000000,228698483,,,0.001333,808.617,0.027536,194.387,,,247.955,131.81,,,6.99239,96.9302,,
8,1,100.0,20000000,228698483,,,0.002029,1044.72,0.111229,605.133,,,282.879,514.244,,,27.3123,467.55,,
9,1,100.0,20000000,228698483,,,0.00217,1016.72,0.052221,706.102,,,279.555,433.584,,,15.7753,373.8,,
10,1,100.0,20000000,66531845,,,0.00241,1123.11,0.050802,258.904,,,280.605,278.703,,,16.8721,237.332,,
11,1,100.0,20000000,66531845,,,0.001837,1096.32,0.023089,247.395,,,265.731,246.101,,,11.9913,211.247,,
12,1,100.0,20000000,66531845,,,0.001674,920.78,0.008567,277.389,,,249.614,95.5599,,,4.5554,89.6366,,
13,1,100.0,20000000,66531845,,,0.001052,970.358,0.075818,228.583,,,263.017,222.77,,,9.317,179.391,,
14,1,100.0,20000000,66531845,,,0.00149,1134.29,0.062539,300.951,,,286.648,323.083,,,17.5015,303.841,,
15,1,100.0,20000000,66531845,,,0.001208,1000.82,0.013568,190.239,,,246.28,83.2887,,,4.70086,87.7473,,
16,1,100.0,20000000,66531845,,,0.001103,986.775,0.051429,207.214,,,252.796,190.821,,,9.82629,176.784,,
17,1,100.0,20000000,66531845,,,0.001293,937.973,0.021518,240.705,,,251.542,128.707,,,6.51966,142.701,,
18,1,100.0,1000000,19710547,,,0.002078,49.0642,0.099311,7.32081,,,285.195,9.59652,,,25.2017,8.80272,,
19,1,100.0,1000000,19710547,,,0.001076,50.4432,0.109319,7.38158,,,276.697,9.79856,,,21.1631,9.12662,,
20,1,100.0,1000000,19710547,,,0.001345,69.3203,0.164677,54.1432,,,298.488,45.4849,,,34.6712,44.7114,,
21,1,100.0,1000000,19710547,,,0.000987,59.639,0.063745,37.8124,,,265.506,20.3876,,,16.2592,19.4485,,
22,1,100.0,1000000,19710547,,,0.000844,50.8788,0.034314,7.42314,,,255.907,6.79693,,,12.5617,5.4834,,
0,2,1.0,1500000,22694323,,,0.005797,104.136,0.217347,66.794,,,305.045,66.7833,,,36.544,59.1857,,
1,2,1.0,1500000,22694323,,,0.001174,107.511,0.171914,64.3257,,,305.372,48.4218,,,32.3243,46.3207,,
2,2,1.0,1500000,22694323,,,0.001132,100.42,0.122124,65.6145,,,290.532,52.9878,,,29.3142,49.541,,
3,2,1.0,1500000,22694323,,,0.001231,96.7781,0.05908,65.762,,,270.861,41.9545,,,19.3634,37.2297,,
4,2,1.0,200000,2237473,,,0.00096,11.2143,0.065091,6.42104,,,272.12,4.39832,,,17.5221,3.87756,,
5,2,1.0,200000,2237473,,,0.00081,11.5373,0.049164,7.0548,,,272.883,4.57038,,,16.9325,4.14522,,
6,2,1.0,200000,2237473,,,0.000641,10.8877,0.042404,6.87635,,,273.087,4.77292,,,17.4603,3.90624,,
7,2,1.0,200000,2237473,,,0.000589,8.7145,0.010374,1.45527,,,243.023,0.997047,,,4.58248,0.867525,,
8,2,1.0,200000,2237473,,,0.000946,10.3937,0.099445,6.64668,,,289.117,5.3209,,,27.3772,4.87701,,
9,2,1.0,200000,2237473,,,0.000826,10.0696,0.067791,7.14617,,,277.845,4.47379,,,19.0688,3.85955,,
10,2,1.0,200000,821034,,,0.000898,10.8048,0.044348,3.70534,,,273.007,3.53931,,,16.6793,3.37911,,
11,2,1.0,200000,821034,,,0.000548,10.7081,0.015313,3.80297,,,258.223,3.11423,,,12.4972,2.7397,,
12,2,1.0,200000,821034,,,0.000495,9.22067,0.0151,1.81053,,,257.498,1.4235,,,7.79409,1.18954,,
13,2,1.0,200000,821034,,,0.00055,9.48586,0.066506,2.11214,,,261.39,2.36211,,,9.03744,1.6976,,
14,2,1.0,200000,821034,,,0.000723,11.98,0.047002,4.01943,,,278.953,3.95919,,,17.3237,3.30506,,
15,2,1.0,200000,821034,,,0.000586,9.89336,0.007666,2.36533,,,252.876,0.889571,,,4.24001,0.902083,,
16,2,1.0,200000,821034,,,0.000496,10.3721,0.039035,1.94247,,,257.728,2.08265,,,9.1711,1.71498,,
17,2,1.0,200000,821034,,,0.00047,9.57039,0.011563,2.53927,,,260.686,1.40182,,,6.13137,1.29561,,
18,2,1.0,10000,194749,,,0.000908,0.583202,0.083506,0.072335,,,296.321,0.108826,,,24.0613,0.100181,,
19,2,1.0,10000,194749,,,0.00086,0.533731,0.06859,0.068262,,,281.591,0.109546,,,20.1099,0.091701,,
20,2,1.0,10000,194749,,,0.000627,0.716274,0.161686,0.492178,,,309.606,0.453616,,,31.3394,0.414726,,
21,2,1.0,10000,194749,,,0.000361,0.566064,0.053804,0.349299,,,270.207,0.210677,,,14.9004,0.176949,,
22,2,1.0,10000,194749,,,0.000359,0.523061,0.028703,0.068482,,,258.327,0.080085,,,11.4922,0.055613,,
0,2,10.0,15000000,229667600,,,0.000929,1014.12,0.175148,629.659,,,295.661,545.74,,,33.5329,511.044,,
1,2,10.0,15000000,229667600,,,0.001837,1062.67,0.154956,654.908,,,294.929,451.299,,,32.9126,449.959,,
2,2,10.0,15000000,229667600,,,0.001719,962.899,0.182776,650.915,,,307.456,468.912,,,37.0396,464.179,,
3,2,10.0,15000000,229667600,,,0.004927,938.551,0.077483,659.341,,,286.951,384.927,,,22.4749,353.305,,
4,2,10.0,2000000,22019783,,,0.001481,105.269,0.080404,69.6143,,,281.839,48.6437,,,17.653,44.7012,,
5,2,10.0,2000000,22019783,,,0.00099,105.862,0.0413,74.5598,,,276.673,45.3311,,,16.9192,38.6059,,
6,2,10.0,2000000,22019783,,,0.000769,106.209,0.049997,73.3194,,,280.691,47.4732,,,17.2939,44.9286,,
7,2,10.0,2000000,22019783,,,0.000729,85.4448,0.020373,21.2311,,,254.751,13.5428,,,7.08845,9.76535,,
8,2,10.0,2000000,22019783,,,0.001094,104.246,0.102651,70.2299,,,298.296,52.3145,,,27.7218,49.9606,,
9,2,10.0,2000000,22019783,,,0.001124,99.9203,0.075921,72.9288,,,288.554,44.4493,,,19.6662,40.2833,,
10,2,10.0,2000000,8213633,,,0.001105,110.592,0.053565,37.2167,,,270.486,33.5813,,,17.7155,31.7145,,
11,2,10.0,2000000,8213633,,,0.000851,111.73,0.019203,36.4444,,,257.963,30.1104,,,12.0879,26.455,,
12,2,10.0,2000000,8213633,,,0.000686,91.2524,0.018502,21.0364,,,249.8,13.7042,,,8.8408,13.254,,
13,2,10.0,2000000,8213633,,,0.000993,96.6589,0.072587,23.0533,,,256.385,23.2422,,,9.36078,18.983,,
14,2,10.0,2000000,8213633,,,0.001006,107.197,0.049922,39.5917,,,276.949,37.3237,,,18.3742,34.6862,,
15,2,10.0,2000000,8213633,,,0.000841,94.4463,0.007358,19.1822,,,242.474,8.89753,,,4.73332,8.94528,,
16,2,10.0,2000000,8213633,,,0.000703,99.0812,0.046548,21.3272,,,255.603,25.2934,,,9.55235,17.5597,,
17,2,10.0,2000000,8213633,,,0.000583,93.7727,0.014784,27.1404,,,250.265,13.7408,,,6.36714,13.7669,,
18,2,10.0,100000,1960972,,,0.001358,5.13769,0.093716,0.672303,,,287.38,0.947288,,,24.2825,0.81181,,
19,2,10.0,100000,1960972,,,0.000729,5.24279,0.066348,0.711947,,,274.171,0.947289,,,20.6712,0.889126,,
20,2,10.0,100000,1960972,,,0.000931,7.22025,0.116359,5.1477,,,307.812,4.34377,,,32.7703,3.87315,,
21,2,10.0,100000,1960972,,,0.000617,6.11889,0.056207,3.9618,,,276.158,2.20047,,,15.1127,2.01242,,
22,2,10.0,100000,1960972,,,0.000707,5.14924,0.028448,0.687377,,,263.731,0.698464,,,11.7221,0.47106,,
0,2,100.0,150000000,2346793956,,,0.001016,10179.5,0.15407,6885.84,,,305.807,6173.45,,,28.6224,5868.1,,
1,2,100.0,150000000,2346793956,,,0.001896,10532.2,0.197963,6842.44,,,322.602,5026.66,,,38.2605,4876.92,,
2,2,100.0,150000000,2346793956,,,0.001579,9925.72,0.188672,6856.29,,,316.372,6050.22,,,37.7053,5734.01,,
3,2,100.0,150000000,2346793956,,,0.001554,9717.31,0.089704,6915.55,,,278.288,3783.1,,,20.5964,3657.74,,
4,2,100.0,20000000,228698483,,,0.001585,1047.21,0.060642,746.206,,,276.119,456.248,,,18.1249,399.836,,
5,2,100.0,20000000,228698483,,,0.002142,1058.87,0.060008,709.659,,,270.704,405.282,,,17.7371,381.089,,
6,2,100.0,20000000,228698483,,,0.002148,1028.19,0.059089,738.574,,,269.766,434.744,,,17.4215,456.274,,
7,2,100.0,20000000,228698483,,,0.001298,836.27,0.028575,205.952,,,246.412,128.558,,,7.39372,96.417,,
8,2,100.0,20000000,228698483,,,0.001708,1076.99,0.120662,640.941,,,281.143,475.592,,,27.0865,485.883,,
9,2,100.0,20000000,228698483,,,0.001393,1037.31,0.046807,738.129,,,275.231,437.69,,,16.5813,383.007,,
10,2,100.0,20000000,66531845,,,0.001997,1105.73,0.054929,272.016,,,279.097,278.873,,,17.0405,248.469,,
11,2,100.0,20000000,66531845,,,0.001969,1093.03,0.020668,260.433,,,264.184,246.482,,,12.8426,218.887,,
12,2,100.0,20000000,66531845,,,0.001023,930.532,0.009431,280.837,,,249.461,95.4093,,,4.53717,90.0148,,
13,2,100.0,20000000,66531845,,,0.001091,996.178,0.05953,224.006,,,263.95,218.502,,,8.69134,184.742,,
14,2,100.0,20000000,66531845,,,0.002112,1180.32,0.059349,287.214,,,272.751,322.541,,,17.737,314.612,,
15,2,100.0,20000000,66531845,,,0.001077,990.67,0.008741,180.315,,,245.494,84.7057,,,4.67933,88.6085,,
16,2,100.0,20000000,66531845,,,0.001009,962.266,0.053202,202.798,,,254.934,191.723,,,9.93372,177.109,,
17,2,100.0,20000000,66531845,,,0.001393,964.695,0.019157,234.449,,,251.456,129.62,,,6.73553,139.546,,
18,2,100.0,1000000,19710547,,,0.001687,51.0753,0.105431,6.9694,,,287.708,9.67606,,,25.6515,8.9773,,
19,2,100.0,1000000,19710547,,,0.001075,48.9728,0.092958,6.98926,,,274.894,9.77873,,,20.4447,8.71133,,
20,2,100.0,1000000,19710547,,,0.001192,69.2825,0.130487,51.8968,,,300.003,46.6879,,,33.143,45.4944,,
21,2,100.0,1000000,19710547,,,0.001049,59.7849,0.070455,37.7363,,,276.46,22.2067,,,15.5768,18.9988,,
22,2,100.0,1000000,19710547,,,0.000871,49.5482,0.034436,7.26625,,,263.937,6.68123,,,12.1844,5.37582,,
0,3,1.0,1500000,22694323,,,0.001706,103.016,0.218644,65.0104,,,295.2,64.677,,,36.6284,61.5192,,
1,3,1.0,1500000,22694323,,,0.001187,106.062,0.157202,65.2123,,,302.194,48.0895,,,35.4877,47.4815,,
2,3,1.0,1500000,22694323,,,0.00108,99.3011,0.123503,65.2748,,,289.259,54.2347,,,30.242,52.6892,,
3,3,1.0,1500000,22694323,,,0.001131,96.9176,0.06607,64.9519,,,271.594,40.7017,,,18.7715,38.6796,,
4,3,1.0,200000,2237473,,,0.000945,11.1154,0.058545,6.17157,,,274.087,4.66375,,,18.1277,4.18811,,
5,3,1.0,200000,2237473,,,0.000852,11.0578,0.04499,6.7798,,,268.856,4.63535,,,17.8252,3.75884,,
6,3,1.0,200000,2237473,,,0.00062,10.2768,0.043271,7.37013,,,271.545,4.50378,,,16.8295,4.11534,,
7,3,1.0,200000,2237473,,,0.000607,8.06565,0.011091,1.60235,,,242.683,0.983897,,,4.69349,0.895418,,
8,3,1.0,200000,2237473,,,0.000922,12.3235,0.110072,6.66186,,,294.428,5.45235,,,27.7343,5.33493,,
9,3,1.0,200000,2237473,,,0.000895,10.1493,0.068846,6.96556,,,283.982,4.47581,,,20.2473,3.99326,,
10,3,1.0,200000,821034,,,0.001186,11.6908,0.050979,3.72342,,,276.413,3.39443,,,17.0544,3.05709,,
11,3,1.0,200000,821034,,,0.000822,11.0428,0.014187,3.5511,,,266.583,3.15639,,,11.8147,2.63194,,
12,3,1.0,200000,821034,,,0.000536,8.72361,0.019014,1.97558,,,260.808,1.42463,,,8.44434,1.30795,,
13,3,1.0,200000,821034,,,0.000494,10.1188,0.06529,2.23883,,,262.604,2.34356,,,8.84763,1.73,,
14,3,1.0,200000,821034,,,0.000938,11.4868,0.046804,3.96826,,,278.526,3.98834,,,18.661,3.72467,,
15,3,1.0,200000,821034,,,0.00054,9.9059,0.007716,2.36951,,,254.602,0.905108,,,4.70665,0.900078,,
16,3,1.0,200000,821034,,,0.000498,10.0319,0.039514,1.95931,,,258.329,2.07176,,,9.47548,1.84213,,
17,3,1.0,200000,821034,,,0.000435,9.03726,0.012378,2.90692,,,258.152,1.39451,,,6.56346,1.34772,,
18,3,1.0,10000,194749,,,0.000883,0.541705,0.0939,0.097522,,,292.905,0.118643,,,25.26,0.094321,,
19,3,1.0,10000,194749,,,0.000604,0.541689,0.081198,0.076993,,,281.385,0.112624,,,20.4188,0.091929,,
20,3,1.0,10000,194749,,,0.000646,0.685061,0.173308,0.555258,,,296.912,0.482254,,,33.2145,0.464978,,
21,3,1.0,10000,194749,,,0.000332,0.567661,0.065581,0.393289,,,268.658,0.232068,,,16.3037,0.195041,,
22,3,1.0,10000,194749,,,0.000348,0.469825,0.028013,0.076495,,,254.919,0.083953,,,11.9019,0.058371,,
0,3,10.0,15000000,229667600,,,0.000755,1004.04,0.191736,629.78,,,297.08,528.465,,,33.7278,528.683,,
1,3,10.0,15000000,229667600,,,0.001463,1045.73,0.180954,652.026,,,299.872,450.85,,,34.7442,462.272,,
2,3,10.0,15000000,229667600,,,0.001293,976.283,0.217261,675.211,,,307.533,463.861,,,36.9594,461.58,,
3,3,10.0,15000000,229667600,,,0.00162,935.263,0.095619,688.377,,,290.57,388.101,,,21.9351,353.303,,
4,3,10.0,2000000,22019783,,,0.001504,101.32,0.070855,71.4094,,,289.306,48.9645,,,17.0771,42.2208,,
5,3,10.0,2000000,22019783,,,0.001381,103.933,0.046133,74.6022,,,278.657,44.8394,,,16.2866,37.6234,,
6,3,10.0,2000000,22019783,,,0.000852,98.6558,0.057456,70.1382,,,275.064,47.1082,,,15.496,42.1659,,
7,3,10.0,2000000,22019783,,,0.000752,80.6203,0.023826,21.3843,,,254.94,13.5337,,,6.88568,9.40938,,
8,3,10.0,2000000,22019783,,,0.000936,101.906,0.119322,68.127,,,294.505,51.4755,,,26.6607,48.0161,,
9,3,10.0,2000000,22019783,,,0.001179,96.9267,0.081565,72.4682,,,282.326,44.4722,,,19.5254,37.8815,,
10,3,10.0,2000000,8213633,,,0.001305,106.828,0.051056,37.0225,,,279.918,34.269,,,16.9516,31.5385,,
11,3,10.0,2000000,8213633,,,0.000864,106.619,0.019081,37.2351,,,267.191,30.3409,,,12.6304,26.2049,,
12,3,10.0,2000000,8213633,,,0.000677,89.0707,0.019177,20.3323,,,252.934,12.7863,,,7.99696,11.833,,
13,3,10.0,2000000,8213633,,,0.000589,92.7662,0.062288,21.9986,,,256.961,23.3759,,,9.01907,18.7263,,
14,3,10.0,2000000,8213633,,,0.001037,107.437,0.051178,39.3199,,,271.203,38.812,,,17.1439,34.4926,,
15,3,10.0,2000000,8213633,,,0.000738,91.6673,0.007549,19.727,,,245.267,8.88817,,,4.33301,7.98059,,
16,3,10.0,2000000,8213633,,,0.00065,91.9077,0.049147,21.875,,,251.477,20.5988,,,9.14504,17.5289,,
17,3,10.0,2000000,8213633,,,0.000542,90.9048,0.016245,26.9804,,,250.828,13.8454,,,6.87308,14.462,,
18,3,10.0,100000,1960972,,,0.001026,4.88455,0.088886,0.677182,,,285.697,0.970016,,,24.1722,0.812242,,
19,3,10.0,100000,1960972,,,0.00082,4.79461,0.079395,0.773431,,,275.012,0.993352,,,18.9621,0.797359,,
20,3,10.0,100000,1960972,,,0.000877,6.50642,0.142858,5.28845,,,296.196,4.33571,,,30.6605,4.16574,,
21,3,10.0,100000,1960972,,,0.000565,5.65692,0.064432,3.8099,,,280.716,2.18908,,,15.3742,1.81082,,
22,3,10.0,100000,1960972,,,0.000578,4.9366,0.029536,0.756063,,,275.192,0.703812,,,11.6915,0.472604,,
0,3,100.0,150000000,2346793956,,,0.000884,10043.2,0.153484,6846.39,,,285.689,6172.75,,,27.5663,5864.6,,
1,3,100.0,150000000,2346793956,,,0.001514,10376.3,0.191563,6861.79,,,322.062,5022.33,,,37.1393,4883.5,,
2,3,100.0,150000000,2346793956,,,0.001599,9826.04,0.174977,6844.92,,,315.243,6032.26,,,36.0492,5750.54,,
3,3,100.0,150000000,2346793956,,,0.00137,9494.44,0.093883,6862.23,,,281.211,3833.17,,,20.08,3558.16,,
4,3,100.0,20000000,228698483,,,0.001953,1068.33,0.054141,776.003,,,280.948,441.437,,,18.3486,414.678,,
5,3,100.0,20000000,228698483,,,0.001795,1079.2,0.054659,740.639,,,270.788,406.272,,,18.2521,398.114,,
6,3,100.0,20000000,228698483,,,0.001283,1043.78,0.061032,748.165,,,269.923,436.022,,,16.3766,458.032,,
7,3,100.0,20000000,228698483,,,0.001423,808.236,0.027684,201.586,,,248.158,126.024,,,7.54123,100.025,,
8,3,100.0,20000000,228698483,,,0.001642,1014.09,0.119128,624.492,,,285.485,482.915,,,29.0673,485.349,,
9,3,100.0,20000000,228698483,,,0.001244,983.457,0.050068,715.097,,,265.651,438.201,,,17.0185,389.772,,
10,3,100.0,20000000,66531845,,,0.001353,1112.02,0.052635,263.256,,,279.344,278.595,,,18.5583,242.717,,
11,3,100.0,20000000,66531845,,,0.001611,1127.02,0.019049,246.946,,,267.4,244.925,,,12.3307,219.532,,
12,3,100.0,20000000,66531845,,,0.001367,939.327,0.009172,275.367,,,250.07,94.6989,,,4.49693,87.9033,,
13,3,100.0,20000000,66531845,,,0.000932,936.717,0.066095,221.866,,,263.301,229.57,,,8.53142,185.846,,
14,3,100.0,20000000,66531845,,,0.001971,1107.63,0.064927,289.526,,,279.86,322.657,,,17.716,310.503,,
15,3,100.0,20000000,66531845,,,0.001035,965.63,0.008594,181.75,,,243.083,83.9893,,,5.33117,86.0364,,
16,3,100.0,20000000,66531845,,,0.00145,990.254,0.051325,205.579,,,251.347,195.778,,,10.1522,176.349,,
17,3,100.0,20000000,66531845,,,0.00112,974.838,0.017636,233.178,,,250.479,130.373,,,6.81342,136.363,,
18,3,100.0,1000000,19710547,,,0.001351,53.2387,0.103102,6.99486,,,284.492,9.78791,,,24.0917,8.38916,,
19,3,100.0,1000000,19710547,,,0.001469,50.4434,0.091688,7.12294,,,277.228,9.83954,,,19.79,8.23863,,
20,3,100.0,1000000,19710547,,,0.001218,70.9369,0.139865,52.3195,,,295.021,45.5129,,,31.9225,42.7028,,
21,3,100.0,1000000,19710547,,,0.000865,62.7327,0.064373,36.8214,,,271.771,20.9706,,,15.5719,18.0508,,
22,3,100.0,1000000,19710547,,,0.000933,50.6526,0.038412,6.98838,,,264.582,6.74447,,,11.6793,5.29003,,
0,4,1.0,1500000,22694323,,,0.003038,101.134,0.219009,67.7176,,,310.33,65.98,,,35.444,57.7498,,
1,4,1.0,1500000,22694323,,,0.001171,100.226,0.173408,65.1001,,,307.634,49.9938,,,33.5319,44.9143,,
2,4,1.0,1500000,22694323,,,0.000998,95.0511,0.121839,67.3646,,,298.527,52.9516,,,30.2531,49.5916,,
3,4,1.0,1500000,22694323,,,0.00093,94.7007,0.066185,66.8479,,,280.898,43.2112,,,17.8939,38.1684,,
4,4,1.0,200000,2237473,,,0.001421,10.9725,0.059548,6.16481,,,282.022,4.64278,,,17.8067,3.87456,,
5,4,1.0,200000,2237473,,,0.000649,10.7799,0.045254,7.26805,,,276.973,4.64339,,,16.9462,3.75603,,
6,4,1.0,200000,2237473,,,0.000493,9.73539,0.04345,6.82419,,,275.46,4.72543,,,15.6669,4.12031,,
7,4,1.0,200000,2237473,,,0.000529,7.64226,0.011606,1.55218,,,245.303,0.951919,,,4.43573,0.943328,,
8,4,1.0,200000,2237473,,,0.000686,9.68459,0.099713,6.62673,,,289.287,5.1256,,,27.2986,5.41723,,
9,4,1.0,200000,2237473,,,0.000709,9.33024,0.070348,7.09582,,,275.334,4.44095,,,19.6928,3.85216,,
10,4,1.0,200000,821034,,,0.000864,11.5704,0.043662,3.72397,,,271.236,3.55029,,,16.8072,3.12543,,
11,4,1.0,200000,821034,,,0.000578,10.7984,0.014678,3.67375,,,258.158,2.96249,,,11.3652,2.67649,,
12,4,1.0,200000,821034,,,0.000494,8.74472,0.029902,1.79113,,,250.898,1.38281,,,8.24152,1.25225,,
13,4,1.0,200000,821034,,,0.000521,8.7643,0.076409,2.14077,,,259.02,2.40268,,,8.50718,1.70661,,
14,4,1.0,200000,821034,,,0.00064,10.611,0.051755,4.00036,,,272.588,3.95088,,,17.4353,3.68766,,
15,4,1.0,200000,821034,,,0.000369,8.91855,0.008265,2.38014,,,244.15,0.904084,,,4.56161,0.872397,,
16,4,1.0,200000,821034,,,0.000475,8.92954,0.039328,1.94271,,,251.121,2.0858,,,9.57989,1.86819,,
17,4,1.0,200000,821034,,,0.000334,8.70976,0.012005,2.54227,,,259.391,1.41242,,,6.7955,1.43432,,
18,4,1.0,10000,194749,,,0.000781,0.483917,0.085008,0.067729,,,295.242,0.108798,,,23.8808,0.104766,,
19,4,1.0,10000,194749,,,0.000434,0.475484,0.068178,0.068665,,,284.138,0.109354,,,19.6623,0.104348,,
20,4,1.0,10000,194749,,,0.000583,0.650545,0.153346,0.500951,,,307.248,0.466653,,,32.0954,0.456889,,
21,4,1.0,10000,194749,,,0.000314,0.566601,0.053738,0.349566,,,279.914,0.209634,,,16.219,0.211879,,
22,4,1.0,10000,194749,,,0.000365,0.468062,0.025029,0.068057,,,262.879,0.081905,,,11.5176,0.053596,,
0,4,10.0,15000000,229667600,,,0.000715,979.301,0.176752,630.758,,,305.029,561.863,,,31.8519,507.802,,
1,4,10.0,15000000,229667600,,,0.002596,1040.48,0.168633,654.415,,,301.394,458.488,,,33.6688,441.988,,
2,4,10.0,15000000,229667600,,,0.002098,991.761,0.185591,658.062,,,305.23,454.78,,,34.2629,445.766,,
3,4,10.0,15000000,229667600,,,0.002185,965.522,0.077341,684.821,,,282.8,374.983,,,20.0991,345.962,,
4,4,10.0,2000000,22019783,,,0.001814,106.164,0.061618,72.5861,,,270.315,47.9795,,,18.7115,43.5776,,
5,4,10.0,2000000,22019783,,,0.00097,106.966,0.039603,76.6476,,,274.078,44.8943,,,17.1727,39.2054,,
6,4,10.0,2000000,22019783,,,0.000951,104.429,0.054616,72.8475,,,276.861,47.0001,,,16.9031,42.4096,,
7,4,10.0,2000000,22019783,,,0.00063,83.7194,0.022443,21.5323,,,253.189,13.6323,,,7.19111,10.2194,,
8,4,10.0,2000000,22019783,,,0.000973,104.462,0.114572,68.7406,,,296.601,51.6391,,,27.7195,50.585,,
9,4,10.0,2000000,22019783,,,0.00103,96.6159,0.082311,73.7183,,,283.955,44.5254,,,20.7094,40.8332,,
10,4,10.0,2000000,8213633,,,0.000951,107.071,0.053624,38.3222,,,279.547,33.9652,,,18.0494,30.9806,,
11,4,10.0,2000000,8213633,,,0.000737,105.449,0.019813,36.4581,,,260.948,30.346,,,11.9976,26.985,,
12,4,10.0,2000000,8213633,,,0.000507,90.6199,0.019189,20.5717,,,256.565,13.5667,,,8.83615,13.0782,,
13,4,10.0,2000000,8213633,,,0.000693,92.274,0.061435,23.5778,,,263.912,23.175,,,8.96222,18.1469,,
14,4,10.0,2000000,8213633,,,0.000912,106.135,0.050758,41.3714,,,273.183,36.5128,,,18.0321,35.3429,,
15,4,10.0,2000000,8213633,,,0.000648,92.1837,0.007625,18.7562,,,247.094,8.73768,,,4.58043,8.50803,,
16,4,10.0,2000000,8213633,,,0.000578,91.7746,0.042088,21.238,,,254.169,21.2596,,,9.15855,17.181,,
17,4,10.0,2000000,8213633,,,0.000607,90.6751,0.016685,27.2376,,,251.728,13.6216,,,6.59923,13.9087,,
18,4,10.0,100000,1960972,,,0.000884,5.12289,0.099085,0.764663,,,285.78,0.947535,,,24.1097,0.889923,,
19,4,10.0,100000,1960972,,,0.000739,5.35603,0.089802,0.795629,,,276.009,0.992585,,,20.2671,0.873542,,
20,4,10.0,100000,1960972,,,0.000941,7.24324,0.138314,5.60545,,,296.255,4.22628,,,31.8234,4.04376,,
21,4,10.0,100000,1960972,,,0.000721,5.64652,0.058809,4.1777,,,265.78,2.21806,,,15.7444,1.97077,,
22,4,10.0,100000,1960972,,,0.000615,4.72964,0.032908,0.772105,,,260.935,0.674278,,,12.0279,0.521888,,
0,4,100.0,150000000,2346793956,,,0.000955,10013.4,0.166937,6847.71,,,284.633,6423.24,,,28.3234,5876.05,,
1,4,100.0,150000000,2346793956,,,0.001828,10405.4,0.218955,6865.25,,,325.248,5038.36,,,37.6321,4823.88,,
2,4,100.0,150000000,2346793956,,,0.001755,9880.49,0.205597,6818.49,,,336.44,5925.97,,,37.0048,5670.32,,
3,4,100.0,150000000,2346793956,,,0.001424,9623.77,0.092171,6930.82,,,287.963,3777.94,,,21.1119,3650.56,,
4,4,100.0,20000000,228698483,,,0.001742,1020.37,0.05545,749.121,,,279.271,444.989,,,17.4271,396.782,,
5,4,100.0,20000000,228698483,,,0.001476,1036.77,0.056855,722.523,,,275.003,418.0,,,17.0576,388.823,,
6,4,100.0,20000000,228698483,,,0.001471,1037.67,0.055022,742.634,,,276.705,464.93,,,15.9296,441.566,,
7,4,100.0,20000000,228698483,,,0.001188,849.067,0.027697,207.898,,,252.989,130.98,,,7.07308,95.4353,,
8,4,100.0,20000000,228698483,,,0.001869,1063.31,0.118978,633.33,,,292.448,477.972,,,26.8379,472.852,,
9,4,100.0,20000000,228698483,,,0.001847,978.399,0.057312,737.75,,,269.284,406.815,,,17.1629,374.776,,
10,4,100.0,20000000,66531845,,,0.001663,1094.46,0.051441,271.018,,,267.518,268.897,,,18.1933,235.052,,
11,4,100.0,20000000,66531845,,,0.00143,1108.08,0.020538,264.05,,,259.698,235.812,,,11.837,214.933,,
12,4,100.0,20000000,66531845,,,0.001573,948.479,0.009948,283.343,,,243.224,92.7665,,,4.78871,85.3137,,
13,4,100.0,20000000,66531845,,,0.00083,973.95,0.06695,229.469,,,255.486,221.586,,,8.42121,176.732,,
14,4,100.0,20000000,66531845,,,0.001468,1139.48,0.055464,287.805,,,282.706,349.782,,,17.3086,307.352,,
15,4,100.0,20000000,66531845,,,0.000874,949.843,0.008418,180.607,,,251.941,88.29,,,4.71725,85.4319,,
16,4,100.0,20000000,66531845,,,0.001145,960.422,0.049088,204.701,,,261.256,198.539,,,9.57354,178.038,,
17,4,100.0,20000000,66531845,,,0.001622,940.672,0.021987,233.753,,,256.688,135.039,,,6.98097,141.862,,
18,4,100.0,1000000,19710547,,,0.00171,49.4494,0.094363,7.05516,,,294.124,9.79925,,,25.0048,9.13954,,
19,4,100.0,1000000,19710547,,,0.00092,49.4282,0.094832,7.1799,,,285.136,9.9176,,,20.725,8.48224,,
20,4,100.0,1000000,19710547,,,0.001189,68.3003,0.150039,53.3144,,,294.315,45.205,,,32.7352,45.3365,,
21,4,100.0,1000000,19710547,,,0.000965,57.9045,0.065418,36.928,,,264.789,19.6825,,,16.0028,18.7427,,
22,4,100.0,1000000,19710547,,,0.000884,49.9028,0.034229,7.08358,,,258.261,6.6112,,,12.2448,5.3819,,
0,5,1.0,1500000,22694323,,,0.001874,104.325,0.226582,68.362,,,299.624,67.4355,,,36.7139,60.4388,,
1,5,1.0,1500000,22694323,,,0.001207,105.07,0.162381,65.8087,,,301.941,50.4828,,,34.394,48.9975,,
2,5,1.0,1500000,22694323,,,0.001081,100.104,0.126287,65.5678,,,299.722,54.3151,,,31.2678,51.5262,,
3,5,1.0,1500000,22694323,,,0.001013,96.9369,0.060226,66.318,,,278.457,43.171,,,18.8032,39.3162,,
4,5,1.0,200000,2237473,,,0.000926,10.6181,0.060511,6.15461,,,281.152,5.07401,,,19.0388,4.13713,,
5,5,1.0,200000,2237473,,,0.000697,11.1928,0.04559,6.89937,,,277.252,4.61538,,,17.8229,4.08443,,
6,5,1.0,200000,2237473,,,0.000651,10.6727,0.043482,6.74942,,,279.958,4.76518,,,16.7215,4.1144,,
7,5,1.0,200000,2237473,,,0.00063,8.35783,0.011614,1.4602,,,254.132,0.987229,,,4.6316,0.958969,,
8,5,1.0,200000,2237473,,,0.000758,10.3766,0.101608,6.47349,,,300.842,5.33466,,,28.6584,5.12971,,
9,5,1.0,200000,2237473,,,0.00064,10.0605,0.06878,6.75399,,,286.595,4.44354,,,20.7751,3.98296,,
10,5,1.0,200000,821034,,,0.000808,11.1513,0.044462,3.77422,,,278.487,3.56589,,,17.4706,3.25103,,
11,5,1.0,200000,821034,,,0.000567,10.8686,0.016173,3.78981,,,267.564,3.05989,,,11.9816,2.55089,,
12,5,1.0,200000,821034,,,0.000506,8.69517,0.016256,1.79957,,,257.39,1.4088,,,8.37711,1.18506,,
13,5,1.0,200000,821034,,,0.000529,9.39691,0.060278,2.11736,,,262.236,2.35993,,,9.09648,1.92157,,
14,5,1.0,200000,821034,,,0.000617,10.9074,0.047126,3.90151,,,271.939,3.86309,,,18.5585,3.61828,,
15,5,1.0,200000,821034,,,0.000435,9.88475,0.007745,2.64365,,,245.523,0.912262,,,4.28151,0.800946,,
16,5,1.0,200000,821034,,,0.000418,9.82883,0.041895,2.13235,,,249.856,2.10665,,,9.54601,1.83256,,
17,5,1.0,200000,821034,,,0.000357,9.07872,0.010973,2.80948,,,253.696,1.41956,,,6.51375,1.39294,,
18,5,1.0,10000,194749,,,0.000867,0.4841,0.090996,0.079757,,,287.678,0.111139,,,25.1234,0.105367,,
19,5,1.0,10000,194749,,,0.000468,0.52172,0.080528,0.074949,,,278.283,0.112526,,,20.1998,0.098714,,
20,5,1.0,10000,194749,,,0.000701,0.719717,0.190112,0.561749,,,299.943,0.462635,,,33.7966,0.407264,,
21,5,1.0,10000,194749,,,0.000383,0.655553,0.060805,0.393133,,,267.618,0.205444,,,16.2257,0.205992,,
22,5,1.0,10000,194749,,,0.000412,0.523244,0.026701,0.090221,,,258.342,0.08001,,,11.825,0.058245,,
0,5,10.0,15000000,229667600,,,0.000763,981.868,0.202672,627.772,,,293.095,538.077,,,33.2981,533.691,,
1,5,10.0,15000000,229667600,,,0.001529,1012.0,0.154427,665.88,,,311.373,473.214,,,34.31,465.791,,
2,5,10.0,15000000,229667600,,,0.002235,972.566,0.196901,672.008,,,326.347,476.498,,,35.1706,465.005,,
3,5,10.0,15000000,229667600,,,0.002041,962.359,0.076397,684.411,,,292.004,384.467,,,21.7215,350.906,,
4,5,10.0,2000000,22019783,,,0.001468,104.811,0.068779,71.7562,,,281.687,48.6481,,,17.5561,42.4443,,
5,5,10.0,2000000,22019783,,,0.000911,108.635,0.046701,75.7807,,,275.458,45.8796,,,16.302,37.6381,,
6,5,10.0,2000000,22019783,,,0.000865,105.985,0.056561,73.895,,,279.375,47.2731,,,16.6911,41.2474,,
7,5,10.0,2000000,22019783,,,0.000649,84.064,0.022777,21.0887,,,248.323,13.1378,,,6.64517,9.40704,,
8,5,10.0,2000000,22019783,,,0.000924,104.274,0.102188,69.8314,,,287.628,49.5316,,,26.2212,47.8242,,
9,5,10.0,2000000,22019783,,,0.000789,101.96,0.080127,73.0181,,,275.475,44.0431,,,19.0973,38.2558,,
10,5,10.0,2000000,8213633,,,0.000895,112.351,0.055056,37.5256,,,270.502,32.8124,,,17.9813,29.5334,,
11,5,10.0,2000000,8213633,,,0.000901,110.83,0.020327,36.1775,,,259.686,29.6412,,,11.5423,25.0603,,
12,5,10.0,2000000,8213633,,,0.000646,92.6961,0.019246,20.8488,,,253.368,13.764,,,7.81099,12.4957,,
13,5,10.0,2000000,8213633,,,0.000566,95.3808,0.05599,22.6106,,,257.463,23.2983,,,9.2582,17.3513,,
14,5,10.0,2000000,8213633,,,0.000813,112.055,0.051949,39.6699,,,270.891,37.8858,,,17.1917,33.3735,,
15,5,10.0,2000000,8213633,,,0.000531,95.4417,0.008007,18.3541,,,243.922,8.6042,,,4.26104,8.14729,,
16,5,10.0,2000000,8213633,,,0.000361,97.359,0.045968,21.9558,,,250.764,20.91,,,9.19858,18.1052,,
17,5,10.0,2000000,8213633,,,0.000486,94.7413,0.015822,27.5313,,,248.422,13.7223,,,6.27334,13.941,,
18,5,10.0,100000,1960972,,,0.001136,5.507,0.096224,0.74768,,,290.264,0.970109,,,25.8584,0.909987,,
19,5,10.0,100000,1960972,,,0.000774,5.13927,0.07518,0.742079,,,283.517,0.976701,,,19.9491,0.799079,,
20,5,10.0,100000,1960972,,,0.000983,6.99627,0.118561,4.98206,,,308.087,4.34405,,,31.8764,4.0875,,
21,5,10.0,100000,1960972,,,0.000628,5.86352,0.052032,3.84401,,,276.944,2.64867,,,14.6248,1.80502,,
22,5,10.0,100000,1960972,,,0.000665,5.39667,0.03226,0.679236,,,268.155,0.704334,,,11.3744,0.471892,,
0,5,100.0,150000000,2346793956,,,0.001091,10024.8,0.156683,6841.73,,,293.954,6452.02,,,26.6436,5881.5,,
1,5,100.0,150000000,2346793956,,,0.001745,10498.5,0.183997,6881.95,,,324.947,5056.29,,,35.8373,4901.74,,
2,5,100.0,150000000,2346793956,,,0.001824,9900.58,0.191043,6890.49,,,328.948,5968.07,,,36.0108,5741.37,,
3,5,100.0,150000000,2346793956,,,0.001416,9677.25,0.088842,6924.79,,,288.482,3745.95,,,21.1622,3605.31,,
4,5,100.0,20000000,228698483,,,0.001487,1029.82,0.053973,764.202,,,277.146,449.733,,,18.6081,415.594,,
5,5,100.0,20000000,228698483,,,0.00157,1040.43,0.07678,745.432,,,289.659,420.399,,,17.5329,399.37,,
6,5,100.0,20000000,228698483,,,0.001369,1010.19,0.066728,743.027,,,283.963,461.574,,,16.88,467.185,,
7,5,100.0,20000000,228698483,,,0.001114,839.161,0.029006,204.596,,,254.535,130.535,,,7.52075,101.157,,
8,5,100.0,20000000,228698483,,,0.001615,1059.59,0.114691,640.082,,,291.741,492.121,,,28.9322,482.6,,
9,5,100.0,20000000,228698483,,,0.001775,1019.39,0.050325,713.187,,,270.711,406.202,,,16.6525,384.706,,
10,5,100.0,20000000,66531845,,,0.001995,1101.25,0.0568,261.491,,,268.085,271.131,,,18.1352,234.927,,
11,5,100.0,20000000,66531845,,,0.001423,1102.85,0.019207,245.108,,,256.348,238.66,,,11.9376,212.721,,
12,5,100.0,20000000,66531845,,,0.001665,916.999,0.008922,275.017,,,241.265,92.1354,,,4.3581,85.9555,,
13,5,100.0,20000000,66531845,,,0.001117,965.079,0.058252,222.473,,,255.071,214.273,,,8.45669,177.915,,
14,5,100.0,20000000,66531845,,,0.001345,1140.95,0.058913,289.684,,,273.351,324.635,,,17.7762,305.944,,
15,5,100.0,20000000,66531845,,,0.001656,964.259,0.019339,180.563,,,242.793,86.2237,,,4.50049,81.6562,,
16,5,100.0,20000000,66531845,,,0.001492,949.971,0.050522,204.171,,,254.104,200.492,,,9.10221,171.187,,
17,5,100.0,20000000,66531845,,,0.001358,933.281,0.017735,235.178,,,258.787,135.654,,,6.72498,135.274,,
18,5,100.0,1000000,19710547,,,0.001707,51.4581,0.103517,7.23968,,,299.358,9.71303,,,23.8719,8.43725,,
19,5,100.0,1000000,19710547,,,0.001294,51.1233,0.093962,7.2097,,,288.772,9.97993,,,21.0842,8.25281,,
20,5,100.0,1000000,19710547,,,0.001073,68.5898,0.145245,55.4626,,,306.046,45.9537,,,31.472,42.7769,,
21,5,100.0,1000000,19710547,,,0.000962,60.7627,0.069682,38.3581,,,278.075,21.0909,,,15.9183,18.1335,,
22,5,100.0,1000000,19710547,,,0.001373,50.7063,0.032864,7.44896,,,266.762,6.71176,,,12.1663,5.09126,,
0,6,1.0,1500000,22694323,,,0.00178,101.011,0.231807,67.747,,,296.676,63.9244,,,35.9488,58.4078,,
1,6,1.0,1500000,22694323,,,0.001276,102.053,0.158916,65.8008,,,311.995,49.4386,,,32.5328,45.1269,,
2,6,1.0,1500000,22694323,,,0.001051,97.4171,0.12352,64.7338,,,298.735,54.878,,,30.5523,52.0934,,
3,6,1.0,1500000,22694323,,,0.001074,98.4403,0.059265,65.743,,,277.661,43.0582,,,19.4102,39.6474,,
4,6,1.0,200000,2237473,,,0.002149,11.1205,0.065018,6.38233,,,281.578,4.67342,,,18.3005,4.05077,,
5,6,1.0,200000,2237473,,,0.000739,11.2442,0.04955,6.8608,,,277.405,4.58964,,,17.1473,3.91497,,
6,6,1.0,200000,2237473,,,0.000761,10.4114,0.043624,6.9333,,,278.792,4.74692,,,16.0667,4.1852,,
7,6,1.0,200000,2237473,,,0.000617,7.71859,0.01092,1.4548,,,251.991,0.981862,,,4.45788,0.865189,,
8,6,1.0,200000,2237473,,,0.000875,9.87976,0.105703,6.59817,,,296.237,5.44492,,,28.5492,4.86123,,
9,6,1.0,200000,2237473,,,0.000686,9.88115,0.068022,6.87524,,,286.452,4.44581,,,19.737,4.17479,,
10,6,1.0,200000,821034,,,0.000845,11.446,0.047524,3.84673,,,275.834,3.57464,,,17.1422,3.03488,,
11,6,1.0,200000,821034,,,0.000547,11.7479,0.014177,3.59005,,,266.701,3.10315,,,11.6081,2.86437,,
12,6,1.0,200000,821034,,,0.000803,9.49468,0.01511,1.80668,,,259.149,1.39763,,,8.13302,1.18466,,
13,6,1.0,200000,821034,,,0.000482,9.94304,0.067151,2.1153,,,257.792,2.35517,,,8.98949,1.90207,,
14,6,1.0,200000,821034,,,0.000741,11.4814,0.046867,3.82337,,,271.386,4.00948,,,18.6647,3.48771,,
15,6,1.0,200000,821034,,,0.00036,9.95174,0.007864,2.39527,,,243.456,0.904408,,,4.22141,0.78579,,
16,6,1.0,200000,821034,,,0.000389,10.1903,0.042973,2.19299,,,253.257,2.05974,,,8.67515,1.81378,,
17,6,1.0,200000,821034,,,0.00037,9.7971,0.013218,2.84275,,,250.56,1.41963,,,6.27465,1.30455,,
18,6,1.0,10000,194749,,,0.000872,0.560053,0.093588,0.076486,,,287.82,0.113257,,,23.5595,0.124395,,
19,6,1.0,10000,194749,,,0.000603,0.553465,0.07892,0.074931,,,275.885,0.112506,,,19.823,0.08916,,
20,6,1.0,10000,194749,,,0.000858,0.756978,0.171612,0.577377,,,307.093,0.475016,,,32.2501,0.406801,,
21,6,1.0,10000,194749,,,0.000386,0.650468,0.059243,0.383476,,,267.883,0.205526,,,14.7146,0.177224,,
22,6,1.0,10000,194749,,,0.000415,0.561656,0.027452,0.075097,,,259.517,0.081819,,,11.4457,0.055038,,
0,6,10.0,15000000,229667600,,,0.00083,989.932,0.191613,627.001,,,294.688,530.811,,,32.621,509.045,,
1,6,10.0,15000000,229667600,,,0.001309,1027.67,0.170058,658.865,,,307.067,467.434,,,34.1982,445.207,,
2,6,10.0,15000000,229667600,,,0.001614,988.439,0.188002,663.63,,,316.09,471.865,,,35.1111,451.034,,
3,6,10.0,15000000,229667600,,,0.0013,966.541,0.071641,689.986,,,290.523,382.086,,,21.7638,344.625,,
4,6,10.0,2000000,22019783,,,0.001367,108.1,0.064594,72.9981,,,283.46,48.6498,,,19.4847,44.4803,,
5,6,10.0,2000000,22019783,,,0.00109,110.866,0.04439,75.885,,,273.778,45.6181,,,17.4517,42.5617,,
6,6,10.0,2000000,22019783,,,0.000949,106.804,0.055396,72.1948,,,272.089,47.3705,,,18.0322,44.2613,,
7,6,10.0,2000000,22019783,,,0.000704,84.3464,0.021501,22.015,,,245.976,13.1285,,,7.22255,10.5741,,
8,6,10.0,2000000,22019783,,,0.001105,103.732,0.113667,69.553,,,290.006,51.7804,,,27.9169,48.7464,,
9,6,10.0,2000000,22019783,,,0.00087,100.172,0.087145,72.773,,,279.731,43.8884,,,20.8629,39.7731,,
10,6,10.0,2000000,8213633,,,0.001009,110.997,0.054612,38.0681,,,270.204,33.8158,,,17.5273,31.528,,
11,6,10.0,2000000,8213633,,,0.000902,110.406,0.0186,35.6201,,,257.455,30.1957,,,12.7978,27.3295,,
12,6,10.0,2000000,8213633,,,0.000753,92.8851,0.016554,20.2938,,,251.225,13.6146,,,8.31448,12.5012,,
13,6,10.0,2000000,8213633,,,0.00063,96.7781,0.061708,23.5496,,,256.759,22.6489,,,8.96668,18.5123,,
14,6,10.0,2000000,8213633,,,0.000864,113.544,0.05063,40.0373,,,275.9,40.1014,,,18.8361,35.7699,,
15,6,10.0,2000000,8213633,,,0.000597,94.8743,0.007303,19.1268,,,249.245,9.19518,,,4.57629,8.3633,,
16,6,10.0,2000000,8213633,,,0.000724,97.2045,0.044982,21.1571,,,260.572,20.8808,,,9.15607,17.4228,,
17,6,10.0,2000000,8213633,,,0.000622,100.105,0.014672,27.9605,,,257.943,13.9609,,,6.44149,13.9354,,
18,6,10.0,100000,1960972,,,0.001327,5.63485,0.104812,0.786736,,,293.893,0.952572,,,25.6472,0.812406,,
19,6,10.0,100000,1960972,,,0.000799,5.46748,0.074822,0.778873,,,281.72,0.975991,,,19.8932,0.802209,,
20,6,10.0,100000,1960972,,,0.001033,7.12534,0.128928,4.98971,,,305.926,4.35804,,,32.7186,4.1348,,
21,6,10.0,100000,1960972,,,0.000659,5.75474,0.052717,3.87346,,,275.22,2.12779,,,16.1844,2.02512,,
22,6,10.0,100000,1960972,,,0.000658,4.9285,0.030107,0.754526,,,263.032,0.696859,,,12.793,0.531161,,
0,6,100.0,150000000,2346793956,,,0.000991,10195.8,0.142171,6900.19,,,293.893,6186.73,,,27.6758,5900.57,,
1,6,100.0,150000000,2346793956,,,0.001632,10612.8,0.198437,6841.8,,,322.088,4973.51,,,38.8511,4886.33,,
2,6,100.0,150000000,2346793956,,,0.001988,10040.7,0.174644,6874.37,,,329.139,6013.28,,,35.0625,5708.68,,
3,6,100.0,150000000,2346793956,,,0.00165,9677.75,0.082468,6921.41,,,289.384,3757.5,,,20.9729,3664.54,,
4,6,100.0,20000000,228698483,,,0.001863,1054.19,0.054056,748.195,,,276.282,449.268,,,18.389,415.094,,
5,6,100.0,20000000,228698483,,,0.001577,1066.28,0.053168,712.844,,,277.45,418.76,,,18.008,395.453,,
6,6,100.0,20000000,228698483,,,0.000988,1066.92,0.052816,738.56,,,277.871,453.644,,,16.719,446.448,,
7,6,100.0,20000000,228698483,,,0.00106,823.603,0.028286,208.602,,,254.329,131.1,,,7.15799,97.1566,,
8,6,100.0,20000000,228698483,,,0.002115,1052.21,0.134837,634.109,,,293.525,475.956,,,27.3525,465.118,,
9,6,100.0,20000000,228698483,,,0.002096,1013.41,0.052199,733.232,,,267.821,421.505,,,16.0373,371.88,,
10,6,100.0,20000000,66531845,,,0.001822,1077.96,0.055031,277.166,,,274.002,267.67,,,16.6358,239.915,,
11,6,100.0,20000000,66531845,,,0.001616,1089.17,0.020371,257.052,,,256.777,237.671,,,11.7848,210.221,,
12,6,100.0,20000000,66531845,,,0.001195,943.59,0.009169,285.34,,,246.106,91.1044,,,4.78532,84.7394,,
13,6,100.0,20000000,66531845,,,0.00081,986.329,0.060629,232.018,,,255.409,212.336,,,8.62872,178.415,,
14,6,100.0,20000000,66531845,,,0.001547,1158.83,0.064836,300.417,,,281.652,349.609,,,17.5794,303.576,,
15,6,100.0,20000000,66531845,,,0.001184,962.723,0.008718,182.182,,,251.613,87.8874,,,4.75653,82.5981,,
16,6,100.0,20000000,66531845,,,0.001016,954.533,0.053111,204.328,,,257.418,197.599,,,9.06414,170.977,,
17,6,100.0,20000000,66531845,,,0.000793,939.489,0.01666,234.311,,,258.503,135.006,,,6.55421,134.543,,
18,6,100.0,1000000,19710547,,,0.001682,50.0318,0.097843,7.19455,,,296.068,9.74641,,,24.2889,8.21919,,
19,6,100.0,1000000,19710547,,,0.000961,50.4246,0.09347,7.85027,,,283.792,9.84551,,,19.5146,8.51823,,
20,6,100.0,1000000,19710547,,,0.001068,68.9752,0.146099,52.3836,,,302.509,46.5337,,,32.005,43.4063,,
21,6,100.0,1000000,19710547,,,0.000872,59.8028,0.066029,37.5453,,,274.933,20.9626,,,15.4769,18.4285,,
22,6,100.0,1000000,19710547,,,0.000973,50.8164,0.036892,7.55305,,,264.355,6.55107,,,11.8053,4.98967,,
0,7,1.0,1500000,22694323,,,0.001942,99.9522,0.219906,69.96,,,308.908,66.0725,,,35.6742,58.4195,,
1,7,1.0,1500000,22694323,,,0.001051,101.443,0.172219,67.9573,,,312.361,50.4537,,,32.6198,45.6931,,
2,7,1.0,1500000,22694323,,,0.001133,96.2303,0.142256,67.3816,,,297.86,51.3169,,,31.8808,49.8435,,
3,7,1.0,1500000,22694323,,,0.001067,92.4471,0.059179,69.4717,,,269.662,43.0195,,,17.8952,38.2991,,
4,7,1.0,200000,2237473,,,0.000897,11.0323,0.059309,6.44236,,,272.518,4.70584,,,18.9102,4.35403,,
5,7,1.0,200000,2237473,,,0.000685,10.5914,0.044591,7.28766,,,267.377,4.61545,,,19.5691,4.21711,,
6,7,1.0,200000,2237473,,,0.000515,9.99019,0.046944,7.17013,,,272.503,4.4858,,,17.6602,4.40969,,
7,7,1.0,200000,2237473,,,0.000583,7.76756,0.010065,1.4559,,,243.905,0.997858,,,5.056,0.954498,,
8,7,1.0,200000,2237473,,,0.000861,9.80951,0.098515,6.82404,,,287.363,5.3549,,,29.1386,4.91669,,
9,7,1.0,200000,2237473,,,0.000547,9.36527,0.07585,7.13422,,,279.372,4.45303,,,20.2282,4.40806,,
10,7,1.0,200000,821034,,,0.000715,10.5304,0.047175,4.02157,,,271.297,3.56845,,,18.9256,3.40885,,
11,7,1.0,200000,821034,,,0.000603,10.8499,0.015029,3.80783,,,264.234,3.11277,,,12.7667,2.86634,,
12,7,1.0,200000,821034,,,0.000501,8.73193,0.016668,1.98268,,,267.375,1.41085,,,8.75243,1.33808,,
13,7,1.0,200000,821034,,,0.000345,9.4246,0.0606,2.19837,,,266.015,2.36263,,,9.58217,1.92528,,
14,7,1.0,200000,821034,,,0.000533,11.0582,0.049862,3.99601,,,296.86,3.98112,,,18.2964,3.47777,,
15,7,1.0,200000,821034,,,0.000384,8.87711,0.009319,2.55566,,,256.319,0.886979,,,4.25593,0.803389,,
16,7,1.0,200000,821034,,,0.000372,8.92957,0.041147,1.99183,,,253.603,2.03856,,,8.6909,1.63899,,
17,7,1.0,200000,821034,,,0.000283,8.91025,0.012451,2.88148,,,257.342,1.41048,,,6.34585,1.29889,,
18,7,1.0,10000,194749,,,0.000772,0.4934,0.092001,0.077875,,,293.493,0.115146,,,23.4501,0.092458,,
19,7,1.0,10000,194749,,,0.000642,0.470122,0.076644,0.076985,,,286.556,0.143152,,,19.659,0.097996,,
20,7,1.0,10000,194749,,,0.000603,0.65143,0.183734,0.562463,,,303.867,0.474964,,,32.6842,0.405914,,
21,7,1.0,10000,194749,,,0.000322,0.567865,0.060743,0.395248,,,273.592,0.210592,,,15.1532,0.177843,,
22,7,1.0,10000,194749,,,0.000382,0.473156,0.027959,0.076513,,,262.926,0.080125,,,11.4838,0.054828,,
0,7,10.0,15000000,229667600,,,0.000764,973.58,0.199019,650.556,,,294.922,535.746,,,31.9985,509.402,,
1,7,10.0,15000000,229667600,,,0.001511,1020.47,0.154652,681.24,,,299.332,450.992,,,34.2256,441.056,,
2,7,10.0,15000000,229667600,,,0.001731,997.674,0.189879,654.935,,,305.676,453.055,,,35.1121,448.885,,
3,7,10.0,15000000,229667600,,,0.00124,962.608,0.076008,658.143,,,280.25,371.197,,,20.5376,346.275,,
4,7,10.0,2000000,22019783,,,0.001489,105.255,0.066639,68.8625,,,271.933,50.2216,,,17.7662,42.3059,,
5,7,10.0,2000000,22019783,,,0.000864,107.119,0.039111,73.2808,,,279.026,45.468,,,16.4751,40.905,,
6,7,10.0,2000000,22019783,,,0.000937,105.461,0.05475,70.3986,,,276.71,46.7659,,,16.2017,41.7781,,
7,7,10.0,2000000,22019783,,,0.0007,85.5332,0.019689,20.6006,,,254.194,13.4652,,,7.16895,10.4078,,
8,7,10.0,2000000,22019783,,,0.001194,106.177,0.105565,67.896,,,296.235,50.8953,,,28.48,48.591,,
9,7,10.0,2000000,22019783,,,0.001312,102.257,0.073284,69.0452,,,284.343,43.5406,,,20.6827,39.9937,,
10,7,10.0,2000000,8213633,,,0.001035,112.919,0.051083,37.4306,,,277.013,33.9429,,,17.1,30.5911,,
11,7,10.0,2000000,8213633,,,0.000847,110.531,0.017623,34.5159,,,262.016,30.2028,,,12.7401,26.6198,,
12,7,10.0,2000000,8213633,,,0.000915,90.3656,0.01878,19.3806,,,257.589,13.9034,,,8.38204,12.2154,,
13,7,10.0,2000000,8213633,,,0.000593,93.3661,0.054542,22.5859,,,264.074,23.4473,,,9.09151,17.8555,,
14,7,10.0,2000000,8213633,,,0.000829,106.578,0.05305,38.1558,,,275.42,38.565,,,17.804,35.9506,,
15,7,10.0,2000000,8213633,,,0.000555,92.2,0.008057,17.7313,,,248.254,8.75792,,,4.54209,8.49718,,
16,7,10.0,2000000,8213633,,,0.00055,94.5414,0.040736,20.1326,,,250.034,20.7628,,,9.44031,17.4961,,
17,7,10.0,2000000,8213633,,,0.000603,92.7349,0.012752,27.8084,,,247.941,13.6112,,,6.76637,13.8491,,
18,7,10.0,100000,1960972,,,0.001066,5.25421,0.094827,0.805774,,,294.069,0.993059,,,25.7749,0.880352,,
19,7,10.0,100000,1960972,,,0.000799,4.77804,0.088524,0.762429,,,271.026,0.972545,,,20.0696,0.916936,,
20,7,10.0,100000,1960972,,,0.000942,6.68189,0.124655,4.99153,,,294.708,4.27534,,,32.2477,3.96993,,
21,7,10.0,100000,1960972,,,0.000661,6.27389,0.052007,3.7192,,,264.992,2.10172,,,15.9145,2.02953,,
22,7,10.0,100000,1960972,,,0.000693,5.27509,0.028361,0.688861,,,256.076,0.704051,,,12.6783,0.525538,,
0,7,100.0,150000000,2346793956,,,0.001072,9985.29,0.167459,6882.0,,,282.782,6335.16,,,29.3496,5989.68,,
1,7,100.0,150000000,2346793956,,,0.002367,10392.2,0.209864,6867.29,,,311.343,5090.53,,,38.8619,4871.64,,
2,7,100.0,150000000,2346793956,,,0.001809,9901.08,0.174942,6867.92,,,316.226,5971.43,,,35.9649,5730.13,,
3,7,100.0,150000000,2346793956,,,0.001508,9650.01,0.091003,6933.53,,,279.476,3750.06,,,20.0736,3669.36,,
4,7,100.0,20000000,228698483,,,0.001874,1024.49,0.053609,754.686,,,275.055,446.869,,,18.6205,402.511,,
5,7,100.0,20000000,228698483,,,0.001455,1036.2,0.056752,711.723,,,291.959,428.33,,,16.6026,391.017,,
6,7,100.0,20000000,228698483,,,0.001499,1026.57,0.054102,739.12,,,277.285,449.681,,,15.723,449.339,,
7,7,100.0,20000000,228698483,,,0.001516,850.069,0.025802,203.995,,,251.91,126.677,,,7.1346,96.8142,,
8,7,100.0,20000000,228698483,,,0.002556,1060.39,0.117878,632.986,,,287.542,475.593,,,28.0334,468.151,,
9,7,100.0,20000000,228698483,,,0.002234,1007.96,0.051633,743.449,,,265.472,407.418,,,16.811,369.682,,
10,7,100.0,20000000,66531845,,,0.00148,1087.41,0.056031,272.905,,,271.853,277.302,,,18.2107,232.652,,
11,7,100.0,20000000,66531845,,,0.00125,1098.28,0.022441,260.6,,,269.193,244.769,,,11.7626,218.277,,
12,7,100.0,20000000,66531845,,,0.001372,935.564,0.009032,284.374,,,251.445,94.5184,,,4.70837,89.635,,
13,7,100.0,20000000,66531845,,,0.001548,967.552,0.063714,232.993,,,265.065,220.124,,,8.41668,183.779,,
14,7,100.0,20000000,66531845,,,0.001367,1142.79,0.062317,296.557,,,279.902,331.64,,,17.7514,321.171,,
15,7,100.0,20000000,66531845,,,0.001049,953.569,0.008227,185.546,,,251.009,87.7923,,,5.03697,85.3431,,
16,7,100.0,20000000,66531845,,,0.001059,958.013,0.051421,201.984,,,259.064,204.515,,,9.62019,178.518,,
17,7,100.0,20000000,66531845,,,0.001008,962.196,0.017492,235.031,,,261.879,136.046,,,6.98621,141.135,,
18,7,100.0,1000000,19710547,,,0.001666,51.8371,0.099328,7.2356,,,290.819,9.73696,,,25.3649,8.60475,,
19,7,100.0,1000000,19710547,,,0.00141,52.552,0.102339,7.81404,,,278.024,9.90167,,,20.5265,9.15886,,
20,7,100.0,1000000,19710547,,,0.001085,70.4628,0.154685,52.5766,,,294.34,44.9644,,,34.2016,44.0655,,
21,7,100.0,1000000,19710547,,,0.000995,62.803,0.064115,36.4511,,,268.75,20.7287,,,15.5633,18.9553,,
22,7,100.0,1000000,19710547,,,0.001111,51.1004,0.033808,7.69646,,,257.727,6.68788,,,12.7784,5.42988,,
0,8,1.0,1500000,22694323,,,0.001788,103.497,0.229618,68.2241,,,307.005,66.9,,,36.2862,62.1032,,
1,8,1.0,1500000,22694323,,,0.001109,104.581,0.158719,64.3665,,,309.046,49.3655,,,33.4853,46.9595,,
2,8,1.0,1500000,22694323,,,0.001162,99.4958,0.136473,65.4144,,,300.519,54.0578,,,31.127,50.4655,,
3,8,1.0,1500000,22694323,,,0.001205,96.5097,0.059298,68.6293,,,281.373,42.6369,,,18.8317,41.1483,,
4,8,1.0,200000,2237473,,,0.00106,10.4617,0.06516,6.37625,,,281.985,4.70279,,,19.2471,4.03693,,
5,8,1.0,200000,2237473,,,0.000646,10.6444,0.044264,6.77573,,,278.349,4.70275,,,18.0288,3.96169,,
6,8,1.0,200000,2237473,,,0.000605,10.7833,0.042207,6.91222,,,280.184,4.71788,,,17.5254,4.43675,,
7,8,1.0,200000,2237473,,,0.000579,8.68805,0.011319,1.58231,,,247.961,0.971425,,,4.97337,0.97039,,
8,8,1.0,200000,2237473,,,0.000938,10.7314,0.108902,6.546,,,288.971,5.53481,,,28.3426,4.93086,,
9,8,1.0,200000,2237473,,,0.000784,9.81094,0.07026,6.97217,,,279.477,4.69064,,,19.6571,4.07536,,
10,8,1.0,200000,821034,,,0.000875,11.0692,0.05443,3.77664,,,272.038,3.51681,,,17.5698,3.36177,,
11,8,1.0,200000,821034,,,0.000617,11.0969,0.015189,3.55434,,,260.425,3.08229,,,12.6574,2.89195,,
12,8,1.0,200000,821034,,,0.000505,9.29179,0.015412,1.94019,,,252.158,1.41931,,,8.83537,1.2622,,
13,8,1.0,200000,821034,,,0.00049,9.50828,0.060139,2.11858,,,257.124,2.36862,,,9.30698,1.70011,,
14,8,1.0,200000,821034,,,0.000591,10.9904,0.046535,3.98864,,,275.012,3.91986,,,17.8872,3.70266,,
15,8,1.0,200000,821034,,,0.000481,10.0529,0.00716,2.45094,,,245.24,0.901805,,,4.71511,0.895524,,
16,8,1.0,200000,821034,,,0.000505,10.017,0.039134,1.94282,,,253.104,2.09776,,,9.74229,1.84739,,
17,8,1.0,200000,821034,,,0.000369,9.63985,0.011595,2.56652,,,250.756,1.36499,,,6.90673,1.4824,,
18,8,1.0,10000,194749,,,0.000826,0.552379,0.083627,0.071597,,,296.049,0.114658,,,26.014,0.101689,,
19,8,1.0,10000,194749,,,0.000547,0.526165,0.071666,0.068414,,,284.835,0.108821,,,20.8595,0.090711,,
20,8,1.0,10000,194749,,,0.000994,0.721877,0.160683,0.493283,,,309.397,0.494078,,,31.2192,0.40757,,
21,8,1.0,10000,194749,,,0.000338,0.623025,0.053987,0.353149,,,273.558,0.218885,,,14.8865,0.177766,,
22,8,1.0,10000,194749,,,0.000417,0.501601,0.024983,0.068262,,,262.875,0.080225,,,11.5221,0.053125,,
0,8,10.0,15000000,229667600,,,0.000713,1014.38,0.182119,628.098,,,302.074,544.724,,,33.4219,509.972,,
1,8,10.0,15000000,229667600,,,0.001531,1039.14,0.16785,651.406,,,307.542,480.349,,,32.755,443.91,,
2,8,10.0,15000000,229667600,,,0.001782,956.647,0.183039,655.551,,,315.337,462.506,,,34.9678,450.689,,
3,8,10.0,15000000,229667600,,,0.001213,927.963,0.0694,682.975,,,280.963,374.052,,,20.7601,341.899,,
4,8,10.0,2000000,22019783,,,0.00131,103.085,0.065172,73.3737,,,270.967,47.3305,,,17.3416,41.4082,,
5,8,10.0,2000000,22019783,,,0.000815,104.182,0.040709,76.9725,,,264.966,46.2685,,,17.1393,37.6009,,
6,8,10.0,2000000,22019783,,,0.000643,99.8788,0.049751,72.9433,,,270.29,46.6385,,,15.6626,42.03,,
7,8,10.0,2000000,22019783,,,0.000681,80.5026,0.022705,21.6258,,,247.246,13.2132,,,6.86159,9.41596,,
8,8,10.0,2000000,22019783,,,0.000883,101.514,0.107061,69.6534,,,292.594,52.9475,,,27.1587,47.693,,
9,8,10.0,2000000,22019783,,,0.000854,97.5685,0.082025,72.55,,,280.743,43.1473,,,21.5264,38.1177,,
10,8,10.0,2000000,8213633,,,0.001204,107.153,0.047887,37.8823,,,272.372,33.3101,,,17.2613,30.6664,,
11,8,10.0,2000000,8213633,,,0.001035,106.213,0.0203,36.5724,,,265.401,29.4414,,,11.5906,26.1469,,
12,8,10.0,2000000,8213633,,,0.000551,88.1108,0.017972,19.6951,,,261.248,13.9375,,,8.7741,12.0788,,
13,8,10.0,2000000,8213633,,,0.00048,92.5438,0.068835,22.9284,,,264.497,23.785,,,8.87572,17.0204,,
14,8,10.0,2000000,8213633,,,0.000831,109.602,0.050225,40.3784,,,280.373,39.3229,,,18.4632,33.6376,,
15,8,10.0,2000000,8213633,,,0.00065,92.2161,0.007866,18.3531,,,251.354,9.09201,,,4.33134,8.08462,,
16,8,10.0,2000000,8213633,,,0.000573,97.0842,0.047012,20.7604,,,258.904,21.0683,,,9.09256,17.073,,
17,8,10.0,2000000,8213633,,,0.000598,95.5904,0.015363,27.2449,,,258.073,13.9348,,,6.2181,14.0214,,
18,8,10.0,100000,1960972,,,0.001236,5.44832,0.098649,0.755489,,,294.389,1.06286,,,23.8966,0.823072,,
19,8,10.0,100000,1960972,,,0.000881,5.28798,0.092421,0.783094,,,285.826,0.970084,,,19.062,0.790996,,
20,8,10.0,100000,1960972,,,0.001052,7.33078,0.139801,5.59875,,,293.618,4.29755,,,30.797,3.73432,,
21,8,10.0,100000,1960972,,,0.000761,6.20936,0.058105,4.1826,,,268.156,2.18011,,,15.5007,2.00399,,
22,8,10.0,100000,1960972,,,0.000687,5.31364,0.032028,0.765003,,,270.001,0.676926,,,12.477,0.490677,,
0,8,100.0,150000000,2346793956,,,0.001223,10066.9,0.162541,6866.25,,,287.236,6370.69,,,26.7946,5895.5,,
1,8,100.0,150000000,2346793956,,,0.001564,10354.3,0.21282,6849.0,,,313.207,5027.44,,,37.239,4877.71,,
2,8,100.0,150000000,2346793956,,,0.001586,9879.72,0.189213,6856.85,,,316.287,5966.5,,,35.2122,5703.63,,
3,8,100.0,150000000,2346793956,,,0.001367,9658.52,0.093283,6937.35,,,281.262,3821.65,,,21.525,3695.28,,
4,8,100.0,20000000,228698483,,,0.001574,1038.2,0.05287,762.778,,,268.603,439.505,,,17.3635,400.688,,
5,8,100.0,20000000,228698483,,,0.001472,1038.98,0.054248,711.779,,,268.649,411.992,,,16.7587,381.51,,
6,8,100.0,20000000,228698483,,,0.001648,1009.79,0.052441,712.913,,,270.873,445.099,,,15.4817,447.706,,
7,8,100.0,20000000,228698483,,,0.001137,820.287,0.026357,199.044,,,246.702,125.361,,,7.66937,97.7592,,
8,8,100.0,20000000,228698483,,,0.001325,1054.89,0.107895,627.787,,,284.564,495.827,,,27.1698,468.831,,
9,8,100.0,20000000,228698483,,,0.001758,1023.35,0.051819,727.293,,,275.295,427.63,,,16.0581,370.201,,
10,8,100.0,20000000,66531845,,,0.001449,1088.13,0.057271,270.431,,,279.887,279.754,,,18.3697,233.809,,
11,8,100.0,20000000,66531845,,,0.001204,1093.46,0.021676,257.825,,,267.905,245.531,,,11.7383,213.073,,
12,8,100.0,20000000,66531845,,,0.000934,936.033,0.010228,281.783,,,253.297,96.6334,,,4.57406,86.8119,,
13,8,100.0,20000000,66531845,,,0.000974,981.012,0.059832,234.471,,,260.726,214.411,,,8.31017,177.135,,
14,8,100.0,20000000,66531845,,,0.001556,1149.64,0.058925,298.228,,,272.164,322.298,,,17.1086,310.552,,
15,8,100.0,20000000,66531845,,,0.001258,971.114,0.008083,189.68,,,243.255,85.2589,,,4.65125,85.9647,,
16,8,100.0,20000000,66531845,,,0.001092,955.395,0.045519,211.562,,,252.154,194.06,,,9.3339,176.87,,
17,8,100.0,20000000,66531845,,,0.00134,931.12,0.017618,245.266,,,248.301,130.005,,,6.72816,140.794,,
18,8,100.0,1000000,19710547,,,0.001508,51.381,0.101152,7.63623,,,288.058,9.73464,,,26.2516,8.56022,,
19,8,100.0,1000000,19710547,,,0.001027,48.1235,0.100534,7.73514,,,275.12,9.81035,,,20.4794,8.46783,,
20,8,100.0,1000000,19710547,,,0.001046,68.3878,0.15525,53.6173,,,305.494,46.4782,,,32.7959,44.9306,,
21,8,100.0,1000000,19710547,,,0.000894,58.053,0.070133,39.1443,,,276.425,20.9594,,,15.9758,18.8438,,
22,8,100.0,1000000,19710547,,,0.000957,50.4477,0.037607,7.56741,,,264.063,6.7254,,,12.1698,5.05048,,
0,9,1.0,1500000,22694323,,,0.001662,101.554,0.220685,67.2945,,,296.598,65.2691,,,36.148,60.9039,,
1,9,1.0,1500000,22694323,,,0.001201,101.262,0.157006,68.8234,,,301.725,48.216,,,32.9058,48.8027,,
2,9,1.0,1500000,22694323,,,0.000958,95.7329,0.122781,64.6378,,,287.421,52.0751,,,29.8307,49.5802,,
3,9,1.0,1500000,22694323,,,0.000725,93.5415,0.057254,66.5048,,,271.448,41.9291,,,17.8913,37.5734,,
4,9,1.0,200000,2237473,,,0.000928,11.2801,0.059353,6.13439,,,273.16,4.67038,,,17.9048,3.98526,,
5,9,1.0,200000,2237473,,,0.000863,11.1929,0.044141,6.75798,,,275.941,4.62656,,,17.8231,4.16735,,
6,9,1.0,200000,2237473,,,0.000785,9.8277,0.046725,6.94191,,,277.04,4.75417,,,16.186,4.06298,,
7,9,1.0,200000,2237473,,,0.000614,7.84396,0.011601,1.46172,,,249.706,0.984441,,,4.61778,0.865643,,
8,9,1.0,200000,2237473,,,0.000831,9.67677,0.10076,6.58852,,,299.195,5.58703,,,27.9201,4.8683,,
9,9,1.0,200000,2237473,,,0.000725,9.50387,0.067991,6.78348,,,284.281,4.477,,,19.08,3.96429,,
10,9,1.0,200000,821034,,,0.000798,10.6464,0.055857,3.8736,,,280.354,3.4894,,,17.2682,3.30397,,
11,9,1.0,200000,821034,,,0.000622,10.8154,0.015107,3.67788,,,265.075,3.13317,,,11.5146,2.55541,,
12,9,1.0,200000,821034,,,0.000608,8.57142,0.015104,1.79847,,,257.603,1.39295,,,8.01962,1.18585,,
13,9,1.0,200000,821034,,,0.000334,8.81703,0.066052,2.35006,,,262.776,2.37448,,,8.74378,1.6998,,
14,9,1.0,200000,821034,,,0.000571,10.5048,0.063021,4.23469,,,275.508,3.89485,,,16.9203,3.32742,,
15,9,1.0,200000,821034,,,0.000435,9.11951,0.007995,2.52028,,,240.856,0.911192,,,4.59618,0.79674,,
16,9,1.0,200000,821034,,,0.000654,9.40379,0.042899,1.98567,,,253.304,2.05742,,,9.21035,1.65098,,
17,9,1.0,200000,821034,,,0.000511,11.0721,0.01207,2.65127,,,250.085,1.40063,,,6.15854,1.40026,,
18,9,1.0,10000,194749,,,0.00093,0.529137,0.083907,0.0732,,,287.543,0.112131,,,24.7452,0.092722,,
19,9,1.0,10000,194749,,,0.000759,0.470999,0.07121,0.069519,,,279.003,0.109947,,,19.7948,0.088836,,
20,9,1.0,10000,194749,,,0.000611,0.721975,0.185148,0.541309,,,299.3,0.468756,,,31.9615,0.406185,,
21,9,1.0,10000,194749,,,0.000426,0.62747,0.05969,0.395236,,,267.574,0.210958,,,15.0081,0.185494,,
22,9,1.0,10000,194749,,,0.000442,0.518491,0.025532,0.068083,,,254.261,0.083631,,,11.395,0.051542,,
0,9,10.0,15000000,229667600,,,0.001042,1002.78,0.179909,628.596,,,303.977,550.43,,,34.6503,510.845,,
1,9,10.0,15000000,229667600,,,0.001175,1054.24,0.167663,658.597,,,310.397,486.024,,,32.5103,443.52,,
2,9,10.0,15000000,229667600,,,0.001341,996.3,0.196013,656.382,,,320.739,480.215,,,35.0067,447.092,,
3,9,10.0,15000000,229667600,,,0.00119,941.594,0.071321,682.811,,,288.492,382.756,,,20.9149,341.422,,
4,9,10.0,2000000,22019783,,,0.001349,102.477,0.066584,71.9637,,,276.297,47.3165,,,18.1932,41.2168,,
5,9,10.0,2000000,22019783,,,0.000721,104.262,0.040545,77.1531,,,267.695,45.3222,,,17.5149,38.5663,,
6,9,10.0,2000000,22019783,,,0.000683,100.991,0.050474,73.1872,,,269.165,46.1821,,,16.2445,43.0547,,
7,9,10.0,2000000,22019783,,,0.000731,80.2029,0.0191,21.5434,,,248.094,13.3176,,,7.39989,9.74217,,
8,9,10.0,2000000,22019783,,,0.001116,102.277,0.098193,69.4679,,,289.229,50.9195,,,26.8699,47.3339,,
9,9,10.0,2000000,22019783,,,0.000939,102.074,0.084342,73.0375,,,277.525,43.6602,,,20.8926,38.2382,,
10,9,10.0,2000000,8213633,,,0.001034,107.324,0.052295,38.8209,,,272.835,33.1111,,,17.4049,32.641,,
11,9,10.0,2000000,8213633,,,0.000653,108.095,0.019947,35.6563,,,259.324,29.2443,,,12.3353,26.4127,,
12,9,10.0,2000000,8213633,,,0.000505,88.3709,0.017295,20.5675,,,251.336,13.619,,,8.28722,12.1534,,
13,9,10.0,2000000,8213633,,,0.000653,93.8444,0.069678,23.3217,,,255.588,23.241,,,8.91401,18.3108,,
14,9,10.0,2000000,8213633,,,0.000768,108.248,0.050199,39.7505,,,270.196,37.0813,,,18.6833,36.0528,,
15,9,10.0,2000000,8213633,,,0.000648,91.8512,0.008986,18.2718,,,250.749,8.94703,,,4.67406,8.70523,,
16,9,10.0,2000000,8213633,,,0.000587,94.9535,0.052551,21.3622,,,259.673,20.9288,,,8.94647,17.548,,
17,9,10.0,2000000,8213633,,,0.00058,91.6636,0.015476,29.0285,,,260.85,13.7181,,,6.77675,14.3645,,
18,9,10.0,100000,1960972,,,0.000925,4.86678,0.11176,0.726522,,,293.28,1.34844,,,24.6561,0.796152,,
19,9,10.0,100000,1960972,,,0.000708,4.77248,0.086311,0.771865,,,280.941,0.98517,,,20.7804,0.874987,,
20,9,10.0,100000,1960972,,,0.000886,6.51426,0.136102,5.54746,,,304.946,4.24687,,,31.1661,4.01917,,
21,9,10.0,100000,1960972,,,0.000552,5.90829,0.0518,4.02798,,,274.166,2.18137,,,16.1588,1.97731,,
22,9,10.0,100000,1960972,,,0.000678,4.74373,0.027065,0.692914,,,264.165,0.687876,,,12.1286,0.529813,,
0,9,100.0,150000000,2346793956,,,0.001092,10092.6,0.169134,6875.43,,,295.686,6352.36,,,27.7351,5865.65,,
1,9,100.0,150000000,2346793956,,,0.001588,10360.2,0.220226,6830.64,,,317.149,4989.26,,,37.8419,4908.61,,
2,9,100.0,150000000,2346793956,,,0.001621,9909.49,0.175554,6848.26,,,318.715,5885.62,,,35.7297,5733.07,,
3,9,100.0,150000000,2346793956,,,0.001746,9583.19,0.090321,6932.02,,,280.237,3798.27,,,21.1693,3569.9,,
4,9,100.0,20000000,228698483,,,0.001937,1063.35,0.05467,772.279,,,278.493,447.052,,,18.4114,415.315,,
5,9,100.0,20000000,228698483,,,0.002012,1080.74,0.052379,714.407,,,274.661,406.728,,,17.8186,398.668,,
6,9,100.0,20000000,228698483,,,0.00203,1044.11,0.071859,714.175,,,269.491,446.529,,,16.0148,462.736,,
7,9,100.0,20000000,228698483,,,0.001662,809.856,0.026338,197.05,,,251.195,126.056,,,7.86798,101.678,,
8,9,100.0,20000000,228698483,,,0.001485,1025.29,0.108617,614.026,,,285.82,475.181,,,27.7866,484.627,,
9,9,100.0,20000000,228698483,,,0.002029,984.606,0.049889,741.324,,,265.374,406.362,,,16.9142,389.908,,
10,9,100.0,20000000,66531845,,,0.001434,1122.3,0.055345,270.758,,,269.933,274.567,,,17.4408,243.493,,
11,9,100.0,20000000,66531845,,,0.001399,1141.57,0.02163,258.627,,,264.427,242.435,,,12.4909,221.614,,
12,9,100.0,20000000,66531845,,,0.001357,939.505,0.009604,282.677,,,249.838,96.7684,,,4.56982,88.2914,,
13,9,100.0,20000000,66531845,,,0.001728,937.654,0.059801,230.543,,,263.313,221.635,,,8.96739,178.275,,
14,9,100.0,20000000,66531845,,,0.001386,1092.88,0.081086,300.67,,,282.393,338.79,,,18.4368,306.034,,
15,9,100.0,20000000,66531845,,,0.000922,976.587,0.009571,192.819,,,250.449,87.3672,,,4.42771,81.5182,,
16,9,100.0,20000000,66531845,,,0.001451,996.48,0.062621,220.3,,,257.679,197.735,,,9.69984,172.831,,
17,9,100.0,20000000,66531845,,,0.001787,977.433,0.019448,244.274,,,249.74,129.621,,,6.81809,135.951,,
18,9,100.0,1000000,19710547,,,0.001714,51.9459,0.106405,7.57795,,,287.244,9.77264,,,24.3348,8.19426,,
19,9,100.0,1000000,19710547,,,0.001,51.3494,0.100418,7.56571,,,277.082,9.31125,,,19.6058,8.48474,,
20,9,100.0,1000000,19710547,,,0.001064,67.071,0.153674,53.8611,,,297.64,46.4228,,,32.38,42.9301,,
21,9,100.0,1000000,19710547,,,0.00093,60.127,0.064362,39.2014,,,270.873,20.9315,,,15.1597,18.1896,,
22,9,100.0,1000000,19710547,,,0.000951,49.5072,0.037332,7.28808,,,255.827,6.71452,,,11.9284,5.25938,,
0,10,1.0,1500000,22694323,,,0.001851,101.365,0.223247,66.227,,,297.395,65.4162,,,36.7095,62.4391,,
1,10,1.0,1500000,22694323,,,0.0012,103.363,0.160968,66.818,,,299.94,46.7047,,,33.707,47.5083,,
2,10,1.0,1500000,22694323,,,0.001083,99.4187,0.13688,64.8451,,,289.246,52.0718,,,30.2984,51.3594,,
3,10,1.0,1500000,22694323,,,0.001122,95.5173,0.060815,65.9884,,,273.406,44.6852,,,19.5727,38.8253,,
4,10,1.0,200000,2237473,,,0.001161,11.0774,0.060133,6.38925,,,274.042,4.7159,,,18.3226,4.17797,,
5,10,1.0,200000,2237473,,,0.000665,10.542,0.045327,6.77175,,,271.448,4.61064,,,17.3652,4.07511,,
6,10,1.0,200000,2237473,,,0.00061,10.2993,0.042898,6.85329,,,271.95,4.73452,,,17.4915,4.42807,,
7,10,1.0,200000,2237473,,,0.000653,8.27247,0.010062,1.67516,,,243.474,0.9879,,,4.94481,0.974301,,
8,10,1.0,200000,2237473,,,0.000902,10.0325,0.099654,6.73694,,,288.111,5.60368,,,28.1392,4.99817,,
9,10,1.0,200000,2237473,,,0.000771,10.0856,0.067581,7.10637,,,286.772,4.51612,,,19.4655,4.19997,,
10,10,1.0,200000,821034,,,0.001114,10.9405,0.051543,3.99759,,,279.568,4.0494,,,17.5409,3.36681,,
11,10,1.0,200000,821034,,,0.00071,10.774,0.015359,4.08282,,,267.544,3.13076,,,12.6632,2.82594,,
12,10,1.0,200000,821034,,,0.000497,8.97235,0.017407,2.00942,,,260.529,1.4046,,,8.35766,1.18335,,
13,10,1.0,200000,821034,,,0.00044,9.35353,0.073567,2.38125,,,262.594,2.43,,,8.78948,1.84723,,
14,10,1.0,200000,821034,,,0.000812,10.993,0.051599,4.32653,,,281.223,3.96093,,,17.7182,3.31399,,
15,10,1.0,200000,821034,,,0.000442,9.41617,0.007904,2.59881,,,249.603,0.903938,,,4.12454,0.824698,,
16,10,1.0,200000,821034,,,0.00048,9.26593,0.043683,2.13195,,,263.28,2.09852,,,9.05063,1.80726,,
17,10,1.0,200000,821034,,,0.000484,9.08039,0.012554,2.83325,,,258.887,1.39719,,,6.43636,1.30004,,
18,10,1.0,10000,194749,,,0.00088,0.489206,0.095209,0.091189,,,295.912,0.110087,,,25.269,0.102763,,
19,10,1.0,10000,194749,,,0.000561,0.4836,0.0751,0.075007,,,275.528,0.112308,,,20.9419,0.092143,,
20,10,1.0,10000,194749,,,0.000598,0.650481,0.169242,0.541929,,,296.732,0.493539,,,32.0271,0.4048,,
21,10,1.0,10000,194749,,,0.000314,0.580595,0.063373,0.383905,,,268.605,0.210959,,,15.6249,0.194261,,
22,10,1.0,10000,194749,,,0.00034,0.473594,0.027729,0.075011,,,256.086,0.081626,,,12.4835,0.054711,,
0,10,10.0,15000000,229667600,,,0.000879,971.256,0.19629,626.411,,,298.37,524.991,,,34.9861,515.851,,
1,10,10.0,15000000,229667600,,,0.001306,1000.54,0.155825,657.147,,,293.861,463.682,,,32.7982,443.184,,
2,10,10.0,15000000,229667600,,,0.001537,954.393,0.18211,654.746,,,309.69,478.862,,,34.5213,446.728,,
3,10,10.0,15000000,229667600,,,0.001285,957.049,0.069848,688.63,,,288.231,389.563,,,21.049,341.616,,
4,10,10.0,2000000,22019783,,,0.001636,106.218,0.059735,72.7467,,,283.448,48.8035,,,17.127,42.122,,
5,10,10.0,2000000,22019783,,,0.001547,107.901,0.042539,76.4713,,,275.384,45.5439,,,16.4136,37.8651,,
6,10,10.0,2000000,22019783,,,0.000847,103.379,0.059446,72.9134,,,279.94,46.331,,,15.6261,42.8059,,
7,10,10.0,2000000,22019783,,,0.000697,83.8224,0.021225,21.2149,,,254.036,13.6528,,,6.69288,9.42231,,
8,10,10.0,2000000,22019783,,,0.001121,105.103,0.10632,69.9449,,,288.134,53.1541,,,26.464,47.4752,,
9,10,10.0,2000000,22019783,,,0.00095,101.475,0.075112,74.3088,,,278.833,43.3149,,,20.6966,38.1914,,
10,10,10.0,2000000,8213633,,,0.001434,110.716,0.052431,37.5989,,,276.191,32.3548,,,17.3247,32.2169,,
11,10,10.0,2000000,8213633,,,0.000971,111.767,0.019657,36.1838,,,262.163,28.9325,,,11.8336,25.1091,,
12,10,10.0,2000000,8213633,,,0.000725,91.8429,0.019764,20.2927,,,250.285,13.3339,,,8.03255,11.9412,,
13,10,10.0,2000000,8213633,,,0.000643,95.2262,0.062308,23.5335,,,254.166,23.2826,,,8.81193,17.0919,,
14,10,10.0,2000000,8213633,,,0.001005,110.528,0.049759,39.9625,,,277.235,38.7889,,,18.68,33.9614,,
15,10,10.0,2000000,8213633,,,0.000476,94.8035,0.007663,18.5696,,,243.873,8.9044,,,4.4558,8.11671,,
16,10,10.0,2000000,8213633,,,0.000528,96.3671,0.043108,21.433,,,251.807,20.6549,,,8.8537,16.7006,,
17,10,10.0,2000000,8213633,,,0.000466,94.2989,0.014428,27.636,,,259.819,13.9842,,,6.44664,14.1346,,
18,10,10.0,100000,1960972,,,0.001812,5.13895,0.095764,0.762751,,,297.919,0.968744,,,24.0869,0.883352,,
19,10,10.0,100000,1960972,,,0.00076,5.1989,0.073387,0.799228,,,282.286,0.977151,,,18.9904,0.798169,,
20,10,10.0,100000,1960972,,,0.000838,6.90051,0.117063,5.15536,,,304.017,4.32705,,,29.913,3.74691,,
21,10,10.0,100000,1960972,,,0.000703,6.03778,0.052278,3.8763,,,276.279,2.14455,,,15.1878,1.96292,,
22,10,10.0,100000,1960972,,,0.000652,5.00625,0.031587,0.768943,,,265.832,0.699663,,,12.083,0.516151,,
0,10,100.0,150000000,2346793956,,,0.001129,9951.3,0.154866,6881.69,,,296.643,6413.29,,,26.4632,5915.9,,
1,10,100.0,150000000,2346793956,,,0.001674,10394.9,0.196354,6875.18,,,326.143,4959.46,,,36.4667,4915.24,,
2,10,100.0,150000000,2346793956,,,0.0019,9833.93,0.19037,6840.23,,,327.788,5882.64,,,34.8023,5683.03,,
3,10,100.0,150000000,2346793956,,,0.001437,9633.28,0.087045,6913.7,,,288.534,3796.67,,,21.5912,3612.06,,
4,10,100.0,20000000,228698483,,,0.001505,1036.33,0.051937,752.932,,,269.652,446.563,,,18.7053,416.642,,
5,10,100.0,20000000,228698483,,,0.001571,1036.55,0.059122,709.835,,,271.3,402.041,,,17.4918,393.348,,
6,10,100.0,20000000,228698483,,,0.001457,1006.16,0.054917,710.565,,,264.906,447.889,,,16.2741,465.433,,
7,10,100.0,20000000,228698483,,,0.001268,811.318,0.027267,197.88,,,251.085,128.295,,,7.42883,99.9056,,
8,10,100.0,20000000,228698483,,,0.001623,1058.04,0.122641,609.264,,,290.574,489.748,,,27.8541,485.458,,
9,10,100.0,20000000,228698483,,,0.001193,1033.38,0.050724,721.33,,,274.472,419.316,,,16.7043,384.474,,
10,10,100.0,20000000,66531845,,,0.001485,1102.49,0.054164,271.648,,,276.17,277.883,,,17.625,244.832,,
11,10,100.0,20000000,66531845,,,0.001528,1096.5,0.019794,258.599,,,262.908,237.005,,,12.529,220.155,,
12,10,100.0,20000000,66531845,,,0.001267,914.103,0.009806,281.932,,,241.514,97.7934,,,4.46012,90.1622,,
13,10,100.0,20000000,66531845,,,0.000983,978.178,0.071692,234.279,,,252.86,216.745,,,9.06621,183.664,,
14,10,100.0,20000000,66531845,,,0.001624,1145.03,0.063886,300.786,,,272.28,322.448,,,17.9507,317.265,,
15,10,100.0,20000000,66531845,,,0.001541,995.288,0.008607,190.619,,,244.012,85.1114,,,4.46697,82.5617,,
16,10,100.0,20000000,66531845,,,0.001131,971.335,0.057069,213.048,,,248.225,190.416,,,8.84469,170.447,,
17,10,100.0,20000000,66531845,,,0.001114,937.591,0.019323,244.666,,,248.95,131.585,,,6.79557,134.587,,
18,10,100.0,1000000,19710547,,,0.001448,49.5531,0.107117,7.65448,,,291.478,9.66315,,,24.0173,8.40539,,
19,10,100.0,1000000,19710547,,,0.001041,50.0525,0.103064,7.27177,,,280.202,9.87446,,,21.1772,9.16865,,
20,10,100.0,1000000,19710547,,,0.001322,68.8145,0.151576,53.2793,,,303.982,47.1822,,,33.2769,42.292,,
21,10,100.0,1000000,19710547,,,0.000936,59.7279,0.078335,39.7081,,,272.458,20.7953,,,16.4981,18.9069,,
22,10,100.0,1000000,19710547,,,0.000952,48.7128,0.042552,7.69012,,,260.049,6.68467,,,11.5696,4.85411,,
23,1,0.01,67548,6157926,,,0.001556,8.20795,0.078766,1.24177,,,277.251,0.976524,,,24.9707,0.905111,,
24,1,0.01,67548,6157926,,,0.001113,9.75667,0.21286,12.4667,,,295.932,3.27647,,,32.6552,3.14138,,
25,1,0.01,67548,6157926,,,0.001103,9.59905,0.083232,12.0523,,,280.561,3.77341,,,23.4058,3.4517,,
26,1,0.01,67548,6157926,,,0.000924,9.85639,0.153932,11.8836,,,290.897,5.13185,,,28.6738,4.27256,,
27,1,0.01,67548,6157926,,,0.001056,9.00446,0.088165,7.65481,,,279.197,2.36312,,,21.5763,2.03041,,
28,1,0.01,13706,6207919,,,0.001296,6.00844,0.09848,11.5041,,,295.007,2.64638,,,32.7914,2.17656,,
29,1,0.01,13706,6207919,,,0.001083,5.05776,0.093057,0.450223,,,299.442,0.456929,,,24.3915,0.423107,,
30,1,0.01,13706,6207919,,,0.000863,4.91986,0.11927,0.192929,,,308.986,0.587,,,26.6573,0.376613,,
31,1,0.01,13706,6207919,,,0.001016,5.70681,0.097801,11.4075,,,294.423,1.34595,,,24.1981,1.2637,,
32,1,0.01,13706,6207919,,,0.000695,5.11932,0.063496,0.210293,,,276.424,0.460666,,,12.8548,0.338589,,
33,1,0.01,13706,6207919,,,0.001679,6.37207,0.179172,11.1527,,,317.226,3.70309,,,45.0092,3.54469,,
34,1,0.01,9104,6445396,,,0.000732,5.24302,0.014188,0.465088,,,257.96,0.339231,,,8.56832,0.305055,,
35,1,0.01,9104,6445396,,,0.001394,5.82137,0.151619,12.0577,,,318.685,4.17304,,,41.1383,3.65379,,
36,1,0.01,9104,6445396,,,0.001066,5.5545,0.159882,11.948,,,306.013,2.32849,,,34.0336,2.16214,,
37,1,0.01,9104,6445396,,,0.000927,4.86816,0.148249,0.135008,,,303.08,0.456394,,,39.2841,0.378406,,
38,1,0.01,9104,6445396,,,0.000847,5.38759,0.055289,0.215538,,,271.101,0.373928,,,18.9691,0.342339,,
23,1,0.05,338143,31241554,,,0.001288,38.2591,0.05286,5.67127,,,278.214,4.88389,,,22.5802,4.48253,,
24,1,0.05,338143,31241554,,,0.001154,45.0384,0.192985,58.4325,,,310.333,15.9611,,,31.8139,15.8122,,
25,1,0.05,338143,31241554,,,0.000997,44.9094,0.067497,59.9323,,,276.689,18.4775,,,23.2705,18.3358,,
26,1,0.05,338143,31241554,,,0.001045,45.738,0.122903,61.2438,,,278.918,28.0453,,,25.2595,25.5854,,
27,1,0.05,338143,31241554,,,0.001338,43.8556,0.120176,36.2061,,,293.303,14.062,,,27.4293,13.6841,,
28,1,0.05,69346,31164251,,,0.001291,28.2005,0.11743,57.4676,,,290.133,12.0485,,,34.2301,10.2634,,
29,1,0.05,69346,31164251,,,0.000994,24.6267,0.05533,2.32763,,,278.208,2.14513,,,24.1011,2.03757,,
30,1,0.05,69346,31164251,,,0.000993,24.2234,0.129257,1.91936,,,299.658,2.88441,,,31.1162,2.11873,,
31,1,0.05,69346,31164251,,,0.001093,29.4532,0.12627,56.4303,,,293.165,6.66878,,,23.6363,5.8549,,
32,1,0.05,69346,31164251,,,0.000733,24.4994,0.048263,0.950159,,,274.97,2.205,,,12.0112,1.8477,,
33,1,0.05,69346,31164251,,,0.001225,28.8685,0.192477,58.1315,,,315.363,19.3568,,,42.1497,18.0937,,
34,1,0.05,46252,32482073,,,0.00073,25.6148,0.022026,2.29529,,,259.065,1.63473,,,8.6409,1.50141,,
35,1,0.05,46252,32482073,,,0.001388,30.5423,0.156456,60.0036,,,319.877,17.9962,,,38.9102,14.6496,,
36,1,0.05,46252,32482073,,,0.001007,28.6925,0.150217,59.8158,,,303.911,9.53233,,,33.9776,8.30599,,
37,1,0.05,46252,32482073,,,0.000937,25.1489,0.178599,1.91797,,,303.573,2.25337,,,36.3256,2.061,,
38,1,0.05,46252,32482073,,,0.000954,25.6854,0.079154,1.62855,,,276.58,1.99389,,,20.3667,1.89295,,
23,1,0.1,676808,61784375,,,0.00109,73.5672,0.062098,12.1964,,,285.959,9.58236,,,23.862,9.29419,,
24,1,0.1,676808,61784375,,,0.000975,88.7333,0.183731,117.845,,,308.941,51.2856,,,36.0067,50.5961,,
25,1,0.1,676808,61784375,,,0.001114,87.6811,0.069714,119.64,,,275.173,26.6135,,,22.1809,24.2199,,
26,1,0.1,676808,61784375,,,0.000956,90.5684,0.131659,122.115,,,283.799,57.4459,,,27.1307,54.7558,,
27,1,0.1,676808,61784375,,,0.001134,87.919,0.102266,72.3042,,,285.319,27.6598,,,25.5366,25.0417,,
28,1,0.1,140045,64597512,,,0.001264,62.885,0.150492,120.579,,,294.114,23.2091,,,38.1804,20.6952,,
29,1,0.1,140045,64597512,,,0.001268,54.0989,0.051748,5.15827,,,273.152,4.51662,,,22.1711,4.21424,,
30,1,0.1,140045,64597512,,,0.001058,55.3089,0.14209,4.87582,,,300.125,5.81694,,,35.5094,4.3173,,
31,1,0.1,140045,64597512,,,0.001201,59.4319,0.114352,116.75,,,280.546,13.7533,,,23.7558,11.9421,,
32,1,0.1,140045,64597512,,,0.000844,53.815,0.056455,3.06885,,,263.844,5.33725,,,11.9784,3.93194,,
33,1,0.1,140045,64597512,,,0.001531,62.3028,0.158834,118.896,,,310.198,21.8246,,,38.312,21.3633,,
34,1,0.1,92437,65159782,,,0.001034,53.4944,0.023646,4.51144,,,252.392,3.27554,,,8.72927,2.97573,,
35,1,0.1,92437,65159782,,,0.001529,61.8949,0.127952,120.262,,,296.606,9.88648,,,33.4958,8.70672,,
36,1,0.1,92437,65159782,,,0.001283,59.5632,0.138616,121.461,,,294.336,21.762,,,32.5988,19.5211,,
37,1,0.1,92437,65159782,,,0.000981,54.1526,0.133628,4.08343,,,307.944,4.43675,,,36.4855,4.18092,,
38,1,0.1,92437,65159782,,,0.000991,53.0629,0.09552,4.19891,,,268.905,3.93447,,,15.2437,3.78065,,
23,1,0.5,3381970,305540942,,,0.001005,389.708,0.07047,56.0795,,,303.274,49.3432,,,23.8968,44.1842,,
24,1,0.5,3381970,305540942,,,0.00108,467.965,0.16959,597.584,,,313.727,167.215,,,32.6709,166.01,,
25,1,0.5,3381970,305540942,,,0.00103,458.931,0.073071,626.139,,,298.057,194.832,,,22.8269,188.018,,
26,1,0.5,3381970,305540942,,,0.001217,472.52,0.175042,614.489,,,304.311,240.659,,,29.7681,218.223,,
27,1,0.5,3381970,305540942,,,0.001949,449.629,0.081327,372.079,,,279.984,96.7862,,,24.2947,95.4911,,
28,1,0.5,700773,324657277,,,0.001793,316.809,0.155459,621.967,,,290.063,138.373,,,38.7224,137.765,,
29,1,0.5,700773,324657277,,,0.001586,273.888,0.070446,22.6344,,,276.848,21.3511,,,24.9311,20.8349,,
30,1,0.5,700773,324657277,,,0.00106,269.589,0.192405,25.0994,,,297.833,28.9568,,,33.8082,21.5775,,
31,1,0.5,700773,324657277,,,0.001304,295.974,0.122839,593.154,,,280.219,63.0504,,,24.7556,60.7949,,
32,1,0.5,700773,324657277,,,0.001012,267.241,0.06038,22.3369,,,259.652,25.7851,,,13.3503,19.9655,,
33,1,0.5,700773,324657277,,,0.0021,312.134,0.160571,601.501,,,299.618,128.981,,,39.5984,118.081,,
34,1,0.5,464093,326362612,,,0.000992,261.416,0.02573,22.4474,,,249.938,16.226,,,8.90042,14.9192,,
35,1,0.5,464093,326362612,,,0.001926,304.125,0.175439,598.917,,,310.668,73.3762,,,36.6201,67.6049,,
36,1,0.5,464093,326362612,,,0.001349,296.874,0.132284,608.483,,,299.205,104.213,,,32.075,102.633,,
37,1,0.5,464093,326362612,,,0.001071,260.336,0.173641,21.6086,,,309.473,22.2216,,,41.0857,20.7897,,
38,1,0.5,464093,326362612,,,0.001177,258.722,0.088344,26.581,,,275.916,18.6233,,,21.2138,18.2182,,
23,1,1.0,6763320,618802298,,,0.001299,760.746,0.088126,118.778,,,287.632,93.9054,,,25.2046,89.5197,,
24,1,1.0,6763320,618802298,,,0.001566,926.591,0.154634,1219.65,,,300.204,257.379,,,30.5016,271.989,,
25,1,1.0,6763320,618802298,,,0.001827,918.871,0.078457,1246.46,,,285.517,300.93,,,22.5648,273.39,,
26,1,1.0,6763320,618802298,,,0.001794,944.947,0.15795,1211.05,,,290.819,610.026,,,27.6032,634.828,,
27,1,1.0,6763320,618802298,,,0.001798,883.171,0.112096,735.861,,,290.817,247.008,,,24.6133,237.513,,
28,1,1.0,1402633,655149527,,,0.002202,605.263,0.136028,1252.86,,,289.405,274.674,,,36.1246,250.395,,
29,1,1.0,1402633,655149527,,,0.002023,532.201,0.064037,47.6958,,,271.88,42.12,,,22.3983,40.6743,,
30,1,1.0,1402633,655149527,,,0.001289,525.483,0.136624,46.3825,,,291.044,57.337,,,28.1316,42.1833,,
31,1,1.0,1402633,655149527,,,0.00126,599.429,0.119508,1254.3,,,280.72,128.407,,,24.6109,119.365,,
32,1,1.0,1402633,655149527,,,0.001203,544.179,0.079772,45.8586,,,263.775,49.6491,,,12.0383,39.561,,
33,1,1.0,1402633,655149527,,,0.001817,635.338,0.140488,1276.15,,,294.503,328.175,,,37.0715,316.654,,
34,1,1.0,927644,658277855,,,0.002062,532.677,0.022857,45.5857,,,257.327,32.0633,,,8.48813,29.4706,,
35,1,1.0,927644,658277855,,,0.001886,620.917,0.144543,1218.22,,,313.842,240.841,,,37.6897,250.715,,
36,1,1.0,927644,658277855,,,0.001532,593.111,0.166676,1226.47,,,303.11,177.408,,,30.4679,181.045,,
37,1,1.0,927644,658277855,,,0.001885,510.641,0.14547,43.097,,,303.085,44.2487,,,34.7153,41.394,,
38,1,1.0,927644,658277855,,,0.001847,523.505,0.070319,52.3464,,,274.487,35.7786,,,17.5962,34.2992,,
23,1,5.0,33828344,3082684659,,,0.001889,3842.08,0.079642,574.908,,,285.998,461.427,,,25.7039,446.787,,
24,1,5.0,33828344,3082684659,,,0.001838,4582.65,0.148446,6029.67,,,289.165,1250.29,,,29.8869,1322.57,,
25,1,5.0,33828344,3082684659,,,0.001915,4567.41,0.088098,6145.78,,,276.833,1933.71,,,24.8238,1821.03,,
26,1,5.0,33828344,3082684659,,,0.00191,4669.99,0.130797,6215.12,,,292.351,2745.9,,,26.984,2428.97,,
27,1,5.0,33828344,3082684659,,,0.002041,4459.12,0.157409,3766.57,,,296.985,1227.32,,,30.9839,1224.94,,
28,1,5.0,7011291,3257070691,,,0.002545,3105.14,0.113753,6251.92,,,283.747,990.972,,,32.3848,1010.5,,
29,1,5.0,7011291,3257070691,,,0.002492,2686.22,0.065629,229.52,,,284.972,213.29,,,22.8697,203.933,,
30,1,5.0,7011291,3257070691,,,0.002002,2727.65,0.179139,261.565,,,309.167,284.26,,,32.3252,209.763,,
31,1,5.0,7011291,3257070691,,,0.001855,2967.83,0.103904,6105.42,,,289.805,649.49,,,22.9996,595.158,,
32,1,5.0,7011291,3257070691,,,0.001475,2746.1,0.067983,227.991,,,272.121,219.382,,,12.6753,197.548,,
33,1,5.0,7011291,3257070691,,,0.001996,3086.81,0.175765,6235.99,,,314.31,1468.39,,,40.5942,1335.89,,
34,1,5.0,4636953,3182175376,,,0.001467,2631.24,0.032163,228.77,,,265.712,157.213,,,9.41575,147.469,,
35,1,5.0,4636953,3182175376,,,0.002434,2949.06,0.183324,6037.87,,,312.586,1217.34,,,40.8565,1172.03,,
36,1,5.0,4636953,3182175376,,,0.001757,2979.27,0.14408,6060.32,,,302.539,906.308,,,32.0308,832.704,,
37,1,5.0,4636953,3182175376,,,0.001664,2526.26,0.168212,218.192,,,308.749,218.752,,,38.0369,207.599,,
38,1,5.0,4636953,3182175376,,,0.001987,2598.6,0.074237,271.664,,,275.281,176.584,,,18.7089,172.532,,
23,1,10.0,67660687,6184352277,,,0.001952,7858.39,0.083981,1172.53,,,288.686,921.789,,,24.9193,877.527,,
24,1,10.0,67660687,6184352277,,,0.001624,9361.14,0.214971,12062.1,,,311.13,3162.67,,,32.5962,2942.21,,
25,1,10.0,67660687,6184352277,,,0.001862,9274.34,0.102695,12093.2,,,289.422,3388.77,,,25.4248,3202.84,,
26,1,10.0,67660687,6184352277,,,0.001702,9451.07,0.124119,12336.2,,,287.993,7551.83,,,30.5662,6704.99,,
27,1,10.0,67660687,6184352277,,,0.001686,9125.99,0.126052,7458.68,,,302.182,2632.53,,,27.7285,2577.86,,
28,1,10.0,14020516,6456897276,,,0.002353,6075.37,0.155072,12386.3,,,290.431,3013.4,,,37.0432,2778.75,,
29,1,10.0,14020516,6456897276,,,0.002178,5301.94,0.06915,484.817,,,280.555,424.071,,,24.4661,408.349,,
30,1,10.0,14020516,6456897276,,,0.001929,5286.22,0.170975,509.448,,,305.868,568.131,,,32.6529,428.232,,
31,1,10.0,14020516,6456897276,,,0.002008,5903.24,0.148011,12118.6,,,294.945,1311.62,,,30.7209,1249.83,,
32,1,10.0,14020516,6456897276,,,0.001426,5296.27,0.063953,462.919,,,270.032,543.158,,,17.5651,394.173,,
33,1,10.0,14020516,6456897276,,,0.002376,6182.8,0.180271,12293.9,,,307.65,2633.91,,,40.6997,2218.58,,
34,1,10.0,9274247,6458705637,,,0.001269,5304.68,0.036485,461.228,,,264.055,309.46,,,9.16441,287.827,,
35,1,10.0,9274247,6458705637,,,0.002174,6212.21,0.185151,12213.0,,,307.692,1913.85,,,39.2535,1799.06,,
36,1,10.0,9274247,6458705637,,,0.001594,6034.62,0.150778,12297.7,,,295.097,1784.5,,,32.9523,1767.75,,
37,1,10.0,9274247,6458705637,,,0.001784,5289.01,0.134406,369.931,,,303.453,424.86,,,37.734,298.963,,
38,1,10.0,9274247,6458705637,,,0.001809,5311.47,0.085674,529.276,,,273.344,348.307,,,17.939,344.36,,
28,1,50.0,70103102,32803838059,,,0.002367,30353.7,0.126449,62886.9,,,294.98,14030.2,,,34.2981,14502.2,,
29,1,50.0,70103102,32803838059,,,0.00184,26338.2,0.080186,2414.96,,,289.478,2119.5,,,24.9968,2151.81,,
30,1,50.0,70103102,32803838059,,,0.001565,26366.6,0.148313,2362.58,,,292.982,2841.35,,,28.6679,2211.22,,
31,1,50.0,70103102,32803838059,,,0.002026,29596.7,0.115892,61803.5,,,305.22,6457.88,,,24.7926,6050.09,,
32,1,50.0,70103102,32803838059,,,0.001587,26333.0,0.058672,2305.53,,,272.196,2552.83,,,13.1344,1999.3,,
33,1,50.0,70103102,32803838059,,,0.00284,30941.2,0.199972,62365.2,,,316.249,15233.3,,,45.3938,13769.1,,
34,1,50.0,46375197,33122096590,,,0.001736,25748.8,0.023048,2298.41,,,251.603,1525.58,,,8.32776,1419.47,,
35,1,50.0,46375197,33122096590,,,0.002508,30305.5,0.14858,62870.0,,,311.147,15465.2,,,36.6668,12764.4,,
36,1,50.0,46375197,33122096590,,,0.002154,29483.5,0.137598,62987.5,,,298.282,9396.49,,,31.0333,9279.89,,
37,1,50.0,46375197,33122096590,,,0.001806,25841.3,0.157513,2180.49,,,304.358,2213.71,,,39.8852,2087.0,,
38,1,50.0,46375197,33122096590,,,0.001537,25840.3,0.07958,2726.14,,,272.526,1828.28,,,20.5381,1842.91,,
23,2,0.01,67548,6157926,,,0.001698,8.21412,0.078392,1.19799,,,288.97,0.990463,,,25.7086,0.903512,,
24,2,0.01,67548,6157926,,,0.001162,9.60984,0.20505,12.6862,,,310.688,3.41096,,,32.7911,3.19173,,
25,2,0.01,67548,6157926,,,0.001065,9.38254,0.083831,12.6946,,,291.223,3.90937,,,23.7369,3.76525,,
26,2,0.01,67548,6157926,,,0.000999,9.50435,0.156612,12.405,,,297.465,5.20205,,,28.9293,4.27296,,
27,2,0.01,67548,6157926,,,0.000985,8.75795,0.087562,7.21243,,,282.27,2.40054,,,21.5146,2.36634,,
28,2,0.01,13706,6207919,,,0.001402,5.73747,0.103504,12.3632,,,292.353,2.59253,,,32.0817,2.25253,,
29,2,0.01,13706,6207919,,,0.001078,4.92907,0.092451,0.411187,,,289.081,0.441916,,,24.2585,0.412716,,
30,2,0.01,13706,6207919,,,0.000993,4.86124,0.143116,0.217484,,,299.354,0.612312,,,26.5293,0.385566,,
31,2,0.01,13706,6207919,,,0.000958,5.42045,0.113148,11.458,,,284.765,1.3144,,,24.1112,1.25341,,
32,2,0.01,13706,6207919,,,0.000749,4.84528,0.05304,0.182992,,,265.369,0.514354,,,11.7537,0.330319,,
33,2,0.01,13706,6207919,,,0.001159,5.66812,0.172549,11.158,,,306.385,3.67819,,,42.6083,3.21241,,
34,2,0.01,9104,6445396,,,0.000705,4.85643,0.014975,0.383583,,,253.846,0.338791,,,8.30486,0.300113,,
35,2,0.01,9104,6445396,,,0.001074,5.65758,0.153113,11.6462,,,310.993,4.11123,,,39.5148,3.25942,,
36,2,0.01,9104,6445396,,,0.000974,5.92309,0.158994,11.6043,,,309.212,2.30866,,,31.5903,2.07175,,
37,2,0.01,9104,6445396,,,0.000935,5.29588,0.15615,0.125096,,,315.054,0.460538,,,37.0418,0.376602,,
38,2,0.01,9104,6445396,,,0.000952,5.20703,0.057003,0.205707,,,274.412,0.387557,,,18.5458,0.326348,,
23,2,0.05,338143,31241554,,,0.00101,36.7305,0.053307,5.72424,,,299.078,4.9366,,,21.3005,4.40016,,
24,2,0.05,338143,31241554,,,0.000967,43.2969,0.1903,58.9996,,,304.406,16.5138,,,32.5341,14.9487,,
25,2,0.05,338143,31241554,,,0.001117,43.9282,0.066942,59.4944,,,287.513,19.2379,,,22.8901,18.2482,,
26,2,0.05,338143,31241554,,,0.000858,43.9419,0.123117,63.0549,,,291.145,28.1306,,,24.2608,23.6936,,
27,2,0.05,338143,31241554,,,0.001163,43.66,0.121736,37.0484,,,299.819,14.206,,,25.5029,13.4491,,
28,2,0.05,69346,31164251,,,0.001609,27.7294,0.134885,59.5188,,,296.465,12.1203,,,33.0605,9.85615,,
29,2,0.05,69346,31164251,,,0.000976,23.6807,0.055082,2.35709,,,281.489,2.16635,,,22.6815,2.01914,,
30,2,0.05,69346,31164251,,,0.000932,23.766,0.141306,1.97354,,,291.5,2.92746,,,29.344,2.13885,,
31,2,0.05,69346,31164251,,,0.001003,29.5354,0.125785,58.8646,,,284.571,6.58664,,,23.2087,6.08255,,
32,2,0.05,69346,31164251,,,0.000662,23.8149,0.053597,1.04606,,,264.694,2.62061,,,11.7264,1.79877,,
33,2,0.05,69346,31164251,,,0.001197,28.0588,0.213306,58.3011,,,306.338,18.9891,,,39.4916,17.8483,,
34,2,0.05,46252,32482073,,,0.00086,25.0242,0.024463,2.34102,,,249.334,1.61383,,,8.85256,1.49718,,
35,2,0.05,46252,32482073,,,0.001447,30.124,0.164532,61.6964,,,309.198,17.2395,,,38.1342,14.0057,,
36,2,0.05,46252,32482073,,,0.000913,29.0261,0.15086,61.2999,,,295.762,9.72647,,,31.3188,8.65806,,
37,2,0.05,46252,32482073,,,0.000921,24.5677,0.131079,1.90742,,,295.864,2.2598,,,35.5821,2.0649,,
38,2,0.05,46252,32482073,,,0.000971,26.0986,0.069713,1.84757,,,273.173,1.92253,,,18.4351,1.85671,,
23,2,0.1,676808,61784375,,,0.001075,72.4769,0.061454,12.8375,,,286.494,9.50756,,,22.1226,9.15863,,
24,2,0.1,676808,61784375,,,0.00102,89.1519,0.212722,121.102,,,310.584,51.4375,,,37.1322,48.1328,,
25,2,0.1,676808,61784375,,,0.001068,87.0024,0.06287,123.724,,,285.716,27.0019,,,22.589,25.6071,,
26,2,0.1,676808,61784375,,,0.000919,89.9847,0.129517,124.989,,,294.605,60.9453,,,27.203,54.2438,,
27,2,0.1,676808,61784375,,,0.001583,86.0912,0.101323,76.5723,,,294.946,28.1752,,,28.0594,26.3659,,
28,2,0.1,140045,64597512,,,0.001246,57.7977,0.139978,125.987,,,303.991,23.186,,,38.687,20.8459,,
29,2,0.1,140045,64597512,,,0.001009,53.2842,0.05869,5.18477,,,283.321,4.52222,,,23.6107,4.24929,,
30,2,0.1,140045,64597512,,,0.00108,49.7335,0.1384,4.94058,,,309.345,5.81718,,,36.6057,4.29546,,
31,2,0.1,140045,64597512,,,0.000943,57.8339,0.11356,124.03,,,297.636,13.8418,,,25.1033,12.6895,,
32,2,0.1,140045,64597512,,,0.000701,49.9396,0.055585,3.44159,,,263.052,5.55311,,,12.9639,3.93854,,
33,2,0.1,140045,64597512,,,0.001215,59.8512,0.172988,125.644,,,302.165,22.9069,,,38.4186,20.7129,,
34,2,0.1,92437,65159782,,,0.000774,52.7726,0.025392,4.57257,,,251.872,3.20715,,,8.93525,2.98513,,
35,2,0.1,92437,65159782,,,0.001315,58.2336,0.11178,126.27,,,295.343,9.87946,,,33.6089,8.45555,,
36,2,0.1,92437,65159782,,,0.001043,58.0684,0.142817,125.153,,,296.416,21.5868,,,30.9156,20.6382,,
37,2,0.1,92437,65159782,,,0.00096,49.7504,0.1301,4.13728,,,293.307,4.35318,,,36.3862,4.08422,,
38,2,0.1,92437,65159782,,,0.001063,52.1741,0.089497,5.06332,,,258.936,3.83948,,,14.9242,3.65142,,
23,2,0.5,3381970,305540942,,,0.001407,378.483,0.072304,59.1902,,,277.619,46.8164,,,22.678,44.9375,,
24,2,0.5,3381970,305540942,,,0.001177,459.76,0.217696,611.691,,,294.958,167.458,,,32.0101,168.003,,
25,2,0.5,3381970,305540942,,,0.001324,453.76,0.0818,615.35,,,299.738,198.76,,,23.2591,188.962,,
26,2,0.5,3381970,305540942,,,0.00113,467.994,0.155298,602.7,,,303.848,244.769,,,29.8386,216.981,,
27,2,0.5,3381970,305540942,,,0.001549,450.622,0.07177,366.49,,,286.813,101.63,,,25.6232,96.9324,,
28,2,0.5,700773,324657277,,,0.00162,314.752,0.138731,609.111,,,304.831,142.339,,,36.9974,137.505,,
29,2,0.5,700773,324657277,,,0.001504,268.687,0.084675,22.6514,,,286.266,21.3767,,,24.6654,20.6533,,
30,2,0.5,700773,324657277,,,0.001607,262.767,0.168201,24.8681,,,308.064,29.0256,,,33.518,21.524,,
31,2,0.5,700773,324657277,,,0.001355,294.254,0.132399,602.407,,,292.612,64.7788,,,24.4674,58.789,,
32,2,0.5,700773,324657277,,,0.00127,264.258,0.057927,22.6427,,,266.497,21.8357,,,12.1027,21.1487,,
33,2,0.5,700773,324657277,,,0.001815,308.775,0.168979,628.353,,,301.776,130.024,,,40.8436,115.142,,
34,2,0.5,464093,326362612,,,0.00109,257.882,0.02897,22.9909,,,252.927,16.0457,,,8.95799,14.8201,,
35,2,0.5,464093,326362612,,,0.001722,300.738,0.182904,627.265,,,309.305,71.2431,,,37.4036,64.2513,,
36,2,0.5,464093,326362612,,,0.001531,293.859,0.150028,632.916,,,293.239,104.348,,,31.4243,102.17,,
37,2,0.5,464093,326362612,,,0.001329,256.384,0.180582,21.7284,,,297.861,21.8235,,,38.7292,20.7755,,
38,2,0.5,464093,326362612,,,0.001216,263.486,0.07753,26.6148,,,268.82,18.4262,,,20.3521,18.0747,,
23,2,1.0,6763320,618802298,,,0.001575,772.325,0.072311,119.501,,,279.863,91.6744,,,24.48,89.905,,
24,2,1.0,6763320,618802298,,,0.001637,925.996,0.165988,1219.79,,,292.706,265.998,,,30.2641,273.449,,
25,2,1.0,6763320,618802298,,,0.00165,911.03,0.075468,1222.43,,,285.07,311.428,,,22.329,276.666,,
26,2,1.0,6763320,618802298,,,0.001821,905.8,0.174807,1226.58,,,297.353,647.357,,,27.2491,631.626,,
27,2,1.0,6763320,618802298,,,0.001474,867.438,0.113775,764.856,,,292.726,256.102,,,26.1693,237.096,,
28,2,1.0,1402633,655149527,,,0.002239,603.436,0.148944,1286.93,,,300.822,288.465,,,34.953,247.949,,
29,2,1.0,1402633,655149527,,,0.001648,532.681,0.0643,46.391,,,281.081,42.3351,,,21.7449,40.3853,,
30,2,1.0,1402633,655149527,,,0.00187,540.859,0.138808,45.67,,,291.034,57.9571,,,28.6069,42.2119,,
31,2,1.0,1402633,655149527,,,0.00168,607.411,0.109618,1229.95,,,280.556,128.668,,,22.9527,119.591,,
32,2,1.0,1402633,655149527,,,0.001237,539.251,0.0589,45.0209,,,266.408,43.8329,,,12.7117,39.7056,,
33,2,1.0,1402633,655149527,,,0.002302,632.654,0.15725,1230.19,,,304.746,319.817,,,36.0423,324.727,,
34,2,1.0,927644,658277855,,,0.001166,526.645,0.019791,45.1056,,,251.874,32.119,,,9.16256,29.3359,,
35,2,1.0,927644,658277855,,,0.002087,603.116,0.173133,1263.18,,,303.977,239.144,,,41.6086,252.357,,
36,2,1.0,927644,658277855,,,0.001883,579.064,0.16937,1286.76,,,298.076,175.777,,,32.0364,188.25,,
37,2,1.0,927644,658277855,,,0.002004,506.15,0.153492,43.4995,,,307.603,44.4465,,,35.3892,41.7826,,
38,2,1.0,927644,658277855,,,0.00191,519.733,0.064102,52.8549,,,276.967,35.4589,,,18.3137,34.7207,,
23,2,5.0,33828344,3082684659,,,0.001707,3791.12,0.086167,593.724,,,292.598,477.152,,,26.0494,453.852,,
24,2,5.0,33828344,3082684659,,,0.001868,4536.36,0.159426,6028.66,,,298.322,1311.26,,,29.2181,1323.97,,
25,2,5.0,33828344,3082684659,,,0.002066,4499.08,0.089762,6129.93,,,285.87,1908.04,,,24.229,1788.87,,
26,2,5.0,33828344,3082684659,,,0.00214,4635.12,0.127472,6240.11,,,295.823,2690.72,,,26.9844,2463.2,,
27,2,5.0,33828344,3082684659,,,0.001814,4473.26,0.142827,3701.3,,,304.687,1269.84,,,30.861,1231.8,,
28,2,5.0,7011291,3257070691,,,0.002161,3017.21,0.117723,6247.03,,,298.334,1010.42,,,31.983,993.843,,
29,2,5.0,7011291,3257070691,,,0.001948,2681.64,0.069143,239.761,,,277.412,210.42,,,23.9863,201.994,,
30,2,5.0,7011291,3257070691,,,0.001574,2654.58,0.15806,271.99,,,299.005,282.298,,,32.0101,208.375,,
31,2,5.0,7011291,3257070691,,,0.001613,2967.34,0.124168,6154.65,,,282.622,629.341,,,22.7944,594.013,,
32,2,5.0,7011291,3257070691,,,0.001579,2706.69,0.06141,228.745,,,263.724,251.22,,,12.1112,198.231,,
33,2,5.0,7011291,3257070691,,,0.002174,3055.57,0.154865,6247.99,,,321.326,1494.72,,,42.8281,1313.96,,
34,2,5.0,4636953,3182175376,,,0.001279,2584.36,0.031471,226.326,,,260.544,158.979,,,9.51438,146.032,,
35,2,5.0,4636953,3182175376,,,0.002131,2946.86,0.193487,6040.76,,,320.126,1245.85,,,40.1703,1162.06,,
36,2,5.0,4636953,3182175376,,,0.001774,2967.17,0.141344,6075.37,,,291.158,872.488,,,31.4676,822.376,,
37,2,5.0,4636953,3182175376,,,0.001641,2501.71,0.157402,216.069,,,298.543,217.581,,,38.9049,207.619,,
38,2,5.0,4636953,3182175376,,,0.002065,2531.81,0.074964,267.026,,,266.921,174.715,,,20.0537,173.634,,
23,2,10.0,67660687,6184352277,,,0.001815,7676.24,0.080158,1156.85,,,279.752,914.42,,,25.7324,879.127,,
24,2,10.0,67660687,6184352277,,,0.002372,9222.6,0.185182,12071.6,,,302.505,3218.85,,,32.8485,2868.0,,
25,2,10.0,67660687,6184352277,,,0.001908,9217.8,0.098613,12081.2,,,299.058,3383.74,,,24.6331,3254.76,,
26,2,10.0,67660687,6184352277,,,0.002002,9353.45,0.139397,12331.4,,,295.1,7523.29,,,28.3846,6650.3,,
27,2,10.0,67660687,6184352277,,,0.00166,9059.96,0.146717,7450.78,,,297.963,2611.74,,,27.1206,2523.82,,
28,2,10.0,14020516,6456897276,,,0.002323,6002.22,0.141872,12351.6,,,293.619,3022.55,,,38.072,2862.57,,
29,2,10.0,14020516,6456897276,,,0.002082,5213.52,0.071974,462.833,,,274.518,420.002,,,24.1798,403.447,,
30,2,10.0,14020516,6456897276,,,0.001531,5168.56,0.149725,507.059,,,295.122,569.602,,,31.7794,420.992,,
31,2,10.0,14020516,6456897276,,,0.002205,5846.18,0.1899,12179.3,,,296.022,1340.25,,,30.1374,1205.29,,
32,2,10.0,14020516,6456897276,,,0.001543,5223.22,0.079814,462.889,,,280.68,546.869,,,16.862,392.829,,
33,2,10.0,14020516,6456897276,,,0.00235,6126.61,0.194507,12326.1,,,319.332,2601.55,,,39.9326,2266.81,,
34,2,10.0,9274247,6458705637,,,0.001306,5287.56,0.035665,460.204,,,255.093,310.56,,,9.7768,288.531,,
35,2,10.0,9274247,6458705637,,,0.002483,6102.89,0.169106,12224.2,,,306.573,1946.61,,,38.8375,1795.13,,
36,2,10.0,9274247,6458705637,,,0.001615,6000.14,0.168046,12276.6,,,306.405,1806.61,,,31.0547,1726.45,,
37,2,10.0,9274247,6458705637,,,0.001551,5288.91,0.151092,368.954,,,305.353,417.386,,,37.9793,298.888,,
38,2,10.0,9274247,6458705637,,,0.0014,5246.23,0.077509,525.638,,,267.643,349.059,,,18.899,344.435,,
28,2,50.0,70103102,32803838059,,,0.002279,30176.7,0.146826,62735.2,,,290.093,14001.4,,,34.6377,14572.2,,
29,2,50.0,70103102,32803838059,,,0.001756,25975.0,0.081963,2321.37,,,278.712,2123.95,,,25.1224,2022.88,,
30,2,50.0,70103102,32803838059,,,0.001669,26038.2,0.16409,2349.74,,,302.188,2848.33,,,28.5732,2119.37,,
31,2,50.0,70103102,32803838059,,,0.001597,29267.8,0.118335,61819.9,,,296.877,6503.45,,,24.1074,6029.03,,
32,2,50.0,70103102,32803838059,,,0.001333,25959.0,0.073297,2340.48,,,264.646,2614.98,,,12.9598,1964.48,,
33,2,50.0,70103102,32803838059,,,0.002275,30638.0,0.186369,62548.3,,,314.202,15260.0,,,45.4698,13787.2,,
34,2,50.0,46375197,33122096590,,,0.002011,25618.0,0.022507,2301.35,,,257.617,1523.39,,,9.13863,1404.53,,
35,2,50.0,46375197,33122096590,,,0.002475,29940.3,0.147724,62945.0,,,303.097,15385.9,,,36.0486,12729.9,,
36,2,50.0,46375197,33122096590,,,0.002377,29123.6,0.147767,62943.7,,,305.264,9413.96,,,30.5689,9277.93,,
37,2,50.0,46375197,33122096590,,,0.002123,25636.6,0.171875,2167.14,,,296.692,2196.96,,,37.4342,1934.92,,
38,2,50.0,46375197,33122096590,,,0.001783,25651.2,0.088545,2727.67,,,278.318,1854.96,,,20.3784,1862.84,,
23,3,0.01,67548,6157926,,,0.001864,8.14565,0.072886,1.15263,,,287.821,1.17282,,,24.334,0.908641,,
24,3,0.01,67548,6157926,,,0.001151,9.72522,0.190549,12.1986,,,307.722,3.49549,,,32.0371,2.94339,,
25,3,0.01,67548,6157926,,,0.000918,9.73467,0.075584,11.9099,,,287.989,3.97191,,,24.4125,3.42558,,
26,3,0.01,67548,6157926,,,0.00089,9.79181,0.182078,12.0549,,,306.41,5.13657,,,29.9065,4.6274,,
27,3,0.01,67548,6157926,,,0.001027,8.98494,0.079049,6.9631,,,292.385,2.33677,,,21.7386,2.18248,,
28,3,0.01,13706,6207919,,,0.001919,6.19363,0.107851,12.2406,,,299.944,2.59718,,,32.523,2.36645,,
29,3,0.01,13706,6207919,,,0.00107,5.15917,0.101935,0.436927,,,290.454,0.44495,,,25.1692,0.431413,,
30,3,0.01,13706,6207919,,,0.001069,5.24914,0.13093,0.19546,,,305.756,0.584173,,,26.8649,0.375663,,
31,3,0.01,13706,6207919,,,0.000901,5.89158,0.110824,12.0375,,,293.28,1.34802,,,22.5034,1.14877,,
32,3,0.01,13706,6207919,,,0.000711,5.17139,0.055844,0.201495,,,271.143,0.459937,,,12.1736,0.323185,,
33,3,0.01,13706,6207919,,,0.001049,6.02001,0.184701,11.2728,,,308.06,3.68228,,,43.3766,3.21707,,
34,3,0.01,9104,6445396,,,0.000664,5.25958,0.014607,0.46197,,,251.94,0.359792,,,8.3041,0.305921,,
35,3,0.01,9104,6445396,,,0.00107,6.12489,0.154637,11.9095,,,314.189,3.93756,,,38.1691,3.63173,,
36,3,0.01,9104,6445396,,,0.000875,5.852,0.158902,12.2658,,,298.463,2.28904,,,33.3837,2.24099,,
37,3,0.01,9104,6445396,,,0.000799,5.58735,0.159825,0.145945,,,300.907,0.458416,,,38.5971,0.404058,,
38,3,0.01,9104,6445396,,,0.000782,5.00204,0.060375,0.229105,,,270.157,0.373114,,,17.2201,0.322206,,
23,3,0.05,338143,31241554,,,0.000926,39.4513,0.061497,5.98553,,,286.84,4.85783,,,22.5236,4.42821,,
24,3,0.05,338143,31241554,,,0.001256,44.5954,0.215783,59.4069,,,309.438,16.188,,,31.0542,14.7754,,
25,3,0.05,338143,31241554,,,0.001068,45.1895,0.067322,60.0542,,,278.438,19.0835,,,21.5969,17.8941,,
26,3,0.05,338143,31241554,,,0.001086,44.7143,0.122954,61.6841,,,277.669,28.1844,,,25.0594,24.6501,,
27,3,0.05,338143,31241554,,,0.001076,44.5673,0.119598,37.1639,,,305.419,13.9145,,,25.6823,12.417,,
28,3,0.05,69346,31164251,,,0.0017,29.6345,0.116732,58.8416,,,298.542,12.0928,,,35.3505,10.1806,,
29,3,0.05,69346,31164251,,,0.001092,25.042,0.055184,2.26885,,,282.886,2.12641,,,23.1014,2.03222,,
30,3,0.05,69346,31164251,,,0.000874,25.5789,0.128239,1.94365,,,303.34,2.95969,,,28.1751,2.13017,,
31,3,0.05,69346,31164251,,,0.000983,29.753,0.125711,56.858,,,292.97,6.67194,,,23.4575,5.73266,,
32,3,0.05,69346,31164251,,,0.000883,24.9685,0.048125,0.971809,,,274.53,2.18445,,,11.8268,1.84924,,
33,3,0.05,69346,31164251,,,0.001326,29.4615,0.19273,58.365,,,315.836,18.9937,,,39.9728,16.755,,
34,3,0.05,46252,32482073,,,0.000886,27.7269,0.023827,2.30595,,,258.878,1.64237,,,8.59026,1.53541,,
35,3,0.05,46252,32482073,,,0.001498,31.862,0.163836,61.5216,,,317.058,17.6587,,,39.3527,14.2804,,
36,3,0.05,46252,32482073,,,0.001078,29.6602,0.150487,60.7017,,,299.486,9.41187,,,31.3773,8.18515,,
37,3,0.05,46252,32482073,,,0.000923,26.4789,0.130936,1.92575,,,296.053,2.22031,,,36.2123,2.13073,,
38,3,0.05,46252,32482073,,,0.001185,27.3931,0.07133,1.72943,,,270.733,1.93728,,,17.9526,1.88968,,
23,3,0.1,676808,61784375,,,0.001506,74.6471,0.06111,12.2811,,,283.968,10.0318,,,21.9604,8.84807,,
24,3,0.1,676808,61784375,,,0.001277,92.1685,0.194852,118.846,,,319.29,48.9333,,,34.8519,49.608,,
25,3,0.1,676808,61784375,,,0.001232,91.4898,0.073691,121.626,,,273.471,25.7495,,,22.5887,26.1948,,
26,3,0.1,676808,61784375,,,0.001327,94.3638,0.143958,123.431,,,286.664,60.4397,,,29.1134,54.979,,
27,3,0.1,676808,61784375,,,0.001022,88.8528,0.100447,75.4903,,,288.594,27.9546,,,25.4039,25.3445,,
28,3,0.1,140045,64597512,,,0.001669,63.5136,0.127046,120.419,,,297.106,22.5237,,,36.3272,20.2944,,
29,3,0.1,140045,64597512,,,0.001518,52.8259,0.055881,4.92831,,,281.329,5.31581,,,22.3307,4.26714,,
30,3,0.1,140045,64597512,,,0.001621,54.3299,0.137587,4.86184,,,316.19,5.84283,,,35.0834,4.28907,,
31,3,0.1,140045,64597512,,,0.001717,60.7656,0.112943,118.329,,,290.453,13.7887,,,24.0382,12.7063,,
32,3,0.1,140045,64597512,,,0.001105,54.3447,0.049688,3.24878,,,272.109,5.07861,,,12.4145,3.97876,,
33,3,0.1,140045,64597512,,,0.001849,61.7374,0.163482,120.436,,,310.426,22.8219,,,38.4366,20.7245,,
34,3,0.1,92437,65159782,,,0.001065,53.8851,0.026191,4.63041,,,261.553,3.24285,,,8.61576,3.03817,,
35,3,0.1,92437,65159782,,,0.00171,63.9252,0.123872,122.916,,,307.529,9.86665,,,35.0082,9.0797,,
36,3,0.1,92437,65159782,,,0.001627,58.7916,0.139634,121.823,,,301.174,21.6179,,,32.0595,20.0969,,
37,3,0.1,92437,65159782,,,0.00117,53.2547,0.137837,4.24166,,,305.621,4.39758,,,38.4971,4.17792,,
38,3,0.1,92437,65159782,,,0.001627,50.9089,0.082168,4.94994,,,260.351,3.88511,,,15.6954,3.7703,,
23,3,0.5,3381970,305540942,,,0.001333,368.611,0.089618,57.3532,,,279.893,46.6784,,,22.9132,44.8238,,
24,3,0.5,3381970,305540942,,,0.001537,445.721,0.198806,584.805,,,297.28,162.465,,,33.4732,167.09,,
25,3,0.5,3381970,305540942,,,0.002055,439.765,0.064857,597.652,,,301.114,187.868,,,22.8693,189.636,,
26,3,0.5,3381970,305540942,,,0.001695,450.036,0.147226,620.612,,,290.66,233.217,,,30.0132,217.614,,
27,3,0.5,3381970,305540942,,,0.002039,434.76,0.077339,378.013,,,277.014,98.0811,,,25.7283,95.3616,,
28,3,0.5,700773,324657277,,,0.002482,310.306,0.157261,633.841,,,291.949,141.806,,,38.2701,136.643,,
29,3,0.5,700773,324657277,,,0.001823,273.368,0.084007,24.3381,,,285.52,21.4679,,,24.8845,20.9538,,
30,3,0.5,700773,324657277,,,0.00164,280.059,0.185016,25.8129,,,309.655,28.8941,,,34.2569,21.4521,,
31,3,0.5,700773,324657277,,,0.001669,312.937,0.118438,622.415,,,293.166,65.4462,,,23.7936,60.0303,,
32,3,0.5,700773,324657277,,,0.001551,282.651,0.055393,22.6448,,,270.381,21.8626,,,12.1365,20.0055,,
33,3,0.5,700773,324657277,,,0.002115,328.726,0.185508,638.27,,,312.421,130.034,,,40.5882,118.28,,
34,3,0.5,464093,326362612,,,0.001452,274.71,0.032427,22.9575,,,258.142,16.057,,,8.99181,15.0868,,
35,3,0.5,464093,326362612,,,0.001947,323.031,0.170225,606.755,,,317.4,72.1609,,,38.8915,64.9447,,
36,3,0.5,464093,326362612,,,0.002414,314.615,0.159022,613.313,,,301.363,103.222,,,30.655,102.998,,
37,3,0.5,464093,326362612,,,0.001905,276.138,0.171869,21.4446,,,310.788,21.58,,,40.222,21.0169,,
38,3,0.5,464093,326362612,,,0.001954,276.423,0.079369,26.974,,,270.076,18.6596,,,19.9369,18.2117,,
23,3,1.0,6763320,618802298,,,0.001727,761.949,0.071698,115.401,,,279.463,92.2322,,,25.59,91.332,,
24,3,1.0,6763320,618802298,,,0.001303,892.439,0.160501,1180.68,,,298.082,253.799,,,30.6966,278.678,,
25,3,1.0,6763320,618802298,,,0.001862,879.699,0.078531,1255.98,,,278.102,296.374,,,23.1599,278.936,,
26,3,1.0,6763320,618802298,,,0.002023,915.327,0.170354,1270.21,,,287.984,614.412,,,27.9647,630.693,,
27,3,1.0,6763320,618802298,,,0.002613,887.526,0.120172,754.033,,,287.752,248.421,,,25.9435,236.999,,
28,3,1.0,1402633,655149527,,,0.002734,639.098,0.137386,1228.87,,,294.761,287.105,,,37.259,249.038,,
29,3,1.0,1402633,655149527,,,0.002011,556.304,0.059607,46.4111,,,283.194,42.5143,,,22.2415,40.4891,,
30,3,1.0,1402633,655149527,,,0.001924,555.941,0.131869,45.6896,,,303.708,57.3648,,,28.9526,42.3603,,
31,3,1.0,1402633,655149527,,,0.002104,608.318,0.121521,1228.63,,,293.517,132.385,,,22.4597,121.389,,
32,3,1.0,1402633,655149527,,,0.001323,535.95,0.061369,45.4788,,,270.41,51.0826,,,12.4266,39.8635,,
33,3,1.0,1402633,655149527,,,0.002702,624.109,0.168481,1280.2,,,309.613,335.404,,,35.3267,316.296,,
34,3,1.0,927644,658277855,,,0.001344,522.003,0.023017,46.3887,,,256.762,32.1559,,,8.64226,29.8295,,
35,3,1.0,927644,658277855,,,0.002481,620.775,0.178985,1275.36,,,305.56,232.861,,,37.5183,251.065,,
36,3,1.0,927644,658277855,,,0.002655,616.478,0.17009,1233.16,,,294.963,174.405,,,30.3524,181.594,,
37,3,1.0,927644,658277855,,,0.002493,545.973,0.148272,43.0971,,,297.267,44.2594,,,33.6043,41.5796,,
38,3,1.0,927644,658277855,,,0.001987,542.638,0.063765,52.4955,,,268.528,35.5419,,,18.2137,34.2473,,
23,3,5.0,33828344,3082684659,,,0.002139,3761.53,0.080074,576.651,,,279.663,465.075,,,23.7763,451.275,,
24,3,5.0,33828344,3082684659,,,0.001542,4575.28,0.167279,5991.16,,,291.991,1307.77,,,29.16,1329.86,,
25,3,5.0,33828344,3082684659,,,0.001864,4535.37,0.080178,6173.7,,,288.686,1952.09,,,25.4027,1833.58,,
26,3,5.0,33828344,3082684659,,,0.00211,4586.11,0.142652,6198.39,,,287.388,2674.15,,,26.8716,2408.85,,
27,3,5.0,33828344,3082684659,,,0.001668,4439.17,0.16193,3813.65,,,304.018,1281.44,,,29.361,1190.31,,
28,3,5.0,7011291,3257070691,,,0.002334,3180.94,0.14197,6220.5,,,292.565,1000.11,,,33.8973,1022.31,,
29,3,5.0,7011291,3257070691,,,0.00229,2671.43,0.073566,238.33,,,290.602,210.48,,,23.6841,205.539,,
30,3,5.0,7011291,3257070691,,,0.001814,2776.01,0.159326,260.997,,,297.179,282.62,,,32.8846,211.429,,
31,3,5.0,7011291,3257070691,,,0.001558,3012.45,0.149665,6124.83,,,282.633,632.233,,,24.7081,618.499,,
32,3,5.0,7011291,3257070691,,,0.001453,2739.12,0.068304,230.361,,,274.928,243.114,,,12.6779,198.566,,
33,3,5.0,7011291,3257070691,,,0.002607,3148.8,0.15633,6220.97,,,314.587,1529.33,,,40.4855,1302.68,,
34,3,5.0,4636953,3182175376,,,0.001225,2655.05,0.033164,228.573,,,260.22,159.696,,,8.68192,145.127,,
35,3,5.0,4636953,3182175376,,,0.002332,3032.63,0.19298,6023.3,,,321.842,1203.07,,,38.619,1128.93,,
36,3,5.0,4636953,3182175376,,,0.001753,3030.27,0.161806,6072.13,,,294.493,873.794,,,31.5324,835.212,,
37,3,5.0,4636953,3182175376,,,0.001699,2575.76,0.178784,215.62,,,305.251,218.237,,,39.0492,207.701,,
38,3,5.0,4636953,3182175376,,,0.001899,2658.41,0.070118,266.068,,,268.617,174.119,,,19.8002,173.656,,
23,3,10.0,67660687,6184352277,,,0.002064,7717.39,0.071707,1155.45,,,287.962,933.866,,,25.9989,894.467,,
24,3,10.0,67660687,6184352277,,,0.001621,9323.21,0.181947,12101.2,,,305.903,3166.08,,,35.7221,2912.51,,
25,3,10.0,67660687,6184352277,,,0.001605,9166.76,0.090992,12162.7,,,278.764,3399.73,,,24.9308,3275.25,,
26,3,10.0,67660687,6184352277,,,0.001939,9451.29,0.144723,12368.0,,,295.295,7530.61,,,28.515,6695.37,,
27,3,10.0,67660687,6184352277,,,0.00175,9020.98,0.135778,7450.62,,,293.893,2675.79,,,27.5277,2507.47,,
28,3,10.0,14020516,6456897276,,,0.002773,6159.03,0.157885,12272.4,,,302.97,2988.06,,,38.5277,2862.12,,
29,3,10.0,14020516,6456897276,,,0.002251,5329.4,0.070074,478.589,,,276.367,428.108,,,23.8347,410.842,,
30,3,10.0,14020516,6456897276,,,0.001714,5327.05,0.167103,509.105,,,297.201,574.282,,,33.8241,430.672,,
31,3,10.0,14020516,6456897276,,,0.002266,5968.36,0.182231,12188.9,,,308.318,1356.84,,,29.3628,1210.38,,
32,3,10.0,14020516,6456897276,,,0.001241,5328.12,0.066708,461.735,,,278.841,550.721,,,17.1103,396.386,,
33,3,10.0,14020516,6456897276,,,0.001951,6275.3,0.182982,12281.3,,,318.029,2553.37,,,41.3384,2242.37,,
34,3,10.0,9274247,6458705637,,,0.001493,5415.47,0.036336,456.415,,,254.487,307.544,,,9.31703,292.423,,
35,3,10.0,9274247,6458705637,,,0.001944,6259.83,0.151473,12295.5,,,322.035,1966.52,,,38.3877,1804.25,,
36,3,10.0,9274247,6458705637,,,0.001666,6134.77,0.156832,12291.1,,,304.804,1794.48,,,33.1638,1715.73,,
37,3,10.0,9274247,6458705637,,,0.001586,5432.67,0.141258,367.097,,,304.269,417.786,,,37.2231,302.89,,
38,3,10.0,9274247,6458705637,,,0.001383,5411.15,0.08771,516.589,,,266.502,348.075,,,18.1155,350.091,,
28,3,50.0,70103102,32803838059,,,0.002229,30844.9,0.137951,62899.4,,,291.294,14113.9,,,33.2813,14610.8,,
29,3,50.0,70103102,32803838059,,,0.001666,26693.7,0.073279,2376.46,,,284.409,2129.38,,,25.6268,2058.76,,
30,3,50.0,70103102,32803838059,,,0.00157,26721.0,0.145819,2337.33,,,297.309,2828.0,,,28.5653,2135.92,,
31,3,50.0,70103102,32803838059,,,0.00225,29847.3,0.130067,61825.1,,,290.739,6490.81,,,24.9015,6044.55,,
32,3,50.0,70103102,32803838059,,,0.001575,26561.3,0.065849,2317.02,,,275.292,2475.56,,,12.4835,1942.34,,
33,3,50.0,70103102,32803838059,,,0.002177,31271.6,0.198764,62447.1,,,310.682,15298.8,,,44.8395,13796.3,,
34,3,50.0,46375197,33122096590,,,0.001957,26406.8,0.025702,2297.05,,,265.592,1532.36,,,8.81511,1428.0,,
35,3,50.0,46375197,33122096590,,,0.002029,30744.9,0.155119,62872.9,,,316.381,15353.5,,,37.1507,12729.6,,
36,3,50.0,46375197,33122096590,,,0.001671,29984.1,0.139375,62916.3,,,294.978,9465.22,,,31.3092,9270.37,,
37,3,50.0,46375197,33122096590,,,0.00158,26401.9,0.169543,2187.34,,,301.092,2185.0,,,39.0675,2068.61,,
38,3,50.0,46375197,33122096590,,,0.001689,26381.6,0.093984,2732.55,,,266.344,1862.17,,,19.5332,1840.86,,
23,4,0.01,67548,6157926,,,0.00156,8.22942,0.079166,1.25002,,,279.786,1.0072,,,26.5988,0.960093,,
24,4,0.01,67548,6157926,,,0.001229,9.8054,0.216628,12.8792,,,307.107,3.49362,,,32.1048,2.93723,,
25,4,0.01,67548,6157926,,,0.001004,9.54795,0.084458,13.0474,,,291.906,3.92496,,,23.2048,3.46418,,
26,4,0.01,67548,6157926,,,0.000999,9.76026,0.183298,12.7336,,,300.88,5.31167,,,29.8012,4.83349,,
27,4,0.01,67548,6157926,,,0.00094,8.68762,0.080474,7.53115,,,294.739,2.38526,,,21.7895,2.0408,,
28,4,0.01,13706,6207919,,,0.001323,6.04489,0.098509,12.4224,,,299.557,2.57481,,,30.6269,2.17012,,
29,4,0.01,13706,6207919,,,0.001121,5.66343,0.105691,0.432807,,,290.205,0.442476,,,24.4826,0.425218,,
30,4,0.01,13706,6207919,,,0.001068,5.50784,0.139203,0.217422,,,304.121,0.599446,,,28.8104,0.404835,,
31,4,0.01,13706,6207919,,,0.001042,6.10219,0.113082,12.4012,,,291.423,1.34005,,,22.2803,1.14237,,
32,4,0.01,13706,6207919,,,0.00074,5.20591,0.057068,0.190945,,,269.328,0.47292,,,11.7476,0.337346,,
33,4,0.01,13706,6207919,,,0.001161,6.20247,0.187671,12.5299,,,313.067,3.64774,,,43.3177,3.6159,,
34,4,0.01,9104,6445396,,,0.000851,5.09778,0.015121,0.468234,,,259.002,0.340418,,,9.10576,0.304784,,
35,4,0.01,9104,6445396,,,0.001181,6.23172,0.192757,12.9844,,,322.103,4.1604,,,37.8994,3.4097,,
36,4,0.01,9104,6445396,,,0.001002,6.12326,0.177088,12.9651,,,297.813,2.31959,,,31.2088,2.2093,,
37,4,0.01,9104,6445396,,,0.000813,5.14321,0.159462,0.136611,,,301.482,0.458294,,,40.2404,0.382665,,
38,4,0.01,9104,6445396,,,0.000852,5.30368,0.060264,0.226063,,,267.379,0.374485,,,17.2202,0.312514,,
23,4,0.05,338143,31241554,,,0.001037,37.2919,0.059524,6.1087,,,283.562,4.88738,,,21.3076,4.67982,,
24,4,0.05,338143,31241554,,,0.00091,46.4049,0.21979,60.3507,,,295.314,16.4094,,,32.3793,14.9781,,
25,4,0.05,338143,31241554,,,0.000975,44.2237,0.074513,63.1393,,,276.932,18.2056,,,21.2642,16.9815,,
26,4,0.05,338143,31241554,,,0.000846,46.4956,0.122517,63.0998,,,282.218,26.3745,,,23.8877,25.0725,,
27,4,0.05,338143,31241554,,,0.000913,44.7662,0.118926,38.1698,,,290.497,14.0531,,,25.9336,12.2139,,
28,4,0.05,69346,31164251,,,0.001589,30.2522,0.118368,61.0834,,,286.627,12.0693,,,33.2623,10.027,,
29,4,0.05,69346,31164251,,,0.001125,26.2928,0.053539,2.26866,,,277.368,2.16597,,,24.9077,2.04442,,
30,4,0.05,69346,31164251,,,0.000955,24.8164,0.12682,1.91177,,,308.2,2.88321,,,29.2863,2.16533,,
31,4,0.05,69346,31164251,,,0.000961,29.793,0.126408,62.3978,,,284.534,6.72144,,,23.0803,5.7012,,
32,4,0.05,69346,31164251,,,0.000682,25.8387,0.065647,1.99954,,,270.444,2.18637,,,11.6761,1.88927,,
33,4,0.05,69346,31164251,,,0.001361,30.1404,0.228593,63.3905,,,315.131,19.1373,,,41.0902,16.5518,,
34,4,0.05,46252,32482073,,,0.000936,25.8519,0.033535,2.33616,,,258.72,1.64725,,,8.25178,1.48921,,
35,4,0.05,46252,32482073,,,0.001129,29.9555,0.195415,65.9177,,,316.645,18.0834,,,38.448,15.4474,,
36,4,0.05,46252,32482073,,,0.000933,31.1167,0.177133,65.5762,,,306.92,9.8194,,,31.7194,8.17699,,
37,4,0.05,46252,32482073,,,0.000926,26.3753,0.176649,2.18519,,,305.245,2.25997,,,35.443,2.12314,,
38,4,0.05,46252,32482073,,,0.000811,25.7716,0.083481,1.99948,,,278.286,1.99729,,,19.9745,1.89713,,
23,4,0.1,676808,61784375,,,0.001087,77.5771,0.067793,13.3873,,,290.468,9.52996,,,22.1381,8.83246,,
24,4,0.1,676808,61784375,,,0.001117,92.5548,0.214018,128.164,,,306.408,51.2968,,,33.7508,49.1075,,
25,4,0.1,676808,61784375,,,0.001008,91.8639,0.071734,128.646,,,277.496,26.7961,,,20.9633,24.2837,,
26,4,0.1,676808,61784375,,,0.000959,92.6997,0.154448,125.822,,,286.42,60.3188,,,26.2965,52.6568,,
27,4,0.1,676808,61784375,,,0.000982,89.2652,0.106087,75.4449,,,288.622,27.9,,,24.2231,24.1588,,
28,4,0.1,140045,64597512,,,0.001606,61.1714,0.132565,125.28,,,296.008,23.0158,,,35.5131,18.8558,,
29,4,0.1,140045,64597512,,,0.001494,53.321,0.062487,5.08177,,,287.175,4.504,,,21.4708,4.1493,,
30,4,0.1,140045,64597512,,,0.001017,52.3784,0.141734,4.86188,,,298.022,5.83481,,,34.5795,4.26601,,
31,4,0.1,140045,64597512,,,0.001052,60.639,0.141323,123.686,,,284.492,13.7569,,,23.652,12.3105,,
32,4,0.1,140045,64597512,,,0.000791,53.7766,0.05532,3.26568,,,262.762,5.17062,,,11.9462,4.01198,,
33,4,0.1,140045,64597512,,,0.001278,63.3478,0.185242,124.974,,,302.674,23.0,,,36.8456,19.838,,
34,4,0.1,92437,65159782,,,0.00113,52.9959,0.025395,4.55988,,,260.472,3.26469,,,8.39313,2.93674,,
35,4,0.1,92437,65159782,,,0.001606,61.9945,0.122864,124.547,,,302.467,10.0508,,,31.6955,8.28644,,
36,4,0.1,92437,65159782,,,0.000992,60.4895,0.140482,126.015,,,309.337,21.7437,,,31.499,19.2041,,
37,4,0.1,92437,65159782,,,0.000973,51.368,0.133094,4.10788,,,305.939,4.44789,,,35.7559,4.08731,,
38,4,0.1,92437,65159782,,,0.000788,53.4258,0.090482,4.95094,,,271.693,3.94123,,,14.7114,3.70597,,
23,4,0.5,3381970,305540942,,,0.001371,378.859,0.066256,58.0203,,,286.542,47.796,,,23.0639,43.0574,,
24,4,0.5,3381970,305540942,,,0.001153,450.412,0.209704,602.913,,,301.929,167.838,,,30.9327,164.082,,
25,4,0.5,3381970,305540942,,,0.001432,437.428,0.070863,613.898,,,290.383,193.351,,,23.4326,187.698,,
26,4,0.5,3381970,305540942,,,0.001251,453.719,0.152314,597.429,,,292.922,233.979,,,29.7678,217.438,,
27,4,0.5,3381970,305540942,,,0.001512,430.711,0.076241,361.864,,,275.934,99.355,,,26.0277,96.8923,,
28,4,0.5,700773,324657277,,,0.001685,306.627,0.134563,601.464,,,293.905,137.611,,,36.5803,137.51,,
29,4,0.5,700773,324657277,,,0.00166,266.643,0.072737,22.797,,,279.032,21.2702,,,26.0811,20.8186,,
30,4,0.5,700773,324657277,,,0.001527,266.944,0.163158,25.4791,,,299.417,29.3941,,,33.5351,21.3264,,
31,4,0.5,700773,324657277,,,0.001961,303.637,0.117987,592.029,,,284.517,67.1943,,,24.3949,58.5572,,
32,4,0.5,700773,324657277,,,0.001123,271.629,0.056513,22.2874,,,272.268,25.8087,,,12.1196,19.9935,,
33,4,0.5,700773,324657277,,,0.001901,321.323,0.165416,605.095,,,312.582,130.975,,,41.0001,116.43,,
34,4,0.5,464093,326362612,,,0.001262,267.105,0.025178,22.5097,,,260.438,15.9689,,,9.31864,14.8501,,
35,4,0.5,464093,326362612,,,0.00171,310.139,0.166999,615.617,,,313.977,72.5702,,,38.1686,63.9993,,
36,4,0.5,464093,326362612,,,0.0013,305.76,0.152128,632.348,,,305.441,103.414,,,31.555,100.755,,
37,4,0.5,464093,326362612,,,0.001542,272.69,0.184266,21.7488,,,309.269,22.1932,,,39.1596,20.7812,,
38,4,0.5,464093,326362612,,,0.001991,269.295,0.077833,26.8566,,,278.862,18.7879,,,20.0436,18.0709,,
23,4,1.0,6763320,618802298,,,0.002019,757.007,0.088012,117.947,,,281.492,91.9699,,,24.2852,89.5918,,
24,4,1.0,6763320,618802298,,,0.002182,902.091,0.151174,1221.51,,,291.023,253.318,,,31.3073,276.622,,
25,4,1.0,6763320,618802298,,,0.001596,873.788,0.072311,1242.58,,,278.641,300.064,,,23.5386,283.889,,
26,4,1.0,6763320,618802298,,,0.001852,900.652,0.161573,1223.96,,,294.227,614.568,,,30.719,658.733,,
27,4,1.0,6763320,618802298,,,0.00151,863.324,0.111674,736.95,,,293.013,258.309,,,26.2528,246.006,,
28,4,1.0,1402633,655149527,,,0.001786,620.096,0.154497,1221.08,,,303.497,287.807,,,36.8187,258.768,,
29,4,1.0,1402633,655149527,,,0.001639,548.377,0.064406,47.1647,,,282.858,42.819,,,24.9296,40.9636,,
30,4,1.0,1402633,655149527,,,0.001529,547.42,0.127416,46.0465,,,300.15,58.0257,,,28.9604,42.5356,,
31,4,1.0,1402633,655149527,,,0.001673,608.007,0.125495,1250.71,,,293.345,134.108,,,22.7406,119.266,,
32,4,1.0,1402633,655149527,,,0.001144,542.238,0.060825,45.4023,,,271.296,52.5238,,,12.0406,39.6658,,
33,4,1.0,1402633,655149527,,,0.002404,636.528,0.143466,1267.75,,,315.308,317.326,,,35.9649,317.635,,
34,4,1.0,927644,658277855,,,0.001415,513.818,0.021186,46.3252,,,250.721,31.7778,,,8.20963,29.4689,,
35,4,1.0,927644,658277855,,,0.001845,594.733,0.157649,1234.91,,,306.591,235.515,,,37.9445,249.076,,
36,4,1.0,927644,658277855,,,0.00195,581.805,0.17719,1220.86,,,295.27,175.478,,,32.8594,178.967,,
37,4,1.0,927644,658277855,,,0.001403,514.293,0.153081,43.129,,,300.361,44.1561,,,34.1137,41.2262,,
38,4,1.0,927644,658277855,,,0.001302,515.678,0.063734,52.162,,,267.756,35.2624,,,17.5121,34.4319,,
23,4,5.0,33828344,3082684659,,,0.002024,3812.66,0.086564,572.102,,,278.048,470.229,,,24.0475,441.603,,
24,4,5.0,33828344,3082684659,,,0.001648,4493.27,0.149833,6001.94,,,300.605,1312.85,,,30.0483,1274.11,,
25,4,5.0,33828344,3082684659,,,0.001679,4494.41,0.080708,6167.32,,,287.311,1924.35,,,24.3301,1822.29,,
26,4,5.0,33828344,3082684659,,,0.002069,4618.44,0.132073,6196.43,,,287.32,2740.65,,,28.041,2479.33,,
27,4,5.0,33828344,3082684659,,,0.00152,4432.23,0.159304,3753.05,,,301.78,1266.93,,,29.1701,1186.02,,
28,4,5.0,7011291,3257070691,,,0.002238,3058.82,0.120954,6236.97,,,288.794,980.031,,,31.5282,978.275,,
29,4,5.0,7011291,3257070691,,,0.002037,2690.68,0.07164,239.408,,,279.423,213.387,,,23.0072,202.343,,
30,4,5.0,7011291,3257070691,,,0.001707,2654.25,0.171763,260.843,,,307.55,284.252,,,31.0422,208.884,,
31,4,5.0,7011291,3257070691,,,0.001998,3041.04,0.13502,6158.74,,,285.061,646.695,,,24.8087,614.057,,
32,4,5.0,7011291,3257070691,,,0.001489,2627.97,0.063858,226.248,,,273.041,250.382,,,12.9134,198.483,,
33,4,5.0,7011291,3257070691,,,0.00254,3159.62,0.155555,6214.61,,,327.328,1485.23,,,42.4947,1359.77,,
34,4,5.0,4636953,3182175376,,,0.001732,2511.19,0.03104,224.951,,,249.772,155.296,,,9.54712,146.784,,
35,4,5.0,4636953,3182175376,,,0.002323,3036.47,0.191163,6041.03,,,310.22,1188.11,,,41.26,1145.63,,
36,4,5.0,4636953,3182175376,,,0.00235,2880.65,0.152623,6041.72,,,295.3,890.077,,,29.4855,801.766,,
37,4,5.0,4636953,3182175376,,,0.001822,2549.75,0.168417,217.124,,,302.393,218.104,,,39.2495,205.763,,
38,4,5.0,4636953,3182175376,,,0.001857,2565.51,0.077306,269.689,,,273.01,176.269,,,18.624,171.643,,
23,4,10.0,67660687,6184352277,,,0.001767,7678.09,0.084016,1174.38,,,291.524,917.654,,,24.5312,877.913,,
24,4,10.0,67660687,6184352277,,,0.00192,9277.02,0.182343,12034.4,,,301.134,3098.62,,,34.3415,2984.1,,
25,4,10.0,67660687,6184352277,,,0.002227,9136.9,0.099356,12051.2,,,293.938,3381.48,,,24.14,3176.49,,
26,4,10.0,67660687,6184352277,,,0.001596,9392.35,0.141539,12338.9,,,283.002,7483.34,,,29.5998,6700.87,,
27,4,10.0,67660687,6184352277,,,0.001713,8988.46,0.148029,7508.19,,,305.994,2610.49,,,27.1585,2583.65,,
28,4,10.0,14020516,6456897276,,,0.002261,6073.68,0.15361,12373.4,,,303.444,3005.82,,,38.1999,2765.13,,
29,4,10.0,14020516,6456897276,,,0.001618,5209.25,0.064634,474.843,,,272.655,421.896,,,23.0244,405.8,,
30,4,10.0,14020516,6456897276,,,0.002029,5195.78,0.181765,503.402,,,301.543,574.99,,,32.9537,427.961,,
31,4,10.0,14020516,6456897276,,,0.001785,5876.05,0.162224,12141.4,,,303.008,1357.51,,,30.0191,1244.57,,
32,4,10.0,14020516,6456897276,,,0.001094,5254.18,0.067296,457.439,,,280.676,538.966,,,18.0408,395.521,,
33,4,10.0,14020516,6456897276,,,0.00191,6182.04,0.203623,12343.9,,,316.441,2567.64,,,42.4727,2257.6,,
34,4,10.0,9274247,6458705637,,,0.001555,5301.94,0.031147,451.339,,,260.984,312.783,,,8.96428,285.266,,
35,4,10.0,9274247,6458705637,,,0.00223,6136.89,0.151424,12227.6,,,315.157,1963.67,,,38.6659,1753.29,,
36,4,10.0,9274247,6458705637,,,0.001536,6003.83,0.183463,12282.9,,,295.164,1737.04,,,30.8402,1772.45,,
37,4,10.0,9274247,6458705637,,,0.001732,5279.76,0.150532,368.199,,,294.763,418.701,,,38.5668,303.648,,
38,4,10.0,9274247,6458705637,,,0.00168,5288.61,0.086136,518.503,,,270.812,352.974,,,19.3867,348.792,,
28,4,50.0,70103102,32803838059,,,0.002045,30289.6,0.148541,62833.4,,,299.704,14104.5,,,34.9497,14513.1,,
29,4,50.0,70103102,32803838059,,,0.001999,26133.2,0.080316,2332.82,,,285.948,2101.88,,,24.0044,2034.2,,
30,4,50.0,70103102,32803838059,,,0.001603,26129.0,0.173286,2319.42,,,292.609,2843.99,,,29.6896,2142.23,,
31,4,50.0,70103102,32803838059,,,0.001579,29354.1,0.118369,61782.3,,,307.036,6456.15,,,25.212,6012.59,,
32,4,50.0,70103102,32803838059,,,0.001176,26165.9,0.064582,2339.72,,,265.24,2446.36,,,13.7778,1977.38,,
33,4,50.0,70103102,32803838059,,,0.001973,30771.2,0.185669,62280.2,,,322.696,15268.7,,,44.4926,13699.7,,
34,4,50.0,46375197,33122096590,,,0.001614,25636.1,0.024312,2279.27,,,251.333,1520.14,,,8.89551,1435.02,,
35,4,50.0,46375197,33122096590,,,0.001842,30086.3,0.138459,62904.6,,,311.779,15545.5,,,39.0714,12749.6,,
36,4,50.0,46375197,33122096590,,,0.001792,29280.4,0.141586,62984.3,,,294.087,9343.81,,,31.2881,9188.92,,
37,4,50.0,46375197,33122096590,,,0.001659,25760.1,0.178738,2157.81,,,303.117,2200.37,,,38.5475,2074.63,,
38,4,50.0,46375197,33122096590,,,0.00149,25704.5,0.08168,2740.16,,,267.275,1850.88,,,19.4041,1835.12,,
23,5,0.01,67548,6157926,,,0.0026,8.36081,0.07611,1.29549,,,285.444,0.991344,,,26.5048,0.917071,,
24,5,0.01,67548,6157926,,,0.001213,9.73043,0.213474,12.5987,,,308.577,3.47527,,,33.113,3.11437,,
25,5,0.01,67548,6157926,,,0.000964,8.7506,0.082387,11.7497,,,286.484,3.87537,,,22.9243,3.31871,,
26,5,0.01,67548,6157926,,,0.000761,8.9571,0.154717,11.732,,,303.015,5.11287,,,29.9583,4.27631,,
27,5,0.01,67548,6157926,,,0.000998,8.46988,0.089553,7.27011,,,288.496,2.33225,,,22.5264,2.28921,,
28,5,0.01,13706,6207919,,,0.001225,5.75592,0.108541,12.0745,,,293.923,2.56573,,,34.685,2.40846,,
29,5,0.01,13706,6207919,,,0.001033,4.90524,0.102263,0.45611,,,290.853,0.682966,,,26.4177,0.428677,,
30,5,0.01,13706,6207919,,,0.000834,4.88978,0.132309,0.203128,,,303.154,0.59142,,,27.2887,0.381002,,
31,5,0.01,13706,6207919,,,0.000872,5.44827,0.106387,12.1815,,,293.485,1.3516,,,24.7458,1.27408,,
32,5,0.01,13706,6207919,,,0.000666,4.86482,0.057763,0.193414,,,271.555,0.527251,,,13.1671,0.404013,,
33,5,0.01,13706,6207919,,,0.001034,5.70319,0.170901,11.1592,,,303.708,3.66116,,,47.2829,3.56428,,
34,5,0.01,9104,6445396,,,0.000581,5.10533,0.015234,0.476079,,,250.144,0.351321,,,8.55244,0.302878,,
35,5,0.01,9104,6445396,,,0.001183,5.68427,0.154769,12.6372,,,311.861,4.15922,,,38.2303,3.29191,,
36,5,0.01,9104,6445396,,,0.000807,5.55271,0.174952,12.851,,,295.02,2.33102,,,32.7728,2.07641,,
37,5,0.01,9104,6445396,,,0.000832,5.10994,0.162095,0.142153,,,304.385,0.455127,,,38.0003,0.378349,,
38,5,0.01,9104,6445396,,,0.000812,5.40671,0.060759,0.224246,,,267.052,0.377621,,,17.2225,0.286601,,
23,5,0.05,338143,31241554,,,0.000814,37.7864,0.058257,6.05838,,,276.829,4.89666,,,21.2039,4.62404,,
24,5,0.05,338143,31241554,,,0.00125,43.6093,0.217467,61.0165,,,296.023,16.9839,,,31.6793,14.9899,,
25,5,0.05,338143,31241554,,,0.000941,45.0208,0.074138,63.2857,,,277.782,19.2831,,,21.6806,16.9321,,
26,5,0.05,338143,31241554,,,0.000857,44.9535,0.131887,63.7379,,,288.626,28.1106,,,24.7921,23.845,,
27,5,0.05,338143,31241554,,,0.001323,43.6958,0.131827,38.9282,,,301.778,14.2986,,,25.4251,12.4521,,
28,5,0.05,69346,31164251,,,0.00131,27.8278,0.122495,62.6685,,,306.314,12.309,,,33.6902,10.031,,
29,5,0.05,69346,31164251,,,0.001071,24.7572,0.075989,2.42269,,,285.026,2.14182,,,23.4105,2.03841,,
30,5,0.05,69346,31164251,,,0.001059,25.0774,0.129067,1.95799,,,302.002,2.89164,,,28.3478,2.08929,,
31,5,0.05,69346,31164251,,,0.000933,28.1843,0.125569,59.7742,,,292.804,6.73601,,,23.8037,6.21123,,
32,5,0.05,69346,31164251,,,0.000801,23.9075,0.048828,1.05273,,,276.018,2.55357,,,12.1648,1.79642,,
33,5,0.05,69346,31164251,,,0.001337,28.2324,0.212486,60.515,,,318.657,19.3316,,,39.8003,16.7796,,
34,5,0.05,46252,32482073,,,0.000723,25.6191,0.025024,2.3298,,,260.011,1.63335,,,8.46928,1.49597,,
35,5,0.05,46252,32482073,,,0.001343,29.839,0.166854,62.5915,,,319.998,17.9135,,,38.5824,13.995,,
36,5,0.05,46252,32482073,,,0.000938,27.9893,0.166132,63.4901,,,302.449,9.30442,,,31.3435,8.01144,,
37,5,0.05,46252,32482073,,,0.0008,24.6783,0.131656,1.92192,,,296.375,2.26273,,,35.9189,2.06394,,
38,5,0.05,46252,32482073,,,0.000778,26.2155,0.077043,1.8133,,,271.342,1.90486,,,18.548,1.83308,,
23,5,0.1,676808,61784375,,,0.000969,72.7295,0.061461,12.6339,,,275.832,9.49441,,,22.9702,8.93165,,
24,5,0.1,676808,61784375,,,0.000972,90.8298,0.212117,122.881,,,302.412,49.3845,,,34.2235,49.0103,,
25,5,0.1,676808,61784375,,,0.000913,94.2634,0.070954,126.303,,,274.108,26.6458,,,21.6028,23.9288,,
26,5,0.1,676808,61784375,,,0.002714,95.7047,0.155706,126.26,,,285.287,59.161,,,27.0583,52.6282,,
27,5,0.1,676808,61784375,,,0.0024,86.6645,0.109229,77.1937,,,287.491,26.6905,,,23.6892,24.8136,,
28,5,0.1,140045,64597512,,,0.001921,58.9082,0.146055,125.982,,,293.728,23.1029,,,35.433,19.3429,,
29,5,0.1,140045,64597512,,,0.001123,51.3966,0.055235,5.18506,,,273.462,4.56167,,,21.2395,4.22734,,
30,5,0.1,140045,64597512,,,0.001004,51.5047,0.152591,4.88099,,,300.686,5.74982,,,34.4815,4.42012,,
31,5,0.1,140045,64597512,,,0.000959,55.9106,0.114673,122.435,,,285.015,13.8246,,,22.921,12.1269,,
32,5,0.1,140045,64597512,,,0.000846,51.3542,0.05066,3.2722,,,274.195,4.63823,,,11.8667,3.92612,,
33,5,0.1,140045,64597512,,,0.001165,58.7545,0.174306,125.962,,,323.551,22.8337,,,37.824,19.5793,,
34,5,0.1,92437,65159782,,,0.000887,53.3021,0.022781,4.62547,,,254.904,3.22668,,,8.60683,2.96433,,
35,5,0.1,92437,65159782,,,0.001572,58.4658,0.124211,125.843,,,300.085,9.96669,,,31.7979,8.54028,,
36,5,0.1,92437,65159782,,,0.001149,57.3222,0.154359,127.271,,,299.401,21.9201,,,31.8673,19.1265,,
37,5,0.1,92437,65159782,,,0.000949,49.4564,0.169517,4.29092,,,309.937,4.44344,,,35.777,4.06504,,
38,5,0.1,92437,65159782,,,0.001273,50.8073,0.083769,4.98474,,,270.712,3.96657,,,15.5679,3.92651,,
23,5,0.5,3381970,305540942,,,0.00124,374.458,0.073918,58.2622,,,285.089,46.9572,,,22.4579,43.6823,,
24,5,0.5,3381970,305540942,,,0.001077,465.045,0.187845,610.053,,,306.552,168.021,,,32.3256,161.529,,
25,5,0.5,3381970,305540942,,,0.001019,457.64,0.072851,624.736,,,277.587,189.301,,,21.632,179.986,,
26,5,0.5,3381970,305540942,,,0.001158,469.237,0.156077,604.482,,,294.736,236.193,,,29.1076,216.919,,
27,5,0.5,3381970,305540942,,,0.00115,450.165,0.073468,365.909,,,279.904,103.22,,,25.4443,96.221,,
28,5,0.5,700773,324657277,,,0.001295,315.816,0.154062,613.509,,,299.38,135.722,,,36.6411,136.092,,
29,5,0.5,700773,324657277,,,0.001117,274.58,0.081275,24.124,,,277.113,21.3969,,,25.5958,20.6916,,
30,5,0.5,700773,324657277,,,0.001406,273.684,0.168913,25.7138,,,299.315,29.659,,,34.7259,21.4533,,
31,5,0.5,700773,324657277,,,0.001275,306.437,0.119524,599.542,,,285.532,63.8352,,,23.7533,58.9885,,
32,5,0.5,700773,324657277,,,0.001043,268.834,0.060135,22.7469,,,266.063,21.8881,,,12.6244,19.865,,
33,5,0.5,700773,324657277,,,0.001475,308.939,0.200559,610.974,,,316.906,132.316,,,38.7904,115.469,,
34,5,0.5,464093,326362612,,,0.001058,260.537,0.03047,22.5257,,,259.173,16.4525,,,9.08409,14.8292,,
35,5,0.5,464093,326362612,,,0.001428,303.808,0.172418,619.147,,,313.241,72.8006,,,37.371,66.3695,,
36,5,0.5,464093,326362612,,,0.001097,296.906,0.148868,640.283,,,303.139,103.197,,,31.3691,102.555,,
37,5,0.5,464093,326362612,,,0.001038,259.065,0.192673,21.872,,,311.128,22.177,,,40.0106,20.8113,,
38,5,0.5,464093,326362612,,,0.001335,258.237,0.104295,26.7759,,,277.594,18.7656,,,20.6106,18.0449,,
23,5,1.0,6763320,618802298,,,0.001241,744.872,0.080166,119.44,,,287.646,93.5637,,,24.8432,90.0716,,
24,5,1.0,6763320,618802298,,,0.001436,909.193,0.153402,1229.23,,,306.024,264.691,,,30.523,282.512,,
25,5,1.0,6763320,618802298,,,0.001546,918.261,0.072763,1241.0,,,285.457,296.596,,,23.4331,285.835,,
26,5,1.0,6763320,618802298,,,0.00168,942.562,0.159403,1222.02,,,288.078,615.819,,,28.2108,652.45,,
27,5,1.0,6763320,618802298,,,0.001471,909.185,0.111215,743.604,,,285.273,248.61,,,26.3424,237.16,,
28,5,1.0,1402633,655149527,,,0.00213,607.735,0.148758,1254.12,,,289.59,276.244,,,35.1177,247.777,,
29,5,1.0,1402633,655149527,,,0.001833,520.864,0.066308,46.3923,,,274.361,42.2826,,,23.024,40.571,,
30,5,1.0,1402633,655149527,,,0.001371,523.096,0.138809,46.0885,,,298.02,57.8191,,,27.7776,42.4004,,
31,5,1.0,1402633,655149527,,,0.001435,585.007,0.121048,1254.94,,,282.287,129.151,,,22.8755,120.091,,
32,5,1.0,1402633,655149527,,,0.0013,523.77,0.061158,45.3272,,,269.374,51.6632,,,12.1691,39.6761,,
33,5,1.0,1402633,655149527,,,0.002299,623.803,0.161924,1272.69,,,301.422,335.854,,,37.5613,315.381,,
34,5,1.0,927644,658277855,,,0.001193,527.316,0.022112,45.7183,,,271.882,32.1738,,,8.17583,29.2395,,
35,5,1.0,927644,658277855,,,0.002139,614.214,0.182672,1237.0,,,315.486,248.02,,,37.8346,250.861,,
36,5,1.0,927644,658277855,,,0.001524,596.189,0.1766,1239.92,,,307.997,180.244,,,31.743,179.59,,
37,5,1.0,927644,658277855,,,0.001405,520.778,0.14479,43.2833,,,307.465,44.1836,,,34.5125,41.4283,,
38,5,1.0,927644,658277855,,,0.001693,523.869,0.068096,52.0617,,,273.96,35.6332,,,17.6736,34.9473,,
23,5,5.0,33828344,3082684659,,,0.001736,3741.25,0.078684,575.577,,,289.595,467.118,,,25.0869,442.348,,
24,5,5.0,33828344,3082684659,,,0.001599,4599.94,0.152812,6014.15,,,290.679,1255.02,,,29.7794,1321.49,,
25,5,5.0,33828344,3082684659,,,0.002207,4588.62,0.088469,6180.35,,,280.07,1935.15,,,24.5585,1845.06,,
26,5,5.0,33828344,3082684659,,,0.002077,4631.53,0.129935,6196.13,,,295.16,2722.08,,,28.9589,2419.32,,
27,5,5.0,33828344,3082684659,,,0.001766,4483.18,0.163339,3762.7,,,294.136,1230.93,,,29.2301,1218.36,,
28,5,5.0,7011291,3257070691,,,0.00207,3139.13,0.134663,6241.34,,,297.062,1012.67,,,32.5474,1013.39,,
29,5,5.0,7011291,3257070691,,,0.001656,2629.58,0.069978,241.329,,,297.193,212.444,,,25.1173,205.424,,
30,5,5.0,7011291,3257070691,,,0.002093,2672.89,0.173081,270.021,,,307.095,283.622,,,32.9227,212.103,,
31,5,5.0,7011291,3257070691,,,0.002253,3012.07,0.144452,6141.78,,,291.813,644.139,,,24.109,600.672,,
32,5,5.0,7011291,3257070691,,,0.001866,2655.38,0.070661,230.648,,,266.195,246.349,,,12.724,197.802,,
33,5,5.0,7011291,3257070691,,,0.002168,3157.77,0.157172,6201.45,,,309.026,1461.24,,,41.688,1307.8,,
34,5,5.0,4636953,3182175376,,,0.001387,2530.64,0.032139,226.643,,,252.664,156.47,,,8.78962,145.766,,
35,5,5.0,4636953,3182175376,,,0.002292,3015.86,0.177411,6017.85,,,323.161,1246.19,,,40.4322,1149.79,,
36,5,5.0,4636953,3182175376,,,0.001924,2905.38,0.157918,6054.58,,,302.045,941.123,,,31.7506,830.89,,
37,5,5.0,4636953,3182175376,,,0.00171,2580.06,0.166813,217.807,,,299.29,217.497,,,38.8954,208.645,,
38,5,5.0,4636953,3182175376,,,0.002261,2519.44,0.070553,271.266,,,266.037,173.656,,,19.0321,174.722,,
23,5,10.0,67660687,6184352277,,,0.002183,7742.53,0.079333,1166.85,,,280.428,915.548,,,25.0347,899.591,,
24,5,10.0,67660687,6184352277,,,0.001616,9377.97,0.185048,12052.4,,,298.019,3256.43,,,35.3003,2909.0,,
25,5,10.0,67660687,6184352277,,,0.001549,9165.74,0.101282,12066.6,,,278.821,3314.67,,,24.0584,3229.25,,
26,5,10.0,67660687,6184352277,,,0.002232,9367.36,0.136609,12359.2,,,296.146,7576.73,,,29.0169,6701.78,,
27,5,10.0,67660687,6184352277,,,0.002122,9140.3,0.139276,7505.93,,,302.686,2596.95,,,28.0651,2513.84,,
28,5,10.0,14020516,6456897276,,,0.002045,6027.67,0.159305,12396.7,,,294.066,3029.6,,,36.2851,2824.48,,
29,5,10.0,14020516,6456897276,,,0.002136,5189.09,0.071707,485.499,,,282.487,428.714,,,25.0527,406.883,,
30,5,10.0,14020516,6456897276,,,0.002047,5227.19,0.154506,507.345,,,304.387,571.975,,,33.0009,425.902,,
31,5,10.0,14020516,6456897276,,,0.002003,5869.16,0.165837,12141.1,,,295.966,1287.68,,,29.4542,1218.08,,
32,5,10.0,14020516,6456897276,,,0.001379,5226.25,0.065163,455.568,,,285.414,542.636,,,17.2444,392.082,,
33,5,10.0,14020516,6456897276,,,0.001887,6172.37,0.187215,12325.2,,,309.279,2634.72,,,40.0923,2265.03,,
34,5,10.0,9274247,6458705637,,,0.00152,5319.63,0.032379,451.039,,,265.748,308.226,,,9.7676,293.805,,
35,5,10.0,9274247,6458705637,,,0.002018,6166.61,0.152297,12264.7,,,308.876,1985.03,,,41.056,1790.85,,
36,5,10.0,9274247,6458705637,,,0.002018,5999.94,0.156231,12280.2,,,305.65,1908.87,,,31.1485,1700.58,,
37,5,10.0,9274247,6458705637,,,0.001806,5290.83,0.149518,365.396,,,320.002,421.138,,,36.8857,298.135,,
38,5,10.0,9274247,6458705637,,,0.001546,5309.58,0.083312,525.697,,,276.976,350.845,,,17.8693,342.612,,
28,5,50.0,70103102,32803838059,,,0.002167,30296.5,0.155857,62800.3,,,292.732,14039.8,,,33.0393,14465.3,,
29,5,50.0,70103102,32803838059,,,0.002334,26168.1,0.080457,2383.35,,,276.746,2115.68,,,25.3744,2033.32,,
30,5,50.0,70103102,32803838059,,,0.001704,26119.0,0.149439,2325.53,,,305.565,2878.25,,,28.7944,2109.61,,
31,5,50.0,70103102,32803838059,,,0.002092,29330.9,0.117158,61871.3,,,284.481,6455.48,,,23.7306,6061.32,,
32,5,50.0,70103102,32803838059,,,0.001773,26134.2,0.062366,2332.45,,,261.467,2478.41,,,12.7928,1995.79,,
33,5,50.0,70103102,32803838059,,,0.002114,30778.7,0.187848,62618.5,,,327.541,15270.9,,,43.521,13701.2,,
34,5,50.0,46375197,33122096590,,,0.001419,25696.3,0.025555,2274.14,,,262.036,1537.23,,,8.95537,1425.51,,
35,5,50.0,46375197,33122096590,,,0.001852,30194.8,0.141704,63067.0,,,318.178,15305.8,,,37.4704,12770.4,,
36,5,50.0,46375197,33122096590,,,0.002206,29224.5,0.140599,62975.3,,,309.556,9475.67,,,31.0903,9194.46,,
37,5,50.0,46375197,33122096590,,,0.001636,25676.3,0.162777,2179.58,,,297.385,2189.66,,,40.3245,2083.95,,
38,5,50.0,46375197,33122096590,,,0.001712,25778.3,0.078618,2745.88,,,276.961,1875.73,,,20.3191,1843.82,,
23,6,0.01,67548,6157926,,,0.005252,8.34779,0.077079,1.22685,,,278.274,1.03296,,,25.856,0.940908,,
24,6,0.01,67548,6157926,,,0.001214,9.92636,0.211701,12.6873,,,299.166,3.45168,,,33.0947,3.13397,,
25,6,0.01,67548,6157926,,,0.000889,9.68506,0.083047,12.8922,,,278.962,3.93285,,,23.3265,3.32098,,
26,6,0.01,67548,6157926,,,0.000761,9.89911,0.167844,12.1372,,,301.234,5.15548,,,30.6513,4.28761,,
27,6,0.01,67548,6157926,,,0.000982,9.31118,0.092713,7.78604,,,290.592,2.34867,,,21.6175,2.21489,,
28,6,0.01,13706,6207919,,,0.002088,6.48294,0.108223,12.463,,,297.098,2.57659,,,30.4566,2.26089,,
29,6,0.01,13706,6207919,,,0.001262,5.5095,0.100573,0.444249,,,291.267,0.4409,,,25.2001,0.415445,,
30,6,0.01,13706,6207919,,,0.000901,5.37839,0.119179,0.192116,,,304.226,0.589878,,,27.1338,0.399597,,
31,6,0.01,13706,6207919,,,0.001048,5.64184,0.09669,11.62,,,291.338,1.34915,,,22.4127,1.13983,,
32,6,0.01,13706,6207919,,,0.000665,5.33023,0.051933,0.181534,,,272.077,0.456687,,,11.4284,0.316878,,
33,6,0.01,13706,6207919,,,0.001308,6.21749,0.170771,11.615,,,313.086,3.69227,,,44.2733,3.35139,,
34,6,0.01,9104,6445396,,,0.000855,5.27934,0.014424,0.489237,,,258.969,0.340619,,,8.16751,0.301018,,
35,6,0.01,9104,6445396,,,0.001214,6.23959,0.16935,12.0436,,,321.728,4.21806,,,38.2643,3.36586,,
36,6,0.01,9104,6445396,,,0.001073,6.05719,0.158689,12.4234,,,302.028,2.33536,,,32.0684,2.25405,,
37,6,0.01,9104,6445396,,,0.000906,5.29812,0.146129,0.136603,,,307.035,0.501527,,,38.8621,0.298691,,
38,6,0.01,9104,6445396,,,0.000738,5.18285,0.05475,0.20821,,,266.765,0.378179,,,17.1146,0.312161,,
23,6,0.05,338143,31241554,,,0.000901,38.3741,0.053352,5.80272,,,276.825,4.9026,,,20.9944,4.38669,,
24,6,0.05,338143,31241554,,,0.001058,46.423,0.208444,62.7512,,,309.663,16.4171,,,32.8866,14.6011,,
25,6,0.05,338143,31241554,,,0.000959,44.8721,0.077271,63.7227,,,279.198,19.1149,,,21.5545,16.768,,
26,6,0.05,338143,31241554,,,0.00115,47.058,0.13462,64.0538,,,281.361,27.4501,,,23.7901,25.266,,
27,6,0.05,338143,31241554,,,0.00111,45.0873,0.133654,38.4888,,,291.31,14.0141,,,25.2038,12.5001,,
28,6,0.05,69346,31164251,,,0.001519,29.8994,0.142072,60.2834,,,289.887,12.0385,,,32.6449,10.4099,,
29,6,0.05,69346,31164251,,,0.000937,25.9976,0.058533,2.3753,,,274.295,2.22202,,,23.8544,1.98974,,
30,6,0.05,69346,31164251,,,0.000938,26.1719,0.126777,1.9177,,,306.646,2.91304,,,28.6547,2.10356,,
31,6,0.05,69346,31164251,,,0.000983,28.3842,0.137739,60.8044,,,293.559,6.8043,,,22.6777,5.93645,,
32,6,0.05,69346,31164251,,,0.000859,25.9433,0.049226,1.02026,,,273.681,2.54292,,,11.6392,1.75544,,
33,6,0.05,69346,31164251,,,0.001601,30.308,0.21681,59.6805,,,320.608,19.3269,,,41.2956,16.7581,,
34,6,0.05,46252,32482073,,,0.001011,26.7771,0.022078,2.3361,,,260.087,1.67701,,,8.19912,1.45561,,
35,6,0.05,46252,32482073,,,0.001331,31.0144,0.182009,62.441,,,319.126,17.9056,,,39.5525,14.7231,,
36,6,0.05,46252,32482073,,,0.001153,29.9791,0.150855,63.2026,,,301.856,9.50289,,,33.3188,8.18564,,
37,6,0.05,46252,32482073,,,0.000877,27.8496,0.143748,1.83441,,,304.929,2.35969,,,34.959,2.11956,,
38,6,0.05,46252,32482073,,,0.000939,26.8065,0.069929,1.72934,,,279.988,1.92552,,,19.5434,1.80157,,
23,6,0.1,676808,61784375,,,0.00166,76.8155,0.068797,12.6693,,,288.848,9.51914,,,21.8818,8.96305,,
24,6,0.1,676808,61784375,,,0.001111,92.6271,0.192363,123.294,,,314.967,49.2304,,,33.6618,49.3904,,
25,6,0.1,676808,61784375,,,0.001167,90.9702,0.065625,125.278,,,279.472,26.0679,,,21.0674,25.5869,,
26,6,0.1,676808,61784375,,,0.001399,93.1198,0.14075,126.602,,,283.591,60.9734,,,29.8298,54.8156,,
27,6,0.1,676808,61784375,,,0.000963,90.0804,0.110311,75.5261,,,286.477,27.5527,,,26.0375,26.3755,,
28,6,0.1,140045,64597512,,,0.001699,61.8419,0.14192,126.331,,,298.116,22.7022,,,37.8145,18.8417,,
29,6,0.1,140045,64597512,,,0.001176,54.579,0.053257,5.09311,,,274.001,4.47907,,,21.8516,4.22248,,
30,6,0.1,140045,64597512,,,0.001149,55.4675,0.151242,4.94412,,,299.42,5.771,,,34.6544,4.16463,,
31,6,0.1,140045,64597512,,,0.001292,59.4249,0.124465,123.55,,,284.428,13.5645,,,22.5521,11.5241,,
32,6,0.1,140045,64597512,,,0.000851,52.5255,0.049928,3.20534,,,262.622,5.04693,,,11.8098,3.91381,,
33,6,0.1,140045,64597512,,,0.001507,62.4888,0.168024,125.402,,,301.813,22.8164,,,37.9567,19.5522,,
34,6,0.1,92437,65159782,,,0.00077,53.584,0.028231,4.59492,,,251.497,3.21425,,,8.37433,2.91855,,
35,6,0.1,92437,65159782,,,0.001466,62.2106,0.122805,125.871,,,300.42,9.9912,,,31.9893,8.6121,,
36,6,0.1,92437,65159782,,,0.001547,60.5618,0.180497,127.872,,,305.261,21.7368,,,32.5963,18.8821,,
37,6,0.1,92437,65159782,,,0.001182,52.9768,0.143962,4.12722,,,305.077,4.43178,,,35.5034,4.12836,,
38,6,0.1,92437,65159782,,,0.001192,56.1049,0.083098,5.09139,,,271.945,3.90395,,,15.3627,3.76245,,
23,6,0.5,3381970,305540942,,,0.001932,391.917,0.07387,57.3538,,,286.589,46.5962,,,22.6436,42.5841,,
24,6,0.5,3381970,305540942,,,0.001752,463.675,0.182371,585.539,,,308.479,166.658,,,31.6272,160.237,,
25,6,0.5,3381970,305540942,,,0.002033,447.447,0.064527,596.827,,,302.578,196.189,,,21.9645,185.78,,
26,6,0.5,3381970,305540942,,,0.001522,450.526,0.14786,603.359,,,302.077,244.459,,,30.1057,218.106,,
27,6,0.5,3381970,305540942,,,0.001525,430.109,0.067132,366.668,,,291.135,104.911,,,24.4407,94.7832,,
28,6,0.5,700773,324657277,,,0.002107,304.415,0.133452,609.749,,,306.585,137.564,,,36.33,137.712,,
29,6,0.5,700773,324657277,,,0.001514,264.588,0.074349,23.9761,,,292.75,21.2729,,,25.3571,20.614,,
30,6,0.5,700773,324657277,,,0.001302,265.008,0.164347,26.463,,,298.532,28.8599,,,33.0135,21.3137,,
31,6,0.5,700773,324657277,,,0.001419,295.165,0.122045,599.004,,,282.932,63.9485,,,24.4826,59.096,,
32,6,0.5,700773,324657277,,,0.001009,265.452,0.053341,22.5777,,,264.577,21.6956,,,12.9494,19.8186,,
33,6,0.5,700773,324657277,,,0.001431,310.653,0.184856,631.778,,,302.144,128.332,,,39.4906,115.621,,
34,6,0.5,464093,326362612,,,0.001343,265.976,0.026937,22.9747,,,252.638,16.5353,,,8.85793,14.7387,,
35,6,0.5,464093,326362612,,,0.001712,316.539,0.186808,627.724,,,308.625,71.2439,,,37.5374,64.5423,,
36,6,0.5,464093,326362612,,,0.001292,306.631,0.157743,630.532,,,294.315,101.677,,,31.634,101.937,,
37,6,0.5,464093,326362612,,,0.001351,268.361,0.18679,22.0327,,,301.682,22.4336,,,39.2124,20.6751,,
38,6,0.5,464093,326362612,,,0.001431,269.78,0.102936,26.9354,,,271.881,18.5118,,,20.935,17.8935,,
23,6,1.0,6763320,618802298,,,0.001503,768.181,0.090051,122.356,,,288.597,93.7269,,,25.0476,89.661,,
24,6,1.0,6763320,618802298,,,0.001837,930.6,0.181457,1216.76,,,302.703,264.488,,,29.9468,277.496,,
25,6,1.0,6763320,618802298,,,0.001917,889.6,0.076863,1226.95,,,286.659,306.485,,,23.6046,287.216,,
26,6,1.0,6763320,618802298,,,0.00145,907.101,0.180249,1219.88,,,300.472,636.478,,,29.3171,653.919,,
27,6,1.0,6763320,618802298,,,0.001465,864.6,0.108047,773.582,,,294.376,248.264,,,26.0001,247.359,,
28,6,1.0,1402633,655149527,,,0.002112,612.561,0.158763,1266.7,,,292.062,278.444,,,36.668,258.285,,
29,6,1.0,1402633,655149527,,,0.001585,539.565,0.062323,45.9067,,,276.972,42.271,,,23.6687,40.4129,,
30,6,1.0,1402633,655149527,,,0.001898,545.099,0.127746,45.6404,,,292.211,57.6257,,,27.9881,42.1154,,
31,6,1.0,1402633,655149527,,,0.002218,609.993,0.109216,1243.3,,,282.775,130.927,,,23.7557,119.177,,
32,6,1.0,1402633,655149527,,,0.001367,546.296,0.059327,45.5812,,,269.747,52.2929,,,11.9496,39.4809,,
33,6,1.0,1402633,655149527,,,0.002079,643.286,0.169794,1232.28,,,305.6,338.423,,,36.1329,315.918,,
34,6,1.0,927644,658277855,,,0.001387,520.598,0.021754,45.325,,,258.704,32.2407,,,8.50838,29.406,,
35,6,1.0,927644,658277855,,,0.001785,613.417,0.158255,1226.74,,,315.942,248.062,,,37.0257,251.233,,
36,6,1.0,927644,658277855,,,0.001597,581.963,0.17852,1257.62,,,303.4,181.314,,,30.9386,181.425,,
37,6,1.0,927644,658277855,,,0.001462,513.29,0.188166,43.8484,,,309.278,44.3445,,,35.1004,41.1322,,
38,6,1.0,927644,658277855,,,0.003173,517.49,0.071464,53.4036,,,276.188,35.4597,,,18.3971,34.1448,,
23,6,5.0,33828344,3082684659,,,0.001696,3836.33,0.081844,597.284,,,289.054,476.304,,,23.929,440.144,,
24,6,5.0,33828344,3082684659,,,0.002182,4620.81,0.147435,5977.79,,,298.512,1235.67,,,27.952,1285.06,,
25,6,5.0,33828344,3082684659,,,0.001569,4536.54,0.081155,6180.19,,,280.037,1897.54,,,23.8676,1832.32,,
26,6,5.0,33828344,3082684659,,,0.001937,4635.26,0.129195,6198.69,,,286.423,2746.55,,,28.3863,2472.49,,
27,6,5.0,33828344,3082684659,,,0.001551,4463.21,0.14613,3791.2,,,303.044,1225.56,,,30.7114,1180.81,,
28,6,5.0,7011291,3257070691,,,0.002178,3141.7,0.124305,6254.4,,,289.424,999.01,,,34.9769,1002.98,,
29,6,5.0,7011291,3257070691,,,0.002159,2677.69,0.068811,229.129,,,275.308,213.067,,,24.5521,205.248,,
30,6,5.0,7011291,3257070691,,,0.001489,2721.91,0.158796,260.489,,,306.021,283.415,,,33.5559,211.113,,
31,6,5.0,7011291,3257070691,,,0.002259,2975.09,0.124946,6118.14,,,292.594,653.662,,,23.7227,611.823,,
32,6,5.0,7011291,3257070691,,,0.001171,2750.85,0.06367,226.986,,,272.827,251.587,,,12.7212,198.53,,
33,6,5.0,7011291,3257070691,,,0.001933,3096.97,0.155489,6249.89,,,331.419,1497.27,,,43.5579,1354.08,,
34,6,5.0,4636953,3182175376,,,0.001571,2626.25,0.040074,225.543,,,250.885,156.165,,,9.48623,146.984,,
35,6,5.0,4636953,3182175376,,,0.002119,2971.68,0.193746,5984.53,,,313.93,1194.6,,,39.9655,1144.45,,
36,6,5.0,4636953,3182175376,,,0.002286,2997.97,0.154377,6081.15,,,292.324,922.846,,,29.857,806.128,,
37,6,5.0,4636953,3182175376,,,0.001555,2532.71,0.167349,216.328,,,307.413,215.039,,,37.7239,206.061,,
38,6,5.0,4636953,3182175376,,,0.001522,2612.02,0.088593,266.718,,,275.68,177.083,,,18.4565,172.142,,
23,6,10.0,67660687,6184352277,,,0.002197,7825.3,0.08253,1174.8,,,287.135,926.129,,,24.4563,879.34,,
24,6,10.0,67660687,6184352277,,,0.002041,9348.15,0.183381,12067.6,,,300.82,3161.68,,,32.3399,2985.87,,
25,6,10.0,67660687,6184352277,,,0.001919,9265.91,0.091516,12080.0,,,302.256,3365.32,,,24.694,3187.5,,
26,6,10.0,67660687,6184352277,,,0.001728,9463.85,0.133094,12374.1,,,286.632,7492.3,,,29.2543,6719.6,,
27,6,10.0,67660687,6184352277,,,0.002123,9057.33,0.148098,7515.27,,,292.96,2650.38,,,28.2402,2583.11,,
28,6,10.0,14020516,6456897276,,,0.002328,6108.44,0.156861,12301.1,,,300.781,3001.35,,,35.8473,2754.78,,
29,6,10.0,14020516,6456897276,,,0.002023,5272.95,0.066962,479.758,,,272.58,420.087,,,24.857,408.327,,
30,6,10.0,14020516,6456897276,,,0.001814,5275.25,0.153088,502.008,,,296.144,569.844,,,32.2978,426.198,,
31,6,10.0,14020516,6456897276,,,0.00184,5887.37,0.16098,12141.8,,,294.016,1321.99,,,31.2798,1248.68,,
32,6,10.0,14020516,6456897276,,,0.001605,5291.07,0.069811,457.347,,,279.601,550.195,,,17.6789,395.332,,
33,6,10.0,14020516,6456897276,,,0.001773,6176.01,0.184401,12337.8,,,315.16,2427.04,,,43.7031,2227.51,,
34,6,10.0,9274247,6458705637,,,0.001329,5350.14,0.028818,454.488,,,252.805,311.868,,,8.93739,286.528,,
35,6,10.0,9274247,6458705637,,,0.0019,6219.1,0.152055,12275.5,,,318.528,1971.37,,,37.5683,1806.1,,
36,6,10.0,9274247,6458705637,,,0.001837,6064.37,0.15441,12277.9,,,305.876,1719.01,,,32.8757,1732.02,,
37,6,10.0,9274247,6458705637,,,0.001971,5327.85,0.150596,365.652,,,295.99,417.959,,,37.6375,298.406,,
38,6,10.0,9274247,6458705637,,,0.001396,5366.32,0.079844,526.441,,,268.457,347.388,,,18.7722,343.737,,
28,6,50.0,70103102,32803838059,,,0.003123,30506.0,0.155941,62950.8,,,301.816,14618.8,,,33.5301,14566.5,,
29,6,50.0,70103102,32803838059,,,0.001578,26459.9,0.073886,2367.63,,,288.733,2093.38,,,25.0028,2036.77,,
30,6,50.0,70103102,32803838059,,,0.00161,26411.3,0.147201,2321.92,,,303.375,2859.81,,,28.9133,2131.83,,
31,6,50.0,70103102,32803838059,,,0.001824,29543.8,0.11931,61681.1,,,307.903,6472.83,,,25.5178,6056.14,,
32,6,50.0,70103102,32803838059,,,0.001432,26351.9,0.061047,2337.63,,,264.518,2494.08,,,13.8278,1981.97,,
33,6,50.0,70103102,32803838059,,,0.002044,30852.0,0.187335,62516.6,,,323.585,15364.6,,,43.3996,13744.8,,
34,6,50.0,46375197,33122096590,,,0.001491,26057.5,0.027082,2284.55,,,258.641,1524.39,,,8.86932,1429.92,,
35,6,50.0,46375197,33122096590,,,0.002274,30407.8,0.155161,62964.2,,,304.486,15318.4,,,37.0576,12801.8,,
36,6,50.0,46375197,33122096590,,,0.00172,29560.4,0.138203,62836.1,,,293.441,9384.56,,,32.2649,9228.45,,
37,6,50.0,46375197,33122096590,,,0.001652,26052.4,0.18027,2178.18,,,312.381,2190.09,,,39.3203,2079.39,,
38,6,50.0,46375197,33122096590,,,0.001481,26062.7,0.079662,2730.95,,,269.693,1850.15,,,20.5609,1835.19,,
23,7,0.01,67548,6157926,,,0.001952,8.28568,0.08526,1.24534,,,286.532,0.999204,,,26.4221,0.952801,,
24,7,0.01,67548,6157926,,,0.001277,9.79879,0.215704,12.9012,,,306.437,3.50394,,,34.9754,3.15597,,
25,7,0.01,67548,6157926,,,0.001138,9.61973,0.083622,12.8925,,,286.631,3.92803,,,24.3735,3.43977,,
26,7,0.01,67548,6157926,,,0.001028,9.41293,0.16955,12.794,,,298.003,5.11037,,,30.1973,4.74295,,
27,7,0.01,67548,6157926,,,0.001027,9.11338,0.087329,7.67672,,,289.833,2.41355,,,22.6083,2.21476,,
28,7,0.01,13706,6207919,,,0.001359,6.30361,0.098476,11.7806,,,295.248,2.59874,,,32.5432,2.30775,,
29,7,0.01,13706,6207919,,,0.001125,5.37046,0.092249,0.491901,,,293.528,0.435688,,,25.2504,0.428472,,
30,7,0.01,13706,6207919,,,0.000917,5.11693,0.131666,0.226588,,,303.793,0.597374,,,29.7543,0.42965,,
31,7,0.01,13706,6207919,,,0.001011,5.87242,0.1121,11.74,,,292.524,1.51635,,,23.6451,1.1753,,
32,7,0.01,13706,6207919,,,0.000701,5.03481,0.052892,0.174643,,,273.772,0.520167,,,12.6085,0.348051,,
33,7,0.01,13706,6207919,,,0.001126,6.09749,0.171826,11.7802,,,304.404,3.67968,,,44.9742,3.38669,,
34,7,0.01,9104,6445396,,,0.000834,5.15862,0.015609,0.469338,,,256.307,0.383072,,,8.58652,0.309207,,
35,7,0.01,9104,6445396,,,0.001303,6.10606,0.16903,12.5734,,,319.156,4.1857,,,38.1026,3.25304,,
36,7,0.01,9104,6445396,,,0.000851,6.08135,0.158129,12.2186,,,295.311,2.37321,,,30.8753,2.23208,,
37,7,0.01,9104,6445396,,,0.000739,5.30093,0.16677,0.144025,,,303.207,0.462647,,,39.8993,0.395014,,
38,7,0.01,9104,6445396,,,0.000866,5.48423,0.061347,0.22882,,,268.418,0.38493,,,17.453,0.320011,,
23,7,0.05,338143,31241554,,,0.001054,38.4917,0.058276,5.94391,,,277.16,4.87141,,,20.9393,4.40793,,
24,7,0.05,338143,31241554,,,0.001134,45.1403,0.191777,61.1804,,,311.166,16.4973,,,32.9957,15.1686,,
25,7,0.05,338143,31241554,,,0.0011,45.5201,0.074399,64.391,,,278.594,19.1286,,,21.7083,16.9381,,
26,7,0.05,338143,31241554,,,0.001203,46.4647,0.139874,64.5353,,,281.002,28.1154,,,23.546,25.0688,,
27,7,0.05,338143,31241554,,,0.001373,45.0991,0.121298,39.5489,,,292.639,13.6092,,,25.451,12.3663,,
28,7,0.05,69346,31164251,,,0.001872,30.2646,0.122582,59.8227,,,298.873,12.097,,,32.6044,9.82172,,
29,7,0.05,69346,31164251,,,0.001463,26.0857,0.054035,2.36232,,,283.529,2.17223,,,24.6576,1.9984,,
30,7,0.05,69346,31164251,,,0.00121,26.8223,0.140966,2.09836,,,300.194,2.90255,,,28.1481,2.11851,,
31,7,0.05,69346,31164251,,,0.017423,28.8967,0.142034,60.4889,,,293.021,6.63772,,,22.7752,5.71046,,
32,7,0.05,69346,31164251,,,0.001342,25.7468,0.048771,1.09691,,,273.538,2.60869,,,11.5876,1.71966,,
33,7,0.05,69346,31164251,,,0.002118,29.7933,0.231268,60.0633,,,315.392,19.269,,,40.8856,16.8085,,
34,7,0.05,46252,32482073,,,0.001204,27.3171,0.025099,2.34434,,,258.338,1.6326,,,8.33321,1.48472,,
35,7,0.05,46252,32482073,,,0.0019,31.399,0.179746,62.2514,,,319.362,17.9803,,,38.6496,15.0624,,
36,7,0.05,46252,32482073,,,0.001283,29.9813,0.151283,62.8482,,,308.873,9.49229,,,31.3511,8.91368,,
37,7,0.05,46252,32482073,,,0.000976,26.1135,0.131278,1.89759,,,305.904,2.26705,,,35.8053,2.03647,,
38,7,0.05,46252,32482073,,,0.001729,26.371,0.075399,1.75815,,,282.641,1.90996,,,19.5494,1.86517,,
23,7,0.1,676808,61784375,,,0.001524,74.4217,0.062043,12.7348,,,286.541,9.43781,,,22.7826,8.86943,,
24,7,0.1,676808,61784375,,,0.001827,92.119,0.218513,123.041,,,304.989,47.4006,,,34.1097,48.874,,
25,7,0.1,676808,61784375,,,0.001902,91.9703,0.071161,126.637,,,275.921,25.9513,,,21.126,23.5882,,
26,7,0.1,676808,61784375,,,0.001718,93.2863,0.14441,126.409,,,286.199,60.5159,,,26.2947,52.5302,,
27,7,0.1,676808,61784375,,,0.002221,89.4136,0.111742,74.8514,,,290.598,26.2841,,,23.9402,23.8381,,
28,7,0.1,140045,64597512,,,0.002142,62.4296,0.152041,127.13,,,295.728,22.736,,,36.4859,19.8114,,
29,7,0.1,140045,64597512,,,0.001467,52.095,0.0611,5.16171,,,271.179,4.51016,,,21.2099,4.1168,,
30,7,0.1,140045,64597512,,,0.001404,54.384,0.152354,4.9242,,,302.531,5.78681,,,34.3227,4.17222,,
31,7,0.1,140045,64597512,,,0.001658,59.9029,0.12799,123.86,,,284.352,13.2305,,,24.3158,11.9652,,
32,7,0.1,140045,64597512,,,0.001217,54.3809,0.050462,3.45727,,,265.129,5.10754,,,11.6152,3.886,,
33,7,0.1,140045,64597512,,,0.001545,62.6297,0.18159,124.202,,,302.289,22.971,,,38.7487,20.6604,,
34,7,0.1,92437,65159782,,,0.001245,52.4087,0.021771,4.65509,,,250.338,3.22386,,,8.29475,2.94053,,
35,7,0.1,92437,65159782,,,0.002216,62.6946,0.112244,126.172,,,302.927,9.93671,,,31.8606,8.29079,,
36,7,0.1,92437,65159782,,,0.001509,57.2632,0.162092,126.608,,,306.641,21.7118,,,31.4833,19.4473,,
37,7,0.1,92437,65159782,,,0.001988,51.1275,0.14531,4.23928,,,309.703,4.44321,,,35.5635,4.0662,,
38,7,0.1,92437,65159782,,,0.001181,50.4204,0.08909,5.0574,,,273.098,3.92501,,,14.4677,3.63693,,
23,7,0.5,3381970,305540942,,,0.001695,369.081,0.071267,58.2376,,,283.731,46.8007,,,23.2688,42.9182,,
24,7,0.5,3381970,305540942,,,0.001589,445.854,0.200183,608.164,,,304.281,168.534,,,30.9735,162.034,,
25,7,0.5,3381970,305540942,,,0.001377,439.397,0.068588,616.803,,,301.851,204.172,,,22.1515,180.015,,
26,7,0.5,3381970,305540942,,,0.001339,449.318,0.153636,601.497,,,306.098,239.173,,,28.5862,208.682,,
27,7,0.5,3381970,305540942,,,0.001557,432.787,0.076896,364.283,,,280.262,99.0597,,,25.1128,92.2917,,
28,7,0.5,700773,324657277,,,0.002029,308.717,0.149394,625.749,,,294.068,137.31,,,36.3107,132.582,,
29,7,0.5,700773,324657277,,,0.001393,263.707,0.089604,23.0587,,,277.635,21.5562,,,23.5885,20.7138,,
30,7,0.5,700773,324657277,,,0.001801,268.05,0.193634,25.0175,,,302.066,28.7327,,,31.976,21.0601,,
31,7,0.5,700773,324657277,,,0.001902,308.009,0.118746,601.291,,,282.772,63.3139,,,22.5519,58.6219,,
32,7,0.5,700773,324657277,,,0.001347,277.074,0.057486,22.3696,,,264.74,26.7476,,,11.897,19.7179,,
33,7,0.5,700773,324657277,,,0.002175,322.983,0.16847,605.802,,,302.825,127.967,,,39.6929,113.281,,
34,7,0.5,464093,326362612,,,0.000891,270.449,0.028766,22.7447,,,252.644,16.2244,,,8.73208,14.5677,,
35,7,0.5,464093,326362612,,,0.002005,314.519,0.189931,612.718,,,322.682,71.6358,,,34.847,64.0113,,
36,7,0.5,464093,326362612,,,0.001833,306.063,0.167678,632.295,,,298.037,104.761,,,30.8395,98.4348,,
37,7,0.5,464093,326362612,,,0.001859,267.828,0.17626,21.8525,,,307.62,22.0798,,,39.7681,20.7703,,
38,7,0.5,464093,326362612,,,0.001881,270.59,0.085465,26.8414,,,279.069,18.5591,,,20.3608,17.6766,,
23,7,1.0,6763320,618802298,,,0.001292,768.979,0.083156,119.145,,,290.881,93.1984,,,24.9697,89.8067,,
24,7,1.0,6763320,618802298,,,0.001567,907.26,0.169523,1223.73,,,301.135,266.663,,,32.0782,277.319,,
25,7,1.0,6763320,618802298,,,0.001871,881.628,0.080358,1257.85,,,283.091,306.807,,,24.3613,285.248,,
26,7,1.0,6763320,618802298,,,0.001709,913.579,0.159452,1219.87,,,291.888,617.774,,,29.7059,657.949,,
27,7,1.0,6763320,618802298,,,0.001591,882.068,0.109188,742.375,,,286.318,249.448,,,27.1316,248.139,,
28,7,1.0,1402633,655149527,,,0.002714,631.472,0.139293,1250.86,,,291.134,279.545,,,37.0992,256.498,,
29,7,1.0,1402633,655149527,,,0.001529,545.324,0.06048,47.1719,,,284.097,42.8627,,,23.1368,40.7648,,
30,7,1.0,1402633,655149527,,,0.001653,547.771,0.142686,45.874,,,292.518,58.1452,,,28.5791,42.6242,,
31,7,1.0,1402633,655149527,,,0.001707,615.838,0.119537,1256.33,,,281.99,129.539,,,24.635,122.924,,
32,7,1.0,1402633,655149527,,,0.001082,547.418,0.061794,45.3771,,,269.895,51.1007,,,12.3865,39.7681,,
33,7,1.0,1402633,655149527,,,0.001922,621.742,0.145374,1290.2,,,300.108,331.768,,,38.4973,327.16,,
34,7,1.0,927644,658277855,,,0.001167,513.799,0.02626,45.7889,,,259.402,32.083,,,8.65582,29.481,,
35,7,1.0,927644,658277855,,,0.001683,603.218,0.179733,1234.18,,,315.762,247.864,,,40.0183,257.984,,
36,7,1.0,927644,658277855,,,0.00164,585.644,0.173457,1230.19,,,305.84,179.158,,,32.0231,180.306,,
37,7,1.0,927644,658277855,,,0.001594,514.202,0.16978,43.3425,,,302.439,43.1883,,,35.7575,41.3682,,
38,7,1.0,927644,658277855,,,0.001342,522.023,0.062338,52.5773,,,270.529,35.579,,,17.1944,34.319,,
23,7,5.0,33828344,3082684659,,,0.001923,3811.71,0.077966,576.175,,,283.35,463.022,,,23.9284,443.655,,
24,7,5.0,33828344,3082684659,,,0.00182,4575.79,0.147568,6049.47,,,291.212,1263.27,,,30.5469,1289.82,,
25,7,5.0,33828344,3082684659,,,0.001934,4459.19,0.078877,6075.62,,,280.27,1967.57,,,25.6466,1819.47,,
26,7,5.0,33828344,3082684659,,,0.001824,4598.26,0.146012,6151.4,,,295.357,2684.12,,,28.3056,2507.56,,
27,7,5.0,33828344,3082684659,,,0.001812,4484.4,0.146862,3761.72,,,294.647,1263.98,,,31.5409,1181.48,,
28,7,5.0,7011291,3257070691,,,0.00197,3140.69,0.121928,6213.12,,,297.114,1025.32,,,30.9402,984.944,,
29,7,5.0,7011291,3257070691,,,0.001761,2657.69,0.0665,232.403,,,279.917,210.738,,,22.6425,202.165,,
30,7,5.0,7011291,3257070691,,,0.001843,2682.44,0.171897,261.105,,,296.783,282.284,,,32.2291,208.171,,
31,7,5.0,7011291,3257070691,,,0.002129,3015.56,0.125025,6132.65,,,281.44,631.004,,,24.3797,595.996,,
32,7,5.0,7011291,3257070691,,,0.00143,2660.22,0.062464,226.337,,,266.366,250.614,,,12.1906,196.464,,
33,7,5.0,7011291,3257070691,,,0.002112,3186.1,0.156173,6224.34,,,315.622,1512.54,,,40.4747,1358.66,,
34,7,5.0,4636953,3182175376,,,0.001219,2525.91,0.032041,227.017,,,259.438,157.809,,,9.21912,147.3,,
35,7,5.0,4636953,3182175376,,,0.00178,3033.89,0.193462,6041.43,,,325.173,1211.25,,,41.8427,1184.03,,
36,7,5.0,4636953,3182175376,,,0.001586,2897.7,0.169728,6090.99,,,293.743,872.229,,,31.4331,825.028,,
37,7,5.0,4636953,3182175376,,,0.001529,2616.66,0.151969,215.142,,,298.786,218.742,,,37.7217,206.314,,
38,7,5.0,4636953,3182175376,,,0.001556,2561.75,0.069592,265.462,,,273.408,177.915,,,18.9722,171.355,,
23,7,10.0,67660687,6184352277,,,0.001842,7701.71,0.079193,1163.06,,,290.846,929.822,,,24.9453,876.701,,
24,7,10.0,67660687,6184352277,,,0.001645,9411.57,0.205915,12128.3,,,307.748,3201.24,,,33.956,2929.9,,
25,7,10.0,67660687,6184352277,,,0.001764,9132.29,0.101308,12167.3,,,281.629,3430.11,,,25.1686,3196.42,,
26,7,10.0,67660687,6184352277,,,0.001893,9432.46,0.130855,12334.9,,,294.124,7454.98,,,27.5912,6709.73,,
27,7,10.0,67660687,6184352277,,,0.001839,9028.76,0.148766,7522.47,,,290.817,2602.91,,,27.4436,2556.89,,
28,7,10.0,14020516,6456897276,,,0.00222,6070.66,0.15905,12404.0,,,298.112,2973.96,,,38.6902,2821.01,,
29,7,10.0,14020516,6456897276,,,0.002015,5251.36,0.066659,471.78,,,277.697,418.153,,,24.0234,405.643,,
30,7,10.0,14020516,6456897276,,,0.002001,5278.17,0.150581,508.216,,,294.429,573.635,,,31.7045,423.633,,
31,7,10.0,14020516,6456897276,,,0.001984,5908.49,0.160225,12168.8,,,302.782,1352.09,,,30.2715,1216.21,,
32,7,10.0,14020516,6456897276,,,0.001395,5277.55,0.064749,461.772,,,277.951,553.823,,,18.6007,398.616,,
33,7,10.0,14020516,6456897276,,,0.001819,6166.85,0.217441,12300.0,,,319.739,2582.5,,,42.2068,2297.93,,
34,7,10.0,9274247,6458705637,,,0.001355,5348.21,0.036524,459.966,,,255.674,308.352,,,9.48772,289.671,,
35,7,10.0,9274247,6458705637,,,0.00202,6199.87,0.174063,12250.9,,,306.98,1964.02,,,37.7355,1745.21,,
36,7,10.0,9274247,6458705637,,,0.001768,6056.27,0.169121,12303.0,,,306.415,1789.3,,,31.1768,1724.36,,
37,7,10.0,9274247,6458705637,,,0.001865,5316.39,0.139787,370.426,,,295.99,417.619,,,38.9504,305.131,,
38,7,10.0,9274247,6458705637,,,0.001529,5315.29,0.085728,522.779,,,270.053,348.603,,,18.8712,355.748,,
28,7,50.0,70103102,32803838059,,,0.002544,30459.0,0.136013,62878.9,,,291.125,14058.3,,,34.8173,14532.7,,
29,7,50.0,70103102,32803838059,,,0.00189,26265.7,0.073932,2342.87,,,287.112,2119.54,,,24.0005,2041.02,,
30,7,50.0,70103102,32803838059,,,0.001828,26275.4,0.14779,2313.84,,,304.068,2837.08,,,31.4283,2149.28,,
31,7,50.0,70103102,32803838059,,,0.002111,29502.0,0.120278,61909.1,,,284.644,6481.62,,,26.0106,6049.8,,
32,7,50.0,70103102,32803838059,,,0.001214,26289.8,0.062938,2324.13,,,267.736,2525.11,,,13.4236,1987.53,,
33,7,50.0,70103102,32803838059,,,0.002196,30911.1,0.184623,62440.9,,,320.917,15229.1,,,44.7743,13704.1,,
34,7,50.0,46375197,33122096590,,,0.002,25990.9,0.024675,2285.9,,,249.829,1538.06,,,8.58311,1421.79,,
35,7,50.0,46375197,33122096590,,,0.002673,30353.4,0.138884,63029.9,,,317.305,15453.5,,,38.3299,12780.0,,
36,7,50.0,46375197,33122096590,,,0.001914,29585.7,0.153615,63087.2,,,304.694,9440.86,,,30.9352,9249.85,,
37,7,50.0,46375197,33122096590,,,0.001677,25924.9,0.161378,2155.19,,,295.673,2183.13,,,38.4216,2067.0,,
38,7,50.0,46375197,33122096590,,,0.001809,25989.6,0.082694,2757.96,,,270.367,1865.23,,,19.3585,1838.33,,
23,8,0.01,67548,6157926,,,0.005897,8.23201,0.076133,1.17555,,,279.595,1.01093,,,25.9333,0.953714,,
24,8,0.01,67548,6157926,,,0.001351,9.74773,0.191484,12.4428,,,303.058,3.48671,,,32.9019,3.10494,,
25,8,0.01,67548,6157926,,,0.000951,9.45934,0.088976,12.361,,,281.331,3.87282,,,24.4583,3.69004,,
26,8,0.01,67548,6157926,,,0.000935,9.7818,0.169273,12.361,,,297.968,5.09829,,,30.553,4.37568,,
27,8,0.01,67548,6157926,,,0.001099,8.63774,0.103894,7.3076,,,289.723,2.37538,,,22.0959,2.18848,,
28,8,0.01,13706,6207919,,,0.00153,6.1277,0.1087,12.2695,,,300.156,2.58268,,,32.4189,2.5157,,
29,8,0.01,13706,6207919,,,0.001041,5.2792,0.101349,0.457193,,,290.855,0.447514,,,24.9105,0.418064,,
30,8,0.01,13706,6207919,,,0.000969,5.21634,0.131639,0.20243,,,302.511,0.589134,,,26.6747,0.38403,,
31,8,0.01,13706,6207919,,,0.000992,5.84841,0.118687,11.9832,,,292.788,1.34795,,,22.7047,1.19494,,
32,8,0.01,13706,6207919,,,0.000666,5.17067,0.056391,0.215037,,,273.452,0.691746,,,11.9158,0.32006,,
33,8,0.01,13706,6207919,,,0.00114,6.2308,0.192501,12.559,,,325.535,3.6893,,,44.2088,3.22828,,
34,8,0.01,9104,6445396,,,0.000768,5.08656,0.016339,0.474192,,,256.077,0.334905,,,8.2955,0.298315,,
35,8,0.01,9104,6445396,,,0.001186,5.96622,0.172766,13.0138,,,322.433,4.19418,,,38.1657,3.2516,,
36,8,0.01,9104,6445396,,,0.001053,5.74249,0.173476,12.2374,,,301.651,2.25843,,,33.002,2.08196,,
37,8,0.01,9104,6445396,,,0.000934,5.43916,0.150435,0.131324,,,306.627,0.462196,,,37.9417,0.294835,,
38,8,0.01,9104,6445396,,,0.00089,5.45008,0.058589,0.209632,,,270.071,0.37747,,,17.4365,0.31968,,
23,8,0.05,338143,31241554,,,0.001021,37.6948,0.057783,5.89669,,,281.661,4.89884,,,21.9236,4.71814,,
24,8,0.05,338143,31241554,,,0.001032,45.5786,0.190136,61.3595,,,298.075,16.0388,,,31.0341,14.6037,,
25,8,0.05,338143,31241554,,,0.000959,46.0716,0.075378,63.2437,,,278.963,18.5295,,,21.7126,17.0535,,
26,8,0.05,338143,31241554,,,0.001046,45.5957,0.133842,66.7186,,,279.615,28.0085,,,24.9872,24.008,,
27,8,0.05,338143,31241554,,,0.000943,46.3872,0.142185,39.4104,,,290.448,13.4484,,,25.7272,12.3513,,
28,8,0.05,69346,31164251,,,0.001632,30.728,0.123297,62.2674,,,287.813,11.6664,,,35.8665,10.0757,,
29,8,0.05,69346,31164251,,,0.001113,25.1496,0.062916,2.30498,,,278.669,2.15655,,,23.17,2.02451,,
30,8,0.05,69346,31164251,,,0.000863,26.0167,0.129931,1.9983,,,296.081,2.90543,,,28.4404,2.15049,,
31,8,0.05,69346,31164251,,,0.001147,28.3608,0.140057,59.1311,,,293.024,6.63855,,,23.8917,6.31785,,
32,8,0.05,69346,31164251,,,0.000657,25.0231,0.048665,1.04603,,,273.038,2.22762,,,11.9535,1.86957,,
33,8,0.05,69346,31164251,,,0.001552,29.6358,0.216629,60.3485,,,313.813,19.1306,,,39.2843,16.7637,,
34,8,0.05,46252,32482073,,,0.000794,27.1208,0.024293,2.32019,,,258.558,1.64524,,,8.33371,1.49393,,
35,8,0.05,46252,32482073,,,0.001381,30.9414,0.18554,63.2289,,,317.58,17.9399,,,39.8615,14.1923,,
36,8,0.05,46252,32482073,,,0.001071,30.3293,0.162625,62.4385,,,302.658,9.49468,,,30.882,8.56855,,
37,8,0.05,46252,32482073,,,0.001007,26.065,0.143516,1.88238,,,304.964,2.2743,,,36.7611,2.07271,,
38,8,0.05,46252,32482073,,,0.001072,26.9554,0.068378,1.66945,,,276.768,1.91951,,,18.6662,1.81142,,
23,8,0.1,676808,61784375,,,0.001136,72.2503,0.066254,12.9444,,,281.698,9.44599,,,22.197,8.97904,,
24,8,0.1,676808,61784375,,,0.00127,89.608,0.216151,122.724,,,302.974,49.1525,,,34.9194,47.7472,,
25,8,0.1,676808,61784375,,,0.000954,89.8257,0.06322,122.364,,,275.742,26.0691,,,21.1699,24.3322,,
26,8,0.1,676808,61784375,,,0.000949,89.3411,0.12776,121.44,,,291.234,58.2452,,,27.2147,52.3971,,
27,8,0.1,676808,61784375,,,0.000944,86.0257,0.116904,73.6056,,,287.241,27.9612,,,25.0423,24.0098,,
28,8,0.1,140045,64597512,,,0.00165,60.3317,0.149175,120.497,,,297.452,22.2541,,,34.6272,19.0963,,
29,8,0.1,140045,64597512,,,0.001027,50.725,0.053127,5.13393,,,277.489,4.51061,,,22.5074,4.22375,,
30,8,0.1,140045,64597512,,,0.000924,51.531,0.137624,4.8608,,,298.162,5.78938,,,32.9193,4.23103,,
31,8,0.1,140045,64597512,,,0.000977,59.3308,0.111414,120.285,,,293.719,13.7992,,,22.7841,12.0021,,
32,8,0.1,140045,64597512,,,0.000838,52.0358,0.054469,3.28167,,,272.405,5.96013,,,12.0225,3.88941,,
33,8,0.1,140045,64597512,,,0.001813,60.0725,0.161674,122.931,,,310.679,23.0249,,,36.9696,19.4258,,
34,8,0.1,92437,65159782,,,0.00077,51.0084,0.028405,3.80924,,,260.612,3.24288,,,8.4611,2.97002,,
35,8,0.1,92437,65159782,,,0.001385,58.9508,0.126977,120.767,,,305.848,9.97504,,,32.1201,9.0447,,
36,8,0.1,92437,65159782,,,0.001039,58.0354,0.13929,121.443,,,306.019,21.6809,,,30.6775,19.1808,,
37,8,0.1,92437,65159782,,,0.000935,50.9243,0.131572,4.02428,,,306.399,4.49628,,,35.5825,4.12078,,
38,8,0.1,92437,65159782,,,0.001007,50.9891,0.083012,4.04079,,,268.773,3.94906,,,16.3871,3.70022,,
23,8,0.5,3381970,305540942,,,0.001158,372.149,0.092478,56.9145,,,278.761,46.259,,,21.6569,43.2252,,
24,8,0.5,3381970,305540942,,,0.001096,445.678,0.187299,587.208,,,294.236,164.856,,,32.7065,159.758,,
25,8,0.5,3381970,305540942,,,0.001458,439.689,0.064267,599.934,,,292.33,192.807,,,22.9357,180.798,,
26,8,0.5,3381970,305540942,,,0.001101,447.959,0.16918,624.856,,,292.413,234.661,,,29.782,208.284,,
27,8,0.5,3381970,305540942,,,0.001057,432.461,0.077585,378.462,,,277.501,99.4876,,,23.8607,93.2262,,
28,8,0.5,700773,324657277,,,0.001916,320.847,0.166844,634.866,,,297.618,142.264,,,35.4549,132.432,,
29,8,0.5,700773,324657277,,,0.001279,276.426,0.086801,23.0634,,,283.295,21.337,,,24.6675,20.4483,,
30,8,0.5,700773,324657277,,,0.001084,274.103,0.168222,25.1979,,,309.374,29.4643,,,32.5225,21.1786,,
31,8,0.5,700773,324657277,,,0.001346,309.949,0.121945,623.205,,,291.915,64.3858,,,24.4785,57.2845,,
32,8,0.5,700773,324657277,,,0.001056,275.783,0.062607,22.7716,,,271.738,25.5338,,,12.3541,19.8117,,
33,8,0.5,700773,324657277,,,0.001953,326.907,0.188535,631.912,,,314.371,131.927,,,38.3974,111.703,,
34,8,0.5,464093,326362612,,,0.000996,269.867,0.034886,22.6195,,,259.234,16.0453,,,8.54442,14.6494,,
35,8,0.5,464093,326362612,,,0.001714,312.891,0.168245,603.041,,,321.644,73.0381,,,37.4943,65.462,,
36,8,0.5,464093,326362612,,,0.001338,299.642,0.173184,608.23,,,307.484,103.054,,,30.999,101.895,,
37,8,0.5,464093,326362612,,,0.00112,258.426,0.168959,21.5922,,,307.999,21.5155,,,39.6761,20.9214,,
38,8,0.5,464093,326362612,,,0.001096,261.018,0.086833,26.4056,,,270.791,18.4896,,,19.9153,18.0565,,
23,8,1.0,6763320,618802298,,,0.001107,736.735,0.074681,116.103,,,278.191,91.6581,,,24.8695,89.9549,,
24,8,1.0,6763320,618802298,,,0.001205,908.23,0.173582,1185.95,,,293.671,253.677,,,30.2691,282.195,,
25,8,1.0,6763320,618802298,,,0.001555,906.707,0.075527,1265.56,,,278.646,294.28,,,23.5253,287.296,,
26,8,1.0,6763320,618802298,,,0.001941,941.093,0.172623,1273.0,,,289.763,615.013,,,28.5489,652.473,,
27,8,1.0,6763320,618802298,,,0.002679,899.281,0.118863,773.683,,,284.915,257.294,,,26.2089,246.293,,
28,8,1.0,1402633,655149527,,,0.002668,632.404,0.158323,1235.44,,,310.127,285.478,,,37.1159,256.128,,
29,8,1.0,1402633,655149527,,,0.001414,535.38,0.05999,45.5606,,,286.738,42.6899,,,23.0975,40.9625,,
30,8,1.0,1402633,655149527,,,0.002004,526.362,0.125823,45.3708,,,304.291,58.2268,,,29.6145,42.7475,,
31,8,1.0,1402633,655149527,,,0.001631,588.05,0.110219,1223.22,,,292.971,134.222,,,24.097,120.362,,
32,8,1.0,1402633,655149527,,,0.001317,524.737,0.062731,44.7181,,,275.364,50.2057,,,12.3121,39.5756,,
33,8,1.0,1402633,655149527,,,0.00223,615.46,0.162072,1255.44,,,314.25,323.518,,,36.4897,317.848,,
34,8,1.0,927644,658277855,,,0.001349,513.161,0.023367,45.6698,,,251.096,31.9355,,,8.28434,29.3386,,
35,8,1.0,927644,658277855,,,0.002146,603.188,0.171574,1272.71,,,312.161,236.231,,,37.4538,248.142,,
36,8,1.0,927644,658277855,,,0.001452,599.945,0.171878,1280.27,,,293.269,174.487,,,31.3478,178.023,,
37,8,1.0,927644,658277855,,,0.001843,530.155,0.165152,43.5084,,,301.705,43.0697,,,35.1592,41.0975,,
38,8,1.0,927644,658277855,,,0.001285,529.431,0.06732,52.7199,,,268.417,35.3697,,,17.056,34.4204,,
23,8,5.0,33828344,3082684659,,,0.001516,3767.47,0.089315,576.539,,,279.793,467.764,,,24.4261,442.316,,
24,8,5.0,33828344,3082684659,,,0.001503,4606.2,0.149458,6007.42,,,297.939,1305.38,,,31.5656,1314.3,,
25,8,5.0,33828344,3082684659,,,0.002048,4441.98,0.085923,6164.53,,,293.208,1920.97,,,24.0883,1838.64,,
26,8,5.0,33828344,3082684659,,,0.001806,4614.65,0.130952,6215.98,,,288.93,2729.41,,,28.482,2420.84,,
27,8,5.0,33828344,3082684659,,,0.001889,4451.34,0.147393,3713.26,,,305.926,1264.76,,,29.4152,1205.78,,
28,8,5.0,7011291,3257070691,,,0.002127,3141.77,0.152872,6270.5,,,287.713,984.236,,,32.5593,1038.42,,
29,8,5.0,7011291,3257070691,,,0.001894,2631.1,0.076734,234.181,,,280.106,210.305,,,24.6558,213.807,,
30,8,5.0,7011291,3257070691,,,0.002131,2727.23,0.178416,262.295,,,298.769,281.53,,,32.616,218.937,,
31,8,5.0,7011291,3257070691,,,0.001488,2958.19,0.123085,6132.21,,,285.611,651.971,,,24.7505,615.719,,
32,8,5.0,7011291,3257070691,,,0.001225,2722.11,0.072778,228.609,,,275.132,250.407,,,12.3976,196.665,,
33,8,5.0,7011291,3257070691,,,0.002267,3084.72,0.157849,6236.89,,,330.393,1521.89,,,40.3695,1324.64,,
34,8,5.0,4636953,3182175376,,,0.001294,2592.08,0.033921,228.705,,,256.029,155.656,,,8.78549,145.723,,
35,8,5.0,4636953,3182175376,,,0.002637,2993.92,0.198348,6028.31,,,313.469,1204.46,,,38.4753,1130.08,,
36,8,5.0,4636953,3182175376,,,0.001761,2912.03,0.157966,6055.23,,,291.319,869.905,,,31.07,829.97,,
37,8,5.0,4636953,3182175376,,,0.002044,2572.77,0.200832,218.109,,,300.744,218.496,,,39.0585,207.542,,
38,8,5.0,4636953,3182175376,,,0.002646,2523.58,0.075241,271.466,,,275.346,176.772,,,19.8945,174.425,,
23,8,10.0,67660687,6184352277,,,0.002167,7731.78,0.082383,1170.11,,,292.633,930.99,,,26.5864,892.84,,
24,8,10.0,67660687,6184352277,,,0.002034,9304.99,0.199345,12087.6,,,307.67,3166.29,,,34.9678,2902.22,,
25,8,10.0,67660687,6184352277,,,0.001662,9143.53,0.11619,12111.6,,,295.538,3429.36,,,24.745,3263.5,,
26,8,10.0,67660687,6184352277,,,0.00202,9391.87,0.140895,12360.6,,,285.173,7490.29,,,29.0404,6740.13,,
27,8,10.0,67660687,6184352277,,,0.002013,9096.3,0.153035,7501.13,,,291.82,2617.19,,,27.6233,2494.7,,
28,8,10.0,14020516,6456897276,,,0.002323,6075.0,0.142755,12400.6,,,299.343,3036.29,,,37.4087,2848.79,,
29,8,10.0,14020516,6456897276,,,0.001543,5237.96,0.073716,472.724,,,274.32,418.474,,,23.8834,410.692,,
30,8,10.0,14020516,6456897276,,,0.001961,5291.83,0.153092,502.64,,,295.767,567.02,,,32.822,423.735,,
31,8,10.0,14020516,6456897276,,,0.001577,5842.01,0.157266,12182.7,,,295.024,1310.7,,,28.8621,1207.5,,
32,8,10.0,14020516,6456897276,,,0.001215,5181.08,0.069264,464.211,,,279.268,548.383,,,17.2178,393.708,,
33,8,10.0,14020516,6456897276,,,0.00202,6136.83,0.1809,12292.0,,,320.044,2617.74,,,41.3489,2271.82,,
34,8,10.0,9274247,6458705637,,,0.001529,5276.47,0.035421,459.224,,,254.389,311.124,,,9.13013,290.336,,
35,8,10.0,9274247,6458705637,,,0.00196,6183.67,0.166452,12316.7,,,324.631,1946.44,,,40.021,1793.18,,
36,8,10.0,9274247,6458705637,,,0.00164,6021.41,0.172346,12282.4,,,303.146,1810.52,,,32.311,1730.7,,
37,8,10.0,9274247,6458705637,,,0.00189,5303.03,0.152681,369.311,,,296.211,418.217,,,37.1785,301.317,,
38,8,10.0,9274247,6458705637,,,0.001306,5296.05,0.08448,528.733,,,266.118,348.633,,,18.6064,347.642,,
28,8,50.0,70103102,32803838059,,,0.002092,30412.7,0.149369,62847.7,,,292.049,14076.0,,,33.6195,14593.3,,
29,8,50.0,70103102,32803838059,,,0.002043,26271.2,0.077003,2368.9,,,278.444,2102.27,,,25.4604,2037.26,,
30,8,50.0,70103102,32803838059,,,0.001613,26276.9,0.148325,2329.66,,,304.162,2861.66,,,28.9066,2143.03,,
31,8,50.0,70103102,32803838059,,,0.001809,29372.4,0.129471,61819.8,,,300.342,6468.62,,,25.1154,6030.82,,
32,8,50.0,70103102,32803838059,,,0.001199,26275.8,0.061102,2320.14,,,266.527,2525.83,,,13.6324,1976.13,,
33,8,50.0,70103102,32803838059,,,0.002652,30877.3,0.203515,62623.9,,,322.885,15324.2,,,46.5216,13584.8,,
34,8,50.0,46375197,33122096590,,,0.001608,25726.4,0.03289,2283.83,,,259.712,1537.79,,,8.7113,1418.13,,
35,8,50.0,46375197,33122096590,,,0.002037,30125.7,0.161001,62943.0,,,312.493,15474.2,,,37.3917,12742.6,,
36,8,50.0,46375197,33122096590,,,0.002076,29364.9,0.144129,63025.1,,,305.231,9413.11,,,33.2848,9180.02,,
37,8,50.0,46375197,33122096590,,,0.001771,25768.6,0.15827,2155.41,,,297.202,2197.52,,,39.1023,2079.05,,
38,8,50.0,46375197,33122096590,,,0.001623,25655.8,0.086729,2749.65,,,280.687,1869.95,,,19.2605,1827.22,,
23,9,0.01,67548,6157926,,,0.001721,8.31879,0.0787,1.23327,,,278.557,0.995169,,,25.7923,0.928502,,
24,9,0.01,67548,6157926,,,0.001301,9.79922,0.218234,12.6691,,,298.793,3.45729,,,34.0459,3.0625,,
25,9,0.01,67548,6157926,,,0.001104,9.61461,0.10041,12.6638,,,278.423,3.9704,,,23.6094,3.67258,,
26,9,0.01,67548,6157926,,,0.001082,9.7933,0.170417,12.8254,,,293.515,5.09404,,,30.0992,4.3747,,
27,9,0.01,67548,6157926,,,0.001161,9.42371,0.090649,7.74359,,,280.522,2.28295,,,22.9781,2.30169,,
28,9,0.01,13706,6207919,,,0.001474,6.47607,0.116667,12.4424,,,291.128,2.59653,,,33.1053,2.17569,,
29,9,0.01,13706,6207919,,,0.00118,5.44966,0.104517,0.463951,,,281.248,0.436555,,,25.0256,0.415455,,
30,9,0.01,13706,6207919,,,0.000953,5.3739,0.132216,0.19857,,,295.824,0.577037,,,28.7675,0.390965,,
31,9,0.01,13706,6207919,,,0.000966,5.87873,0.1123,11.6883,,,285.712,1.33265,,,24.5947,1.24815,,
32,9,0.01,13706,6207919,,,0.000745,5.37341,0.057578,0.185515,,,273.419,0.449111,,,12.3113,0.370752,,
33,9,0.01,13706,6207919,,,0.001091,6.19803,0.188179,11.1845,,,314.052,3.66981,,,46.7744,3.4544,,
34,9,0.01,9104,6445396,,,0.001069,5.27165,0.014465,0.466418,,,258.857,0.33384,,,8.84311,0.30556,,
35,9,0.01,9104,6445396,,,0.001159,5.89678,0.162686,11.6566,,,319.129,4.20321,,,40.4155,3.39671,,
36,9,0.01,9104,6445396,,,0.000891,5.91229,0.158758,12.1034,,,307.644,2.31848,,,32.5578,2.1872,,
37,9,0.01,9104,6445396,,,0.000883,5.42887,0.15515,0.133914,,,314.518,0.46161,,,40.0872,0.365503,,
38,9,0.01,9104,6445396,,,0.00084,5.4818,0.057133,0.20836,,,277.538,0.368571,,,17.9978,0.318557,,
23,9,0.05,338143,31241554,,,0.000919,38.4664,0.058621,5.71606,,,286.262,4.8688,,,22.0818,4.50737,,
24,9,0.05,338143,31241554,,,0.001046,46.0666,0.19106,59.2696,,,302.959,16.5388,,,32.1698,15.9482,,
25,9,0.05,338143,31241554,,,0.001085,46.9593,0.067739,60.4135,,,276.098,19.0902,,,23.1154,17.32,,
26,9,0.05,338143,31241554,,,0.001067,47.9084,0.138909,60.665,,,280.45,27.8624,,,24.2592,25.8798,,
27,9,0.05,338143,31241554,,,0.001177,45.7749,0.123883,37.1307,,,290.085,13.7275,,,27.9251,12.5819,,
28,9,0.05,69346,31164251,,,0.002411,29.8209,0.126507,58.2188,,,290.685,11.9415,,,33.5082,10.9335,,
29,9,0.05,69346,31164251,,,0.001022,25.1457,0.053194,2.40291,,,277.402,2.17362,,,25.3907,2.06155,,
30,9,0.05,69346,31164251,,,0.001007,26.2731,0.134074,1.96001,,,290.979,2.9027,,,29.7098,2.11844,,
31,9,0.05,69346,31164251,,,0.001127,28.6603,0.126155,59.4528,,,285.77,6.70882,,,23.8864,6.08485,,
32,9,0.05,69346,31164251,,,0.000762,24.3866,0.053293,1.08907,,,266.608,2.60353,,,11.6607,1.7444,,
33,9,0.05,69346,31164251,,,0.001328,28.3999,0.225664,57.8415,,,314.408,19.0757,,,42.4612,16.8724,,
34,9,0.05,46252,32482073,,,0.000853,27.0024,0.022759,2.28006,,,261.79,1.64028,,,8.27267,1.48526,,
35,9,0.05,46252,32482073,,,0.001665,29.6418,0.165617,60.9272,,,319.801,17.9454,,,38.0773,15.0598,,
36,9,0.05,46252,32482073,,,0.001044,28.4141,0.150099,60.5401,,,309.587,9.52495,,,31.2256,8.00343,,
37,9,0.05,46252,32482073,,,0.001007,26.0991,0.145514,1.93336,,,305.392,2.24572,,,34.7877,2.04886,,
38,9,0.05,46252,32482073,,,0.000975,25.7629,0.077569,1.87529,,,277.21,1.92558,,,19.3084,1.84861,,
23,9,0.1,676808,61784375,,,0.001397,74.2146,0.068886,12.5656,,,287.093,9.5367,,,22.0873,8.81172,,
24,9,0.1,676808,61784375,,,0.00161,89.516,0.194712,117.305,,,310.975,51.1799,,,34.0799,51.6997,,
25,9,0.1,676808,61784375,,,0.001593,88.0902,0.069974,121.237,,,284.76,26.7414,,,21.3511,23.6323,,
26,9,0.1,676808,61784375,,,0.00133,90.1657,0.140064,121.478,,,291.208,61.4334,,,25.6975,53.3803,,
27,9,0.1,676808,61784375,,,0.001553,86.6909,0.101299,75.2269,,,293.815,27.0799,,,25.0196,24.2825,,
28,9,0.1,140045,64597512,,,0.002485,59.7116,0.144927,121.647,,,294.788,22.2064,,,36.0333,19.4726,,
29,9,0.1,140045,64597512,,,0.001774,51.2481,0.054761,4.92966,,,271.697,4.54794,,,21.3483,4.10259,,
30,9,0.1,140045,64597512,,,0.001479,52.406,0.139633,4.72312,,,300.094,5.85459,,,34.4065,4.1785,,
31,9,0.1,140045,64597512,,,0.001915,58.7565,0.114027,118.768,,,284.091,13.6341,,,23.0282,11.5516,,
32,9,0.1,140045,64597512,,,0.001335,51.4988,0.049349,3.12012,,,266.517,4.42556,,,11.9456,3.85459,,
33,9,0.1,140045,64597512,,,0.001791,59.3312,0.15629,119.951,,,304.093,22.7113,,,36.9488,20.3091,,
34,9,0.1,92437,65159782,,,0.001165,51.3204,0.031829,3.76249,,,252.322,3.25293,,,9.03811,2.96842,,
35,9,0.1,92437,65159782,,,0.002087,58.4108,0.114331,122.277,,,295.001,9.98641,,,31.6722,8.307,,
36,9,0.1,92437,65159782,,,0.001631,59.2451,0.143192,122.147,,,292.657,21.6944,,,31.5179,19.1853,,
37,9,0.1,92437,65159782,,,0.001513,51.6672,0.138364,4.09002,,,297.647,4.44947,,,35.4339,4.06951,,
38,9,0.1,92437,65159782,,,0.001339,50.578,0.08256,4.05457,,,265.847,3.93511,,,14.3994,3.64108,,
23,9,0.5,3381970,305540942,,,0.001544,375.126,0.067509,56.5599,,,285.591,47.2327,,,23.2596,44.1956,,
24,9,0.5,3381970,305540942,,,0.001561,447.917,0.201685,584.285,,,305.048,165.8,,,31.8045,160.779,,
25,9,0.5,3381970,305540942,,,0.001838,444.514,0.070149,625.438,,,301.769,194.939,,,22.1308,183.286,,
26,9,0.5,3381970,305540942,,,0.001754,457.26,0.16173,631.364,,,303.538,242.755,,,28.6465,210.08,,
27,9,0.5,3381970,305540942,,,0.001836,452.692,0.077614,380.326,,,290.739,100.335,,,24.9038,92.6268,,
28,9,0.5,700773,324657277,,,0.002343,317.966,0.15289,636.192,,,303.282,142.025,,,36.5039,131.698,,
29,9,0.5,700773,324657277,,,0.001877,277.225,0.083796,23.2568,,,277.603,21.2096,,,23.3455,20.6773,,
30,9,0.5,700773,324657277,,,0.001689,277.239,0.187597,25.5553,,,300.156,28.7777,,,32.4011,20.9539,,
31,9,0.5,700773,324657277,,,0.001805,316.213,0.118785,622.822,,,284.469,63.4898,,,22.6402,58.9032,,
32,9,0.5,700773,324657277,,,0.001425,279.631,0.055491,22.7585,,,264.996,25.4776,,,11.7311,19.4827,,
33,9,0.5,700773,324657277,,,0.00251,323.954,0.192619,619.973,,,302.955,127.948,,,39.6339,112.903,,
34,9,0.5,464093,326362612,,,0.001355,271.59,0.027757,22.8489,,,253.34,16.2036,,,8.53535,14.5567,,
35,9,0.5,464093,326362612,,,0.002318,307.199,0.16767,606.164,,,306.094,72.1832,,,34.6994,64.1562,,
36,9,0.5,464093,326362612,,,0.001988,294.164,0.184654,613.49,,,295.663,103.708,,,29.043,99.8601,,
37,9,0.5,464093,326362612,,,0.002469,261.953,0.16965,21.4927,,,312.283,22.3138,,,39.527,20.6003,,
38,9,0.5,464093,326362612,,,0.001763,259.43,0.079947,26.2887,,,279.438,18.7091,,,18.9056,17.5323,,
23,9,1.0,6763320,618802298,,,0.001739,750.851,0.073025,116.569,,,287.754,95.1751,,,23.6149,87.4597,,
24,9,1.0,6763320,618802298,,,0.001935,910.946,0.154077,1188.57,,,316.681,267.141,,,30.6267,276.02,,
25,9,1.0,6763320,618802298,,,0.001667,927.631,0.085243,1251.31,,,287.225,310.011,,,24.297,283.805,,
26,9,1.0,6763320,618802298,,,0.001781,953.683,0.176892,1266.66,,,297.868,627.123,,,29.8587,652.184,,
27,9,1.0,6763320,618802298,,,0.00208,908.759,0.119128,774.548,,,285.481,247.927,,,26.1377,244.731,,
28,9,1.0,1402633,655149527,,,0.002347,609.591,0.166706,1245.87,,,290.04,278.685,,,36.8067,259.614,,
29,9,1.0,1402633,655149527,,,0.002591,530.636,0.059976,46.0057,,,274.548,42.7224,,,22.2133,40.5249,,
30,9,1.0,1402633,655149527,,,0.001714,528.366,0.127966,45.0764,,,295.041,57.8168,,,30.6701,42.4668,,
31,9,1.0,1402633,655149527,,,0.002256,591.885,0.11054,1209.3,,,282.908,131.114,,,24.5318,125.747,,
32,9,1.0,1402633,655149527,,,0.001761,538.358,0.0576,44.5268,,,262.687,51.0549,,,13.1565,39.651,,
33,9,1.0,1402633,655149527,,,0.002794,642.239,0.163077,1238.0,,,308.464,323.302,,,37.6275,326.091,,
34,9,1.0,927644,658277855,,,0.001813,533.526,0.021406,46.0602,,,260.195,31.9003,,,8.4182,29.2362,,
35,9,1.0,927644,658277855,,,0.002407,622.965,0.150376,1275.6,,,313.893,247.875,,,39.6882,258.816,,
36,9,1.0,927644,658277855,,,0.002895,605.719,0.167253,1277.18,,,305.755,180.632,,,32.7828,184.476,,
37,9,1.0,927644,658277855,,,0.002005,530.431,0.159034,43.9629,,,303.143,43.2328,,,36.3648,41.4017,,
38,9,1.0,927644,658277855,,,0.002254,513.641,0.071291,53.5648,,,276.444,35.458,,,18.1001,35.0681,,
23,9,5.0,33828344,3082684659,,,0.001658,3818.04,0.079106,581.553,,,291.797,463.198,,,24.0605,445.156,,
24,9,5.0,33828344,3082684659,,,0.002019,4561.97,0.159043,6035.78,,,288.395,1261.09,,,29.966,1269.61,,
25,9,5.0,33828344,3082684659,,,0.002162,4548.82,0.078514,6132.18,,,277.765,1963.5,,,24.0567,1771.87,,
26,9,5.0,33828344,3082684659,,,0.002054,4662.29,0.131388,6194.13,,,295.714,2720.95,,,26.9978,2501.01,,
27,9,5.0,33828344,3082684659,,,0.002494,4411.93,0.15009,3735.6,,,295.811,1230.84,,,30.4915,1219.26,,
28,9,5.0,7011291,3257070691,,,0.002487,3140.22,0.121789,6256.86,,,287.281,1009.6,,,31.5711,989.334,,
29,9,5.0,7011291,3257070691,,,0.002086,2693.16,0.077324,240.448,,,284.961,214.59,,,22.6626,202.861,,
30,9,5.0,7011291,3257070691,,,0.002045,2710.5,0.197875,269.616,,,305.036,283.005,,,30.6133,209.161,,
31,9,5.0,7011291,3257070691,,,0.002483,2954.61,0.122795,6129.51,,,293.239,652.307,,,24.4775,595.471,,
32,9,5.0,7011291,3257070691,,,0.001778,2727.45,0.067033,230.993,,,271.84,214.84,,,12.8529,197.077,,
33,9,5.0,7011291,3257070691,,,0.002779,3117.97,0.168246,6226.5,,,304.478,1469.02,,,41.365,1310.45,,
34,9,5.0,4636953,3182175376,,,0.001414,2606.7,0.032668,229.548,,,263.46,155.879,,,9.12875,147.241,,
35,9,5.0,4636953,3182175376,,,0.002773,2959.31,0.16703,6025.55,,,313.168,1237.56,,,40.2107,1183.5,,
36,9,5.0,4636953,3182175376,,,0.002173,2952.87,0.172682,6082.49,,,304.243,905.94,,,30.4078,831.278,,
37,9,5.0,4636953,3182175376,,,0.002753,2549.84,0.165328,216.738,,,306.412,218.355,,,40.0714,207.636,,
38,9,5.0,4636953,3182175376,,,0.002416,2619.67,0.074321,267.54,,,264.945,175.638,,,19.1216,173.996,,
23,9,10.0,67660687,6184352277,,,0.001627,7819.73,0.078711,1151.49,,,281.143,903.081,,,24.9498,882.089,,
24,9,10.0,67660687,6184352277,,,0.002208,9373.68,0.1897,12075.4,,,311.681,3220.61,,,32.2374,2882.51,,
25,9,10.0,67660687,6184352277,,,0.001982,9257.27,0.100719,12097.3,,,282.333,3340.69,,,25.9196,3271.63,,
26,9,10.0,67660687,6184352277,,,0.005672,9472.11,0.146569,12351.3,,,293.687,7530.71,,,28.4939,6698.11,,
27,9,10.0,67660687,6184352277,,,0.002352,9161.45,0.151713,7500.44,,,295.95,2599.5,,,27.0879,2493.47,,
28,9,10.0,14020516,6456897276,,,0.00218,6100.53,0.145251,12369.1,,,300.626,3035.4,,,36.9183,2849.24,,
29,9,10.0,14020516,6456897276,,,0.002018,5238.74,0.068788,470.531,,,277.119,422.425,,,23.7543,408.726,,
30,9,10.0,14020516,6456897276,,,0.002183,5278.25,0.150264,501.69,,,294.571,569.571,,,32.3777,426.227,,
31,9,10.0,14020516,6456897276,,,0.00209,5894.09,0.142382,12153.8,,,294.361,1272.03,,,28.6996,1207.5,,
32,9,10.0,14020516,6456897276,,,0.001629,5269.12,0.065232,457.511,,,275.803,549.797,,,16.8798,394.569,,
33,9,10.0,14020516,6456897276,,,0.002562,6182.84,0.21844,12320.8,,,318.126,2617.95,,,40.375,2244.16,,
34,9,10.0,9274247,6458705637,,,0.001668,5269.98,0.030516,453.837,,,253.57,309.207,,,9.34985,289.763,,
35,9,10.0,9274247,6458705637,,,0.002815,6206.19,0.163586,12165.7,,,307.401,1958.21,,,38.6305,1788.16,,
36,9,10.0,9274247,6458705637,,,0.00237,6036.45,0.139841,12222.8,,,299.864,1761.63,,,30.7874,1714.09,,
37,9,10.0,9274247,6458705637,,,0.002005,5288.8,0.150802,367.014,,,319.371,423.029,,,37.0714,300.723,,
38,9,10.0,9274247,6458705637,,,0.002157,5310.01,0.081281,523.205,,,280.116,354.001,,,18.9473,347.356,,
28,9,50.0,70103102,32803838059,,,0.002544,30480.4,0.143833,62888.4,,,288.852,14013.1,,,35.7005,14595.6,,
29,9,50.0,70103102,32803838059,,,0.002093,26320.6,0.075401,2314.9,,,278.329,2121.53,,,25.7714,2046.21,,
30,9,50.0,70103102,32803838059,,,0.002441,26368.6,0.158919,2350.05,,,302.225,2860.33,,,28.9813,2123.5,,
31,9,50.0,70103102,32803838059,,,0.002305,29620.7,0.142617,61813.6,,,304.07,6451.44,,,25.5923,6053.44,,
32,9,50.0,70103102,32803838059,,,0.001669,26313.9,0.06388,2308.93,,,273.809,2545.52,,,12.9253,1999.52,,
33,9,50.0,70103102,32803838059,,,0.002327,30991.3,0.196512,62537.1,,,320.895,15355.3,,,44.7896,13730.2,,
34,9,50.0,46375197,33122096590,,,0.001494,25684.1,0.025697,2279.88,,,262.06,1542.88,,,8.44906,1411.5,,
35,9,50.0,46375197,33122096590,,,0.002924,30196.6,0.151185,62961.7,,,309.589,15376.6,,,36.0153,12770.5,,
36,9,50.0,46375197,33122096590,,,0.002033,29411.6,0.142191,62846.3,,,294.867,9441.0,,,32.7797,9246.26,,
37,9,50.0,46375197,33122096590,,,0.002334,25799.6,0.191079,2160.5,,,295.775,2188.02,,,37.66,2069.04,,
38,9,50.0,46375197,33122096590,,,0.002011,25928.4,0.084826,2727.95,,,278.07,1878.69,,,20.0105,1861.79,,
23,10,0.01,67548,6157926,,,0.001739,8.19954,0.073445,1.2443,,,278.247,0.999125,,,25.1154,0.901179,,
24,10,0.01,67548,6157926,,,0.001296,9.78674,0.212891,12.92,,,298.663,3.49414,,,35.1328,3.16015,,
25,10,0.01,67548,6157926,,,0.001142,9.4994,0.085685,12.2768,,,274.852,3.8479,,,23.2496,3.33424,,
26,10,0.01,67548,6157926,,,0.000961,9.65743,0.154011,11.7927,,,293.097,4.97365,,,28.7997,4.28102,,
27,10,0.01,67548,6157926,,,0.000943,8.61478,0.0794,6.96541,,,281.914,2.31403,,,22.4422,2.26152,,
28,10,0.01,13706,6207919,,,0.001363,5.76445,0.128071,11.544,,,287.362,2.6203,,,33.2057,2.25773,,
29,10,0.01,13706,6207919,,,0.001008,5.05697,0.092619,0.453225,,,279.929,0.447587,,,25.7414,0.415015,,
30,10,0.01,13706,6207919,,,0.000821,5.34931,0.11922,0.183612,,,296.155,0.589691,,,28.1621,0.385079,,
31,10,0.01,13706,6207919,,,0.000939,6.09724,0.097396,11.0997,,,284.414,1.32985,,,25.2061,1.27134,,
32,10,0.01,13706,6207919,,,0.000676,5.43455,0.055679,0.177854,,,265.665,0.571455,,,12.2695,0.344438,,
33,10,0.01,13706,6207919,,,0.00116,6.42006,0.177307,11.9601,,,308.988,3.66669,,,44.5709,3.26188,,
34,10,0.01,9104,6445396,,,0.000692,5.39953,0.016297,0.48871,,,259.753,0.345782,,,8.63708,0.299193,,
35,10,0.01,9104,6445396,,,0.001139,6.02784,0.169307,12.3744,,,321.038,4.29524,,,40.7315,3.40635,,
36,10,0.01,9104,6445396,,,0.000948,6.04424,0.180235,11.7252,,,306.34,2.32363,,,32.1446,2.32208,,
37,10,0.01,9104,6445396,,,0.000758,5.01548,0.153398,0.134054,,,317.588,0.462306,,,40.4083,0.400948,,
38,10,0.01,9104,6445396,,,0.000778,5.02821,0.056905,0.212732,,,275.209,0.367438,,,18.2958,0.324078,,
23,10,0.05,338143,31241554,,,0.000934,36.3668,0.060109,5.76688,,,286.636,4.87336,,,22.2674,4.69083,,
24,10,0.05,338143,31241554,,,0.000952,47.3397,0.195989,57.83,,,306.434,16.528,,,33.5705,16.1254,,
25,10,0.05,338143,31241554,,,0.000939,44.1276,0.071586,61.6914,,,286.274,19.3821,,,23.1307,17.7039,,
26,10,0.05,338143,31241554,,,0.000989,46.7189,0.123768,61.3148,,,290.167,28.1499,,,25.0999,25.4318,,
27,10,0.05,338143,31241554,,,0.001181,43.0845,0.119959,36.8664,,,300.799,14.182,,,27.6198,12.9013,,
28,10,0.05,69346,31164251,,,0.001607,28.2912,0.111091,58.7377,,,293.714,12.0812,,,34.0505,10.3749,,
29,10,0.05,69346,31164251,,,0.001052,26.6689,0.057777,2.40859,,,275.005,2.14995,,,25.0113,2.04849,,
30,10,0.05,69346,31164251,,,0.001305,25.7099,0.128096,1.97945,,,292.004,2.93752,,,31.0833,2.08275,,
31,10,0.05,69346,31164251,,,0.00094,28.3591,0.125681,57.5398,,,287.38,6.66695,,,24.0581,6.08587,,
32,10,0.05,69346,31164251,,,0.000647,24.8107,0.04666,0.993222,,,262.93,2.22074,,,11.9832,1.89168,,
33,10,0.05,69346,31164251,,,0.001209,30.6129,0.194589,58.575,,,307.141,19.2365,,,42.7541,17.3153,,
34,10,0.05,46252,32482073,,,0.000926,25.8815,0.019997,2.33106,,,252.332,1.65358,,,8.64428,1.53555,,
35,10,0.05,46252,32482073,,,0.001505,29.6383,0.166557,59.5087,,,310.508,17.7827,,,40.1333,15.5344,,
36,10,0.05,46252,32482073,,,0.000932,30.411,0.152212,60.9254,,,297.329,9.50106,,,31.9594,8.37101,,
37,10,0.05,46252,32482073,,,0.001108,26.659,0.1357,1.83399,,,298.117,2.21693,,,36.547,2.08663,,
38,10,0.05,46252,32482073,,,0.000952,25.8167,0.069219,1.67617,,,271.546,1.92386,,,19.8786,1.8978,,
23,10,0.1,676808,61784375,,,0.001296,78.6581,0.06724,12.4691,,,279.444,9.507,,,22.7271,9.11225,,
24,10,0.1,676808,61784375,,,0.001239,91.9821,0.193565,116.835,,,308.586,50.5652,,,34.8235,50.5033,,
25,10,0.1,676808,61784375,,,0.001075,91.1417,0.063477,121.909,,,284.588,25.9998,,,22.0954,25.1273,,
26,10,0.1,676808,61784375,,,0.001222,94.5613,0.144016,122.139,,,294.158,60.7753,,,27.9285,53.4957,,
27,10,0.1,676808,61784375,,,0.001369,89.3846,0.101615,72.8137,,,295.144,27.7322,,,24.9718,25.3221,,
28,10,0.1,140045,64597512,,,0.001701,62.0729,0.144358,120.799,,,306.562,22.9718,,,37.2289,19.7604,,
29,10,0.1,140045,64597512,,,0.001467,54.3067,0.05766,5.16998,,,282.335,4.55336,,,22.123,4.24471,,
30,10,0.1,140045,64597512,,,0.001522,51.7436,0.138586,4.89487,,,311.335,5.91883,,,35.4488,4.27031,,
31,10,0.1,140045,64597512,,,0.001456,59.6812,0.112466,118.189,,,296.431,13.8013,,,24.6535,12.1196,,
32,10,0.1,140045,64597512,,,0.000826,52.3552,0.049463,3.1535,,,275.59,5.61,,,12.2127,3.93276,,
33,10,0.1,140045,64597512,,,0.00155,62.9743,0.173317,121.977,,,309.321,22.923,,,38.8636,20.1133,,
34,10,0.1,92437,65159782,,,0.000901,52.2534,0.026242,4.46176,,,254.874,3.23753,,,8.76058,2.99805,,
35,10,0.1,92437,65159782,,,0.001676,60.9152,0.118497,120.908,,,295.563,9.87739,,,32.9755,8.6889,,
36,10,0.1,92437,65159782,,,0.001096,60.5722,0.158204,122.542,,,293.784,21.5756,,,32.7015,19.4011,,
37,10,0.1,92437,65159782,,,0.001416,51.8535,0.14457,4.07807,,,297.162,4.46693,,,37.5962,4.15246,,
38,10,0.1,92437,65159782,,,0.000949,54.2164,0.084975,4.86037,,,262.544,3.8929,,,15.9426,3.76693,,
23,10,0.5,3381970,305540942,,,0.001541,382.368,0.072434,55.9847,,,277.95,46.4691,,,23.7616,43.8805,,
24,10,0.5,3381970,305540942,,,0.00126,448.281,0.181958,590.597,,,297.129,161.764,,,33.5322,166.257,,
25,10,0.5,3381970,305540942,,,0.00125,440.956,0.066254,611.119,,,280.332,190.057,,,22.8543,188.974,,
26,10,0.5,3381970,305540942,,,0.001183,453.496,0.161674,619.049,,,292.574,244.837,,,30.9245,216.996,,
27,10,0.5,3381970,305540942,,,0.001469,432.972,0.075477,377.138,,,288.791,100.694,,,25.0127,94.8796,,
28,10,0.5,700773,324657277,,,0.001838,304.296,0.146854,633.482,,,305.401,143.092,,,36.7548,135.291,,
29,10,0.5,700773,324657277,,,0.001227,263.395,0.08005,24.0952,,,288.369,21.1128,,,23.7866,20.4329,,
30,10,0.5,700773,324657277,,,0.001144,262.425,0.170086,25.1793,,,307.17,28.6917,,,31.7959,21.2297,,
31,10,0.5,700773,324657277,,,0.001295,295.085,0.117884,605.289,,,293.654,64.7662,,,22.8816,57.3336,,
32,10,0.5,700773,324657277,,,0.000966,264.071,0.061831,22.5029,,,274.947,25.6186,,,12.4063,19.5756,,
33,10,0.5,700773,324657277,,,0.001716,312.22,0.170805,609.88,,,311.881,130.184,,,37.8898,110.946,,
34,10,0.5,464093,326362612,,,0.000809,268.284,0.027494,22.7849,,,253.347,16.0164,,,8.3331,14.6967,,
35,10,0.5,464093,326362612,,,0.001477,313.701,0.194756,605.207,,,309.733,71.1769,,,35.509,63.4556,,
36,10,0.5,464093,326362612,,,0.001596,307.354,0.169094,613.966,,,295.142,102.463,,,29.8086,98.0252,,
37,10,0.5,464093,326362612,,,0.001614,270.921,0.175891,21.7478,,,301.341,22.0763,,,37.7574,20.5097,,
38,10,0.5,464093,326362612,,,0.001488,270.867,0.090034,26.5316,,,269.579,18.4026,,,19.7682,17.8071,,
23,10,1.0,6763320,618802298,,,0.001421,774.735,0.084774,120.287,,,280.2,93.1231,,,23.6763,87.3383,,
24,10,1.0,6763320,618802298,,,0.001419,920.875,0.174607,1230.76,,,293.431,258.356,,,29.0141,272.265,,
25,10,1.0,6763320,618802298,,,0.001625,881.357,0.083586,1271.75,,,285.221,307.405,,,22.3591,276.598,,
26,10,1.0,6763320,618802298,,,0.001288,910.03,0.184595,1251.01,,,298.251,639.971,,,27.8453,635.421,,
27,10,1.0,6763320,618802298,,,0.001535,871.189,0.115707,744.96,,,293.809,258.69,,,25.68,235.263,,
28,10,1.0,1402633,655149527,,,0.001765,630.322,0.159425,1230.39,,,310.672,287.985,,,35.2312,257.741,,
29,10,1.0,1402633,655149527,,,0.001505,542.376,0.059536,45.7951,,,282.851,42.2789,,,23.1442,40.6264,,
30,10,1.0,1402633,655149527,,,0.00175,544.344,0.136761,45.1036,,,292.98,58.1268,,,30.5354,42.392,,
31,10,1.0,1402633,655149527,,,0.001339,612.21,0.113218,1221.69,,,284.799,130.561,,,23.9144,123.99,,
32,10,1.0,1402633,655149527,,,0.001111,534.485,0.062767,45.3132,,,268.077,53.2512,,,12.7774,39.6642,,
33,10,1.0,1402633,655149527,,,0.001479,612.116,0.155563,1277.48,,,298.681,314.88,,,39.1527,327.631,,
34,10,1.0,927644,658277855,,,0.000974,510.975,0.022541,45.7975,,,251.925,32.0992,,,8.88861,29.5321,,
35,10,1.0,927644,658277855,,,0.001621,600.349,0.180293,1270.12,,,307.6,241.66,,,39.4257,260.112,,
36,10,1.0,927644,658277855,,,0.001362,579.836,0.172094,1248.73,,,296.153,176.101,,,32.2853,185.366,,
37,10,1.0,927644,658277855,,,0.001307,529.268,0.145986,42.8178,,,300.485,43.0263,,,36.9692,41.6135,,
38,10,1.0,927644,658277855,,,0.001149,530.935,0.063318,52.4448,,,275.785,35.5706,,,18.9877,34.7874,,
23,10,5.0,33828344,3082684659,,,0.001546,3793.59,0.076977,579.546,,,289.282,473.173,,,25.4846,449.36,,
24,10,5.0,33828344,3082684659,,,0.001916,4584.04,0.160986,5999.18,,,296.919,1315.79,,,30.5013,1280.85,,
25,10,5.0,33828344,3082684659,,,0.001878,4448.03,0.0823,6130.47,,,278.569,1928.06,,,25.0417,1783.78,,
26,10,5.0,33828344,3082684659,,,0.001769,4615.55,0.130952,6223.14,,,285.271,2761.65,,,29.3947,2496.85,,
27,10,5.0,33828344,3082684659,,,0.002978,4460.65,0.142585,3779.75,,,295.137,1230.77,,,31.1897,1188.18,,
28,10,5.0,7011291,3257070691,,,0.002003,3066.91,0.121475,6227.83,,,287.57,1007.32,,,31.5487,985.195,,
29,10,5.0,7011291,3257070691,,,0.001831,2692.32,0.067133,233.704,,,285.578,213.086,,,23.2992,202.38,,
30,10,5.0,7011291,3257070691,,,0.001714,2650.73,0.180286,265.07,,,305.211,284.487,,,31.1978,208.338,,
31,10,5.0,7011291,3257070691,,,0.002557,3002.68,0.139272,6128.73,,,290.335,652.57,,,24.1641,599.254,,
32,10,5.0,7011291,3257070691,,,0.001259,2623.67,0.064877,229.803,,,273.001,224.349,,,13.2786,197.412,,
33,10,5.0,7011291,3257070691,,,0.001958,3162.01,0.155003,6159.61,,,328.793,1461.99,,,43.0636,1349.22,,
34,10,5.0,4636953,3182175376,,,0.001329,2503.79,0.032136,225.467,,,250.841,157.448,,,9.30392,146.214,,
35,10,5.0,4636953,3182175376,,,0.001984,3020.91,0.17684,5975.54,,,310.859,1203.83,,,39.0846,1169.76,,
36,10,5.0,4636953,3182175376,,,0.002406,2885.48,0.142727,6043.67,,,303.448,940.289,,,30.0352,804.036,,
37,10,5.0,4636953,3182175376,,,0.00165,2542.61,0.180626,213.566,,,303.307,218.964,,,38.5419,206.399,,
38,10,5.0,4636953,3182175376,,,0.001468,2572.49,0.072757,265.397,,,276.231,178.764,,,18.6154,170.9,,
23,10,10.0,67660687,6184352277,,,0.001543,7717.44,0.071956,1161.88,,,292.046,920.614,,,24.7812,895.592,,
24,10,10.0,67660687,6184352277,,,0.001852,9275.15,0.182909,12069.1,,,302.122,3167.78,,,32.9975,2963.37,,
25,10,10.0,67660687,6184352277,,,0.00168,9193.31,0.090924,12100.0,,,300.638,3363.15,,,26.1085,3197.66,,
26,10,10.0,67660687,6184352277,,,0.002192,9402.42,0.132205,12368.7,,,286.267,7506.85,,,28.3726,6712.0,,
27,10,10.0,67660687,6184352277,,,0.001995,9086.28,0.15651,7539.93,,,306.542,2679.32,,,28.0323,2547.68,,
28,10,10.0,14020516,6456897276,,,0.002323,6052.34,0.147124,12361.1,,,294.932,2933.09,,,36.8642,2780.18,,
29,10,10.0,14020516,6456897276,,,0.001841,5196.7,0.065787,464.487,,,293.976,424.323,,,22.7192,402.469,,
30,10,10.0,14020516,6456897276,,,0.002387,5221.7,0.166395,499.153,,,303.447,571.382,,,31.4678,421.656,,
31,10,10.0,14020516,6456897276,,,0.001625,5830.56,0.174133,12152.3,,,304.513,1309.62,,,30.5119,1241.44,,
32,10,10.0,14020516,6456897276,,,0.00132,5186.2,0.083694,463.539,,,275.764,540.551,,,17.9397,395.468,,
33,10,10.0,14020516,6456897276,,,0.002706,6140.55,0.199373,12305.7,,,304.057,2534.43,,,43.7594,2234.3,,
34,10,10.0,9274247,6458705637,,,0.001209,5286.05,0.032468,456.578,,,262.107,311.581,,,9.20006,286.241,,
35,10,10.0,9274247,6458705637,,,0.002217,6119.93,0.165487,12229.3,,,317.291,1988.28,,,37.4122,1793.01,,
36,10,10.0,9274247,6458705637,,,0.001834,6026.88,0.171457,12301.0,,,304.91,1700.49,,,33.5858,1773.69,,
37,10,10.0,9274247,6458705637,,,0.001698,5271.72,0.142049,368.225,,,295.713,419.051,,,36.983,303.584,,
38,10,10.0,9274247,6458705637,,,0.00139,5267.62,0.077252,528.914,,,263.993,349.891,,,19.5109,346.716,,
28,10,50.0,70103102,32803838059,,,0.001728,30264.2,0.151538,62862.4,,,295.548,14060.0,,,34.1325,14475.7,,
29,10,50.0,70103102,32803838059,,,0.001682,26145.9,0.082399,2360.0,,,277.61,2109.47,,,24.4749,2044.79,,
30,10,50.0,70103102,32803838059,,,0.001781,25986.9,0.153139,2327.23,,,302.997,2851.15,,,29.7986,2142.36,,
31,10,50.0,70103102,32803838059,,,0.001859,29164.7,0.117469,61809.1,,,297.869,6496.64,,,24.779,6026.29,,
32,10,50.0,70103102,32803838059,,,0.001265,26091.3,0.061512,2322.76,,,264.869,2534.09,,,13.025,1987.2,,
33,10,50.0,70103102,32803838059,,,0.001867,30731.5,0.18683,62595.2,,,322.006,15343.5,,,45.279,13737.3,,
34,10,50.0,46375197,33122096590,,,0.001405,25658.7,0.024099,2276.23,,,255.854,1529.89,,,9.13928,1418.78,,
35,10,50.0,46375197,33122096590,,,0.001828,30040.5,0.143518,62760.5,,,313.239,15397.4,,,35.7152,12761.5,,
36,10,50.0,46375197,33122096590,,,0.001979,29304.5,0.151101,62940.5,,,296.804,9553.27,,,32.1796,9249.67,,
37,10,50.0,46375197,33122096590,,,0.002032,25680.5,0.159135,2174.62,,,306.219,2137.56,,,37.0604,2087.78,,
38,10,50.0,46375197,33122096590,,,0.001517,25715.1,0.080802,2717.71,,,272.403,1861.75,,,20.6608,1862.33,,
39,1,0.001,73492,612310,,,0.001216,3.10893,0.0173,0.661934,,,243.232,0.352588,,,6.7014,0.348099,,
40,1,0.001,73492,612310,,,0.000639,3.05797,0.011643,0.929284,,,247.706,0.349631,,,5.04911,0.353737,,
41,1,0.001,73492,612310,,,0.000763,3.06148,0.054086,0.917764,,,253.94,0.526931,,,13.2621,0.336093,,
42,1,0.001,73492,612310,,,0.000485,2.99773,0.014933,0.742824,,,250.701,0.509912,,,7.07435,0.309425,,
43,1,0.001,73492,612310,,,0.000321,2.98692,0.012042,0.739416,,,249.409,0.545062,,,6.92241,0.382783,,
44,1,0.001,73492,612310,,,0.00038,3.06776,0.081764,0.771251,,,260.803,0.536988,,,11.2967,0.349937,,
45,1,0.001,73492,612310,,,0.000344,3.11319,0.057825,0.834867,,,264.003,0.534781,,,11.0152,0.383714,,
46,1,0.001,73492,612310,,,0.000308,3.06116,0.0626,0.876429,,,265.191,0.594471,,,11.4168,0.376672,,
47,1,0.001,73492,612310,,,0.000354,3.15947,0.05318,0.68244,,,268.662,0.616029,,,11.051,0.444747,,
48,1,0.001,73492,612310,,,0.00032,2.81308,0.035603,0.527148,,,266.007,0.526325,,,8.33001,0.347462,,
49,1,0.001,73492,612310,,,0.000729,3.55939,0.052872,2.11184,,,279.331,1.4574,,,16.3103,1.21839,,
50,1,0.001,73492,612310,,,0.000668,3.53542,0.1138,1.54163,,,292.08,1.29412,,,18.8837,1.10291,,
51,1,0.001,73492,612310,,,0.00048,3.70635,0.022491,2.21981,,,270.12,1.45764,,,12.6197,1.23208,,
52,1,0.001,73492,612310,,,0.000891,3.24841,0.176521,0.824864,,,307.727,0.589373,,,30.9365,0.531555,,
53,1,0.001,73492,612310,,,0.000765,3.83502,0.067813,2.17879,,,283.763,1.51235,,,18.9677,1.31503,,
54,1,0.001,73492,612310,,,0.000609,3.66498,0.033181,2.2107,,,273.293,1.61702,,,14.9742,1.31247,,
55,1,0.001,73492,612310,,,0.000698,2.9816,0.101252,1.65635,,,291.079,1.32284,,,24.2783,1.07647,,
56,1,0.001,73492,612310,,,0.000621,3.33047,0.094407,2.0754,,,278.538,1.47174,,,21.2944,1.41378,,
57,1,0.001,73492,612310,,,0.000546,3.75592,0.113188,2.09211,,,261.564,2.08607,,,16.9962,1.75845,,
58,1,0.001,73492,612310,,,0.00044,3.78761,0.058241,2.37915,,,254.418,2.18663,,,12.2572,1.90132,,
59,1,0.001,51073,554946,,,0.000559,2.25144,0.009152,0.481863,,,242.914,0.240391,,,4.35206,0.261122,,
60,1,0.001,51073,554946,,,0.000485,2.3553,0.009794,0.758736,,,244.83,0.259771,,,4.27406,0.245441,,
61,1,0.001,51073,554946,,,0.000349,2.24124,0.013392,0.668052,,,247.874,0.452993,,,5.03161,0.40052,,
62,1,0.001,51073,554946,,,0.000278,2.17993,0.011473,0.65063,,,248.001,0.408101,,,4.50444,0.36687,,
63,1,0.001,51073,554946,,,0.000607,2.16341,0.186282,0.597388,,,272.533,0.370061,,,27.4597,0.318727,,
64,1,0.001,51073,554946,,,0.000637,2.37387,0.206907,0.552422,,,299.497,0.538941,,,47.0361,0.434476,,
65,1,0.001,51073,554946,,,0.00039,2.3303,0.056737,0.502079,,,256.738,0.376816,,,10.852,0.257809,,
66,1,0.001,51073,554946,,,0.000293,2.20522,0.048317,0.399969,,,257.793,0.391976,,,11.3277,0.244552,,
67,1,0.001,51073,554946,,,0.000293,2.45782,0.054569,0.484235,,,261.326,0.533177,,,11.3214,0.346099,,
68,1,0.001,51073,554946,,,0.000266,2.42419,0.047404,0.632651,,,266.312,0.498502,,,11.5927,0.360313,,
69,1,0.001,51073,554946,,,0.000546,2.73717,0.211049,0.959049,,,311.086,0.633326,,,25.0543,0.573506,,
70,1,0.001,51073,554946,,,0.00075,2.51674,0.149577,0.942278,,,298.375,0.621126,,,29.6203,0.531963,,
71,1,0.001,51073,554946,,,0.000878,2.86949,0.097402,1.73941,,,296.032,1.04899,,,29.6873,0.890046,,
72,1,0.001,51073,554946,,,0.000568,2.62517,0.086003,1.74701,,,284.256,1.09541,,,20.8973,0.927208,,
73,1,0.001,51073,554946,,,0.000699,2.93929,0.069221,1.89572,,,294.956,1.33129,,,30.961,1.25285,,
74,1,0.001,51073,554946,,,0.000523,2.86005,0.04964,1.41918,,,277.936,0.935605,,,14.6174,0.774074,,
75,1,0.001,51073,554946,,,0.000582,2.60868,0.083153,1.42913,,,289.626,0.916632,,,23.069,0.782733,,
76,1,0.001,51073,554946,,,0.000565,2.80897,0.096776,1.50687,,,284.226,1.39369,,,21.3555,1.14883,,
77,1,0.001,51073,554946,,,0.000346,2.49673,0.014814,1.80769,,,260.217,1.04092,,,12.5719,0.911381,,
78,1,0.001,51073,554946,,,0.000402,2.68224,0.051551,1.68108,,,273.054,1.14507,,,16.2836,1.02972,,
79,1,0.001,15633,565229,,,0.000556,0.893915,0.012068,0.168281,,,250.19,0.128807,,,8.49785,0.100935,,
80,1,0.001,15633,565229,,,0.000397,0.870054,0.02279,0.146604,,,247.714,0.108469,,,4.89682,0.09606,,
81,1,0.001,15633,565229,,,0.000225,0.865299,0.022213,0.11774,,,253.869,0.129516,,,9.21305,0.088236,,
82,1,0.001,15633,565229,,,0.000215,0.868216,0.019126,0.144759,,,253.918,0.154375,,,8.81309,0.08494,,
83,1,0.001,15633,565229,,,0.000229,0.869534,0.021044,0.155525,,,253.311,0.130701,,,9.62518,0.083893,,
84,1,0.001,15633,565229,,,0.000237,0.87786,0.055319,0.182671,,,264.381,0.132372,,,12.9167,0.085514,,
85,1,0.001,15633,565229,,,0.000249,0.870129,0.045773,0.187087,,,259.672,0.150252,,,11.4901,0.083017,,
86,1,0.001,15633,565229,,,0.000183,0.876494,0.057362,0.184882,,,263.943,0.130485,,,13.0368,0.086301,,
87,1,0.001,15633,565229,,,0.000555,2.21209,0.344594,1.05574,,,299.113,1.75843,,,73.7332,1.7674,,
88,1,0.001,15633,565229,,,0.000262,0.959656,0.064806,0.176617,,,270.428,0.146387,,,13.992,0.116128,,
89,1,0.001,15633,565229,,,0.000456,1.20731,0.083358,0.939535,,,278.673,0.385267,,,18.2884,0.35129,,
90,1,0.001,15633,565229,,,0.000616,1.0815,0.113022,1.12893,,,298.118,0.737834,,,31.5275,0.736301,,
91,1,0.001,15633,565229,,,0.000547,1.30058,0.184627,0.941341,,,312.947,0.44602,,,27.6314,0.462327,,
92,1,0.001,15633,565229,,,0.000399,1.02734,0.085948,1.16303,,,294.298,0.53186,,,22.6345,0.457197,,
93,1,0.001,15633,565229,,,0.000396,1.52365,0.228792,1.04235,,,319.719,0.723493,,,37.7714,0.687585,,
94,1,0.001,15633,565229,,,0.000689,1.05237,0.232951,1.05012,,,315.183,0.660546,,,43.3895,0.558964,,
95,1,0.001,15633,565229,,,0.000495,1.66,0.144332,1.16524,,,290.825,0.77517,,,25.8134,0.676132,,
96,1,0.001,15633,565229,,,0.000359,1.01325,0.056424,1.3061,,,281.708,0.40647,,,16.8745,0.364304,,
97,1,0.001,15633,565229,,,0.000445,0.876147,0.147046,0.195105,,,308.101,0.150619,,,32.7932,0.097524,,
98,1,0.001,15633,565229,,,0.0005,1.0137,0.149911,0.970834,,,309.707,0.455078,,,31.3341,0.390126,,
99,1,0.001,21794,614916,,,0.000449,1.18283,0.01733,0.164403,,,250.255,0.171014,,,7.59343,0.124981,,
100,1,0.001,21794,614916,,,0.000593,1.15783,0.127911,0.224491,,,267.158,0.189198,,,21.4709,0.1293,,
101,1,0.001,21794,614916,,,0.000347,1.15239,0.075545,0.190982,,,278.295,0.197321,,,22.9975,0.142366,,
102,1,0.001,21794,614916,,,0.000445,1.15594,0.188769,0.257419,,,274.236,0.192757,,,37.6334,0.138879,,
103,1,0.001,21794,614916,,,0.000215,1.16024,0.012484,0.250887,,,251.167,0.18393,,,8.11291,0.119161,,
104,1,0.001,21794,614916,,,0.000251,1.2861,0.049547,0.164972,,,263.278,0.185126,,,12.8835,0.128543,,
105,1,0.001,21794,614916,,,0.000236,1.25509,0.052584,0.183751,,,259.795,0.17843,,,12.6849,0.116536,,
106,1,0.001,21794,614916,,,0.000236,1.17369,0.056656,0.209489,,,266.323,0.183383,,,14.183,0.14104,,
107,1,0.001,21794,614916,,,0.000213,1.17023,0.06215,0.254179,,,265.377,0.176129,,,13.3004,0.129762,,
108,1,0.001,21794,614916,,,0.000198,1.2163,0.06209,0.256297,,,266.524,0.183556,,,13.4661,0.1248,,
109,1,0.001,21794,614916,,,0.000652,1.56546,0.113334,1.31462,,,290.97,0.526621,,,27.3296,0.443613,,
110,1,0.001,21794,614916,,,0.000656,1.24037,0.309732,0.184418,,,330.394,0.203546,,,110.08,0.180119,,
111,1,0.001,21794,614916,,,0.000553,1.57808,0.053722,1.15224,,,275.493,0.53581,,,15.6498,0.43672,,
112,1,0.001,21794,614916,,,0.000474,1.35801,0.049982,1.18876,,,277.612,0.570961,,,15.1846,0.527416,,
113,1,0.001,21794,614916,,,0.000451,1.68785,0.232762,0.959274,,,329.972,0.532089,,,32.4581,0.457536,,
114,1,0.001,21794,614916,,,0.000479,1.64925,0.091901,1.11634,,,283.423,0.567007,,,15.52,0.468205,,
115,1,0.001,21794,614916,,,0.000386,1.38075,0.078296,1.26456,,,289.768,0.639375,,,19.9324,0.514634,,
116,1,0.001,21794,614916,,,0.000733,1.50675,0.346301,0.664843,,,363.268,0.542396,,,50.9209,0.474319,,
117,1,0.001,21794,614916,,,0.000463,1.71223,0.138687,1.20834,,,302.453,0.718819,,,26.225,0.597293,,
118,1,0.001,21794,614916,,,0.000377,1.56175,0.171114,1.31858,,,295.895,0.570375,,,20.8348,0.550716,,
39,1,0.005,367628,3069856,,,0.000487,14.0348,0.009879,2.8962,,,252.308,1.71701,,,4.66849,1.61147,,
40,1,0.005,367628,3069856,,,0.000443,15.0748,0.01089,4.17592,,,247.895,1.71744,,,4.47064,1.52869,,
41,1,0.005,367628,3069856,,,0.000685,15.0585,0.054883,4.0799,,,254.476,2.56555,,,12.7483,1.68887,,
42,1,0.005,367628,3069856,,,0.000667,15.1016,0.015492,3.22938,,,250.202,2.52124,,,7.4033,1.69757,,
43,1,0.005,367628,3069856,,,0.000519,14.041,0.013289,3.25546,,,252.772,2.78294,,,8.05419,1.95386,,
44,1,0.005,367628,3069856,,,0.000479,13.9606,0.051021,3.18142,,,259.031,2.7416,,,11.4794,1.86821,,
45,1,0.005,367628,3069856,,,0.000382,13.6986,0.069591,4.26098,,,260.178,2.62995,,,11.114,1.89779,,
46,1,0.005,367628,3069856,,,0.000367,13.615,0.068602,4.68376,,,258.238,2.67521,,,11.4817,1.91061,,
47,1,0.005,367628,3069856,,,0.000373,15.3423,0.055049,4.32693,,,263.175,3.56498,,,11.7267,3.01449,,
48,1,0.005,367628,3069856,,,0.000407,15.1653,0.03941,2.39658,,,255.581,2.59864,,,8.6401,1.74301,,
49,1,0.005,367628,3069856,,,0.000706,17.897,0.046105,10.9274,,,268.327,7.03508,,,16.9465,6.78163,,
50,1,0.005,367628,3069856,,,0.000655,17.2885,0.115009,8.13823,,,283.724,6.23979,,,20.0882,5.50565,,
51,1,0.005,367628,3069856,,,0.000672,17.8606,0.02794,10.5972,,,261.019,7.18892,,,13.6916,6.08646,,
52,1,0.005,367628,3069856,,,0.000817,15.9698,0.121196,5.93283,,,291.138,5.09731,,,25.5928,4.70003,,
53,1,0.005,367628,3069856,,,0.000694,18.7657,0.062884,10.2101,,,273.514,6.99275,,,17.6548,6.7617,,
54,1,0.005,367628,3069856,,,0.000549,18.6497,0.036779,10.9609,,,274.283,7.90145,,,15.7653,6.69749,,
55,1,0.005,367628,3069856,,,0.000766,15.7564,0.090651,8.16041,,,285.969,6.68198,,,21.6689,5.66158,,
56,1,0.005,367628,3069856,,,0.000643,18.1831,0.106683,8.89412,,,285.276,6.9014,,,21.189,5.88512,,
57,1,0.005,367628,3069856,,,0.000718,20.5769,0.11209,9.76201,,,274.803,9.98736,,,16.6114,9.11902,,
58,1,0.005,367628,3069856,,,0.000689,20.4441,0.073853,11.2376,,,266.043,10.5396,,,13.0879,8.69486,,
59,1,0.005,255453,2803555,,,0.000724,12.1907,0.009016,2.2332,,,249.337,1.21413,,,4.28708,1.06227,,
60,1,0.005,255453,2803555,,,0.00056,11.9665,0.009536,3.32983,,,248.784,1.27902,,,4.35301,1.09005,,
61,1,0.005,255453,2803555,,,0.000476,11.743,0.015853,3.38185,,,251.647,2.25062,,,4.39886,1.92221,,
62,1,0.005,255453,2803555,,,0.000469,11.2989,0.013329,2.74398,,,251.875,2.03658,,,4.73037,1.90216,,
63,1,0.005,255453,2803555,,,0.000857,11.2686,0.177486,2.67354,,,282.73,1.68334,,,30.0367,1.44639,,
64,1,0.005,255453,2803555,,,0.000717,11.4701,0.29746,2.26506,,,300.446,2.40418,,,71.643,2.06926,,
65,1,0.005,255453,2803555,,,0.000422,11.2024,0.056847,2.63253,,,256.268,1.76621,,,11.1481,1.1793,,
66,1,0.005,255453,2803555,,,0.000438,11.8768,0.049512,1.96041,,,255.173,1.91327,,,11.1434,1.40646,,
67,1,0.005,255453,2803555,,,0.000465,12.1779,0.054929,2.58336,,,258.499,2.34141,,,12.1161,1.85443,,
68,1,0.005,255453,2803555,,,0.000604,12.2577,0.06044,2.24671,,,258.191,2.20513,,,12.0298,1.92803,,
69,1,0.005,255453,2803555,,,0.000907,13.7554,0.11212,4.85496,,,279.443,3.07048,,,17.3554,2.64857,,
70,1,0.005,255453,2803555,,,0.001064,12.0652,0.1332,4.41033,,,291.922,2.87099,,,27.4153,2.65636,,
71,1,0.005,255453,2803555,,,0.000849,13.4046,0.086226,8.22384,,,284.278,4.9698,,,31.0518,4.42078,,
72,1,0.005,255453,2803555,,,0.000626,13.424,0.080903,7.91709,,,275.846,4.90745,,,20.8259,4.48955,,
73,1,0.005,255453,2803555,,,0.000817,14.872,0.065385,8.69791,,,284.353,6.52637,,,30.1279,5.7945,,
74,1,0.005,255453,2803555,,,0.000623,13.3218,0.063212,6.15831,,,272.762,4.06667,,,14.997,3.67355,,
75,1,0.005,255453,2803555,,,0.000919,14.1277,0.055789,6.81248,,,271.602,4.4086,,,21.0253,4.21443,,
76,1,0.005,255453,2803555,,,0.000711,14.7158,0.084725,7.72941,,,282.99,6.83321,,,26.3752,5.74693,,
77,1,0.005,255453,2803555,,,0.000579,13.0141,0.01459,9.19719,,,268.666,5.317,,,12.7378,4.67171,,
78,1,0.005,255453,2803555,,,0.000727,14.2021,0.048876,8.29709,,,277.315,5.73771,,,15.7775,4.69003,,
79,1,0.005,78214,2851166,,,0.00073,4.62228,0.015215,0.825269,,,257.627,0.621957,,,8.06809,0.41829,,
80,1,0.005,78214,2851166,,,0.000511,4.59372,0.019082,0.691486,,,257.846,0.615997,,,8.75076,0.432601,,
81,1,0.005,78214,2851166,,,0.000375,4.46418,0.02106,0.65419,,,263.795,0.631265,,,9.28957,0.417177,,
82,1,0.005,78214,2851166,,,0.000401,4.44191,0.016265,0.764319,,,254.618,0.48578,,,5.01034,0.440062,,
83,1,0.005,78214,2851166,,,0.000393,4.48601,0.023138,0.852409,,,262.804,0.638735,,,10.1659,0.405402,,
84,1,0.005,78214,2851166,,,0.000417,4.34715,0.061286,0.974281,,,270.186,0.627217,,,12.7569,0.418658,,
85,1,0.005,78214,2851166,,,0.000396,4.66309,0.050163,0.883773,,,269.368,0.626051,,,12.1982,0.39118,,
86,1,0.005,78214,2851166,,,0.000377,4.62941,0.055276,0.937237,,,268.827,0.597453,,,13.1042,0.419804,,
87,1,0.005,78214,2851166,,,0.000807,11.5662,0.359653,5.51041,,,293.339,8.90889,,,73.1801,8.02108,,
88,1,0.005,78214,2851166,,,0.000351,4.92117,0.082903,1.02244,,,262.796,0.630785,,,13.9881,0.433344,,
89,1,0.005,78214,2851166,,,0.000662,6.73612,0.088167,5.30326,,,277.802,1.74993,,,18.14,1.48738,,
90,1,0.005,78214,2851166,,,0.000884,5.93472,0.149278,6.19021,,,288.442,3.44631,,,30.4668,3.30877,,
91,1,0.005,78214,2851166,,,0.000838,7.1872,0.151821,5.55465,,,294.293,2.40368,,,26.8886,2.04689,,
92,1,0.005,78214,2851166,,,0.00068,5.70225,0.105096,5.84818,,,286.353,2.51775,,,22.1582,2.14728,,
93,1,0.005,78214,2851166,,,0.00067,7.95402,0.214107,5.15699,,,306.225,2.96237,,,35.7061,2.73008,,
94,1,0.005,78214,2851166,,,0.000903,5.58749,0.201963,5.26199,,,307.336,2.91008,,,43.4805,2.54646,,
95,1,0.005,78214,2851166,,,0.000706,9.13948,0.125211,5.69847,,,295.713,3.84111,,,27.3359,3.39662,,
96,1,0.005,78214,2851166,,,0.000601,5.26776,0.074477,6.21693,,,280.323,1.98044,,,18.6215,1.84261,,
97,1,0.005,78214,2851166,,,0.000628,4.77923,0.114698,0.975603,,,295.662,0.636989,,,32.5594,0.484922,,
98,1,0.005,78214,2851166,,,0.000821,5.2756,0.192228,5.01537,,,316.785,2.13217,,,34.3864,2.10906,,
99,1,0.005,108058,3029696,,,0.000725,6.20764,0.014944,1.30596,,,259.1,0.81262,,,7.58134,0.591341,,
100,1,0.005,108058,3029696,,,0.000814,6.14617,0.095624,1.26426,,,265.065,0.815233,,,17.2634,0.604505,,
101,1,0.005,108058,3029696,,,0.000588,6.11128,0.080986,1.70312,,,275.428,1.30855,,,16.9943,1.14994,,
102,1,0.005,108058,3029696,,,0.000766,5.99284,0.223316,1.33759,,,280.856,0.897165,,,36.4972,0.693213,,
103,1,0.005,108058,3029696,,,0.000469,6.39603,0.013842,1.30533,,,257.232,0.843489,,,9.01244,0.536738,,
104,1,0.005,108058,3029696,,,0.000483,6.44181,0.057771,0.901911,,,268.941,0.878784,,,13.8965,0.714772,,
105,1,0.005,108058,3029696,,,0.000455,6.17436,0.06256,1.00208,,,262.84,0.855378,,,13.2518,0.59201,,
106,1,0.005,108058,3029696,,,0.000449,6.10114,0.061731,1.16907,,,263.552,0.910965,,,13.1322,0.606628,,
107,1,0.005,108058,3029696,,,0.000429,6.10126,0.07028,1.36567,,,258.817,0.873367,,,13.1558,0.598015,,
108,1,0.005,108058,3029696,,,0.000294,6.18277,0.059156,0.952661,,,260.911,0.857769,,,14.0236,0.647509,,
109,1,0.005,108058,3029696,,,0.001003,7.27447,0.141262,5.93364,,,284.316,2.74262,,,26.3944,2.2171,,
110,1,0.005,108058,3029696,,,0.000863,6.11255,0.308933,1.19062,,,326.421,0.936005,,,122.864,0.753064,,
111,1,0.005,108058,3029696,,,0.00079,8.39767,0.079713,6.09331,,,271.893,2.63412,,,16.644,2.25639,,
112,1,0.005,108058,3029696,,,0.000592,7.04591,0.054217,6.06967,,,271.102,2.68626,,,16.4705,2.37019,,
113,1,0.005,108058,3029696,,,0.000632,7.9508,0.201686,4.99293,,,309.504,2.79845,,,31.1006,2.51723,,
114,1,0.005,108058,3029696,,,0.000642,8.23145,0.078482,5.75126,,,280.609,2.7581,,,16.3367,2.52345,,
115,1,0.005,108058,3029696,,,0.000669,7.20664,0.109224,6.72515,,,291.821,3.74126,,,23.5788,3.37334,,
116,1,0.005,108058,3029696,,,0.001036,7.79192,0.37334,3.25626,,,377.881,2.45854,,,59.5977,2.16252,,
117,1,0.005,108058,3029696,,,0.000635,9.11848,0.177852,5.6012,,,304.851,3.0697,,,27.4145,2.64102,,
118,1,0.005,108058,3029696,,,0.000611,8.59982,0.093379,6.23666,,,294.072,2.73332,,,20.5481,2.94566,,
39,1,0.01,735248,6173754,,,0.000654,30.1215,0.011359,6.40029,,,253.566,3.49722,,,5.024,3.39608,,
40,1,0.01,735248,6173754,,,0.000498,29.5755,0.010849,8.34859,,,252.885,3.42985,,,4.69536,3.31108,,
41,1,0.01,735248,6173754,,,0.000703,29.9263,0.048205,8.12666,,,262.156,4.98803,,,12.8839,3.58561,,
42,1,0.01,735248,6173754,,,0.000489,30.7159,0.015481,6.24462,,,259.093,5.09452,,,7.2321,3.19136,,
43,1,0.01,735248,6173754,,,0.00051,28.9809,0.013601,6.93955,,,257.829,5.23032,,,7.51025,3.71519,,
44,1,0.01,735248,6173754,,,0.000515,29.3314,0.057434,6.51094,,,260.961,5.31672,,,9.8435,3.52644,,
45,1,0.01,735248,6173754,,,0.000553,30.0084,0.056183,7.59838,,,259.756,5.08004,,,10.9278,3.44884,,
46,1,0.01,735248,6173754,,,0.000463,29.1781,0.059978,6.58141,,,257.804,5.05438,,,10.5077,3.65179,,
47,1,0.01,735248,6173754,,,0.000616,32.0175,0.046177,8.84852,,,259.775,6.94926,,,11.7802,6.45282,,
48,1,0.01,735248,6173754,,,0.001285,31.0498,0.041301,5.21785,,,257.035,5.21531,,,9.54193,3.79571,,
49,1,0.01,735248,6173754,,,0.00155,39.7284,0.051772,21.9288,,,271.77,14.7428,,,17.0671,13.3104,,
50,1,0.01,735248,6173754,,,0.001597,37.9299,0.105913,15.4327,,,281.002,12.4605,,,20.1259,11.1604,,
51,1,0.01,735248,6173754,,,0.001548,40.5046,0.052403,22.1076,,,276.789,14.9681,,,16.0069,14.1933,,
52,1,0.01,735248,6173754,,,0.002155,36.261,0.131794,9.67894,,,299.715,7.47536,,,29.847,7.73862,,
53,1,0.01,735248,6173754,,,0.001538,37.3802,0.070527,21.3367,,,273.063,14.7182,,,20.939,14.7861,,
54,1,0.01,735248,6173754,,,0.00139,39.2646,0.043827,22.902,,,266.365,15.4413,,,16.4098,14.1204,,
55,1,0.01,735248,6173754,,,0.00129,31.5052,0.091814,17.7421,,,286.198,13.3906,,,25.2177,12.0974,,
56,1,0.01,735248,6173754,,,0.00122,35.5003,0.140649,15.7033,,,290.089,12.996,,,23.7664,11.4261,,
57,1,0.01,735248,6173754,,,0.001567,40.485,0.101906,19.887,,,270.967,19.2668,,,16.7317,17.6578,,
58,1,0.01,735248,6173754,,,0.000802,39.9083,0.057275,22.847,,,264.863,21.8341,,,13.0128,20.158,,
59,1,0.01,511014,5612800,,,0.001433,23.494,0.008512,4.54929,,,250.153,2.32364,,,4.80507,2.22873,,
60,1,0.01,511014,5612800,,,0.000688,23.3878,0.009618,7.06537,,,251.352,2.51547,,,4.28891,2.14708,,
61,1,0.01,511014,5612800,,,0.000562,22.6149,0.02196,6.60877,,,259.059,4.70333,,,8.48131,3.8519,,
62,1,0.01,511014,5612800,,,0.000585,21.9585,0.012848,5.92775,,,251.131,3.75922,,,4.7558,3.33734,,
63,1,0.01,511014,5612800,,,0.001004,21.8645,0.186129,5.49809,,,278.438,3.42731,,,30.1113,3.35394,,
64,1,0.01,511014,5612800,,,0.000911,23.8818,0.219926,5.39213,,,297.249,4.69486,,,56.5524,4.46456,,
65,1,0.01,511014,5612800,,,0.000508,22.7036,0.056254,5.26503,,,259.844,3.90109,,,12.2358,2.61715,,
66,1,0.01,511014,5612800,,,0.00055,22.9588,0.057365,3.89701,,,257.305,3.74469,,,11.9473,2.62328,,
67,1,0.01,511014,5612800,,,0.000552,22.001,0.051278,4.82985,,,259.747,4.34987,,,12.8965,3.54249,,
68,1,0.01,511014,5612800,,,0.000523,23.5863,0.084671,4.21957,,,261.39,4.16756,,,11.9541,3.24552,,
69,1,0.01,511014,5612800,,,0.00111,26.4612,0.172982,9.64884,,,301.986,6.19147,,,25.542,5.98793,,
70,1,0.01,511014,5612800,,,0.001333,23.4922,0.12966,9.59218,,,288.487,6.55139,,,27.6015,6.30401,,
71,1,0.01,511014,5612800,,,0.001418,26.0865,0.110664,16.0983,,,289.173,9.84682,,,33.1569,9.54279,,
72,1,0.01,511014,5612800,,,0.000866,28.0188,0.075454,16.3762,,,274.272,10.2196,,,19.8322,9.07648,,
73,1,0.01,511014,5612800,,,0.001583,31.0444,0.069633,18.0449,,,291.151,13.1048,,,33.3616,12.4533,,
74,1,0.01,511014,5612800,,,0.000963,25.9342,0.05339,13.9671,,,285.093,9.25044,,,15.1248,7.95862,,
75,1,0.01,511014,5612800,,,0.001245,25.5479,0.063284,13.4913,,,282.186,8.86917,,,20.9953,7.94505,,
76,1,0.01,511014,5612800,,,0.001135,27.9516,0.097788,15.0719,,,285.744,12.9428,,,22.9248,12.3509,,
77,1,0.01,511014,5612800,,,0.000532,24.553,0.016212,18.1668,,,270.497,10.4038,,,13.5377,9.85371,,
78,1,0.01,511014,5612800,,,0.0009,27.3942,0.052286,16.0549,,,277.007,11.2536,,,16.0065,10.0693,,
79,1,0.01,155511,5592108,,,0.000773,8.89184,0.017468,1.8079,,,258.425,1.20613,,,8.5597,0.850363,,
80,1,0.01,155511,5592108,,,0.000651,9.08272,0.018418,1.66675,,,258.671,1.2228,,,9.02073,0.874849,,
81,1,0.01,155511,5592108,,,0.000488,9.58273,0.020342,1.37328,,,260.461,1.22535,,,9.31422,0.923605,,
82,1,0.01,155511,5592108,,,0.000426,9.52699,0.016897,1.58427,,,251.729,1.00472,,,5.20409,0.903904,,
83,1,0.01,155511,5592108,,,0.000404,9.29719,0.022685,1.45768,,,264.023,1.52626,,,10.3171,0.90589,,
84,1,0.01,155511,5592108,,,0.000384,9.19148,0.059911,1.96241,,,268.935,1.25623,,,14.6087,0.930857,,
85,1,0.01,155511,5592108,,,0.00046,9.33265,0.050054,2.01702,,,265.727,1.19311,,,13.3853,0.865592,,
86,1,0.01,155511,5592108,,,0.000389,9.27219,0.062884,1.68256,,,264.519,1.24006,,,14.1019,0.899669,,
87,1,0.01,155511,5592108,,,0.001211,21.5227,0.361155,10.6513,,,293.08,19.6683,,,96.3394,17.0781,,
88,1,0.01,155511,5592108,,,0.000403,9.05801,0.078038,1.67263,,,274.92,1.20415,,,13.5814,0.903731,,
89,1,0.01,155511,5592108,,,0.000772,12.3344,0.085341,10.4406,,,278.661,3.57334,,,18.0523,3.18551,,
90,1,0.01,155511,5592108,,,0.001087,11.561,0.104194,11.2242,,,287.04,6.58162,,,27.0897,6.1144,,
91,1,0.01,155511,5592108,,,0.000837,14.3954,0.157,10.3969,,,306.814,3.92922,,,23.871,3.55878,,
92,1,0.01,155511,5592108,,,0.000673,11.2039,0.104632,11.6758,,,286.786,5.23187,,,22.8323,4.75011,,
93,1,0.01,155511,5592108,,,0.000624,15.6699,0.217954,9.65933,,,310.799,5.45156,,,35.0235,4.97523,,
94,1,0.01,155511,5592108,,,0.001027,10.9051,0.25134,11.3154,,,308.011,5.68586,,,42.0599,5.46343,,
95,1,0.01,155511,5592108,,,0.000813,17.2446,0.177465,11.4229,,,289.94,6.50452,,,27.2472,6.22256,,
96,1,0.01,155511,5592108,,,0.000724,10.5706,0.055505,12.3865,,,272.076,3.98097,,,18.0815,3.28909,,
97,1,0.01,155511,5592108,,,0.000872,9.03734,0.128255,1.90187,,,292.83,1.38239,,,30.8541,0.953777,,
98,1,0.01,155511,5592108,,,0.000927,11.1069,0.190976,10.9047,,,307.321,4.64214,,,33.1927,3.79917,,
99,1,0.01,216185,6059208,,,0.000859,12.7352,0.018817,1.8455,,,257.206,1.63852,,,8.19719,1.27165,,
100,1,0.01,216185,6059208,,,0.001006,12.6815,0.099076,2.53956,,,267.342,1.60678,,,18.722,1.33579,,
101,1,0.01,216185,6059208,,,0.00072,12.6126,0.084609,3.36906,,,274.849,2.65975,,,16.8476,2.22381,,
102,1,0.01,216185,6059208,,,0.001007,12.8389,0.23068,2.72352,,,283.712,1.79789,,,40.4871,1.39926,,
103,1,0.01,216185,6059208,,,0.000641,12.8798,0.015687,2.69701,,,260.6,1.67445,,,9.13563,1.25907,,
104,1,0.01,216185,6059208,,,0.000448,12.7993,0.058218,1.6754,,,269.735,1.77431,,,14.0244,1.27202,,
105,1,0.01,216185,6059208,,,0.000454,12.2914,0.053607,1.79401,,,271.887,1.6668,,,12.9565,1.25489,,
106,1,0.01,216185,6059208,,,0.000402,12.7196,0.061392,2.37745,,,271.606,1.76558,,,13.0654,1.34524,,
107,1,0.01,216185,6059208,,,0.00068,13.0105,0.058316,2.62536,,,267.718,1.66884,,,13.209,1.13375,,
108,1,0.01,216185,6059208,,,0.00043,12.9074,0.061455,2.02359,,,272.368,1.9067,,,13.7795,1.26168,,
109,1,0.01,216185,6059208,,,0.001776,14.7723,0.127725,11.3572,,,299.265,5.2424,,,28.6175,4.71244,,
110,1,0.01,216185,6059208,,,0.001371,12.2234,0.2186,1.8296,,,312.382,1.80028,,,85.8406,1.51816,,
111,1,0.01,216185,6059208,,,0.001135,16.2882,0.061588,11.5406,,,273.165,5.15977,,,16.9376,4.83116,,
112,1,0.01,216185,6059208,,,0.000911,13.682,0.062756,11.6601,,,269.221,5.25321,,,16.4902,4.65785,,
113,1,0.01,216185,6059208,,,0.000702,16.4832,0.218086,9.74573,,,305.034,6.76487,,,29.2122,4.30174,,
114,1,0.01,216185,6059208,,,0.001133,17.5906,0.115113,11.3524,,,287.506,5.59283,,,21.1204,5.33132,,
115,1,0.01,216185,6059208,,,0.000946,15.0655,0.130066,13.5988,,,280.122,6.87136,,,22.1362,5.81581,,
116,1,0.01,216185,6059208,,,0.001436,15.743,0.464893,6.60036,,,358.829,5.28606,,,53.5578,4.48086,,
117,1,0.01,216185,6059208,,,0.00084,17.5941,0.150941,10.526,,,298.747,6.61749,,,27.9358,5.62176,,
118,1,0.01,216185,6059208,,,0.00071,16.1245,0.098392,11.6162,,,281.062,5.39745,,,19.7973,5.3274,,
39,1,0.05,3679419,30601953,,,0.000928,148.876,0.012154,29.1902,,,247.557,17.0471,,,4.74981,15.3773,,
40,1,0.05,3679419,30601953,,,0.000661,149.722,0.010157,43.1181,,,242.43,17.123,,,4.41354,15.3284,,
41,1,0.05,3679419,30601953,,,0.000766,146.024,0.059607,38.7018,,,263.149,24.8949,,,12.751,17.5372,,
42,1,0.05,3679419,30601953,,,0.00068,143.26,0.018143,35.7037,,,254.705,25.4679,,,7.15559,16.7202,,
43,1,0.05,3679419,30601953,,,0.000586,143.641,0.013169,35.9197,,,259.028,26.3174,,,7.21456,17.666,,
44,1,0.05,3679419,30601953,,,0.000568,144.204,0.051676,31.2997,,,268.416,25.9542,,,10.688,18.1272,,
45,1,0.05,3679419,30601953,,,0.000811,142.062,0.057906,40.4548,,,265.071,25.9443,,,12.0878,17.9296,,
46,1,0.05,3679419,30601953,,,0.000668,143.912,0.064151,30.1783,,,263.622,35.5873,,,9.4837,24.279,,
47,1,0.05,3679419,30601953,,,0.000541,147.012,0.047193,34.3994,,,264.266,30.3743,,,11.2882,22.0487,,
48,1,0.05,3679419,30601953,,,0.000615,143.841,0.038685,24.739,,,263.193,26.1768,,,9.05263,18.1586,,
49,1,0.05,3679419,30601953,,,0.001133,182.71,0.054704,101.849,,,279.52,73.0427,,,17.0633,61.0807,,
50,1,0.05,3679419,30601953,,,0.001815,175.468,0.092591,76.7303,,,290.083,62.3427,,,20.2122,53.4795,,
51,1,0.05,3679419,30601953,,,0.0013,185.519,0.033321,102.624,,,269.442,69.754,,,13.5327,65.1515,,
52,1,0.05,3679419,30601953,,,0.001342,167.059,0.154037,38.3522,,,289.994,28.8369,,,26.505,26.0021,,
53,1,0.05,3679419,30601953,,,0.001052,184.796,0.066585,101.824,,,265.972,67.6467,,,18.3947,63.5399,,
54,1,0.05,3679419,30601953,,,0.000963,186.982,0.046196,110.869,,,265.836,74.9551,,,15.2826,68.9573,,
55,1,0.05,3679419,30601953,,,0.001327,154.243,0.083058,75.6231,,,278.167,60.7683,,,22.2578,56.2369,,
56,1,0.05,3679419,30601953,,,0.001031,175.245,0.099012,89.7109,,,282.096,66.0288,,,21.1307,60.2869,,
57,1,0.05,3679419,30601953,,,0.0013,196.287,0.097848,103.881,,,258.827,100.001,,,14.0679,93.9781,,
58,1,0.05,3679419,30601953,,,0.00126,203.211,0.069255,110.039,,,256.198,98.8929,,,12.5287,90.4927,,
59,1,0.05,2555953,28112945,,,0.001159,113.565,0.009349,23.0296,,,244.035,11.6356,,,4.34961,10.6165,,
60,1,0.05,2555953,28112945,,,0.000991,115.77,0.009617,30.7199,,,243.745,12.3952,,,4.20765,10.7475,,
61,1,0.05,2555953,28112945,,,0.000648,113.094,0.015796,29.7012,,,243.656,19.2566,,,5.05851,17.848,,
62,1,0.05,2555953,28112945,,,0.00064,112.176,0.013203,26.3055,,,254.894,17.9145,,,4.56675,17.5425,,
63,1,0.05,2555953,28112945,,,0.001053,113.057,0.185221,26.2835,,,282.174,17.3617,,,31.5377,16.4154,,
64,1,0.05,2555953,28112945,,,0.000958,116.132,0.28595,25.0848,,,311.698,24.2814,,,73.7469,20.5816,,
65,1,0.05,2555953,28112945,,,0.000579,113.659,0.054739,22.4128,,,262.681,17.6467,,,11.0269,11.8087,,
66,1,0.05,2555953,28112945,,,0.000846,115.138,0.054703,23.9186,,,262.59,17.5151,,,10.5957,11.9168,,
67,1,0.05,2555953,28112945,,,0.000573,113.611,0.054593,23.0104,,,264.963,21.3983,,,12.5485,16.8866,,
68,1,0.05,2555953,28112945,,,0.000568,113.863,0.068124,20.6768,,,265.667,20.7118,,,11.5824,15.1546,,
69,1,0.05,2555953,28112945,,,0.001106,133.7,0.200005,43.5256,,,310.306,30.5025,,,25.9307,29.2131,,
70,1,0.05,2555953,28112945,,,0.001227,120.385,0.129545,45.3476,,,299.913,29.1576,,,28.5518,25.6421,,
71,1,0.05,2555953,28112945,,,0.001327,135.471,0.097746,77.4984,,,286.516,49.6304,,,30.4302,45.8379,,
72,1,0.05,2555953,28112945,,,0.001099,135.583,0.078663,80.2179,,,270.786,49.6126,,,18.5377,45.1496,,
73,1,0.05,2555953,28112945,,,0.001213,151.7,0.075721,84.9987,,,284.276,63.1281,,,30.944,57.6227,,
74,1,0.05,2555953,28112945,,,0.001373,131.558,0.057624,61.9286,,,267.127,42.2061,,,15.6552,37.5509,,
75,1,0.05,2555953,28112945,,,0.001106,131.987,0.082194,63.8874,,,280.207,43.3624,,,22.8755,37.7909,,
76,1,0.05,2555953,28112945,,,0.001089,138.077,0.112175,75.702,,,282.183,64.6149,,,23.5046,54.7479,,
77,1,0.05,2555953,28112945,,,0.000765,124.118,0.021071,90.3392,,,259.345,50.8918,,,12.6972,46.6619,,
78,1,0.05,2555953,28112945,,,0.001351,138.199,0.057988,80.4069,,,273.902,54.3519,,,15.693,45.8551,,
79,1,0.05,779692,28472448,,,0.001224,47.0422,0.019927,8.31399,,,259.294,6.03157,,,9.19301,4.60028,,
80,1,0.05,779692,28472448,,,0.000728,46.0651,0.025756,7.0914,,,261.68,6.05335,,,9.67645,4.2691,,
81,1,0.05,779692,28472448,,,0.000629,47.0592,0.022429,6.5627,,,261.481,6.08452,,,9.62651,4.77393,,
82,1,0.05,779692,28472448,,,0.000556,45.1449,0.023259,8.04234,,,258.339,6.09899,,,9.0436,4.34161,,
83,1,0.05,779692,28472448,,,0.000517,46.9288,0.022642,8.20747,,,259.338,6.05744,,,9.08628,4.38743,,
84,1,0.05,779692,28472448,,,0.00057,46.3621,0.062126,7.76668,,,269.286,6.30077,,,12.7619,4.39423,,
85,1,0.05,779692,28472448,,,0.000736,47.1227,0.061948,5.7299,,,265.998,6.02712,,,12.3713,4.53627,,
86,1,0.05,779692,28472448,,,0.000693,47.5077,0.065261,9.43595,,,269.191,5.92875,,,14.6381,4.29125,,
87,1,0.05,779692,28472448,,,0.001047,107.326,0.341063,51.5234,,,308.042,83.5571,,,91.8258,77.2759,,
88,1,0.05,779692,28472448,,,0.000574,45.7674,0.073185,7.53693,,,258.991,5.76175,,,14.2477,4.56651,,
89,1,0.05,779692,28472448,,,0.000978,60.8065,0.099102,50.2249,,,275.836,16.5782,,,17.661,14.3629,,
90,1,0.05,779692,28472448,,,0.001027,55.7421,0.143363,58.1067,,,295.089,32.3401,,,29.592,30.499,,
91,1,0.05,779692,28472448,,,0.001055,65.7192,0.187405,52.1005,,,295.38,21.5208,,,25.7099,20.2346,,
92,1,0.05,779692,28472448,,,0.000756,53.1573,0.1278,60.8648,,,286.598,23.4344,,,21.7239,20.2875,,
93,1,0.05,779692,28472448,,,0.000789,78.1517,0.238452,52.0136,,,306.595,27.4456,,,35.1385,24.1595,,
94,1,0.05,779692,28472448,,,0.001205,52.7281,0.249685,54.3949,,,310.882,30.9625,,,43.1179,30.0033,,
95,1,0.05,779692,28472448,,,0.000945,86.1656,0.197569,58.1715,,,308.502,34.8446,,,27.6989,29.4894,,
96,1,0.05,779692,28472448,,,0.000855,54.7816,0.083568,62.1296,,,282.903,19.1337,,,17.0134,16.4979,,
97,1,0.05,779692,28472448,,,0.00105,44.095,0.145362,10.0701,,,302.593,6.52283,,,31.7507,4.75975,,
98,1,0.05,779692,28472448,,,0.001683,52.3962,0.205899,51.7501,,,315.426,22.4219,,,30.8407,19.9826,,
99,1,0.05,1081746,30527720,,,0.001043,59.2684,0.021902,12.2698,,,255.068,8.11433,,,8.31034,6.28788,,
100,1,0.05,1081746,30527720,,,0.001161,59.7298,0.097833,11.1558,,,269.676,8.20463,,,18.6012,6.4932,,
101,1,0.05,1081746,30527720,,,0.000705,58.6492,0.090928,16.1735,,,282.196,12.8121,,,22.5675,10.3505,,
102,1,0.05,1081746,30527720,,,0.000871,60.6683,0.214651,13.9092,,,282.917,8.93212,,,43.9714,6.63231,,
103,1,0.05,1081746,30527720,,,0.000602,59.6495,0.016734,12.7885,,,259.832,8.24764,,,8.84173,5.91627,,
104,1,0.05,1081746,30527720,,,0.000659,60.6036,0.055666,9.01577,,,263.588,8.57234,,,13.3811,6.5008,,
105,1,0.05,1081746,30527720,,,0.000546,60.9026,0.058953,9.79733,,,260.042,8.19458,,,12.7514,5.9233,,
106,1,0.05,1081746,30527720,,,0.000517,59.6113,0.060516,11.0758,,,262.747,8.45463,,,13.1871,6.56605,,
107,1,0.05,1081746,30527720,,,0.000501,60.6435,0.066165,13.5862,,,262.382,8.22072,,,12.8267,6.01504,,
108,1,0.05,1081746,30527720,,,0.000484,60.6015,0.061418,9.64529,,,261.382,8.34957,,,13.7772,6.80553,,
109,1,0.05,1081746,30527720,,,0.001104,72.3631,0.142913,59.7203,,,286.85,24.9652,,,28.1808,22.703,,
110,1,0.05,1081746,30527720,,,0.001197,60.6507,0.300677,11.0671,,,317.441,9.04211,,,107.506,7.18513,,
111,1,0.05,1081746,30527720,,,0.001179,81.0737,0.071928,58.5769,,,284.525,25.6034,,,17.4732,22.292,,
112,1,0.05,1081746,30527720,,,0.001026,69.7748,0.073489,62.387,,,269.287,26.7411,,,15.8948,23.0423,,
113,1,0.05,1081746,30527720,,,0.001358,82.2898,0.211782,47.8793,,,316.006,26.6837,,,33.7763,23.4719,,
114,1,0.05,1081746,30527720,,,0.000784,84.0243,0.077063,57.4967,,,282.894,27.3585,,,16.196,23.9842,,
115,1,0.05,1081746,30527720,,,0.000836,71.1649,0.108956,71.2511,,,292.36,34.0188,,,21.0857,31.3003,,
116,1,0.05,1081746,30527720,,,0.001125,76.4299,0.444285,34.4859,,,370.002,26.0926,,,50.0953,23.641,,
117,1,0.05,1081746,30527720,,,0.000975,87.1866,0.172158,56.576,,,307.24,32.5248,,,30.3385,29.9271,,
118,1,0.05,1081746,30527720,,,0.00074,82.6372,0.131469,61.9661,,,294.478,27.2744,,,20.4745,28.8621,,
39,1,0.1,7357847,61213573,,,0.001124,286.49,0.009725,63.5903,,,254.565,34.443,,,5.25908,32.7495,,
40,1,0.1,7357847,61213573,,,0.00103,288.203,0.015786,83.6598,,,259.316,34.3538,,,6.82457,35.2061,,
41,1,0.1,7357847,61213573,,,0.001328,294.611,0.054436,89.1558,,,261.852,48.408,,,12.982,36.7373,,
42,1,0.1,7357847,61213573,,,0.001943,291.782,0.02076,64.9116,,,256.759,50.2731,,,7.27211,33.0782,,
43,1,0.1,7357847,61213573,,,0.001047,295.202,0.017023,83.2411,,,250.3,53.0442,,,7.74853,39.0014,,
44,1,0.1,7357847,61213573,,,0.001042,295.607,0.064089,72.4153,,,257.256,51.4637,,,11.5267,36.9079,,
45,1,0.1,7357847,61213573,,,0.001221,296.821,0.065079,82.6223,,,257.418,48.164,,,11.534,36.8273,,
46,1,0.1,7357847,61213573,,,0.001343,298.065,0.058802,87.7148,,,257.993,47.8209,,,11.0388,34.8186,,
47,1,0.1,7357847,61213573,,,0.0011,308.686,0.053513,72.3869,,,258.39,71.7932,,,12.1641,62.9775,,
48,1,0.1,7357847,61213573,,,0.00091,302.948,0.041007,52.3763,,,257.419,49.5422,,,9.01472,35.7398,,
49,1,0.1,7357847,61213573,,,0.001578,383.505,0.057486,198.208,,,271.059,137.635,,,17.322,134.684,,
50,1,0.1,7357847,61213573,,,0.001472,368.271,0.113487,159.484,,,285.497,115.292,,,20.3472,119.378,,
51,1,0.1,7357847,61213573,,,0.001063,386.394,0.036906,214.612,,,264.705,135.726,,,14.6553,133.701,,
52,1,0.1,7357847,61213573,,,0.001395,345.071,0.147423,98.2364,,,303.408,75.0269,,,30.1429,74.553,,
53,1,0.1,7357847,61213573,,,0.001247,368.282,0.109402,201.348,,,282.852,140.475,,,21.4378,136.996,,
54,1,0.1,7357847,61213573,,,0.000885,376.168,0.05843,232.59,,,271.066,155.764,,,14.9837,144.486,,
55,1,0.1,7357847,61213573,,,0.001177,309.814,0.108518,170.448,,,290.402,128.501,,,25.3321,118.013,,
56,1,0.1,7357847,61213573,,,0.000956,345.981,0.119221,207.706,,,283.26,136.218,,,21.217,151.299,,
57,1,0.1,7357847,61213573,,,0.000941,390.382,0.083163,205.463,,,265.614,209.868,,,14.1247,191.582,,
58,1,0.1,7357847,61213573,,,0.001264,393.35,0.075048,219.807,,,262.363,211.797,,,14.3735,194.067,,
59,1,0.1,5113065,55849231,,,0.001211,217.619,0.009426,42.5627,,,248.904,23.2749,,,4.97514,21.1007,,
60,1,0.1,5113065,55849231,,,0.000799,220.734,0.009546,61.6165,,,254.265,25.1992,,,4.32348,22.8762,,
61,1,0.1,5113065,55849231,,,0.000721,219.075,0.014939,58.1846,,,248.64,37.581,,,5.09202,34.0841,,
62,1,0.1,5113065,55849231,,,0.000627,215.53,0.014017,48.2773,,,250.604,35.3834,,,4.67556,32.1454,,
63,1,0.1,5113065,55849231,,,0.001189,214.352,0.163555,56.1866,,,273.003,36.6921,,,26.0864,31.8017,,
64,1,0.1,5113065,55849231,,,0.000967,220.164,0.212458,44.0312,,,289.953,46.2438,,,42.462,40.5061,,
65,1,0.1,5113065,55849231,,,0.000682,226.583,0.055862,40.5401,,,258.159,35.0678,,,10.9478,23.7304,,
66,1,0.1,5113065,55849231,,,0.001181,225.181,0.055725,45.7435,,,256.093,35.4438,,,10.79,24.665,,
67,1,0.1,5113065,55849231,,,0.000743,228.254,0.054555,51.4905,,,259.752,40.9251,,,12.0271,29.977,,
68,1,0.1,5113065,55849231,,,0.000785,225.681,0.057546,40.8413,,,258.325,41.2424,,,11.3433,30.0593,,
69,1,0.1,5113065,55849231,,,0.001538,262.761,0.165277,88.0715,,,302.797,60.3477,,,26.4576,51.7512,,
70,1,0.1,5113065,55849231,,,0.001377,240.651,0.169072,100.673,,,294.763,67.0061,,,26.0347,62.7687,,
71,1,0.1,5113065,55849231,,,0.001717,269.196,0.093816,146.87,,,293.438,94.2976,,,31.6637,84.0983,,
72,1,0.1,5113065,55849231,,,0.002221,270.258,0.066924,176.302,,,280.958,104.779,,,22.5105,95.3996,,
73,1,0.1,5113065,55849231,,,0.001674,303.187,0.085817,168.1,,,298.921,121.303,,,30.7762,112.39,,
74,1,0.1,5113065,55849231,,,0.001608,262.115,0.063912,122.057,,,276.471,80.6525,,,15.0829,73.2655,,
75,1,0.1,5113065,55849231,,,0.001317,258.452,0.106532,129.394,,,293.273,84.5146,,,22.6125,77.4013,,
76,1,0.1,5113065,55849231,,,0.001673,269.261,0.091964,145.768,,,294.247,125.554,,,24.5339,112.647,,
77,1,0.1,5113065,55849231,,,0.001563,248.201,0.024152,176.355,,,269.846,99.6564,,,13.5982,86.5766,,
78,1,0.1,5113065,55849231,,,0.002157,266.719,0.061198,155.922,,,269.818,103.513,,,15.829,92.6229,,
79,1,0.1,1559390,56828994,,,0.001527,92.3735,0.020517,13.6311,,,260.632,11.9661,,,8.53352,8.60049,,
80,1,0.1,1559390,56828994,,,0.000599,89.5071,0.022048,16.3821,,,251.969,12.1165,,,8.2727,9.05219,,
81,1,0.1,1559390,56828994,,,0.000601,89.3364,0.022148,14.2836,,,252.69,11.7159,,,9.65299,9.08194,,
82,1,0.1,1559390,56828994,,,0.000514,90.2969,0.02807,13.7374,,,253.496,11.6702,,,8.90517,8.62427,,
83,1,0.1,1559390,56828994,,,0.000436,91.4149,0.025893,17.4153,,,253.937,11.8894,,,9.46435,8.65857,,
84,1,0.1,1559390,56828994,,,0.000596,92.9483,0.064506,20.0938,,,259.972,12.0175,,,12.4333,8.79654,,
85,1,0.1,1559390,56828994,,,0.00093,90.8244,0.060457,19.2587,,,261.952,11.6906,,,12.5971,8.83231,,
86,1,0.1,1559390,56828994,,,0.000702,92.6344,0.065098,19.0694,,,264.271,12.2387,,,13.9129,9.24342,,
87,1,0.1,1559390,56828994,,,0.001202,216.692,0.322131,101.807,,,296.695,170.72,,,68.6784,170.979,,
88,1,0.1,1559390,56828994,,,0.000805,95.0244,0.072888,14.1551,,,270.571,12.1148,,,14.4854,9.61112,,
89,1,0.1,1559390,56828994,,,0.001696,127.815,0.100949,101.938,,,282.797,35.8049,,,18.064,31.5596,,
90,1,0.1,1559390,56828994,,,0.001479,111.598,0.12554,118.004,,,296.306,66.9876,,,28.8185,58.402,,
91,1,0.1,1559390,56828994,,,0.001057,135.848,0.094404,102.149,,,282.545,42.0022,,,18.7731,37.947,,
92,1,0.1,1559390,56828994,,,0.000915,108.838,0.122914,121.348,,,292.865,50.4634,,,21.122,46.2152,,
93,1,0.1,1559390,56828994,,,0.001411,162.33,0.281542,93.778,,,326.552,64.349,,,39.2117,59.2732,,
94,1,0.1,1559390,56828994,,,0.001792,113.609,0.250671,113.648,,,319.59,61.2688,,,42.2451,59.3345,,
95,1,0.1,1559390,56828994,,,0.001231,181.709,0.147173,116.454,,,290.047,65.7322,,,27.8722,67.1125,,
96,1,0.1,1559390,56828994,,,0.001101,110.864,0.054081,124.9,,,264.104,45.418,,,14.7123,37.7221,,
97,1,0.1,1559390,56828994,,,0.001231,94.4753,0.143609,19.8898,,,293.524,12.2522,,,32.2166,9.80479,,
98,1,0.1,1559390,56828994,,,0.001452,110.315,0.141462,106.353,,,290.607,42.4521,,,28.1317,40.4326,,
99,1,0.1,2163974,60632560,,,0.001011,123.5,0.021909,17.8307,,,249.503,16.1403,,,8.0456,12.6051,,
100,1,0.1,2163974,60632560,,,0.001027,123.859,0.132383,21.8461,,,263.712,16.2318,,,22.2975,13.0744,,
101,1,0.1,2163974,60632560,,,0.001002,123.866,0.10221,26.1716,,,266.309,27.4305,,,16.414,23.0181,,
102,1,0.1,2163974,60632560,,,0.001169,123.276,0.177126,25.8638,,,276.467,17.3727,,,45.263,14.7497,,
103,1,0.1,2163974,60632560,,,0.000906,121.791,0.018364,25.7659,,,253.26,16.5326,,,8.70762,11.8446,,
104,1,0.1,2163974,60632560,,,0.000699,126.02,0.065192,18.578,,,271.777,17.689,,,13.9379,13.6306,,
105,1,0.1,2163974,60632560,,,0.000761,124.316,0.056461,20.8965,,,266.405,16.8221,,,13.0798,13.5221,,
106,1,0.1,2163974,60632560,,,0.000818,125.15,0.063291,22.3938,,,268.109,18.0837,,,13.9608,13.4544,,
107,1,0.1,2163974,60632560,,,0.000777,124.839,0.073149,26.2771,,,268.217,16.5521,,,13.1142,11.9773,,
108,1,0.1,2163974,60632560,,,0.000738,124.786,0.07384,20.6578,,,271.603,17.533,,,14.4236,13.2316,,
109,1,0.1,2163974,60632560,,,0.001419,149.712,0.117799,122.733,,,295.936,54.6608,,,27.1359,47.241,,
110,1,0.1,2163974,60632560,,,0.001383,124.014,0.21197,20.4716,,,308.62,17.0204,,,65.6895,14.1346,,
111,1,0.1,2163974,60632560,,,0.001105,167.687,0.079485,119.437,,,280.951,52.2552,,,16.8311,44.3835,,
112,1,0.1,2163974,60632560,,,0.001129,144.993,0.063082,125.175,,,275.681,50.2338,,,16.2936,45.0333,,
113,1,0.1,2163974,60632560,,,0.00128,162.342,0.279781,95.3387,,,318.725,55.0465,,,37.6331,49.4725,,
114,1,0.1,2163974,60632560,,,0.00108,163.604,0.080793,119.733,,,271.696,53.9942,,,16.5513,49.6003,,
115,1,0.1,2163974,60632560,,,0.001103,143.385,0.106335,135.939,,,281.606,59.8642,,,21.4174,54.1012,,
116,1,0.1,2163974,60632560,,,0.001601,154.841,0.412211,65.5097,,,369.146,46.5084,,,59.2179,44.2711,,
117,1,0.1,2163974,60632560,,,0.001298,174.89,0.148745,111.857,,,298.042,59.0621,,,27.1333,53.3519,,
118,1,0.1,2163974,60632560,,,0.000986,163.176,0.137535,126.65,,,280.637,53.7939,,,21.1901,55.7123,,
39,1,0.2,14716948,122165475,,,0.001204,567.579,0.010708,122.551,,,243.46,65.5991,,,5.02214,65.7259,,
40,1,0.2,14716948,122165475,,,0.000831,570.262,0.011925,168.107,,,244.872,65.3906,,,4.9217,64.9693,,
41,1,0.2,14716948,122165475,,,0.001502,569.267,0.073891,171.004,,,274.958,99.2301,,,14.9259,72.4321,,
42,1,0.2,14716948,122165475,,,0.001132,600.789,0.012119,143.849,,,250.046,69.3885,,,4.73614,66.9415,,
43,1,0.2,14716948,122165475,,,0.001214,591.44,0.019183,160.772,,,259.261,121.91,,,7.93749,95.619,,
44,1,0.2,14716948,122165475,,,0.001344,602.515,0.06345,145.251,,,264.627,102.602,,,11.8233,75.3685,,
45,1,0.2,14716948,122165475,,,0.001055,595.626,0.058504,164.459,,,263.767,96.6341,,,11.544,65.93,,
46,1,0.2,14716948,122165475,,,0.001417,581.333,0.060094,140.11,,,264.767,96.2913,,,11.554,72.005,,
47,1,0.2,14716948,122165475,,,0.001633,595.821,0.054916,131.797,,,264.739,118.23,,,12.6519,95.3254,,
48,1,0.2,14716948,122165475,,,0.001494,573.599,0.042826,104.613,,,262.526,100.306,,,9.59289,71.7935,,
49,1,0.2,14716948,122165475,,,0.001891,735.245,0.031333,445.392,,,263.624,271.706,,,14.7501,262.546,,
50,1,0.2,14716948,122165475,,,0.001641,720.431,0.064388,327.089,,,267.802,244.932,,,15.018,226.92,,
51,1,0.2,14716948,122165475,,,0.001346,777.207,0.033876,408.076,,,262.255,270.463,,,14.0528,254.146,,
52,1,0.2,14716948,122165475,,,0.001876,694.144,0.113437,155.298,,,288.596,106.733,,,26.057,114.072,,
53,1,0.2,14716948,122165475,,,0.001887,763.677,0.088826,411.799,,,271.244,276.5,,,19.7225,268.157,,
54,1,0.2,14716948,122165475,,,0.001796,765.014,0.043334,439.247,,,265.822,281.753,,,15.5452,258.565,,
55,1,0.2,14716948,122165475,,,0.001776,620.897,0.11608,276.138,,,296.804,238.318,,,25.7605,222.667,,
56,1,0.2,14716948,122165475,,,0.001618,690.528,0.078135,382.878,,,274.471,268.331,,,18.0602,253.015,,
57,1,0.2,14716948,122165475,,,0.001503,777.696,0.096873,409.213,,,266.703,395.594,,,15.4177,372.197,,
58,1,0.2,14716948,122165475,,,0.001538,794.931,0.068545,455.176,,,280.899,410.979,,,13.2179,366.504,,
59,1,0.2,10226421,111989334,,,0.001727,451.32,0.010201,90.9936,,,249.959,45.4961,,,4.6685,42.6005,,
60,1,0.2,10226421,111989334,,,0.001361,448.827,0.009037,125.322,,,245.587,49.0024,,,4.89525,46.5861,,
61,1,0.2,10226421,111989334,,,0.00097,444.575,0.015842,117.588,,,243.39,74.7628,,,5.0689,71.8532,,
62,1,0.2,10226421,111989334,,,0.00096,444.757,0.01351,120.702,,,247.983,69.7563,,,4.94923,66.6544,,
63,1,0.2,10226421,111989334,,,0.002445,439.127,0.177726,105.014,,,270.83,67.5154,,,29.8881,61.5906,,
64,1,0.2,10226421,111989334,,,0.001888,435.503,0.244118,103.423,,,289.359,88.0039,,,61.321,79.9261,,
65,1,0.2,10226421,111989334,,,0.0016,431.636,0.060483,93.2988,,,256.53,65.9826,,,11.4636,47.7315,,
66,1,0.2,10226421,111989334,,,0.001221,429.845,0.059549,77.0384,,,256.833,73.5241,,,11.9062,52.7387,,
67,1,0.2,10226421,111989334,,,0.001007,431.102,0.071063,96.4031,,,261.496,85.5295,,,12.8006,65.8713,,
68,1,0.2,10226421,111989334,,,0.000909,432.412,0.066471,87.9938,,,259.98,77.7485,,,12.4973,62.8652,,
69,1,0.2,10226421,111989334,,,0.001347,513.381,0.170786,181.281,,,310.872,117.072,,,27.4339,118.946,,
70,1,0.2,10226421,111989334,,,0.001582,471.754,0.163198,181.786,,,298.35,113.516,,,29.2807,109.642,,
71,1,0.2,10226421,111989334,,,0.001533,525.227,0.114445,323.766,,,298.243,194.823,,,33.9592,183.018,,
72,1,0.2,10226421,111989334,,,0.001366,536.334,0.110827,305.921,,,290.598,199.419,,,26.8532,185.996,,
73,1,0.2,10226421,111989334,,,0.001479,594.752,0.090431,348.949,,,297.915,240.58,,,32.3939,235.505,,
74,1,0.2,10226421,111989334,,,0.001255,514.042,0.086471,252.745,,,275.428,160.783,,,15.9378,152.087,,
75,1,0.2,10226421,111989334,,,0.001358,497.663,0.09515,268.005,,,286.705,163.903,,,23.9146,158.46,,
76,1,0.2,10226421,111989334,,,0.001352,519.441,0.113721,309.426,,,278.409,258.691,,,26.6787,258.627,,
77,1,0.2,10226421,111989334,,,0.000939,476.029,0.024746,349.821,,,260.184,189.423,,,13.8203,184.173,,
78,1,0.2,10226421,111989334,,,0.001326,521.612,0.059396,311.111,,,270.897,200.097,,,17.4262,193.887,,
79,1,0.2,3117975,113830909,,,0.001462,180.52,0.022679,31.5818,,,253.066,25.0732,,,9.73263,17.1362,,
80,1,0.2,3117975,113830909,,,0.000776,182.671,0.018657,33.4246,,,248.225,19.7214,,,4.98176,17.5189,,
81,1,0.2,3117975,113830909,,,0.001323,180.032,0.02167,26.4296,,,251.231,24.0524,,,9.36187,18.7248,,
82,1,0.2,3117975,113830909,,,0.000827,180.217,0.024821,32.1674,,,251.904,23.8323,,,10.5632,18.9102,,
83,1,0.2,3117975,113830909,,,0.000828,183.905,0.028364,32.2776,,,256.037,24.3517,,,10.7323,18.9611,,
84,1,0.2,3117975,113830909,,,0.000826,186.3,0.059605,38.0698,,,260.155,24.2674,,,13.9168,18.3186,,
85,1,0.2,3117975,113830909,,,0.001223,193.302,0.05665,40.1888,,,262.086,24.2897,,,12.9339,17.958,,
86,1,0.2,3117975,113830909,,,0.000737,187.633,0.05768,36.21,,,272.275,24.3545,,,13.4647,18.4644,,
87,1,0.2,3117975,113830909,,,0.00119,448.118,0.332668,205.315,,,306.726,353.925,,,75.5141,356.111,,
88,1,0.2,3117975,113830909,,,0.001095,189.596,0.075905,27.1797,,,275.528,24.4945,,,15.0309,18.3473,,
89,1,0.2,3117975,113830909,,,0.001311,278.676,0.093771,204.33,,,283.454,69.4124,,,18.1656,60.136,,
90,1,0.2,3117975,113830909,,,0.001843,243.849,0.145614,237.044,,,300.453,133.044,,,31.5405,125.726,,
91,1,0.2,3117975,113830909,,,0.001873,291.749,0.073899,215.139,,,278.999,70.2871,,,16.6619,63.5431,,
92,1,0.2,3117975,113830909,,,0.001994,220.518,0.135733,235.535,,,297.513,92.7467,,,22.5224,88.6155,,
93,1,0.2,3117975,113830909,,,0.00108,324.422,0.230763,192.086,,,316.321,145.352,,,38.6766,133.986,,
94,1,0.2,3117975,113830909,,,0.001398,226.732,0.224554,218.574,,,304.569,115.438,,,43.016,110.083,,
95,1,0.2,3117975,113830909,,,0.001226,346.954,0.182717,232.233,,,293.442,131.431,,,29.1873,123.326,,
96,1,0.2,3117975,113830909,,,0.000917,208.616,0.044359,252.843,,,264.751,80.8662,,,14.5217,69.6959,,
97,1,0.2,3117975,113830909,,,0.001229,181.181,0.140744,37.8926,,,288.402,24.6955,,,30.8606,17.9766,,
98,1,0.2,3117975,113830909,,,0.001161,210.861,0.155584,225.335,,,297.941,74.5266,,,30.0368,70.753,,
99,1,0.2,4330842,121206579,,,0.001005,236.323,0.025034,48.9542,,,252.83,31.4759,,,8.83465,23.0108,,
100,1,0.2,4330842,121206579,,,0.001073,234.387,0.115293,35.3877,,,264.617,32.1097,,,19.9474,24.8774,,
101,1,0.2,4330842,121206579,,,0.000744,238.441,0.093744,67.3787,,,266.821,44.7255,,,16.3656,39.3836,,
102,1,0.2,4330842,121206579,,,0.001143,238.591,0.202207,51.9097,,,281.712,35.6912,,,37.3104,26.667,,
103,1,0.2,4330842,121206579,,,0.000623,236.087,0.017544,49.3975,,,259.317,33.0879,,,8.16354,22.9539,,
104,1,0.2,4330842,121206579,,,0.000682,240.62,0.063583,37.7208,,,269.105,34.6424,,,12.9545,26.1019,,
105,1,0.2,4330842,121206579,,,0.000806,240.508,0.071561,51.3689,,,267.169,32.8738,,,12.6524,22.7695,,
106,1,0.2,4330842,121206579,,,0.000639,239.256,0.064135,53.2334,,,266.806,34.1804,,,12.1412,25.5369,,
107,1,0.2,4330842,121206579,,,0.000663,251.816,0.081003,56.3006,,,271.254,32.744,,,12.5224,25.1481,,
108,1,0.2,4330842,121206579,,,0.000822,247.604,0.074676,39.2738,,,272.559,34.0416,,,13.1593,25.7074,,
109,1,0.2,4330842,121206579,,,0.001351,294.854,0.13067,252.988,,,294.464,102.516,,,25.148,93.0234,,
110,1,0.2,4330842,121206579,,,0.001606,249.743,0.357115,41.9276,,,330.443,36.5705,,,103.593,28.4568,,
111,1,0.2,4330842,121206579,,,0.00141,338.802,0.077584,256.372,,,279.724,100.861,,,18.951,98.3743,,
112,1,0.2,4330842,121206579,,,0.001126,283.918,0.065262,252.473,,,266.51,102.295,,,17.3174,98.6871,,
113,1,0.2,4330842,121206579,,,0.001303,329.147,0.203987,200.244,,,306.251,90.3273,,,32.8183,84.0846,,
114,1,0.2,4330842,121206579,,,0.000819,340.135,0.188384,230.843,,,296.064,107.19,,,23.7383,110.478,,
115,1,0.2,4330842,121206579,,,0.001137,295.299,0.122151,263.798,,,284.032,110.905,,,19.7078,102.174,,
116,1,0.2,4330842,121206579,,,0.001727,308.969,0.447482,142.494,,,359.113,100.604,,,56.8057,90.5268,,
117,1,0.2,4330842,121206579,,,0.001062,347.044,0.164485,234.995,,,293.633,124.469,,,25.4955,113.943,,
118,1,0.2,4330842,121206579,,,0.00128,318.149,0.151554,239.413,,,283.362,101.229,,,22.3491,107.12,,
39,2,0.001,73492,612310,,,0.001398,3.10955,0.018988,0.641968,,,243.655,0.355476,,,6.50816,0.34184,,
40,2,0.001,73492,612310,,,0.000576,3.12536,0.012932,0.897825,,,244.422,0.366908,,,4.95956,0.347025,,
41,2,0.001,73492,612310,,,0.000827,3.08097,0.059561,0.941016,,,252.19,0.538413,,,13.6336,0.336283,,
42,2,0.001,73492,612310,,,0.000465,3.05975,0.023737,0.747772,,,250.986,0.510529,,,7.55484,0.340295,,
43,2,0.001,73492,612310,,,0.00051,3.03532,0.012866,0.731081,,,262.63,0.52241,,,7.47285,0.385293,,
44,2,0.001,73492,612310,,,0.000433,3.04477,0.055502,0.787272,,,265.745,0.562343,,,11.4746,0.34967,,
45,2,0.001,73492,612310,,,0.000335,3.00247,0.055372,0.842457,,,263.659,0.539701,,,10.7674,0.351448,,
46,2,0.001,73492,612310,,,0.000249,3.02371,0.061697,0.884251,,,266.489,0.561361,,,10.9828,0.377447,,
47,2,0.001,73492,612310,,,0.000257,3.03177,0.053205,0.727757,,,264.92,0.612585,,,11.4146,0.443051,,
48,2,0.001,73492,612310,,,0.000318,2.7614,0.036904,0.536078,,,265.334,0.537974,,,8.49164,0.343966,,
49,2,0.001,73492,612310,,,0.000724,3.87572,0.054047,2.12933,,,280.407,1.42864,,,16.2516,1.2458,,
50,2,0.001,73492,612310,,,0.000705,3.64184,0.113702,1.56047,,,289.239,1.29399,,,19.5098,1.20789,,
51,2,0.001,73492,612310,,,0.000544,3.91403,0.023152,2.23489,,,269.649,1.45964,,,13.9995,1.40782,,
52,2,0.001,73492,612310,,,0.00082,3.56093,0.146117,0.738842,,,298.408,0.600449,,,33.7364,0.595502,,
53,2,0.001,73492,612310,,,0.000652,3.74961,0.067263,2.15887,,,272.016,1.50269,,,21.207,1.48977,,
54,2,0.001,73492,612310,,,0.000541,3.96593,0.036838,2.40494,,,268.916,1.61324,,,16.3537,1.45101,,
55,2,0.001,73492,612310,,,0.000659,3.20545,0.100519,1.65965,,,287.522,1.30583,,,25.7471,1.09508,,
56,2,0.001,73492,612310,,,0.000633,3.48053,0.096386,2.07987,,,281.537,1.42943,,,21.9173,1.40624,,
57,2,0.001,73492,612310,,,0.000645,3.94463,0.098921,2.07953,,,262.517,2.07538,,,18.0817,2.00387,,
58,2,0.001,73492,612310,,,0.000532,4.31891,0.058609,2.38447,,,255.146,2.19947,,,13.5564,2.07478,,
59,2,0.001,51073,554946,,,0.000663,2.44202,0.007816,0.482063,,,244.421,0.243511,,,4.78052,0.241928,,
60,2,0.001,51073,554946,,,0.000506,2.51084,0.008996,0.770419,,,246.716,0.273041,,,4.5869,0.248633,,
61,2,0.001,51073,554946,,,0.00042,2.4519,0.019242,0.674345,,,258.287,0.472013,,,5.24602,0.437684,,
62,2,0.001,51073,554946,,,0.000337,2.35372,0.012594,0.651473,,,253.648,0.418163,,,5.02979,0.416612,,
63,2,0.001,51073,554946,,,0.000786,2.21351,0.171475,0.585992,,,283.637,0.368408,,,28.7347,0.307779,,
64,2,0.001,51073,554946,,,0.000597,2.31708,0.183616,0.56316,,,296.73,0.558703,,,46.0746,0.474616,,
65,2,0.001,51073,554946,,,0.000387,2.45469,0.057174,0.49697,,,265.458,0.374203,,,11.1187,0.237034,,
66,2,0.001,51073,554946,,,0.00033,2.30784,0.048236,0.413127,,,264.756,0.414899,,,11.6277,0.270631,,
67,2,0.001,51073,554946,,,0.000337,2.41551,0.052614,0.47239,,,268.623,0.439746,,,12.2481,0.381584,,
68,2,0.001,51073,554946,,,0.000305,2.47192,0.04583,0.622328,,,264.773,0.483711,,,11.6247,0.374687,,
69,2,0.001,51073,554946,,,0.000603,2.87654,0.170964,0.928157,,,309.093,0.623292,,,24.747,0.504435,,
70,2,0.001,51073,554946,,,0.000728,2.60245,0.131342,0.928402,,,301.783,0.624435,,,27.6359,0.571966,,
71,2,0.001,51073,554946,,,0.00093,2.86645,0.080775,1.63745,,,289.404,1.0515,,,30.6578,1.00973,,
72,2,0.001,51073,554946,,,0.000641,2.96359,0.084645,1.7537,,,276.062,1.05421,,,20.7682,0.932635,,
73,2,0.001,51073,554946,,,0.000806,3.17959,0.067493,1.87093,,,288.724,1.31064,,,29.5476,1.14844,,
74,2,0.001,51073,554946,,,0.000626,2.78739,0.049174,1.39813,,,268.089,0.960271,,,14.3335,0.863345,,
75,2,0.001,51073,554946,,,0.000678,2.77462,0.077778,1.47704,,,279.017,0.929776,,,23.1256,0.863538,,
76,2,0.001,51073,554946,,,0.000589,2.9528,0.09514,1.62487,,,280.21,1.41066,,,22.1678,1.15229,,
77,2,0.001,51073,554946,,,0.000417,2.64798,0.015804,1.96223,,,260.022,1.06229,,,12.0245,0.918039,,
78,2,0.001,51073,554946,,,0.000483,2.95219,0.052495,1.69982,,,271.499,1.13652,,,15.5342,0.985834,,
79,2,0.001,15633,565229,,,0.000644,1.00456,0.01504,0.221584,,,246.676,0.175335,,,8.29655,0.098899,,
80,2,0.001,15633,565229,,,0.000432,0.942124,0.016242,0.155478,,,248.575,0.107586,,,4.77513,0.094625,,
81,2,0.001,15633,565229,,,0.000318,0.97605,0.02122,0.130511,,,254.499,0.129523,,,9.45694,0.095747,,
82,2,0.001,15633,565229,,,0.000322,1.01017,0.018863,0.1576,,,258.279,0.156733,,,8.82291,0.085634,,
83,2,0.001,15633,565229,,,0.000284,0.962655,0.022282,0.169621,,,262.74,0.153084,,,9.50425,0.087028,,
84,2,0.001,15633,565229,,,0.000311,1.01189,0.060547,0.234967,,,269.11,0.125351,,,13.5901,0.092372,,
85,2,0.001,15633,565229,,,0.000296,0.987339,0.049875,0.199634,,,270.281,0.130236,,,12.7149,0.091374,,
86,2,0.001,15633,565229,,,0.00027,0.990516,0.069136,0.20126,,,267.725,0.133297,,,13.0429,0.086811,,
87,2,0.001,15633,565229,,,0.000606,2.29259,0.386673,1.05467,,,300.954,1.74401,,,71.6705,1.74643,,
88,2,0.001,15633,565229,,,0.000282,0.99573,0.06414,0.173413,,,269.937,0.152136,,,14.0884,0.090442,,
89,2,0.001,15633,565229,,,0.000488,1.33593,0.072726,1.03272,,,277.805,0.389906,,,15.8565,0.300791,,
90,2,0.001,15633,565229,,,0.000687,1.24761,0.122527,1.18739,,,296.004,0.73666,,,28.2351,0.639136,,
91,2,0.001,15633,565229,,,0.000608,1.45849,0.148739,0.94379,,,311.978,0.438729,,,24.8001,0.414543,,
92,2,0.001,15633,565229,,,0.000508,1.16309,0.086176,1.15465,,,295.301,0.537572,,,22.6073,0.444788,,
93,2,0.001,15633,565229,,,0.000514,1.63306,0.230642,0.990401,,,320.268,0.700526,,,33.8739,0.613293,,
94,2,0.001,15633,565229,,,0.000737,1.18891,0.195213,1.04909,,,314.08,0.630049,,,40.1994,0.629655,,
95,2,0.001,15633,565229,,,0.00054,1.85923,0.168401,1.17909,,,286.736,0.79474,,,26.2391,0.666727,,
96,2,0.001,15633,565229,,,0.000441,1.13894,0.056392,1.29635,,,272.038,0.391458,,,16.5065,0.337407,,
97,2,0.001,15633,565229,,,0.000539,0.993232,0.133507,0.177984,,,298.339,0.149575,,,32.215,0.092111,,
98,2,0.001,15633,565229,,,0.000573,1.17804,0.15232,0.966778,,,319.071,1.21257,,,31.5385,0.413309,,
99,2,0.001,21794,614916,,,0.00055,1.27058,0.016271,0.190524,,,249.974,0.174926,,,8.18865,0.139614,,
100,2,0.001,21794,614916,,,0.000646,1.27745,0.128516,0.216512,,,262.718,0.174235,,,23.2615,0.144908,,
101,2,0.001,21794,614916,,,0.00038,1.31261,0.073073,0.190627,,,276.426,0.212502,,,23.1868,0.153159,,
102,2,0.001,21794,614916,,,0.000509,1.25926,0.182926,0.262841,,,276.355,0.192212,,,39.2561,0.151948,,
103,2,0.001,21794,614916,,,0.000255,1.16726,0.01275,0.244959,,,250.971,0.178527,,,8.82517,0.150165,,
104,2,0.001,21794,614916,,,0.000245,1.19646,0.048749,0.165018,,,260.276,0.182489,,,13.4227,0.126071,,
105,2,0.001,21794,614916,,,0.000212,1.32808,0.05367,0.18468,,,259.942,0.174174,,,13.1883,0.13328,,
106,2,0.001,21794,614916,,,0.000208,1.2457,0.05301,0.245038,,,262.374,0.178689,,,13.2169,0.127884,,
107,2,0.001,21794,614916,,,0.000187,1.17365,0.068765,0.276903,,,264.546,0.177833,,,12.4486,0.12777,,
108,2,0.001,21794,614916,,,0.000202,1.17992,0.062601,0.281259,,,270.342,0.205294,,,13.5216,0.125691,,
109,2,0.001,21794,614916,,,0.000666,1.53521,0.146736,1.16516,,,297.344,0.54297,,,27.2063,0.443536,,
110,2,0.001,21794,614916,,,0.000718,1.19644,0.286727,0.182263,,,334.781,0.196261,,,109.828,0.155142,,
111,2,0.001,21794,614916,,,0.000498,1.5853,0.053055,1.17439,,,277.52,0.535166,,,16.0514,0.424168,,
112,2,0.001,21794,614916,,,0.000467,1.40354,0.055637,1.3075,,,278.177,0.555254,,,14.7741,0.460646,,
113,2,0.001,21794,614916,,,0.000521,1.76369,0.222598,0.945792,,,329.553,0.573616,,,31.2006,0.440872,,
114,2,0.001,21794,614916,,,0.000446,1.63851,0.060519,1.11617,,,281.283,0.565563,,,15.5343,0.463577,,
115,2,0.001,21794,614916,,,0.000361,1.3965,0.076983,1.26606,,,288.98,0.647886,,,20.1953,0.58117,,
116,2,0.001,21794,614916,,,0.000751,1.50809,0.360224,0.731694,,,361.492,0.555735,,,48.8757,0.534954,,
117,2,0.001,21794,614916,,,0.000475,1.71779,0.154816,1.11469,,,302.288,0.748861,,,26.4803,0.603749,,
118,2,0.001,21794,614916,,,0.000364,1.76873,0.10164,1.15157,,,290.551,0.54327,,,20.6807,0.565798,,
39,2,0.005,367628,3069856,,,0.000563,14.8436,0.009968,2.97592,,,248.918,1.73468,,,4.92362,1.67872,,
40,2,0.005,367628,3069856,,,0.000471,15.2074,0.011372,4.28942,,,242.877,1.72634,,,4.79423,1.68072,,
41,2,0.005,367628,3069856,,,0.000727,15.0893,0.050493,3.90322,,,257.554,2.54745,,,13.0519,1.73601,,
42,2,0.005,367628,3069856,,,0.000476,14.0362,0.014685,3.22168,,,248.528,2.55386,,,6.92252,1.54659,,
43,2,0.005,367628,3069856,,,0.000346,14.5019,0.012812,3.61542,,,251.177,2.73138,,,7.2963,1.78498,,
44,2,0.005,367628,3069856,,,0.000464,14.3398,0.05062,3.16344,,,257.414,2.77243,,,11.7045,1.93258,,
45,2,0.005,367628,3069856,,,0.00031,14.5734,0.056464,4.26942,,,259.571,2.61624,,,11.8394,1.76371,,
46,2,0.005,367628,3069856,,,0.000813,14.573,0.066757,4.60037,,,259.05,2.77443,,,11.2144,2.05532,,
47,2,0.005,367628,3069856,,,0.000568,15.8099,0.046168,4.4304,,,259.92,3.58801,,,12.1177,3.15023,,
48,2,0.005,367628,3069856,,,0.000509,14.9148,0.039256,2.49115,,,255.801,2.68706,,,9.35618,1.89259,,
49,2,0.005,367628,3069856,,,0.000877,18.5232,0.047791,11.0142,,,268.243,7.07238,,,16.9756,6.54939,,
50,2,0.005,367628,3069856,,,0.000824,18.356,0.095998,8.02291,,,283.863,6.29236,,,19.2025,5.48274,,
51,2,0.005,367628,3069856,,,0.000831,18.9713,0.025354,10.7089,,,269.971,7.29527,,,13.9301,6.21608,,
52,2,0.005,367628,3069856,,,0.000908,16.6463,0.12951,6.04156,,,298.526,5.1316,,,26.2126,4.81693,,
53,2,0.005,367628,3069856,,,0.000921,19.6692,0.068131,10.3049,,,274.832,6.89867,,,17.1531,6.13419,,
54,2,0.005,367628,3069856,,,0.000592,18.8374,0.036933,10.8215,,,277.743,7.86704,,,15.66,6.95444,,
55,2,0.005,367628,3069856,,,0.000746,15.3384,0.063952,8.16069,,,291.813,6.62842,,,21.405,5.71985,,
56,2,0.005,367628,3069856,,,0.000773,17.5652,0.095393,9.08884,,,285.91,7.11463,,,21.0585,6.45291,,
57,2,0.005,367628,3069856,,,0.000724,19.5166,0.099688,9.76609,,,274.166,10.2872,,,16.8768,8.37929,,
58,2,0.005,367628,3069856,,,0.000651,20.5201,0.06781,11.3063,,,266.519,10.6001,,,12.2889,8.96249,,
59,2,0.005,255453,2803555,,,0.000808,11.669,0.008053,2.35796,,,249.688,1.15428,,,4.37049,1.15134,,
60,2,0.005,255453,2803555,,,0.000514,11.8955,0.009289,3.62114,,,249.773,1.27487,,,4.33253,1.12145,,
61,2,0.005,255453,2803555,,,0.000596,11.6855,0.016189,3.41687,,,252.139,2.14733,,,4.50027,1.92161,,
62,2,0.005,255453,2803555,,,0.000467,12.1287,0.013826,2.79414,,,245.509,2.00123,,,4.75534,1.73588,,
63,2,0.005,255453,2803555,,,0.001361,11.5187,0.178084,2.69031,,,274.349,1.69731,,,31.0061,1.45587,,
64,2,0.005,255453,2803555,,,0.001004,12.1496,0.246231,2.27574,,,292.42,2.35847,,,70.8435,2.05757,,
65,2,0.005,255453,2803555,,,0.000515,12.0214,0.068928,2.57519,,,257.478,1.77724,,,11.3868,1.31798,,
66,2,0.005,255453,2803555,,,0.000741,12.0787,0.049416,1.93748,,,255.457,1.91798,,,12.2017,1.39143,,
67,2,0.005,255453,2803555,,,0.000479,12.2025,0.055252,2.63275,,,259.954,2.29568,,,12.6732,1.75142,,
68,2,0.005,255453,2803555,,,0.000415,12.2008,0.063407,2.25674,,,256.875,2.19506,,,11.329,1.58349,,
69,2,0.005,255453,2803555,,,0.00106,13.1829,0.100329,4.52065,,,275.602,3.09885,,,17.783,2.79594,,
70,2,0.005,255453,2803555,,,0.000928,12.2488,0.136958,4.40781,,,292.083,2.99997,,,27.8171,2.66827,,
71,2,0.005,255453,2803555,,,0.001046,13.5134,0.08224,8.06846,,,283.825,4.98054,,,31.04,4.41088,,
72,2,0.005,255453,2803555,,,0.000759,13.6919,0.074369,7.91734,,,276.351,5.07464,,,19.5362,4.58181,,
73,2,0.005,255453,2803555,,,0.00095,14.787,0.068773,8.54253,,,295.411,6.52153,,,30.0099,5.69378,,
74,2,0.005,255453,2803555,,,0.000859,14.0273,0.050857,6.51187,,,279.452,4.2664,,,15.4557,4.05335,,
75,2,0.005,255453,2803555,,,0.000785,13.3833,0.049161,6.6739,,,282.25,4.53803,,,20.3556,3.84724,,
76,2,0.005,255453,2803555,,,0.000689,13.3527,0.088251,7.6133,,,289.691,6.9071,,,24.2205,6.22227,,
77,2,0.005,255453,2803555,,,0.000558,13.4094,0.017424,9.30336,,,267.995,5.27221,,,12.3068,4.80675,,
78,2,0.005,255453,2803555,,,0.001473,14.9396,0.04754,8.3437,,,276.905,5.69647,,,16.9243,5.11622,,
79,2,0.005,78214,2851166,,,0.001605,4.99896,0.013016,0.791652,,,256.363,0.615694,,,8.99461,0.437264,,
80,2,0.005,78214,2851166,,,0.000468,4.97832,0.019455,0.739378,,,269.261,0.627245,,,9.18994,0.470633,,
81,2,0.005,78214,2851166,,,0.000424,4.97043,0.020989,0.726053,,,259.667,0.611702,,,9.5243,0.438614,,
82,2,0.005,78214,2851166,,,0.000417,4.92742,0.014659,0.815438,,,252.114,0.49135,,,4.67266,0.391968,,
83,2,0.005,78214,2851166,,,0.000386,4.90849,0.023219,0.876634,,,263.216,0.631191,,,9.52653,0.398495,,
84,2,0.005,78214,2851166,,,0.000397,4.98735,0.057007,1.00271,,,268.665,0.605529,,,13.0691,0.419502,,
85,2,0.005,78214,2851166,,,0.000388,4.98025,0.055205,1.02543,,,258.225,0.604448,,,12.1851,0.387217,,
86,2,0.005,78214,2851166,,,0.000356,4.98934,0.062161,1.01613,,,262.97,0.652072,,,13.7097,0.412551,,
87,2,0.005,78214,2851166,,,0.00097,11.726,0.388771,5.52312,,,294.164,9.17726,,,73.8004,7.9284,,
88,2,0.005,78214,2851166,,,0.000471,5.09386,0.074412,1.02402,,,263.774,0.634184,,,13.6684,0.44678,,
89,2,0.005,78214,2851166,,,0.000789,6.8364,0.09011,5.33899,,,274.872,1.77661,,,17.0423,1.43261,,
90,2,0.005,78214,2851166,,,0.001143,5.97587,0.146942,6.19956,,,292.431,3.47593,,,31.4831,2.96852,,
91,2,0.005,78214,2851166,,,0.000829,7.2383,0.153743,5.46463,,,293.777,2.37274,,,24.5304,2.05342,,
92,2,0.005,78214,2851166,,,0.000684,5.72388,0.130041,5.99527,,,290.127,2.5346,,,21.3356,2.32393,,
93,2,0.005,78214,2851166,,,0.000628,8.50531,0.234439,4.95706,,,314.465,2.88496,,,35.6538,2.65551,,
94,2,0.005,78214,2851166,,,0.001172,5.99264,0.228814,5.42236,,,307.324,2.87768,,,41.9183,2.73561,,
95,2,0.005,78214,2851166,,,0.001004,9.34855,0.158435,5.74031,,,286.355,3.75767,,,27.6729,3.53655,,
96,2,0.005,78214,2851166,,,0.000945,5.7621,0.059559,5.96737,,,282.119,1.99769,,,19.1211,1.8857,,
97,2,0.005,78214,2851166,,,0.001031,4.97131,0.105019,0.879861,,,300.322,0.614167,,,31.2407,0.458724,,
98,2,0.005,78214,2851166,,,0.001097,5.76739,0.162544,5.32538,,,316.195,2.14435,,,32.8803,2.12743,,
99,2,0.005,108058,3029696,,,0.000924,6.43255,0.018108,1.35815,,,258.062,0.785666,,,7.36116,0.582495,,
100,2,0.005,108058,3029696,,,0.000761,6.44676,0.087302,1.23958,,,269.604,0.815625,,,18.1373,0.648509,,
101,2,0.005,108058,3029696,,,0.000576,6.35934,0.081653,1.65958,,,276.109,1.29947,,,17.6967,1.04456,,
102,2,0.005,108058,3029696,,,0.000683,6.39403,0.19094,1.33394,,,282.62,0.878846,,,37.8916,0.683069,,
103,2,0.005,108058,3029696,,,0.000499,6.41037,0.014838,1.31674,,,259.151,0.847158,,,8.9124,0.621756,,
104,2,0.005,108058,3029696,,,0.000431,6.55133,0.051008,0.801004,,,268.846,0.895061,,,13.671,0.708944,,
105,2,0.005,108058,3029696,,,0.000383,6.5273,0.055846,0.913246,,,267.045,0.874403,,,13.3205,0.602918,,
106,2,0.005,108058,3029696,,,0.000337,6.42309,0.056564,1.05329,,,261.397,0.892586,,,13.9728,0.595161,,
107,2,0.005,108058,3029696,,,0.000305,6.41637,0.057385,1.24849,,,260.194,0.851992,,,12.8624,0.559997,,
108,2,0.005,108058,3029696,,,0.000317,6.55158,0.054745,0.907996,,,262.182,0.882309,,,13.1887,0.66756,,
109,2,0.005,108058,3029696,,,0.000903,7.65366,0.114465,5.80484,,,286.065,2.7607,,,26.8949,2.3148,,
110,2,0.005,108058,3029696,,,0.000964,6.22822,0.327671,1.3088,,,326.128,0.910942,,,124.912,0.773527,,
111,2,0.005,108058,3029696,,,0.000881,8.3317,0.066306,5.65358,,,271.15,2.60648,,,17.0877,2.4128,,
112,2,0.005,108058,3029696,,,0.000782,7.23509,0.049423,6.10569,,,273.463,2.7147,,,16.7545,2.24166,,
113,2,0.005,108058,3029696,,,0.000768,8.40323,0.205096,4.85308,,,306.343,2.81638,,,30.5572,2.59169,,
114,2,0.005,108058,3029696,,,0.000653,8.26586,0.064118,5.84081,,,271.583,2.76288,,,17.2071,2.57093,,
115,2,0.005,108058,3029696,,,0.00068,7.56707,0.132786,6.88217,,,287.49,3.70665,,,24.4571,3.45196,,
116,2,0.005,108058,3029696,,,0.000987,8.34205,0.434123,3.17354,,,377.871,4.13872,,,58.3671,2.27883,,
117,2,0.005,108058,3029696,,,0.000735,9.38868,0.149903,5.41784,,,305.894,3.05763,,,28.1343,2.793,,
118,2,0.005,108058,3029696,,,0.000606,8.48566,0.093859,6.02472,,,293.284,2.75771,,,20.6364,2.68023,,
39,2,0.01,735248,6173754,,,0.000729,29.2768,0.010724,6.39483,,,250.507,3.46483,,,4.74146,3.14792,,
40,2,0.01,735248,6173754,,,0.000424,29.6182,0.011194,7.99491,,,253.827,3.43908,,,4.62146,3.49156,,
41,2,0.01,735248,6173754,,,0.000813,30.1511,0.046935,7.76685,,,264.152,4.92591,,,12.7724,3.6877,,
42,2,0.01,735248,6173754,,,0.000466,29.2833,0.014621,6.01591,,,257.184,5.11057,,,7.27654,3.30434,,
43,2,0.01,735248,6173754,,,0.000541,29.0475,0.01212,6.69844,,,261.665,5.24998,,,7.38783,3.74309,,
44,2,0.01,735248,6173754,,,0.000451,29.7655,0.053895,6.16255,,,256.641,5.39494,,,10.2932,3.94568,,
45,2,0.01,735248,6173754,,,0.000491,29.6805,0.05043,7.15226,,,260.799,5.06036,,,11.4096,3.50201,,
46,2,0.01,735248,6173754,,,0.00035,29.092,0.052452,6.41678,,,257.639,4.87035,,,10.7352,3.52818,,
47,2,0.01,735248,6173754,,,0.000462,30.4337,0.04641,8.59774,,,259.512,6.86207,,,10.781,6.11598,,
48,2,0.01,735248,6173754,,,0.000376,30.1766,0.044587,4.99785,,,254.243,5.2127,,,8.94213,3.59412,,
49,2,0.01,735248,6173754,,,0.001658,37.0669,0.050124,21.4767,,,280.256,14.8395,,,16.728,13.338,,
50,2,0.01,735248,6173754,,,0.001482,35.1636,0.119212,14.8729,,,281.52,12.5016,,,20.7742,11.2644,,
51,2,0.01,735248,6173754,,,0.000962,38.3819,0.046956,21.2003,,,270.018,14.8704,,,15.2034,14.0199,,
52,2,0.01,735248,6173754,,,0.001238,33.8522,0.130543,9.22431,,,298.263,7.84068,,,30.0749,8.05981,,
53,2,0.01,735248,6173754,,,0.001001,37.9898,0.069501,20.0994,,,275.326,14.8335,,,21.1275,13.7854,,
54,2,0.01,735248,6173754,,,0.000962,40.2251,0.035932,22.4325,,,274.891,15.5635,,,15.0187,13.7026,,
55,2,0.01,735248,6173754,,,0.0012,32.0103,0.085525,17.3796,,,304.717,13.7283,,,24.7323,11.8691,,
56,2,0.01,735248,6173754,,,0.001192,37.4412,0.119025,14.7013,,,291.847,13.2291,,,24.6499,11.9679,,
57,2,0.01,735248,6173754,,,0.001463,41.0462,0.101451,18.7232,,,271.225,19.5573,,,15.9779,17.4891,,
58,2,0.01,735248,6173754,,,0.000985,40.4179,0.057434,21.5062,,,263.408,21.8456,,,12.7627,19.007,,
59,2,0.01,511014,5612800,,,0.001075,24.2462,0.009123,4.68935,,,248.65,2.3721,,,4.5229,2.31096,,
60,2,0.01,511014,5612800,,,0.000596,22.8779,0.009351,6.47855,,,251.456,2.52655,,,4.66208,2.4305,,
61,2,0.01,511014,5612800,,,0.000584,22.3184,0.021918,6.27075,,,261.48,4.68462,,,9.0915,4.07074,,
62,2,0.01,511014,5612800,,,0.000516,22.2143,0.0127,5.5315,,,250.662,3.73336,,,4.90207,3.46097,,
63,2,0.01,511014,5612800,,,0.001075,22.6882,0.17827,5.45076,,,283.177,3.47108,,,29.4297,3.25067,,
64,2,0.01,511014,5612800,,,0.00103,22.6324,0.233791,5.56278,,,296.402,4.92058,,,57.063,4.58112,,
65,2,0.01,511014,5612800,,,0.000506,22.3815,0.054181,5.41955,,,259.866,3.87359,,,12.5431,2.5549,,
66,2,0.01,511014,5612800,,,0.00047,22.1364,0.070373,4.20077,,,257.443,3.74893,,,12.001,2.47813,,
67,2,0.01,511014,5612800,,,0.000468,22.2232,0.058105,5.21521,,,262.817,4.49912,,,12.1206,3.53971,,
68,2,0.01,511014,5612800,,,0.000454,23.4242,0.076665,4.06976,,,260.792,4.03779,,,12.2364,3.35756,,
69,2,0.01,511014,5612800,,,0.000976,25.5923,0.152882,8.91384,,,298.417,6.16591,,,26.3559,6.46655,,
70,2,0.01,511014,5612800,,,0.00152,23.1535,0.126656,8.94634,,,290.094,6.34387,,,27.7842,6.42969,,
71,2,0.01,511014,5612800,,,0.001064,26.1236,0.089014,15.3035,,,290.382,10.0941,,,33.3467,9.39865,,
72,2,0.01,511014,5612800,,,0.001063,27.8475,0.067588,15.3532,,,275.067,10.2231,,,21.0106,9.37169,,
73,2,0.01,511014,5612800,,,0.001096,30.2417,0.084936,16.9099,,,287.185,13.1565,,,31.9957,11.8691,,
74,2,0.01,511014,5612800,,,0.001129,26.7445,0.048003,13.2443,,,270.941,9.26018,,,15.396,7.86448,,
75,2,0.01,511014,5612800,,,0.001002,26.3991,0.056529,13.22,,,275.701,8.74022,,,21.5668,8.25522,,
76,2,0.01,511014,5612800,,,0.001031,27.1475,0.085744,14.1919,,,279.828,12.8656,,,21.9704,11.9376,,
77,2,0.01,511014,5612800,,,0.000608,24.7668,0.014807,17.2248,,,268.403,10.4809,,,12.6329,9.6518,,
78,2,0.01,511014,5612800,,,0.000814,27.7208,0.050728,15.0643,,,278.869,11.2764,,,16.3389,9.59755,,
79,2,0.01,155511,5592108,,,0.000815,9.45321,0.017441,1.62495,,,257.804,1.22195,,,8.75063,0.898049,,
80,2,0.01,155511,5592108,,,0.000526,9.82547,0.018159,1.55142,,,259.139,1.21308,,,9.33978,0.854865,,
81,2,0.01,155511,5592108,,,0.000549,9.93895,0.020448,1.26872,,,260.982,1.22135,,,9.29042,0.859726,,
82,2,0.01,155511,5592108,,,0.000559,9.59045,0.016128,1.5193,,,254.06,0.968733,,,4.86871,0.872176,,
83,2,0.01,155511,5592108,,,0.000518,9.45909,0.022255,1.49312,,,264.257,1.22047,,,10.1625,0.909567,,
84,2,0.01,155511,5592108,,,0.00052,9.44976,0.068946,1.94806,,,269.85,1.22368,,,13.6862,0.839946,,
85,2,0.01,155511,5592108,,,0.000473,9.46228,0.048421,1.83162,,,270.142,1.24303,,,12.8137,0.813031,,
86,2,0.01,155511,5592108,,,0.000369,9.27354,0.057353,1.62342,,,275.772,1.22747,,,13.9468,0.885568,,
87,2,0.01,155511,5592108,,,0.000856,22.126,0.358663,10.0945,,,294.007,17.0995,,,93.5691,17.2435,,
88,2,0.01,155511,5592108,,,0.000501,9.28605,0.06651,1.64127,,,263.489,1.20557,,,14.3998,0.942455,,
89,2,0.01,155511,5592108,,,0.001009,12.9214,0.075333,9.74096,,,275.624,3.47992,,,17.5327,2.99587,,
90,2,0.01,155511,5592108,,,0.001276,11.6329,0.108648,12.1935,,,293.13,6.63336,,,26.7376,5.9041,,
91,2,0.01,155511,5592108,,,0.001102,13.564,0.141924,10.2763,,,289.793,3.87881,,,23.9239,3.48978,,
92,2,0.01,155511,5592108,,,0.000812,10.8822,0.101006,11.1655,,,282.704,5.30553,,,24.0798,4.81247,,
93,2,0.01,155511,5592108,,,0.000838,16.3199,0.218143,9.0073,,,311.324,5.56733,,,33.9801,4.94839,,
94,2,0.01,155511,5592108,,,0.001338,10.9958,0.23089,10.086,,,307.98,5.89704,,,42.0157,5.54296,,
95,2,0.01,155511,5592108,,,0.00097,17.7503,0.136164,10.6266,,,289.866,6.55809,,,26.336,5.9811,,
96,2,0.01,155511,5592108,,,0.000842,10.5716,0.053419,12.2815,,,275.213,3.91051,,,17.5842,3.49044,,
97,2,0.01,155511,5592108,,,0.000802,9.74485,0.125319,1.74034,,,307.609,1.30793,,,31.6035,0.980627,,
98,2,0.01,155511,5592108,,,0.000882,11.2725,0.168154,10.2375,,,321.751,4.14961,,,32.4805,3.56862,,
99,2,0.01,216185,6059208,,,0.000965,12.1173,0.018065,1.70608,,,259.377,1.6445,,,8.02157,1.24997,,
100,2,0.01,216185,6059208,,,0.000874,12.2549,0.094941,2.27718,,,266.357,1.57767,,,18.9226,1.30347,,
101,2,0.01,216185,6059208,,,0.000602,12.1192,0.095964,3.13881,,,273.27,2.64179,,,17.2938,2.08779,,
102,2,0.01,216185,6059208,,,0.000752,11.8677,0.186402,2.66272,,,285.367,1.77453,,,41.291,1.36361,,
103,2,0.01,216185,6059208,,,0.000466,12.0702,0.015592,2.68139,,,259.567,1.95262,,,8.40012,1.23028,,
104,2,0.01,216185,6059208,,,0.000496,12.1387,0.057418,1.75098,,,271.527,1.74995,,,13.8302,1.27335,,
105,2,0.01,216185,6059208,,,0.000474,12.8824,0.079876,2.00794,,,261.821,1.64236,,,12.9496,1.27684,,
106,2,0.01,216185,6059208,,,0.000564,12.9503,0.067091,2.45178,,,263.481,1.7447,,,13.1745,1.35324,,
107,2,0.01,216185,6059208,,,0.000544,12.869,0.064353,2.77955,,,261.304,1.67898,,,12.65,1.12657,,
108,2,0.01,216185,6059208,,,0.000569,12.4503,0.056827,1.79633,,,261.247,1.78998,,,14.5262,1.39953,,
109,2,0.01,216185,6059208,,,0.001664,14.7985,0.102205,10.9046,,,289.298,5.1237,,,28.2315,4.52431,,
110,2,0.01,216185,6059208,,,0.001424,12.286,0.21689,1.83465,,,307.68,1.79601,,,86.6464,1.46965,,
111,2,0.01,216185,6059208,,,0.001146,17.4949,0.060435,11.258,,,270.064,5.06256,,,16.4976,4.67591,,
112,2,0.01,216185,6059208,,,0.001188,14.3092,0.050604,11.6242,,,266.979,5.27518,,,16.3406,4.4565,,
113,2,0.01,216185,6059208,,,0.001333,17.2758,0.214942,9.49862,,,305.34,5.1856,,,29.3236,4.66263,,
114,2,0.01,216185,6059208,,,0.001066,16.8966,0.10765,11.275,,,296.268,5.47236,,,23.2235,5.17134,,
115,2,0.01,216185,6059208,,,0.000901,14.7183,0.082986,12.5686,,,290.744,6.68654,,,21.5005,6.13058,,
116,2,0.01,216185,6059208,,,0.001261,15.6719,0.333335,7.00131,,,377.888,5.37939,,,55.5973,4.84279,,
117,2,0.01,216185,6059208,,,0.000993,17.9333,0.148613,10.7533,,,306.809,6.72754,,,28.3755,6.12728,,
118,2,0.01,216185,6059208,,,0.001393,16.1518,0.103087,13.0378,,,290.682,5.5055,,,21.0256,5.79469,,
39,2,0.05,3679419,30601953,,,0.000828,149.818,0.010362,29.0589,,,254.12,17.1596,,,5.3085,17.3115,,
40,2,0.05,3679419,30601953,,,0.000615,148.004,0.012008,41.7499,,,251.363,17.0947,,,5.06976,16.8969,,
41,2,0.05,3679419,30601953,,,0.000869,143.558,0.059807,39.8483,,,266.273,24.8305,,,13.4684,18.597,,
42,2,0.05,3679419,30601953,,,0.000603,143.849,0.019669,35.4715,,,256.87,25.3478,,,7.28955,17.1751,,
43,2,0.05,3679419,30601953,,,0.000681,144.456,0.01274,35.3735,,,256.033,25.6136,,,7.42486,19.4685,,
44,2,0.05,3679419,30601953,,,0.000813,148.006,0.048553,32.2087,,,256.974,26.1236,,,11.7674,19.1068,,
45,2,0.05,3679419,30601953,,,0.0007,144.38,0.053402,40.1151,,,273.764,26.205,,,11.9544,19.3829,,
46,2,0.05,3679419,30601953,,,0.00077,142.175,0.069176,29.4163,,,257.616,34.3571,,,10.2558,24.627,,
47,2,0.05,3679419,30601953,,,0.000576,146.147,0.051287,36.2322,,,256.65,29.2965,,,12.2208,23.1264,,
48,2,0.05,3679419,30601953,,,0.000546,144.233,0.035924,24.3875,,,257.363,25.898,,,9.43894,18.2645,,
49,2,0.05,3679419,30601953,,,0.001047,184.96,0.052014,103.601,,,267.638,71.0923,,,17.7394,63.2319,,
50,2,0.05,3679419,30601953,,,0.000998,173.798,0.090645,75.8133,,,281.853,61.0398,,,19.1336,54.5861,,
51,2,0.05,3679419,30601953,,,0.000882,186.206,0.028165,103.629,,,266.035,69.7479,,,13.8999,63.0812,,
52,2,0.05,3679419,30601953,,,0.001327,167.173,0.123984,38.6327,,,286.695,28.3398,,,27.3163,26.4698,,
53,2,0.05,3679419,30601953,,,0.001129,184.054,0.064584,103.672,,,271.907,69.9549,,,17.7901,64.4384,,
54,2,0.05,3679419,30601953,,,0.000934,190.174,0.039372,110.228,,,276.249,79.3087,,,16.279,68.423,,
55,2,0.05,3679419,30601953,,,0.001207,156.371,0.067687,74.9156,,,284.572,61.9023,,,22.0801,55.0281,,
56,2,0.05,3679419,30601953,,,0.000812,174.031,0.095076,88.6435,,,288.792,67.7137,,,22.1775,60.2732,,
57,2,0.05,3679419,30601953,,,0.001231,195.766,0.080953,103.935,,,269.122,104.68,,,14.211,91.741,,
58,2,0.05,3679419,30601953,,,0.00095,199.966,0.062541,111.3,,,265.122,100.619,,,12.3431,91.555,,
59,2,0.05,2555953,28112945,,,0.000888,113.674,0.009845,22.2487,,,249.675,11.6879,,,4.40185,10.9579,,
60,2,0.05,2555953,28112945,,,0.000714,115.207,0.009883,32.0442,,,248.873,12.3767,,,4.59563,11.5961,,
61,2,0.05,2555953,28112945,,,0.0006,113.267,0.014999,28.6956,,,254.654,19.5742,,,4.81499,17.5993,,
62,2,0.05,2555953,28112945,,,0.000574,113.504,0.012676,26.307,,,254.733,18.2106,,,4.93198,16.7299,,
63,2,0.05,2555953,28112945,,,0.001066,111.972,0.176324,25.8319,,,272.719,18.5799,,,30.4109,15.7099,,
64,2,0.05,2555953,28112945,,,0.001072,118.335,0.27112,26.0233,,,291.918,23.693,,,72.9757,20.6691,,
65,2,0.05,2555953,28112945,,,0.000721,112.224,0.059383,21.6475,,,256.392,16.8393,,,11.6283,12.1039,,
66,2,0.05,2555953,28112945,,,0.000606,112.975,0.053475,23.2853,,,254.843,17.501,,,10.6023,12.4138,,
67,2,0.05,2555953,28112945,,,0.000625,113.29,0.054083,21.9592,,,261.207,21.1796,,,11.8589,15.919,,
68,2,0.05,2555953,28112945,,,0.000611,117.253,0.057901,20.6306,,,256.767,20.6795,,,11.4797,15.2001,,
69,2,0.05,2555953,28112945,,,0.001186,133.1,0.199509,43.1377,,,302.592,30.7254,,,26.1895,28.8372,,
70,2,0.05,2555953,28112945,,,0.001423,121.563,0.129291,44.348,,,293.322,28.6711,,,28.4267,26.6926,,
71,2,0.05,2555953,28112945,,,0.001631,133.106,0.105227,79.6195,,,285.436,48.7315,,,31.6312,45.2161,,
72,2,0.05,2555953,28112945,,,0.001028,137.639,0.071857,80.0768,,,268.526,51.8874,,,20.8246,47.8835,,
73,2,0.05,2555953,28112945,,,0.001588,149.314,0.076531,85.0161,,,285.434,62.1683,,,30.7261,57.2885,,
74,2,0.05,2555953,28112945,,,0.001645,129.129,0.061105,62.6368,,,281.21,42.5693,,,15.418,36.3149,,
75,2,0.05,2555953,28112945,,,0.001088,133.09,0.083632,63.9941,,,286.757,43.3591,,,24.8038,38.728,,
76,2,0.05,2555953,28112945,,,0.001092,136.827,0.103037,74.8564,,,290.326,63.1459,,,21.8442,54.6625,,
77,2,0.05,2555953,28112945,,,0.000728,124.952,0.019442,89.9675,,,268.407,51.2818,,,12.5639,46.6847,,
78,2,0.05,2555953,28112945,,,0.001308,137.751,0.056225,78.9794,,,278.144,54.585,,,17.3829,47.5969,,
79,2,0.05,779692,28472448,,,0.001202,48.6743,0.017458,7.87781,,,260.879,6.04524,,,8.47236,4.1587,,
80,2,0.05,779692,28472448,,,0.000587,45.1448,0.0264,7.20776,,,259.809,6.06539,,,8.76855,4.27611,,
81,2,0.05,779692,28472448,,,0.000478,48.2425,0.023677,6.52047,,,258.937,6.12852,,,9.34027,4.4724,,
82,2,0.05,779692,28472448,,,0.000495,45.8612,0.022559,8.39527,,,251.505,6.06547,,,9.7198,4.509,,
83,2,0.05,779692,28472448,,,0.000487,46.1003,0.024351,8.46616,,,254.452,6.08622,,,9.73948,4.56196,,
84,2,0.05,779692,28472448,,,0.000506,45.7831,0.073672,8.29437,,,262.523,6.02817,,,13.1178,4.46488,,
85,2,0.05,779692,28472448,,,0.00061,47.3041,0.067514,5.73698,,,261.244,5.97854,,,12.7835,4.32789,,
86,2,0.05,779692,28472448,,,0.000602,44.9019,0.064158,10.2415,,,262.783,6.10828,,,13.711,4.26633,,
87,2,0.05,779692,28472448,,,0.001024,107.548,0.382071,49.7721,,,297.59,83.7243,,,89.8243,78.3348,,
88,2,0.05,779692,28472448,,,0.000471,46.1255,0.072573,7.53072,,,264.07,5.90478,,,13.558,4.25906,,
89,2,0.05,779692,28472448,,,0.000966,61.8223,0.080157,49.8317,,,274.093,17.4706,,,16.6425,14.1617,,
90,2,0.05,779692,28472448,,,0.001208,56.0025,0.141819,58.511,,,303.482,32.6892,,,32.2904,30.6174,,
91,2,0.05,779692,28472448,,,0.001074,67.5007,0.18507,50.1244,,,308.689,21.2669,,,24.1024,20.3921,,
92,2,0.05,779692,28472448,,,0.001026,53.5739,0.128737,62.0279,,,289.732,22.9381,,,24.0529,20.6842,,
93,2,0.05,779692,28472448,,,0.000904,80.5701,0.244001,52.6431,,,316.567,27.5925,,,35.2144,23.7779,,
94,2,0.05,779692,28472448,,,0.001781,54.0704,0.273329,54.4265,,,318.85,31.2022,,,43.7966,27.9776,,
95,2,0.05,779692,28472448,,,0.001001,86.5139,0.169881,58.2136,,,308.877,35.1276,,,26.8462,30.3719,,
96,2,0.05,779692,28472448,,,0.001,53.2672,0.062991,62.8813,,,282.223,18.9011,,,17.1071,15.1158,,
97,2,0.05,779692,28472448,,,0.001088,44.9274,0.127805,9.78631,,,301.47,6.13687,,,29.2204,4.66667,,
98,2,0.05,779692,28472448,,,0.000942,56.0725,0.16906,52.1158,,,314.45,22.1679,,,31.8212,19.6184,,
99,2,0.05,1081746,30527720,,,0.001001,58.9303,0.021064,12.5075,,,255.503,8.04219,,,7.593,5.65346,,
100,2,0.05,1081746,30527720,,,0.000936,59.9607,0.098234,10.9178,,,258.801,8.13897,,,17.274,5.97851,,
101,2,0.05,1081746,30527720,,,0.000694,59.844,0.085663,16.0192,,,274.772,12.6463,,,22.0962,10.1184,,
102,2,0.05,1081746,30527720,,,0.000849,58.6125,0.205462,13.5172,,,273.197,8.63515,,,41.1939,6.37412,,
103,2,0.05,1081746,30527720,,,0.000501,60.3312,0.015624,13.2071,,,259.506,8.23786,,,8.17652,5.56524,,
104,2,0.05,1081746,30527720,,,0.000559,59.196,0.063068,9.36286,,,273.516,8.24435,,,12.9287,6.45096,,
105,2,0.05,1081746,30527720,,,0.00047,61.0584,0.064908,10.4235,,,259.289,8.27731,,,13.3044,5.75279,,
106,2,0.05,1081746,30527720,,,0.00044,60.654,0.066567,10.7697,,,261.85,8.7012,,,13.0574,6.27897,,
107,2,0.05,1081746,30527720,,,0.000622,59.9666,0.061443,13.2836,,,259.099,7.85802,,,12.2538,5.52478,,
108,2,0.05,1081746,30527720,,,0.000482,62.2765,0.067745,9.42976,,,264.754,8.72697,,,12.8736,6.40111,,
109,2,0.05,1081746,30527720,,,0.001169,71.4946,0.146871,60.6514,,,294.427,24.4543,,,27.5298,23.5942,,
110,2,0.05,1081746,30527720,,,0.001151,60.3518,0.332101,10.8068,,,313.075,8.6995,,,103.494,6.89407,,
111,2,0.05,1081746,30527720,,,0.001267,81.7349,0.072992,60.2089,,,273.631,25.7678,,,16.2496,20.8254,,
112,2,0.05,1081746,30527720,,,0.001314,68.7907,0.0558,63.5281,,,274.669,26.5395,,,15.2769,23.035,,
113,2,0.05,1081746,30527720,,,0.001077,79.4306,0.228669,48.438,,,319.755,26.704,,,32.654,22.0472,,
114,2,0.05,1081746,30527720,,,0.001202,83.5595,0.075062,60.2629,,,276.526,27.1824,,,15.4424,24.2005,,
115,2,0.05,1081746,30527720,,,0.001148,71.6664,0.095201,71.1536,,,286.369,33.6166,,,22.1924,30.0372,,
116,2,0.05,1081746,30527720,,,0.00154,77.3629,0.368265,35.9082,,,351.041,25.7285,,,50.9706,24.3803,,
117,2,0.05,1081746,30527720,,,0.000971,87.7583,0.164739,57.8137,,,304.389,32.4395,,,28.8284,29.8237,,
118,2,0.05,1081746,30527720,,,0.00086,79.5516,0.099846,62.6472,,,288.216,26.9102,,,21.6997,28.3826,,
39,2,0.1,7357847,61213573,,,0.000775,297.243,0.010957,62.6807,,,248.718,34.8507,,,5.03124,32.6548,,
40,2,0.1,7357847,61213573,,,0.001644,298.939,0.01493,83.3096,,,251.951,32.4941,,,6.80282,36.4887,,
41,2,0.1,7357847,61213573,,,0.001583,295.497,0.059646,88.4865,,,253.913,47.9652,,,13.3886,35.4243,,
42,2,0.1,7357847,61213573,,,0.000847,300.371,0.017556,64.866,,,248.506,50.34,,,7.16086,33.1966,,
43,2,0.1,7357847,61213573,,,0.00088,297.588,0.014713,82.5113,,,248.574,51.7582,,,8.17367,38.1528,,
44,2,0.1,7357847,61213573,,,0.000711,301.65,0.061582,72.6146,,,254.107,50.0114,,,11.5662,38.4157,,
45,2,0.1,7357847,61213573,,,0.000715,294.721,0.059289,83.0229,,,253.852,49.8698,,,12.3582,36.3857,,
46,2,0.1,7357847,61213573,,,0.000757,302.223,0.055888,89.157,,,253.946,46.1477,,,11.1859,35.0853,,
47,2,0.1,7357847,61213573,,,0.00085,308.705,0.052243,72.4942,,,254.618,66.8056,,,13.2012,61.0909,,
48,2,0.1,7357847,61213573,,,0.001179,298.862,0.037541,51.896,,,254.924,51.1444,,,8.7322,36.6579,,
49,2,0.1,7357847,61213573,,,0.001382,374.853,0.058054,199.107,,,286.877,138.716,,,17.8354,136.214,,
50,2,0.1,7357847,61213573,,,0.001101,351.311,0.109791,164.382,,,287.287,122.087,,,19.9468,118.173,,
51,2,0.1,7357847,61213573,,,0.001,370.958,0.041367,213.282,,,265.574,140.351,,,15.2029,131.951,,
52,2,0.1,7357847,61213573,,,0.001306,334.812,0.152347,97.7698,,,302.839,74.529,,,29.7796,75.9421,,
53,2,0.1,7357847,61213573,,,0.001292,366.945,0.102947,201.981,,,280.592,142.64,,,21.7204,139.774,,
54,2,0.1,7357847,61213573,,,0.000926,377.687,0.051078,228.395,,,271.065,152.264,,,16.4623,151.533,,
55,2,0.1,7357847,61213573,,,0.001101,310.05,0.096599,169.327,,,290.156,128.273,,,26.2602,123.979,,
56,2,0.1,7357847,61213573,,,0.001046,345.762,0.105276,217.398,,,277.568,130.788,,,21.7917,155.056,,
57,2,0.1,7357847,61213573,,,0.001126,394.965,0.087456,206.383,,,259.662,210.093,,,14.7646,199.84,,
58,2,0.1,7357847,61213573,,,0.001233,419.3,0.067375,221.152,,,255.453,213.782,,,13.1964,193.365,,
59,2,0.1,5113065,55849231,,,0.001305,229.585,0.009493,42.8984,,,241.829,22.6122,,,4.81408,21.8855,,
60,2,0.1,5113065,55849231,,,0.001403,232.361,0.009995,61.631,,,241.279,25.1541,,,4.48267,22.2268,,
61,2,0.1,5113065,55849231,,,0.000706,225.323,0.01457,58.004,,,244.652,36.3126,,,5.331,36.9323,,
62,2,0.1,5113065,55849231,,,0.000893,224.863,0.012361,47.8581,,,250.198,35.4398,,,4.84085,32.1278,,
63,2,0.1,5113065,55849231,,,0.00161,223.614,0.167421,55.9944,,,266.804,35.4674,,,24.8002,33.6159,,
64,2,0.1,5113065,55849231,,,0.001328,228.183,0.199116,43.9097,,,292.929,45.2702,,,42.735,39.0651,,
65,2,0.1,5113065,55849231,,,0.000665,226.541,0.053978,40.6571,,,262.08,35.161,,,12.1373,24.3378,,
66,2,0.1,5113065,55849231,,,0.000653,226.346,0.054265,45.2434,,,262.964,34.9343,,,10.6826,23.6627,,
67,2,0.1,5113065,55849231,,,0.000561,227.867,0.052503,51.6702,,,261.654,41.0126,,,11.6798,31.1363,,
68,2,0.1,5113065,55849231,,,0.001031,232.005,0.063936,40.7467,,,262.72,42.5598,,,12.2422,31.2965,,
69,2,0.1,5113065,55849231,,,0.001851,260.876,0.166249,87.4846,,,306.203,59.3412,,,25.304,54.2419,,
70,2,0.1,5113065,55849231,,,0.00154,234.505,0.124453,100.241,,,296.89,66.8834,,,25.7878,62.8542,,
71,2,0.1,5113065,55849231,,,0.001668,257.118,0.09383,146.007,,,294.925,88.9082,,,31.573,84.7047,,
72,2,0.1,5113065,55849231,,,0.001708,260.316,0.067799,176.506,,,272.003,99.005,,,22.0423,96.5354,,
73,2,0.1,5113065,55849231,,,0.00165,288.949,0.072441,169.09,,,283.655,117.142,,,29.5293,113.329,,
74,2,0.1,5113065,55849231,,,0.001865,261.502,0.070453,124.358,,,268.568,77.7132,,,16.2527,72.7559,,
75,2,0.1,5113065,55849231,,,0.002251,255.684,0.082956,130.107,,,275.776,81.2774,,,24.2007,76.6645,,
76,2,0.1,5113065,55849231,,,0.001979,260.507,0.09075,148.427,,,285.248,117.712,,,26.4399,112.507,,
77,2,0.1,5113065,55849231,,,0.000736,241.354,0.02423,176.666,,,258.729,98.4135,,,13.2749,88.1265,,
78,2,0.1,5113065,55849231,,,0.001263,264.065,0.065296,156.925,,,273.358,102.994,,,16.1722,92.3762,,
79,2,0.1,1559390,56828994,,,0.001034,95.1983,0.020361,14.0675,,,257.464,11.5362,,,8.49073,8.35436,,
80,2,0.1,1559390,56828994,,,0.000623,93.4764,0.021962,16.2922,,,257.397,12.1562,,,8.21342,8.66814,,
81,2,0.1,1559390,56828994,,,0.001154,92.5615,0.023187,14.607,,,258.423,12.2201,,,9.35126,8.69706,,
82,2,0.1,1559390,56828994,,,0.000587,93.3505,0.024996,13.7705,,,258.821,12.1587,,,8.99567,9.14193,,
83,2,0.1,1559390,56828994,,,0.000526,92.8893,0.027312,17.3347,,,258.482,12.2322,,,10.1209,8.71868,,
84,2,0.1,1559390,56828994,,,0.000552,93.5426,0.064574,19.5493,,,264.327,11.9747,,,12.7372,8.60093,,
85,2,0.1,1559390,56828994,,,0.000888,94.4432,0.057156,19.109,,,279.097,11.8704,,,11.9022,8.36531,,
86,2,0.1,1559390,56828994,,,0.00079,93.8562,0.073984,18.8755,,,270.51,12.1651,,,14.2451,9.47576,,
87,2,0.1,1559390,56828994,,,0.001337,217.454,0.325103,101.821,,,303.251,163.375,,,70.0206,170.041,,
88,2,0.1,1559390,56828994,,,0.000706,96.1982,0.07115,13.6474,,,268.529,12.1021,,,14.2939,8.87427,,
89,2,0.1,1559390,56828994,,,0.00118,132.413,0.083618,101.447,,,273.195,34.7956,,,16.7372,29.2242,,
90,2,0.1,1559390,56828994,,,0.001435,116.647,0.131088,117.648,,,300.063,63.7273,,,29.2356,55.702,,
91,2,0.1,1559390,56828994,,,0.001576,142.185,0.096064,103.655,,,272.112,40.4335,,,17.2539,38.5619,,
92,2,0.1,1559390,56828994,,,0.001335,111.273,0.103665,115.71,,,280.779,47.1778,,,20.0007,42.6324,,
93,2,0.1,1559390,56828994,,,0.001248,166.2,0.246126,89.2203,,,320.56,60.7541,,,38.6834,57.2358,,
94,2,0.1,1559390,56828994,,,0.001873,114.825,0.25305,110.177,,,305.959,61.6489,,,42.5302,55.4745,,
95,2,0.1,1559390,56828994,,,0.001269,179.69,0.145103,117.056,,,297.532,68.406,,,28.2409,62.0415,,
96,2,0.1,1559390,56828994,,,0.001115,110.738,0.042297,126.551,,,270.625,44.8512,,,14.3845,37.3628,,
97,2,0.1,1559390,56828994,,,0.001641,96.9257,0.131153,19.5144,,,304.306,12.274,,,30.2355,9.4681,,
98,2,0.1,1559390,56828994,,,0.001461,110.57,0.126709,105.047,,,303.205,44.4732,,,28.5425,41.7585,,
99,2,0.1,2163974,60632560,,,0.001211,122.338,0.024159,16.8933,,,257.341,16.3057,,,7.82443,11.5939,,
100,2,0.1,2163974,60632560,,,0.001445,121.839,0.128619,22.7707,,,270.102,16.5646,,,21.4664,13.0171,,
101,2,0.1,2163974,60632560,,,0.000908,122.74,0.096618,26.4854,,,275.89,28.431,,,16.9574,23.1047,,
102,2,0.1,2163974,60632560,,,0.001136,123.155,0.176105,25.6765,,,282.033,17.9842,,,43.9715,14.0768,,
103,2,0.1,2163974,60632560,,,0.000703,124.433,0.018569,24.9115,,,255.861,16.4733,,,9.05994,12.055,,
104,2,0.1,2163974,60632560,,,0.001233,126.93,0.078433,19.4357,,,265.586,17.6289,,,13.4993,14.5194,,
105,2,0.1,2163974,60632560,,,0.000593,128.782,0.058992,21.6095,,,265.046,16.8875,,,12.9402,12.9889,,
106,2,0.1,2163974,60632560,,,0.001167,124.599,0.066811,22.191,,,260.268,17.5747,,,14.0773,13.4067,,
107,2,0.1,2163974,60632560,,,0.000767,128.404,0.069728,25.7035,,,263.582,16.8536,,,13.4709,12.4732,,
108,2,0.1,2163974,60632560,,,0.000683,125.816,0.07372,20.8643,,,262.581,17.3311,,,15.1853,13.1636,,
109,2,0.1,2163974,60632560,,,0.001445,151.58,0.117764,124.198,,,289.192,50.9397,,,26.0062,48.3318,,
110,2,0.1,2163974,60632560,,,0.001492,124.754,0.228319,21.5814,,,301.078,17.0135,,,63.8497,13.9118,,
111,2,0.1,2163974,60632560,,,0.001592,166.61,0.070715,118.504,,,272.972,49.9003,,,17.3958,43.6382,,
112,2,0.1,2163974,60632560,,,0.001404,138.72,0.056217,126.34,,,268.996,49.9949,,,16.3468,46.4367,,
113,2,0.1,2163974,60632560,,,0.001219,158.933,0.255807,95.5183,,,322.921,58.243,,,36.5673,49.1563,,
114,2,0.1,2163974,60632560,,,0.001043,165.316,0.071628,119.004,,,271.228,53.4456,,,17.2447,49.1117,,
115,2,0.1,2163974,60632560,,,0.000989,144.845,0.107125,134.105,,,284.937,59.1015,,,21.5245,53.5503,,
116,2,0.1,2163974,60632560,,,0.001737,153.556,0.366498,63.4617,,,381.044,48.542,,,59.4999,44.4109,,
117,2,0.1,2163974,60632560,,,0.001607,175.047,0.167116,114.077,,,303.53,60.1345,,,26.2437,53.8205,,
118,2,0.1,2163974,60632560,,,0.001472,161.522,0.113182,127.352,,,292.847,53.2461,,,19.9949,55.3588,,
39,2,0.2,14716948,122165475,,,0.000897,571.784,0.010983,121.718,,,252.82,67.818,,,5.11771,64.7876,,
40,2,0.2,14716948,122165475,,,0.001022,572.489,0.011449,169.179,,,252.35,66.9598,,,4.82569,66.4614,,
41,2,0.2,14716948,122165475,,,0.001428,568.642,0.064717,172.409,,,265.42,98.9322,,,14.0103,72.6491,,
42,2,0.2,14716948,122165475,,,0.001134,585.524,0.011177,143.331,,,257.116,70.9505,,,4.61398,66.2939,,
43,2,0.2,14716948,122165475,,,0.001428,589.749,0.020601,160.084,,,258.776,120.48,,,8.79903,93.7553,,
44,2,0.2,14716948,122165475,,,0.001865,598.333,0.066266,145.58,,,266.908,100.365,,,12.2201,74.6021,,
45,2,0.2,14716948,122165475,,,0.001953,600.324,0.056489,164.756,,,262.407,99.0481,,,12.0373,66.5925,,
46,2,0.2,14716948,122165475,,,0.002147,601.594,0.060225,141.201,,,256.7,92.8854,,,11.3488,73.0877,,
47,2,0.2,14716948,122165475,,,0.001599,614.331,0.055804,132.095,,,271.725,127.887,,,12.3232,94.2093,,
48,2,0.2,14716948,122165475,,,0.00133,577.406,0.038261,105.631,,,255.546,98.6837,,,9.28815,72.3386,,
49,2,0.2,14716948,122165475,,,0.002001,733.797,0.038729,445.495,,,259.276,269.007,,,13.8328,261.549,,
50,2,0.2,14716948,122165475,,,0.001805,700.538,0.055378,329.004,,,265.373,244.719,,,15.6164,234.488,,
51,2,0.2,14716948,122165475,,,0.001405,742.156,0.031805,410.444,,,262.157,269.039,,,14.5227,265.454,,
52,2,0.2,14716948,122165475,,,0.001716,664.324,0.127255,154.664,,,288.086,106.27,,,27.3967,117.085,,
53,2,0.2,14716948,122165475,,,0.001541,754.188,0.087281,413.738,,,272.987,279.889,,,20.4594,281.47,,
54,2,0.2,14716948,122165475,,,0.001297,780.895,0.040578,440.153,,,271.217,290.354,,,15.862,261.108,,
55,2,0.2,14716948,122165475,,,0.002214,649.125,0.12993,278.45,,,294.834,238.294,,,25.8268,220.977,,
56,2,0.2,14716948,122165475,,,0.001635,722.235,0.071737,398.513,,,276.06,268.997,,,18.5039,251.664,,
57,2,0.2,14716948,122165475,,,0.001472,806.076,0.098309,413.171,,,265.834,399.793,,,14.3767,375.622,,
58,2,0.2,14716948,122165475,,,0.001053,788.952,0.079061,456.292,,,261.049,397.669,,,12.8535,366.377,,
59,2,0.2,10226421,111989334,,,0.001419,433.956,0.011049,88.5943,,,243.987,47.5858,,,4.75317,43.5154,,
60,2,0.2,10226421,111989334,,,0.000859,439.75,0.012373,125.981,,,242.505,48.6702,,,4.26974,45.2266,,
61,2,0.2,10226421,111989334,,,0.001005,446.637,0.015122,119.645,,,246.51,73.5923,,,4.45246,70.8892,,
62,2,0.2,10226421,111989334,,,0.002358,427.056,0.01424,120.364,,,248.846,70.4823,,,5.36254,68.0,,
63,2,0.2,10226421,111989334,,,0.00154,426.485,0.176484,105.634,,,269.821,66.6843,,,29.783,62.0854,,
64,2,0.2,10226421,111989334,,,0.001367,435.928,0.24908,103.488,,,291.027,87.0973,,,61.0054,79.7504,,
65,2,0.2,10226421,111989334,,,0.001154,450.086,0.059754,92.1433,,,263.903,70.6105,,,11.6088,48.4834,,
66,2,0.2,10226421,111989334,,,0.00148,446.829,0.058854,77.9197,,,269.349,75.1509,,,12.2199,50.0081,,
67,2,0.2,10226421,111989334,,,0.001031,453.658,0.06324,97.8712,,,267.034,81.6158,,,11.9469,63.6206,,
68,2,0.2,10226421,111989334,,,0.001371,448.937,0.060077,88.244,,,266.573,78.3709,,,12.2449,59.6998,,
69,2,0.2,10226421,111989334,,,0.001861,519.223,0.167365,180.406,,,311.827,119.467,,,26.4205,113.305,,
70,2,0.2,10226421,111989334,,,0.002329,458.3,0.149262,184.203,,,299.422,114.877,,,27.8359,105.545,,
71,2,0.2,10226421,111989334,,,0.00192,508.64,0.095,321.949,,,297.346,199.202,,,34.911,178.591,,
72,2,0.2,10226421,111989334,,,0.001746,515.229,0.1109,304.384,,,290.197,192.245,,,24.8541,178.725,,
73,2,0.2,10226421,111989334,,,0.002263,573.468,0.085459,348.75,,,287.528,233.227,,,30.1546,228.233,,
74,2,0.2,10226421,111989334,,,0.001859,497.942,0.071232,244.592,,,267.613,154.023,,,15.3536,146.367,,
75,2,0.2,10226421,111989334,,,0.004754,513.39,0.082201,260.524,,,279.315,158.307,,,24.5039,162.206,,
76,2,0.2,10226421,111989334,,,0.001598,541.944,0.081183,310.014,,,279.066,258.963,,,26.6303,261.535,,
77,2,0.2,10226421,111989334,,,0.001228,494.071,0.024485,357.878,,,260.788,191.904,,,13.4951,188.222,,
78,2,0.2,10226421,111989334,,,0.001838,547.69,0.065345,312.539,,,273.482,203.428,,,16.6718,189.732,,
79,2,0.2,3117975,113830909,,,0.001642,191.274,0.021986,30.8798,,,259.302,23.9479,,,8.98939,17.3274,,
80,2,0.2,3117975,113830909,,,0.00089,194.734,0.020289,33.3082,,,254.087,19.193,,,4.95543,18.3279,,
81,2,0.2,3117975,113830909,,,0.000846,192.015,0.022892,27.3996,,,261.206,24.3501,,,9.7251,17.9906,,
82,2,0.2,3117975,113830909,,,0.000776,191.687,0.025589,31.3328,,,260.726,24.1502,,,9.41515,17.6978,,
83,2,0.2,3117975,113830909,,,0.000793,191.96,0.030018,32.29,,,260.765,24.5371,,,9.59365,17.7422,,
84,2,0.2,3117975,113830909,,,0.000773,197.619,0.065598,38.6382,,,269.454,24.0786,,,13.3448,19.3648,,
85,2,0.2,3117975,113830909,,,0.00081,199.408,0.057502,38.3894,,,266.779,24.0289,,,12.7784,17.6484,,
86,2,0.2,3117975,113830909,,,0.000854,191.924,0.063605,36.2315,,,267.67,24.3378,,,13.376,18.2419,,
87,2,0.2,3117975,113830909,,,0.001181,445.927,0.330848,204.515,,,302.229,347.773,,,76.3373,357.039,,
88,2,0.2,3117975,113830909,,,0.001685,187.89,0.080329,27.8091,,,269.274,24.479,,,14.7466,18.3551,,
89,2,0.2,3117975,113830909,,,0.001818,252.491,0.085463,203.562,,,277.956,65.1782,,,18.8483,62.3473,,
90,2,0.2,3117975,113830909,,,0.001502,226.463,0.121926,237.54,,,291.393,125.604,,,30.2144,125.189,,
91,2,0.2,3117975,113830909,,,0.001341,271.338,0.08422,221.454,,,270.472,68.111,,,17.1136,63.9009,,
92,2,0.2,3117975,113830909,,,0.004222,217.518,0.108515,247.522,,,286.512,93.6378,,,22.8829,87.5776,,
93,2,0.2,3117975,113830909,,,0.001321,318.607,0.257212,200.529,,,310.491,137.214,,,39.522,134.397,,
94,2,0.2,3117975,113830909,,,0.001589,220.959,0.254976,227.156,,,306.053,117.318,,,41.218,111.67,,
95,2,0.2,3117975,113830909,,,0.001159,347.917,0.187596,233.886,,,296.333,130.903,,,31.2447,126.169,,
96,2,0.2,3117975,113830909,,,0.001561,216.808,0.047568,252.755,,,263.94,81.2121,,,15.0145,74.3703,,
97,2,0.2,3117975,113830909,,,0.001358,187.386,0.139696,38.5643,,,288.916,24.9448,,,29.7447,19.1811,,
98,2,0.2,3117975,113830909,,,0.001363,214.852,0.168198,221.82,,,299.052,73.8583,,,31.197,68.6868,,
99,2,0.2,4330842,121206579,,,0.001129,238.797,0.027208,50.7448,,,258.529,32.9895,,,8.24059,24.1041,,
100,2,0.2,4330842,121206579,,,0.001138,241.83,0.123568,34.1951,,,268.499,32.1222,,,19.8943,23.2192,,
101,2,0.2,4330842,121206579,,,0.000803,248.166,0.104196,66.9802,,,276.398,47.1627,,,16.1456,40.6657,,
102,2,0.2,4330842,121206579,,,0.001323,247.41,0.191921,52.2335,,,283.864,36.1739,,,36.1349,25.5534,,
103,2,0.2,4330842,121206579,,,0.000739,248.268,0.019444,51.3065,,,257.657,33.256,,,8.47843,23.848,,
104,2,0.2,4330842,121206579,,,0.000713,249.182,0.069166,36.7254,,,268.382,34.4464,,,13.2109,25.3519,,
105,2,0.2,4330842,121206579,,,0.000736,249.902,0.058818,52.88,,,267.472,33.2044,,,12.5152,22.8747,,
106,2,0.2,4330842,121206579,,,0.000968,246.612,0.072794,51.8063,,,267.514,33.7991,,,12.5875,26.5944,,
107,2,0.2,4330842,121206579,,,0.000655,251.065,0.06549,56.1462,,,268.833,33.643,,,12.6952,23.5449,,
108,2,0.2,4330842,121206579,,,0.000759,247.583,0.077056,37.668,,,268.551,34.2227,,,13.1135,26.0309,,
109,2,0.2,4330842,121206579,,,0.001483,300.017,0.106473,253.67,,,296.459,104.354,,,26.5796,93.0998,,
110,2,0.2,4330842,121206579,,,0.002215,253.588,0.28556,40.3066,,,323.109,36.4536,,,104.263,27.654,,
111,2,0.2,4330842,121206579,,,0.001319,330.684,0.069884,255.332,,,273.331,97.4629,,,15.3516,91.1505,,
112,2,0.2,4330842,121206579,,,0.001267,278.149,0.066747,252.901,,,266.78,102.805,,,15.3532,90.6132,,
113,2,0.2,4330842,121206579,,,0.001514,320.43,0.20498,200.753,,,309.18,89.4097,,,29.5248,82.1825,,
114,2,0.2,4330842,121206579,,,0.00119,327.993,0.141039,228.868,,,295.955,110.221,,,23.5384,111.446,,
115,2,0.2,4330842,121206579,,,0.001248,285.755,0.101269,259.792,,,282.949,111.873,,,19.4162,102.664,,
116,2,0.2,4330842,121206579,,,0.002181,309.023,0.378221,136.621,,,356.864,98.9125,,,56.2543,91.3465,,
117,2,0.2,4330842,121206579,,,0.001149,352.269,0.163283,229.874,,,292.517,127.101,,,25.7946,115.647,,
118,2,0.2,4330842,121206579,,,0.001044,322.693,0.12833,236.304,,,286.376,103.699,,,20.6464,103.966,,
39,3,0.001,73492,612310,,,0.001302,3.14902,0.015347,0.588706,,,256.065,0.550193,,,6.252,0.312593,,
40,3,0.001,73492,612310,,,0.000579,3.12311,0.011795,0.8257,,,247.603,0.347083,,,4.75593,0.339305,,
41,3,0.001,73492,612310,,,0.00075,3.08915,0.052749,0.819019,,,262.933,0.501441,,,12.5551,0.337766,,
42,3,0.001,73492,612310,,,0.000641,3.02193,0.013271,0.656402,,,269.828,0.676247,,,6.77952,0.307847,,
43,3,0.001,73492,612310,,,0.000496,3.10827,0.011337,0.680301,,,263.803,0.532201,,,6.83721,0.362704,,
44,3,0.001,73492,612310,,,0.000481,3.09178,0.055016,0.739525,,,266.895,0.56417,,,11.2101,0.394495,,
45,3,0.001,73492,612310,,,0.000456,3.10034,0.054813,0.813627,,,268.742,0.536661,,,11.8297,0.425443,,
46,3,0.001,73492,612310,,,0.000346,3.02694,0.071994,0.777381,,,265.41,0.562053,,,11.4541,0.40418,,
47,3,0.001,73492,612310,,,0.000406,2.96675,0.048134,0.623582,,,259.473,0.615041,,,11.0845,0.434144,,
48,3,0.001,73492,612310,,,0.000334,2.98107,0.03294,0.487356,,,254.225,0.51243,,,8.63457,0.336876,,
49,3,0.001,73492,612310,,,0.000757,3.66373,0.049102,1.83628,,,271.343,1.45355,,,16.1599,1.23917,,
50,3,0.001,73492,612310,,,0.000691,3.5555,0.101634,1.50247,,,284.152,1.33447,,,18.7626,1.1015,,
51,3,0.001,73492,612310,,,0.000564,3.89899,0.025268,2.31341,,,258.887,1.4502,,,12.4557,1.34009,,
52,3,0.001,73492,612310,,,0.00098,3.61802,0.149121,0.812093,,,296.014,0.619543,,,31.8434,0.530301,,
53,3,0.001,73492,612310,,,0.000775,3.85482,0.073515,2.22801,,,276.353,1.52578,,,19.0796,1.39247,,
54,3,0.001,73492,612310,,,0.00065,3.6803,0.038269,2.33173,,,266.936,1.60577,,,14.9082,1.3048,,
55,3,0.001,73492,612310,,,0.000842,3.23608,0.097928,1.59969,,,284.048,1.33153,,,23.7134,1.07798,,
56,3,0.001,73492,612310,,,0.000529,3.60863,0.095036,2.02001,,,277.02,1.45457,,,22.0419,1.40292,,
57,3,0.001,73492,612310,,,0.000559,3.99806,0.095958,1.95346,,,261.939,2.10932,,,16.724,1.7721,,
58,3,0.001,73492,612310,,,0.000497,4.03404,0.056228,2.24488,,,260.711,2.19496,,,13.0945,1.96231,,
59,3,0.001,51073,554946,,,0.000724,2.5537,0.007379,0.48096,,,247.913,0.239868,,,4.30778,0.233505,,
60,3,0.001,51073,554946,,,0.000553,2.54844,0.009105,0.672837,,,249.307,0.294004,,,4.1335,0.220984,,
61,3,0.001,51073,554946,,,0.000347,2.4762,0.012476,0.594945,,,253.794,0.450598,,,4.72457,0.387151,,
62,3,0.001,51073,554946,,,0.000297,2.48598,0.012579,0.582482,,,250.715,0.416589,,,4.49238,0.355242,,
63,3,0.001,51073,554946,,,0.000797,2.4661,0.163616,0.515992,,,282.292,0.363585,,,26.8376,0.310583,,
64,3,0.001,51073,554946,,,0.00072,2.54363,0.170137,0.548694,,,294.434,0.534958,,,47.7442,0.443704,,
65,3,0.001,51073,554946,,,0.000341,2.47383,0.058503,0.524164,,,262.277,0.368413,,,10.7591,0.235678,,
66,3,0.001,51073,554946,,,0.000267,2.45555,0.059834,0.381915,,,265.746,0.391263,,,10.9396,0.244349,,
67,3,0.001,51073,554946,,,0.000283,2.4328,0.056603,0.458391,,,273.24,0.445581,,,11.1444,0.325087,,
68,3,0.001,51073,554946,,,0.000276,2.25604,0.042854,0.558593,,,269.166,0.499018,,,11.2085,0.361619,,
69,3,0.001,51073,554946,,,0.000531,2.77691,0.153349,0.845441,,,298.831,0.609808,,,26.2133,0.504014,,
70,3,0.001,51073,554946,,,0.000747,2.36485,0.119503,0.84401,,,287.969,0.624799,,,28.5484,0.53013,,
71,3,0.001,51073,554946,,,0.00076,2.72932,0.071515,1.53961,,,285.529,1.0914,,,29.565,0.899639,,
72,3,0.001,51073,554946,,,0.000481,2.76789,0.076018,1.53194,,,277.006,1.09032,,,21.8523,1.03799,,
73,3,0.001,51073,554946,,,0.000638,3.2412,0.061952,1.68411,,,284.524,1.36095,,,32.5591,1.19799,,
74,3,0.001,51073,554946,,,0.000549,2.69023,0.044557,1.27411,,,265.303,0.929036,,,14.8594,0.876199,,
75,3,0.001,51073,554946,,,0.000579,2.64443,0.074506,1.2734,,,277.323,0.905962,,,23.5308,0.819627,,
76,3,0.001,51073,554946,,,0.000509,2.85117,0.081168,1.44239,,,273.31,1.39533,,,22.0881,1.22008,,
77,3,0.001,51073,554946,,,0.000388,2.66134,0.014111,1.75431,,,267.821,1.08876,,,13.3656,1.02945,,
78,3,0.001,51073,554946,,,0.000478,2.95085,0.046613,1.5344,,,271.561,1.14025,,,17.0037,1.01322,,
79,3,0.001,15633,565229,,,0.000641,0.977174,0.012559,0.159073,,,251.422,0.130574,,,8.45326,0.098223,,
80,3,0.001,15633,565229,,,0.000361,0.889376,0.016485,0.144702,,,258.326,0.107739,,,5.0534,0.097827,,
81,3,0.001,15633,565229,,,0.00025,0.871589,0.021287,0.120439,,,263.089,0.133126,,,9.85773,0.087198,,
82,3,0.001,15633,565229,,,0.000208,0.921507,0.019884,0.152118,,,262.868,0.131609,,,9.18152,0.086728,,
83,3,0.001,15633,565229,,,0.000245,0.997151,0.020482,0.156822,,,260.209,0.134926,,,9.77511,0.089368,,
84,3,0.001,15633,565229,,,0.000281,0.928649,0.052379,0.184279,,,264.704,0.129633,,,12.7704,0.092544,,
85,3,0.001,15633,565229,,,0.000251,0.881225,0.0466,0.180523,,,262.247,0.13179,,,12.438,0.083214,,
86,3,0.001,15633,565229,,,0.000239,0.929526,0.059004,0.182708,,,268.818,0.132199,,,13.7124,0.092169,,
87,3,0.001,15633,565229,,,0.000609,2.24122,0.33784,0.972999,,,306.494,1.78423,,,75.1701,1.73743,,
88,3,0.001,15633,565229,,,0.000254,0.884298,0.058246,0.177916,,,270.277,0.131808,,,14.8813,0.111907,,
89,3,0.001,15633,565229,,,0.000468,1.2118,0.072966,1.02924,,,275.901,0.376073,,,17.9273,0.344355,,
90,3,0.001,15633,565229,,,0.00059,1.08152,0.110878,1.15734,,,286.619,0.743882,,,29.973,0.730504,,
91,3,0.001,15633,565229,,,0.000593,1.42273,0.149529,0.989183,,,297.56,0.462032,,,25.2204,0.408095,,
92,3,0.001,15633,565229,,,0.000536,1.12913,0.088134,1.12789,,,281.889,0.519344,,,22.101,0.488092,,
93,3,0.001,15633,565229,,,0.000468,1.52878,0.213485,0.913342,,,311.879,0.733657,,,37.5802,0.690331,,
94,3,0.001,15633,565229,,,0.000714,1.1479,0.201534,1.05313,,,302.141,0.666203,,,41.1162,0.552363,,
95,3,0.001,15633,565229,,,0.000586,1.87832,0.123455,1.07362,,,282.876,0.810809,,,26.0489,0.739973,,
96,3,0.001,15633,565229,,,0.000438,1.01849,0.051086,1.18584,,,269.434,0.400573,,,18.1601,0.371512,,
97,3,0.001,15633,565229,,,0.000533,0.875351,0.131346,0.201483,,,299.151,0.13108,,,34.2551,0.1008,,
98,3,0.001,15633,565229,,,0.000541,1.01983,0.167211,1.10252,,,306.815,0.47038,,,32.4179,0.389225,,
99,3,0.001,21794,614916,,,0.000503,1.28883,0.019491,0.204858,,,254.171,0.17215,,,7.7599,0.122915,,
100,3,0.001,21794,614916,,,0.000619,1.26079,0.137088,0.236806,,,271.2,0.18035,,,23.1747,0.147124,,
101,3,0.001,21794,614916,,,0.000419,1.15627,0.081044,0.209589,,,279.168,0.203118,,,22.6459,0.151985,,
102,3,0.001,21794,614916,,,0.000452,1.18252,0.189978,0.287533,,,281.544,0.194892,,,38.0943,0.150562,,
103,3,0.001,21794,614916,,,0.000334,1.26875,0.013935,0.267855,,,256.16,0.213627,,,8.71519,0.117327,,
104,3,0.001,21794,614916,,,0.000301,1.16881,0.059283,0.180838,,,267.587,0.186194,,,12.9428,0.158319,,
105,3,0.001,21794,614916,,,0.00027,1.17214,0.053814,0.208644,,,264.681,0.179277,,,13.3995,0.124511,,
106,3,0.001,21794,614916,,,0.000234,1.17066,0.055797,0.229881,,,271.673,0.18536,,,14.7045,0.156478,,
107,3,0.001,21794,614916,,,0.000183,1.19831,0.062668,0.275395,,,267.265,0.178342,,,13.8461,0.124609,,
108,3,0.001,21794,614916,,,0.000202,1.31037,0.062516,0.279301,,,268.56,0.180182,,,13.8079,0.125584,,
109,3,0.001,21794,614916,,,0.000736,1.47014,0.107534,1.26344,,,293.473,0.548277,,,27.6336,0.444038,,
110,3,0.001,21794,614916,,,0.000603,1.16902,0.31063,0.201832,,,330.294,0.341654,,,112.256,0.154721,,
111,3,0.001,21794,614916,,,0.000496,1.65316,0.057317,1.17336,,,269.559,0.538095,,,17.0723,0.474882,,
112,3,0.001,21794,614916,,,0.000507,1.51994,0.051034,1.18703,,,270.498,0.573026,,,16.1712,0.467999,,
113,3,0.001,21794,614916,,,0.000494,1.59333,0.203854,0.873156,,,314.364,0.541275,,,32.2302,0.494561,,
114,3,0.001,21794,614916,,,0.00041,1.79094,0.06106,1.11339,,,280.702,0.555255,,,15.853,0.469542,,
115,3,0.001,21794,614916,,,0.000434,1.56105,0.079057,1.26396,,,281.462,0.62699,,,20.5795,0.579839,,
116,3,0.001,21794,614916,,,0.00081,1.67197,0.375,0.65925,,,364.769,0.532842,,,51.5176,0.445028,,
117,3,0.001,21794,614916,,,0.000527,1.9744,0.142762,1.11217,,,296.574,0.717175,,,26.9414,0.671148,,
118,3,0.001,21794,614916,,,0.00095,1.8121,0.101155,1.14917,,,286.895,0.545087,,,21.2851,0.585927,,
39,3,0.005,367628,3069856,,,0.001066,15.5582,0.009241,2.85604,,,243.888,1.6818,,,5.01924,1.71804,,
40,3,0.005,367628,3069856,,,0.000602,15.2531,0.024431,4.06539,,,245.908,1.69247,,,4.80272,1.67816,,
41,3,0.005,367628,3069856,,,0.000766,14.6236,0.050385,4.04191,,,257.232,2.53167,,,13.2079,1.80929,,
42,3,0.005,367628,3069856,,,0.000455,14.9174,0.014558,3.02449,,,251.898,2.51845,,,7.1862,1.61395,,
43,3,0.005,367628,3069856,,,0.000523,15.4166,0.012269,3.48581,,,253.45,2.76062,,,7.53972,1.77441,,
44,3,0.005,367628,3069856,,,0.000426,15.2088,0.05087,3.01636,,,266.093,2.78836,,,11.565,1.92103,,
45,3,0.005,367628,3069856,,,0.00041,15.2514,0.052257,3.94356,,,262.658,2.63665,,,11.5902,1.93516,,
46,3,0.005,367628,3069856,,,0.000387,15.0488,0.067392,4.25355,,,265.86,2.6934,,,11.9483,2.05929,,
47,3,0.005,367628,3069856,,,0.000332,15.4569,0.048399,4.25378,,,264.041,3.58208,,,12.5154,3.24955,,
48,3,0.005,367628,3069856,,,0.000351,14.6161,0.034398,2.56817,,,261.689,2.62974,,,9.56023,1.91343,,
49,3,0.005,367628,3069856,,,0.00069,18.48,0.047383,10.5231,,,279.234,7.17554,,,16.7521,6.29969,,
50,3,0.005,367628,3069856,,,0.000727,17.937,0.083389,7.51199,,,288.528,6.22344,,,20.0267,5.8194,,
51,3,0.005,367628,3069856,,,0.000692,19.6234,0.038901,10.6791,,,270.548,7.25922,,,13.9843,6.26546,,
52,3,0.005,367628,3069856,,,0.000933,17.8405,0.096576,5.6839,,,295.849,4.90062,,,27.3537,5.04545,,
53,3,0.005,367628,3069856,,,0.000707,18.8696,0.079514,10.2715,,,268.804,6.85905,,,18.4032,6.41272,,
54,3,0.005,367628,3069856,,,0.000636,19.4477,0.0341,10.5588,,,268.075,8.0067,,,15.4556,6.9844,,
55,3,0.005,367628,3069856,,,0.000813,15.7812,0.05793,7.74557,,,273.869,6.57441,,,22.618,5.85586,,
56,3,0.005,367628,3069856,,,0.000658,17.3699,0.08616,8.54205,,,275.516,6.85468,,,22.1734,6.65482,,
57,3,0.005,367628,3069856,,,0.000648,20.385,0.10593,9.33438,,,265.53,9.93465,,,17.0936,8.56166,,
58,3,0.005,367628,3069856,,,0.00055,20.136,0.059112,10.5782,,,257.078,10.5584,,,13.0602,8.98594,,
59,3,0.005,255453,2803555,,,0.000606,11.9839,0.007314,2.34265,,,243.053,1.15556,,,4.39473,1.12865,,
60,3,0.005,255453,2803555,,,0.000484,12.0017,0.009803,3.36177,,,241.462,1.2963,,,4.4633,1.09155,,
61,3,0.005,255453,2803555,,,0.000307,11.4906,0.015403,3.42519,,,246.785,2.16915,,,4.68663,1.98681,,
62,3,0.005,255453,2803555,,,0.000392,11.4475,0.013353,2.79647,,,245.396,2.0037,,,4.80898,1.82465,,
63,3,0.005,255453,2803555,,,0.000874,11.5112,0.174767,2.59947,,,279.201,1.71009,,,32.6124,1.47745,,
64,3,0.005,255453,2803555,,,0.000768,12.1506,0.253389,2.26439,,,312.259,2.36658,,,72.2691,2.30543,,
65,3,0.005,255453,2803555,,,0.000474,11.9127,0.055787,2.59674,,,266.81,1.95923,,,12.3272,1.32325,,
66,3,0.005,255453,2803555,,,0.000735,11.8393,0.054248,1.86478,,,266.177,1.90772,,,12.1588,1.34606,,
67,3,0.005,255453,2803555,,,0.00033,11.4749,0.052015,2.61724,,,266.907,2.30801,,,12.4936,1.75409,,
68,3,0.005,255453,2803555,,,0.000326,11.8301,0.054639,2.35411,,,264.525,2.18962,,,11.9456,1.77093,,
69,3,0.005,255453,2803555,,,0.000769,13.4565,0.090952,4.66649,,,287.682,3.12051,,,18.2728,2.82297,,
70,3,0.005,255453,2803555,,,0.000929,11.9227,0.132071,4.69016,,,299.753,3.22943,,,29.4287,3.00094,,
71,3,0.005,255453,2803555,,,0.001047,13.5311,0.081412,7.90076,,,299.336,5.35678,,,32.7429,4.75719,,
72,3,0.005,255453,2803555,,,0.000723,14.1059,0.081637,8.22472,,,285.173,5.21932,,,20.4657,4.67485,,
73,3,0.005,255453,2803555,,,0.000989,15.3815,0.065871,8.34959,,,292.584,6.48947,,,31.9374,6.39613,,
74,3,0.005,255453,2803555,,,0.000661,13.2161,0.050981,6.05673,,,270.755,4.23787,,,16.0553,3.8493,,
75,3,0.005,255453,2803555,,,0.000655,13.6394,0.050002,6.41459,,,273.201,4.51503,,,20.6606,3.96127,,
76,3,0.005,255453,2803555,,,0.000623,14.0504,0.077638,7.50631,,,282.819,6.89987,,,24.56,6.05079,,
77,3,0.005,255453,2803555,,,0.000602,12.9257,0.017419,8.82463,,,262.814,5.31362,,,12.832,5.0659,,
78,3,0.005,255453,2803555,,,0.00078,14.4264,0.047149,7.80639,,,271.896,5.73717,,,17.3437,5.22925,,
79,3,0.005,78214,2851166,,,0.000582,4.72604,0.013063,0.749739,,,248.586,0.590269,,,8.48521,0.433855,,
80,3,0.005,78214,2851166,,,0.000529,4.80431,0.017124,0.731825,,,255.896,0.631959,,,8.9056,0.441622,,
81,3,0.005,78214,2851166,,,0.000385,4.93604,0.020066,0.658031,,,254.529,0.617502,,,9.67113,0.457624,,
82,3,0.005,78214,2851166,,,0.000469,4.88688,0.014971,0.707978,,,247.95,0.518141,,,4.88016,0.457014,,
83,3,0.005,78214,2851166,,,0.000366,4.87472,0.022269,0.769086,,,253.019,0.626332,,,9.7265,0.404411,,
84,3,0.005,78214,2851166,,,0.000389,4.78704,0.053318,0.891337,,,263.935,0.6167,,,13.8108,0.411646,,
85,3,0.005,78214,2851166,,,0.000399,4.87687,0.053695,0.91399,,,268.083,0.623425,,,12.3685,0.422499,,
86,3,0.005,78214,2851166,,,0.000361,4.75167,0.054184,0.895417,,,269.766,0.614057,,,14.5938,0.478765,,
87,3,0.005,78214,2851166,,,0.001007,11.0167,0.310096,5.36099,,,300.466,10.1062,,,73.9153,8.16163,,
88,3,0.005,78214,2851166,,,0.000431,4.87591,0.081037,1.02846,,,271.607,0.654114,,,15.0269,0.462631,,
89,3,0.005,78214,2851166,,,0.00073,6.39401,0.088867,5.21491,,,292.766,1.74416,,,18.4052,1.43552,,
90,3,0.005,78214,2851166,,,0.000807,5.82342,0.145287,6.13579,,,300.887,3.4222,,,29.9337,2.95473,,
91,3,0.005,78214,2851166,,,0.000769,7.03428,0.149752,5.44643,,,306.233,2.42892,,,25.4912,2.06106,,
92,3,0.005,78214,2851166,,,0.000678,5.55266,0.116245,5.85842,,,293.245,2.55762,,,22.7577,2.51563,,
93,3,0.005,78214,2851166,,,0.000701,8.01089,0.245936,4.72973,,,315.672,2.96923,,,33.8999,2.44763,,
94,3,0.005,78214,2851166,,,0.00103,5.40135,0.208137,5.20774,,,314.742,3.0394,,,41.7201,2.87991,,
95,3,0.005,78214,2851166,,,0.000741,8.97602,0.135913,5.51394,,,290.249,3.78029,,,28.6113,3.45985,,
96,3,0.005,78214,2851166,,,0.00057,5.41081,0.05581,5.95755,,,273.74,2.01982,,,17.8295,2.02104,,
97,3,0.005,78214,2851166,,,0.000703,4.81183,0.106128,0.898988,,,287.633,0.640776,,,30.2121,0.486841,,
98,3,0.005,78214,2851166,,,0.00079,5.72509,0.179328,4.87343,,,305.617,2.15144,,,33.2656,2.09088,,
99,3,0.005,108058,3029696,,,0.000666,6.3925,0.016737,1.2233,,,250.328,0.807227,,,7.73053,0.546749,,
100,3,0.005,108058,3029696,,,0.000704,6.34052,0.086556,1.20103,,,262.423,0.8166,,,17.868,0.65932,,
101,3,0.005,108058,3029696,,,0.000692,6.32327,0.074481,1.59411,,,267.772,1.30828,,,17.6164,1.11046,,
102,3,0.005,108058,3029696,,,0.000656,5.85843,0.20175,1.27312,,,271.817,0.907755,,,36.402,0.630448,,
103,3,0.005,108058,3029696,,,0.000389,6.21871,0.016967,1.25458,,,251.582,0.847266,,,9.06635,0.605002,,
104,3,0.005,108058,3029696,,,0.00039,6.2851,0.056262,0.805305,,,262.151,0.886384,,,14.0355,0.650487,,
105,3,0.005,108058,3029696,,,0.000351,6.11143,0.05041,0.913504,,,264.525,0.842639,,,12.8346,0.590816,,
106,3,0.005,108058,3029696,,,0.000361,6.11745,0.054743,1.04288,,,260.912,0.896936,,,13.0874,0.599401,,
107,3,0.005,108058,3029696,,,0.000293,6.13014,0.058101,1.25045,,,269.192,0.839157,,,12.7708,0.537012,,
108,3,0.005,108058,3029696,,,0.000393,5.93938,0.059682,0.908175,,,276.946,0.877185,,,13.0325,0.606499,,
109,3,0.005,108058,3029696,,,0.000827,6.87134,0.094248,5.79099,,,295.147,2.74475,,,26.3557,2.52478,,
110,3,0.005,108058,3029696,,,0.000835,5.74669,0.320689,1.22293,,,337.449,0.910282,,,123.509,0.74068,,
111,3,0.005,108058,3029696,,,0.000736,8.01515,0.061306,5.63148,,,282.576,2.56115,,,16.528,2.33649,,
112,3,0.005,108058,3029696,,,0.000639,6.60419,0.050745,5.81656,,,279.442,2.67492,,,15.9493,2.45326,,
113,3,0.005,108058,3029696,,,0.000612,8.44171,0.186014,4.577,,,315.614,2.78161,,,30.6005,2.388,,
114,3,0.005,108058,3029696,,,0.0006,8.37443,0.063502,6.06635,,,279.777,2.73678,,,17.1467,2.53474,,
115,3,0.005,108058,3029696,,,0.000594,7.14669,0.107041,6.87272,,,294.975,3.8181,,,23.1443,3.3927,,
116,3,0.005,108058,3029696,,,0.001025,7.7654,0.408507,3.16887,,,375.866,2.43554,,,57.1242,2.37351,,
117,3,0.005,108058,3029696,,,0.00067,8.42033,0.155117,5.40463,,,304.918,2.99807,,,28.9605,2.76742,,
118,3,0.005,108058,3029696,,,0.000533,7.95639,0.091182,5.97662,,,281.751,2.79166,,,20.2834,2.59988,,
39,3,0.01,735248,6173754,,,0.000498,28.7193,0.010553,6.1564,,,243.801,3.45548,,,4.58046,3.48917,,
40,3,0.01,735248,6173754,,,0.000478,28.992,0.010797,8.04667,,,243.521,3.44212,,,4.44419,3.51278,,
41,3,0.01,735248,6173754,,,0.000889,29.3112,0.047531,7.93278,,,255.524,4.96685,,,13.1259,3.56609,,
42,3,0.01,735248,6173754,,,0.000664,28.2965,0.015597,6.24888,,,249.053,5.08267,,,7.03219,3.42875,,
43,3,0.01,735248,6173754,,,0.000571,28.1782,0.012432,7.1422,,,248.518,5.23839,,,7.97858,4.01407,,
44,3,0.01,735248,6173754,,,0.000421,29.8495,0.064096,6.54711,,,255.11,5.27597,,,9.96924,3.83362,,
45,3,0.01,735248,6173754,,,0.000683,29.8279,0.058288,7.24362,,,254.631,5.09429,,,10.4839,3.59533,,
46,3,0.01,735248,6173754,,,0.000568,29.9431,0.054801,6.52924,,,258.177,4.88905,,,10.649,3.56968,,
47,3,0.01,735248,6173754,,,0.000579,30.1233,0.049871,8.34463,,,257.231,7.21912,,,10.7971,5.82381,,
48,3,0.01,735248,6173754,,,0.000537,30.1218,0.035299,4.84136,,,255.408,5.23342,,,8.81005,3.37685,,
49,3,0.01,735248,6173754,,,0.001106,36.3156,0.049878,20.8165,,,269.536,14.6923,,,16.5154,14.3134,,
50,3,0.01,735248,6173754,,,0.000988,35.3767,0.097885,15.0663,,,292.962,12.9525,,,20.7215,10.7859,,
51,3,0.01,735248,6173754,,,0.001045,37.8041,0.047472,21.6583,,,275.131,15.1977,,,14.9925,13.7566,,
52,3,0.01,735248,6173754,,,0.00126,32.9036,0.142543,9.27755,,,305.075,7.69679,,,30.0797,8.14962,,
53,3,0.01,735248,6173754,,,0.001036,37.0488,0.075659,20.1948,,,283.116,15.3639,,,19.6689,13.6703,,
54,3,0.01,735248,6173754,,,0.000789,37.8724,0.036783,21.337,,,272.798,15.4828,,,15.1902,13.3825,,
55,3,0.01,735248,6173754,,,0.00115,30.9216,0.087244,17.1476,,,292.704,13.5525,,,24.5163,12.7477,,
56,3,0.01,735248,6173754,,,0.000948,35.3801,0.115468,14.9618,,,293.516,13.2661,,,22.8445,11.091,,
57,3,0.01,735248,6173754,,,0.001332,38.4856,0.107997,18.8764,,,272.816,19.0566,,,15.2875,16.7966,,
58,3,0.01,735248,6173754,,,0.000714,39.3334,0.057727,21.4716,,,262.15,21.8772,,,12.3926,19.44,,
59,3,0.01,511014,5612800,,,0.000862,23.2485,0.008301,4.61846,,,249.181,2.31115,,,4.55629,2.06415,,
60,3,0.01,511014,5612800,,,0.000573,22.779,0.008978,6.41282,,,251.637,2.57472,,,4.26811,2.16021,,
61,3,0.01,511014,5612800,,,0.000504,21.9529,0.02363,5.92117,,,260.084,4.70197,,,8.10813,4.23004,,
62,3,0.01,511014,5612800,,,0.000459,22.4556,0.013382,5.50393,,,247.985,3.74361,,,5.15369,3.72637,,
63,3,0.01,511014,5612800,,,0.001114,22.3879,0.156377,4.89811,,,273.876,3.41525,,,28.015,2.9725,,
64,3,0.01,511014,5612800,,,0.001062,23.5711,0.21676,5.58688,,,297.087,4.7067,,,54.7325,4.18572,,
65,3,0.01,511014,5612800,,,0.000564,21.8384,0.059237,5.32724,,,262.95,3.84232,,,11.2234,2.35902,,
66,3,0.01,511014,5612800,,,0.000498,21.5515,0.048198,4.02909,,,256.185,3.72852,,,10.9089,6.62836,,
67,3,0.01,511014,5612800,,,0.000518,21.7174,0.051734,4.92126,,,258.308,4.48812,,,11.5484,3.32215,,
68,3,0.01,511014,5612800,,,0.00042,23.5394,0.070174,4.25132,,,258.215,4.19851,,,11.5474,3.0326,,
69,3,0.01,511014,5612800,,,0.001424,25.1789,0.155101,9.09892,,,300.793,6.24015,,,26.0777,5.96172,,
70,3,0.01,511014,5612800,,,0.00153,22.5558,0.137326,9.18578,,,288.891,6.34572,,,25.9538,5.76651,,
71,3,0.01,511014,5612800,,,0.00129,25.4642,0.084634,15.1759,,,291.174,9.76211,,,31.4962,12.3406,,
72,3,0.01,511014,5612800,,,0.000907,27.2922,0.069454,15.1745,,,268.074,10.0829,,,21.0632,9.35011,,
73,3,0.01,511014,5612800,,,0.001198,28.4468,0.068532,16.5409,,,296.013,12.6061,,,30.2124,11.5475,,
74,3,0.01,511014,5612800,,,0.000785,24.8346,0.047037,13.0808,,,269.134,9.17707,,,14.7363,7.64142,,
75,3,0.01,511014,5612800,,,0.001244,25.2903,0.060095,13.8562,,,281.963,8.80306,,,20.9693,7.57853,,
76,3,0.01,511014,5612800,,,0.000873,27.193,0.09345,14.2012,,,289.566,12.8843,,,20.9833,11.7635,,
77,3,0.01,511014,5612800,,,0.000589,23.7381,0.014889,17.3713,,,269.274,10.3919,,,14.1788,10.0285,,
78,3,0.01,511014,5612800,,,0.000774,26.4064,0.051016,15.0509,,,280.425,11.2326,,,17.4787,12.2121,,
79,3,0.01,155511,5592108,,,0.000796,8.74176,0.013561,1.62127,,,256.117,1.21148,,,9.0941,0.887825,,
80,3,0.01,155511,5592108,,,0.000436,8.87944,0.018391,1.55139,,,261.267,1.44213,,,9.59021,0.952459,,
81,3,0.01,155511,5592108,,,0.000562,8.78989,0.020988,1.28017,,,261.776,1.22743,,,9.39216,0.874832,,
82,3,0.01,155511,5592108,,,0.000385,9.62333,0.015845,1.51042,,,253.473,0.990263,,,4.673,0.845719,,
83,3,0.01,155511,5592108,,,0.000421,9.35238,0.022248,1.48536,,,261.924,1.39844,,,9.36106,0.832725,,
84,3,0.01,155511,5592108,,,0.000398,8.64034,0.053411,1.84428,,,268.412,1.22351,,,15.0818,0.928888,,
85,3,0.01,155511,5592108,,,0.00034,9.03594,0.049233,1.8961,,,268.207,1.18898,,,14.0391,0.951313,,
86,3,0.01,155511,5592108,,,0.000417,8.73249,0.062332,1.7612,,,269.929,1.23295,,,14.9603,0.958802,,
87,3,0.01,155511,5592108,,,0.000961,22.6383,0.376201,9.60805,,,295.19,17.9351,,,94.8828,17.3871,,
88,3,0.01,155511,5592108,,,0.000522,9.16504,0.061641,1.48863,,,262.033,1.20936,,,13.0829,0.86318,,
89,3,0.01,155511,5592108,,,0.000909,12.1502,0.074105,9.67946,,,276.256,3.66574,,,17.224,3.22288,,
90,3,0.01,155511,5592108,,,0.001092,10.8021,0.096725,11.9239,,,285.923,6.51938,,,25.6908,5.98373,,
91,3,0.01,155511,5592108,,,0.001364,13.9398,0.140183,11.0654,,,302.432,3.81918,,,22.8693,3.72634,,
92,3,0.01,155511,5592108,,,0.00088,10.3759,0.108898,11.1648,,,286.517,5.10572,,,22.8664,4.42468,,
93,3,0.01,155511,5592108,,,0.000856,15.4201,0.216227,9.2388,,,310.772,5.24013,,,31.4476,4.6421,,
94,3,0.01,155511,5592108,,,0.001097,10.5283,0.228855,10.0826,,,306.137,5.72724,,,41.2402,5.60754,,
95,3,0.01,155511,5592108,,,0.000753,16.4138,0.143673,10.8156,,,294.794,6.84472,,,25.644,5.64415,,
96,3,0.01,155511,5592108,,,0.000577,9.91633,0.054644,11.7535,,,270.97,3.92677,,,17.5603,3.18004,,
97,3,0.01,155511,5592108,,,0.000692,8.83655,0.135432,1.87331,,,291.124,1.28199,,,31.885,0.947357,,
98,3,0.01,155511,5592108,,,0.000886,10.3259,0.169493,9.82843,,,313.061,4.20749,,,31.4939,3.35698,,
99,3,0.01,216185,6059208,,,0.000736,12.8062,0.01927,1.69731,,,260.552,1.7052,,,7.31301,1.13557,,
100,3,0.01,216185,6059208,,,0.000813,11.9176,0.089275,2.28206,,,268.858,1.61925,,,17.3715,1.21463,,
101,3,0.01,216185,6059208,,,0.000904,11.6382,0.074855,3.07271,,,281.288,2.63072,,,15.9883,2.04921,,
102,3,0.01,216185,6059208,,,0.000875,11.4855,0.172522,2.47624,,,282.195,1.79512,,,40.7651,1.27231,,
103,3,0.01,216185,6059208,,,0.000447,11.5433,0.013834,2.55522,,,258.201,1.69002,,,8.24777,1.11273,,
104,3,0.01,216185,6059208,,,0.000496,11.4959,0.051346,1.60346,,,270.628,1.80672,,,12.8198,1.25952,,
105,3,0.01,216185,6059208,,,0.000371,11.7208,0.058598,1.92071,,,267.058,1.70538,,,12.3344,1.11648,,
106,3,0.01,216185,6059208,,,0.000413,11.7174,0.061811,2.70879,,,270.936,1.76268,,,12.5758,1.28754,,
107,3,0.01,216185,6059208,,,0.000379,12.6397,0.089218,2.78512,,,266.375,1.71032,,,12.1146,1.12431,,
108,3,0.01,216185,6059208,,,0.000622,12.3005,0.067855,1.98183,,,271.862,1.78758,,,13.4233,1.39854,,
109,3,0.01,216185,6059208,,,0.001558,13.9852,0.113873,11.5302,,,294.473,5.13595,,,28.2237,4.27444,,
110,3,0.01,216185,6059208,,,0.000974,11.4719,0.238578,1.8446,,,309.228,1.78855,,,86.0922,1.51182,,
111,3,0.01,216185,6059208,,,0.001008,16.0366,0.060838,11.4103,,,270.57,5.09155,,,18.5491,7.28835,,
112,3,0.01,216185,6059208,,,0.000877,13.4986,0.050481,11.6162,,,268.127,5.19441,,,18.6503,4.96635,,
113,3,0.01,216185,6059208,,,0.00079,15.7979,0.215398,9.47979,,,302.028,5.16125,,,33.2865,4.8095,,
114,3,0.01,216185,6059208,,,0.000747,16.9511,0.132381,11.4095,,,287.579,5.51562,,,26.5321,5.36973,,
115,3,0.01,216185,6059208,,,0.001138,14.6107,0.083038,12.6923,,,284.469,6.81386,,,23.7325,6.31084,,
116,3,0.01,216185,6059208,,,0.001293,15.066,0.402829,6.42933,,,359.147,5.6919,,,59.1753,4.88254,,
117,3,0.01,216185,6059208,,,0.000664,17.3207,0.150454,10.6098,,,295.686,6.73818,,,28.8048,6.08541,,
118,3,0.01,216185,6059208,,,0.000648,15.5392,0.102447,12.3737,,,282.485,5.54671,,,21.2988,5.74076,,
39,3,0.05,3679419,30601953,,,0.000879,147.149,0.01021,29.1347,,,245.536,17.8746,,,5.52895,23.5537,,
40,3,0.05,3679419,30601953,,,0.00077,145.875,0.012062,41.1117,,,251.686,17.3503,,,5.62502,16.2553,,
41,3,0.05,3679419,30601953,,,0.00085,144.593,0.050762,40.4974,,,270.335,25.2424,,,12.6678,17.022,,
42,3,0.05,3679419,30601953,,,0.000537,146.173,0.016226,36.6258,,,262.665,25.3703,,,7.06519,17.2873,,
43,3,0.05,3679419,30601953,,,0.00048,149.387,0.012874,34.5949,,,257.236,26.2022,,,7.45216,18.0399,,
44,3,0.05,3679419,30601953,,,0.000656,150.711,0.051859,32.2896,,,265.014,26.1617,,,11.0212,18.1368,,
45,3,0.05,3679419,30601953,,,0.000555,151.32,0.05279,39.326,,,265.876,26.4914,,,10.8823,18.3146,,
46,3,0.05,3679419,30601953,,,0.000556,155.898,0.070516,29.2237,,,264.306,35.6974,,,9.77999,23.9758,,
47,3,0.05,3679419,30601953,,,0.001025,156.02,0.049819,35.7814,,,281.538,31.0105,,,11.4184,21.9309,,
48,3,0.05,3679419,30601953,,,0.000596,153.274,0.037781,24.8104,,,257.877,25.476,,,8.79468,17.2977,,
49,3,0.05,3679419,30601953,,,0.001212,194.835,0.051208,102.195,,,272.171,70.2707,,,17.1412,61.8379,,
50,3,0.05,3679419,30601953,,,0.00133,185.114,0.090985,77.0624,,,284.719,60.7293,,,19.4593,54.7793,,
51,3,0.05,3679419,30601953,,,0.001079,193.883,0.031099,102.882,,,259.027,71.2862,,,14.3104,63.1629,,
52,3,0.05,3679419,30601953,,,0.001807,176.592,0.112791,39.8721,,,292.445,28.4273,,,26.7337,25.7152,,
53,3,0.05,3679419,30601953,,,0.001494,196.844,0.064836,102.947,,,270.546,65.7613,,,17.2443,64.0584,,
54,3,0.05,3679419,30601953,,,0.00201,203.791,0.042884,114.361,,,265.661,75.5202,,,15.4182,69.5012,,
55,3,0.05,3679419,30601953,,,0.00195,164.476,0.070024,77.9529,,,285.143,64.9902,,,21.9443,54.8595,,
56,3,0.05,3679419,30601953,,,0.001001,184.617,0.100195,92.5676,,,290.648,67.8111,,,21.5937,58.5629,,
57,3,0.05,3679419,30601953,,,0.001045,206.298,0.103776,107.028,,,266.798,107.583,,,14.9337,91.3671,,
58,3,0.05,3679419,30601953,,,0.001039,206.432,0.064383,114.167,,,265.187,99.4018,,,12.5866,93.7672,,
59,3,0.05,2555953,28112945,,,0.000856,116.133,0.007505,22.9469,,,251.661,11.8208,,,4.60635,10.7934,,
60,3,0.05,2555953,28112945,,,0.000776,118.513,0.008637,33.3404,,,249.759,12.5368,,,4.27619,10.7768,,
61,3,0.05,2555953,28112945,,,0.000689,114.158,0.0137,29.7292,,,253.703,19.1609,,,4.87919,17.5663,,
62,3,0.05,2555953,28112945,,,0.000666,113.697,0.012281,27.8006,,,251.667,18.0286,,,4.6422,16.6146,,
63,3,0.05,2555953,28112945,,,0.001286,113.712,0.179527,27.5781,,,282.361,17.2118,,,30.1379,15.623,,
64,3,0.05,2555953,28112945,,,0.001097,113.045,0.281667,26.3638,,,307.377,23.9332,,,72.1616,20.9424,,
65,3,0.05,2555953,28112945,,,0.000667,110.309,0.065581,22.3928,,,263.473,16.596,,,11.0847,11.8081,,
66,3,0.05,2555953,28112945,,,0.000715,111.235,0.0578,25.181,,,257.318,17.1224,,,10.5689,12.54,,
67,3,0.05,2555953,28112945,,,0.000779,111.525,0.058639,23.3543,,,257.557,20.6179,,,12.1009,16.1084,,
68,3,0.05,2555953,28112945,,,0.000589,111.068,0.058607,21.2216,,,258.516,20.2167,,,11.5299,15.155,,
69,3,0.05,2555953,28112945,,,0.00183,129.752,0.163281,45.1828,,,297.778,30.8711,,,25.3561,28.1927,,
70,3,0.05,2555953,28112945,,,0.001121,115.804,0.139848,45.961,,,288.459,28.0997,,,27.4852,26.0601,,
71,3,0.05,2555953,28112945,,,0.001344,131.828,0.091432,82.1444,,,286.791,48.2098,,,30.415,44.2069,,
72,3,0.05,2555953,28112945,,,0.001126,131.18,0.082424,82.5048,,,271.113,50.4648,,,18.9189,47.1313,,
73,3,0.05,2555953,28112945,,,0.001317,147.075,0.074144,91.2297,,,284.767,61.8284,,,31.2042,58.231,,
74,3,0.05,2555953,28112945,,,0.001105,126.076,0.062242,64.5847,,,267.534,41.0635,,,15.276,38.1593,,
75,3,0.05,2555953,28112945,,,0.001247,128.387,0.073699,67.5282,,,283.266,44.5042,,,24.8877,39.7176,,
76,3,0.05,2555953,28112945,,,0.001236,135.542,0.109907,76.444,,,288.427,64.1363,,,22.4023,56.6982,,
77,3,0.05,2555953,28112945,,,0.000661,122.659,0.019546,94.1623,,,267.498,51.0124,,,13.6657,47.1555,,
78,3,0.05,2555953,28112945,,,0.001075,133.154,0.057998,81.1191,,,278.707,53.3403,,,16.6852,47.9129,,
79,3,0.05,779692,28472448,,,0.001047,45.2226,0.019383,8.42271,,,258.797,5.7413,,,8.8546,4.5178,,
80,3,0.05,779692,28472448,,,0.000567,43.7919,0.027493,7.84097,,,258.388,6.11014,,,9.27969,4.35481,,
81,3,0.05,779692,28472448,,,0.000518,45.6083,0.025003,7.0207,,,260.99,6.11461,,,9.93037,4.67296,,
82,3,0.05,779692,28472448,,,0.000496,44.8889,0.022651,8.04321,,,260.201,6.06813,,,9.38157,4.65159,,
83,3,0.05,779692,28472448,,,0.000492,45.1409,0.026422,8.71178,,,260.094,6.03116,,,9.40107,4.69738,,
84,3,0.05,779692,28472448,,,0.000616,45.2773,0.072444,8.39807,,,270.543,6.07633,,,14.2498,4.71583,,
85,3,0.05,779692,28472448,,,0.000515,44.525,0.067911,6.29105,,,260.461,5.96155,,,12.8731,4.42876,,
86,3,0.05,779692,28472448,,,0.00051,45.1765,0.072383,10.1852,,,263.916,5.99495,,,14.5665,4.42727,,
87,3,0.05,779692,28472448,,,0.001266,107.605,0.394133,50.2656,,,300.834,84.0442,,,92.1733,80.9945,,
88,3,0.05,779692,28472448,,,0.000528,44.5276,0.090648,7.94185,,,263.118,6.01631,,,15.0698,4.48473,,
89,3,0.05,779692,28472448,,,0.001178,62.8688,0.087487,53.0953,,,283.558,17.4824,,,17.8146,15.2631,,
90,3,0.05,779692,28472448,,,0.001397,54.3231,0.133684,58.5005,,,289.688,32.7211,,,30.8996,32.3641,,
91,3,0.05,779692,28472448,,,0.001069,68.7491,0.241485,52.9426,,,296.406,20.728,,,25.8978,20.8429,,
92,3,0.05,779692,28472448,,,0.000901,54.7687,0.114636,63.7562,,,283.642,23.1824,,,22.9207,21.5988,,
93,3,0.05,779692,28472448,,,0.001041,77.7787,0.27803,50.5372,,,305.476,27.5141,,,34.6295,24.4919,,
94,3,0.05,779692,28472448,,,0.00127,55.1019,0.2734,56.3632,,,322.495,31.3908,,,44.374,29.2722,,
95,3,0.05,779692,28472448,,,0.001035,86.8345,0.187857,57.8935,,,317.2,33.2973,,,27.9847,31.2835,,
96,3,0.05,779692,28472448,,,0.000938,52.1051,0.061007,64.5657,,,282.255,19.0625,,,18.0279,16.4885,,
97,3,0.05,779692,28472448,,,0.001211,45.2647,0.15903,9.32459,,,304.89,6.26283,,,31.1601,4.66143,,
98,3,0.05,779692,28472448,,,0.001209,51.4668,0.209599,51.8886,,,312.757,21.9204,,,31.8957,20.2904,,
99,3,0.05,1081746,30527720,,,0.000839,61.344,0.02033,13.0863,,,251.418,8.07446,,,7.96167,6.17723,,
100,3,0.05,1081746,30527720,,,0.001176,60.6842,0.10892,11.1597,,,264.933,8.12572,,,18.323,6.14634,,
101,3,0.05,1081746,30527720,,,0.000675,59.0651,0.08388,15.8943,,,279.54,12.7774,,,21.7789,10.4039,,
102,3,0.05,1081746,30527720,,,0.001544,60.2296,0.18114,13.2541,,,280.776,8.70304,,,42.9546,6.9475,,
103,3,0.05,1081746,30527720,,,0.000519,59.5293,0.018535,12.9164,,,250.829,7.86021,,,8.56438,5.73167,,
104,3,0.05,1081746,30527720,,,0.000476,60.3746,0.069233,9.18961,,,260.874,8.67589,,,13.417,6.81819,,
105,3,0.05,1081746,30527720,,,0.000473,62.7365,0.060064,9.97176,,,256.776,8.08301,,,13.2996,5.93215,,
106,3,0.05,1081746,30527720,,,0.000551,62.2391,0.073257,11.1122,,,262.097,8.62794,,,13.4508,6.54381,,
107,3,0.05,1081746,30527720,,,0.000479,63.9932,0.088867,14.3187,,,259.944,8.2079,,,12.2316,5.91256,,
108,3,0.05,1081746,30527720,,,0.00057,63.0874,0.081981,9.81536,,,262.271,8.55845,,,13.689,6.84327,,
109,3,0.05,1081746,30527720,,,0.001336,76.2554,0.132803,58.4179,,,289.386,23.9079,,,29.287,23.0063,,
110,3,0.05,1081746,30527720,,,0.001219,62.3989,0.27683,11.1895,,,312.861,8.88568,,,105.198,7.35564,,
111,3,0.05,1081746,30527720,,,0.001382,85.0627,0.092457,59.6301,,,271.499,24.9386,,,16.5263,22.0474,,
112,3,0.05,1081746,30527720,,,0.001227,70.9254,0.057621,64.1141,,,270.392,26.9001,,,16.0294,23.3923,,
113,3,0.05,1081746,30527720,,,0.001247,83.6666,0.292167,47.3289,,,321.796,26.7194,,,34.4244,23.8932,,
114,3,0.05,1081746,30527720,,,0.000821,85.622,0.071076,60.3259,,,279.515,27.0867,,,16.1246,24.1805,,
115,3,0.05,1081746,30527720,,,0.017177,75.8823,0.09034,69.1754,,,289.928,34.4878,,,21.1398,30.4535,,
116,3,0.05,1081746,30527720,,,0.001435,80.9554,0.36091,36.0616,,,352.678,26.3064,,,50.349,23.5759,,
117,3,0.05,1081746,30527720,,,0.001048,92.8873,0.196945,57.6638,,,306.615,32.2687,,,28.6009,30.362,,
118,3,0.05,1081746,30527720,,,0.001413,84.7404,0.112888,63.9914,,,290.163,26.7985,,,20.9967,27.6563,,
39,3,0.1,7357847,61213573,,,0.00109,306.905,0.011099,63.4062,,,247.488,33.7078,,,4.84377,32.7165,,
40,3,0.1,7357847,61213573,,,0.000718,302.552,0.015465,81.9084,,,258.572,34.0568,,,6.87045,35.4045,,
41,3,0.1,7357847,61213573,,,0.001119,302.323,0.058266,88.0566,,,262.309,48.2853,,,12.7563,35.7511,,
42,3,0.1,7357847,61213573,,,0.000823,303.893,0.020797,66.269,,,255.095,50.6932,,,7.10166,33.0653,,
43,3,0.1,7357847,61213573,,,0.00086,299.518,0.016717,82.8793,,,256.51,52.5256,,,7.7384,37.9911,,
44,3,0.1,7357847,61213573,,,0.000901,297.216,0.059005,69.5351,,,257.126,49.5636,,,11.3108,37.4061,,
45,3,0.1,7357847,61213573,,,0.000858,293.103,0.054804,78.0972,,,259.092,48.2601,,,11.21,36.3101,,
46,3,0.1,7357847,61213573,,,0.000807,295.274,0.056798,84.2006,,,254.742,48.4557,,,11.2774,35.0685,,
47,3,0.1,7357847,61213573,,,0.000805,301.713,0.05318,70.2023,,,258.446,69.3766,,,12.2375,61.2768,,
48,3,0.1,7357847,61213573,,,0.000795,294.108,0.037598,48.8154,,,253.773,51.4712,,,9.02387,36.7664,,
49,3,0.1,7357847,61213573,,,0.001124,374.708,0.06109,191.655,,,278.573,135.602,,,17.0986,133.815,,
50,3,0.1,7357847,61213573,,,0.001416,355.532,0.114032,153.858,,,283.662,118.83,,,20.6047,113.178,,
51,3,0.1,7357847,61213573,,,0.001386,375.016,0.031995,203.669,,,265.164,139.78,,,13.5705,126.234,,
52,3,0.1,7357847,61213573,,,0.00159,356.571,0.131681,92.9871,,,304.035,73.5496,,,28.8411,71.2157,,
53,3,0.1,7357847,61213573,,,0.002204,387.11,0.102711,191.407,,,280.701,141.779,,,21.5882,134.955,,
54,3,0.1,7357847,61213573,,,0.001902,396.075,0.05029,220.938,,,270.783,150.97,,,14.1983,140.989,,
55,3,0.1,7357847,61213573,,,0.001502,329.185,0.092664,163.197,,,289.19,127.739,,,23.8392,117.243,,
56,3,0.1,7357847,61213573,,,0.001145,362.82,0.100557,206.163,,,285.872,134.824,,,21.0875,149.994,,
57,3,0.1,7357847,61213573,,,0.001492,408.344,0.07956,205.57,,,267.092,216.13,,,14.1357,190.471,,
58,3,0.1,7357847,61213573,,,0.000983,411.368,0.063466,223.027,,,256.774,202.66,,,12.7089,185.229,,
59,3,0.1,5113065,55849231,,,0.001048,232.023,0.0093,43.0704,,,243.003,22.3582,,,4.56091,21.2113,,
60,3,0.1,5113065,55849231,,,0.000994,229.536,0.008516,61.6611,,,242.932,24.8558,,,4.39695,21.7603,,
61,3,0.1,5113065,55849231,,,0.000847,218.416,0.013259,59.3499,,,247.004,37.8911,,,4.85767,34.2762,,
62,3,0.1,5113065,55849231,,,0.000667,217.831,0.012515,48.9042,,,253.227,35.1141,,,4.79807,32.2404,,
63,3,0.1,5113065,55849231,,,0.001305,217.41,0.153871,57.3395,,,269.986,36.5498,,,24.605,32.6304,,
64,3,0.1,5113065,55849231,,,0.001766,224.544,0.181177,43.9204,,,285.256,45.2202,,,44.111,38.997,,
65,3,0.1,5113065,55849231,,,0.000778,221.177,0.056289,40.8107,,,254.197,34.7155,,,11.1427,23.801,,
66,3,0.1,5113065,55849231,,,0.000914,218.779,0.048589,45.3835,,,261.96,35.0235,,,10.6385,23.8172,,
67,3,0.1,5113065,55849231,,,0.000672,222.139,0.057046,52.4132,,,267.857,41.4498,,,11.7219,29.892,,
68,3,0.1,5113065,55849231,,,0.001173,222.159,0.056521,41.1256,,,267.054,41.4657,,,11.318,30.177,,
69,3,0.1,5113065,55849231,,,0.001693,258.599,0.180035,86.7547,,,312.594,60.163,,,25.6685,52.3647,,
70,3,0.1,5113065,55849231,,,0.001672,230.899,0.111491,103.952,,,297.926,66.2149,,,26.1705,62.2591,,
71,3,0.1,5113065,55849231,,,0.001609,260.001,0.089403,146.915,,,296.227,92.9681,,,31.6267,84.2748,,
72,3,0.1,5113065,55849231,,,0.001301,263.296,0.062065,177.328,,,287.133,103.522,,,22.4665,94.8172,,
73,3,0.1,5113065,55849231,,,0.001527,302.65,0.072143,179.779,,,293.84,123.961,,,29.683,112.197,,
74,3,0.1,5113065,55849231,,,0.001343,258.81,0.065368,129.815,,,274.452,75.429,,,15.1548,71.6422,,
75,3,0.1,5113065,55849231,,,0.001775,265.431,0.09932,136.165,,,280.602,79.9047,,,22.8605,76.9564,,
76,3,0.1,5113065,55849231,,,0.001817,275.68,0.095741,153.87,,,282.566,120.26,,,25.7811,112.506,,
77,3,0.1,5113065,55849231,,,0.000988,254.249,0.026975,182.313,,,260.537,100.965,,,13.1631,86.18,,
78,3,0.1,5113065,55849231,,,0.001124,277.17,0.079485,160.499,,,270.101,104.669,,,16.7499,95.8798,,
79,3,0.1,1559390,56828994,,,0.000987,95.449,0.022807,15.2374,,,248.783,12.0989,,,9.09674,8.70401,,
80,3,0.1,1559390,56828994,,,0.000786,92.5659,0.02533,17.9005,,,254.501,12.0208,,,8.57696,9.22302,,
81,3,0.1,1559390,56828994,,,0.000875,95.9584,0.026017,15.55,,,252.192,11.8309,,,9.66953,8.9872,,
82,3,0.1,1559390,56828994,,,0.00089,94.3225,0.027087,14.9952,,,256.812,11.6922,,,9.68909,9.18651,,
83,3,0.1,1559390,56828994,,,0.000887,94.6467,0.025496,16.9068,,,253.674,12.1679,,,9.66501,8.77747,,
84,3,0.1,1559390,56828994,,,0.000778,96.4911,0.058955,19.9528,,,268.912,12.077,,,13.3047,9.01534,,
85,3,0.1,1559390,56828994,,,0.000969,95.4973,0.062583,19.7303,,,268.356,12.0373,,,12.5171,8.88237,,
86,3,0.1,1559390,56828994,,,0.000939,95.3527,0.068498,19.6602,,,273.652,12.2923,,,14.2098,9.43801,,
87,3,0.1,1559390,56828994,,,0.001429,226.181,0.350521,106.313,,,299.742,174.507,,,70.7456,171.461,,
88,3,0.1,1559390,56828994,,,0.00071,97.3081,0.079769,15.0846,,,273.441,12.2756,,,14.4139,9.35498,,
89,3,0.1,1559390,56828994,,,0.001611,132.775,0.090298,104.706,,,284.302,35.2684,,,17.3654,30.7215,,
90,3,0.1,1559390,56828994,,,0.001331,116.145,0.130535,123.951,,,297.563,63.9978,,,28.0187,57.5159,,
91,3,0.1,1559390,56828994,,,0.001316,141.346,0.087332,107.392,,,278.367,40.5083,,,17.7443,37.0238,,
92,3,0.1,1559390,56828994,,,0.001235,113.037,0.113211,124.842,,,285.111,48.2386,,,21.0351,44.5035,,
93,3,0.1,1559390,56828994,,,0.001341,165.321,0.337061,95.3653,,,320.022,62.2872,,,38.6128,58.8542,,
94,3,0.1,1559390,56828994,,,0.001957,108.937,0.276976,114.283,,,310.138,63.1565,,,42.2957,58.5713,,
95,3,0.1,1559390,56828994,,,0.001901,174.172,0.148992,119.344,,,287.128,63.8243,,,27.4487,64.684,,
96,3,0.1,1559390,56828994,,,0.00157,105.663,0.048206,126.904,,,266.859,44.9642,,,15.1463,37.251,,
97,3,0.1,1559390,56828994,,,0.001706,92.0777,0.132556,20.7977,,,294.356,12.2136,,,32.1127,9.78204,,
98,3,0.1,1559390,56828994,,,0.001105,106.772,0.141066,106.562,,,292.798,44.3862,,,28.0178,41.7597,,
99,3,0.1,2163974,60632560,,,0.000848,118.04,0.023528,17.1608,,,257.536,16.1416,,,8.18726,12.3953,,
100,3,0.1,2163974,60632560,,,0.001305,120.245,0.116548,21.4002,,,269.613,16.5085,,,21.5728,13.1075,,
101,3,0.1,2163974,60632560,,,0.00072,118.406,0.101792,26.8652,,,274.637,28.2903,,,16.2543,23.3266,,
102,3,0.1,2163974,60632560,,,0.001427,117.796,0.178709,25.6837,,,281.021,18.0258,,,44.1252,14.084,,
103,3,0.1,2163974,60632560,,,0.000601,121.675,0.018239,25.2015,,,260.498,16.5502,,,8.5594,11.7781,,
104,3,0.1,2163974,60632560,,,0.001504,128.794,0.06683,18.3907,,,274.302,17.6745,,,13.1721,13.5067,,
105,3,0.1,2163974,60632560,,,0.001473,121.242,0.065148,21.5105,,,264.747,16.6187,,,12.2719,12.8153,,
106,3,0.1,2163974,60632560,,,0.001161,120.682,0.076142,22.8032,,,269.622,17.4682,,,13.9508,13.6227,,
107,3,0.1,2163974,60632560,,,0.000483,120.388,0.070254,27.0533,,,269.497,16.6274,,,13.5611,12.0498,,
108,3,0.1,2163974,60632560,,,0.000482,121.859,0.077837,20.1787,,,269.027,17.5377,,,14.7057,13.5672,,
109,3,0.1,2163974,60632560,,,0.001376,143.777,0.13953,122.243,,,296.148,53.5237,,,27.0396,46.8869,,
110,3,0.1,2163974,60632560,,,0.00109,119.484,0.24955,21.3037,,,304.153,17.0287,,,64.2233,13.4488,,
111,3,0.1,2163974,60632560,,,0.001486,161.328,0.073599,118.642,,,274.402,49.1062,,,16.3882,43.8993,,
112,3,0.1,2163974,60632560,,,0.001313,139.919,0.064212,126.034,,,267.498,49.805,,,16.528,45.2477,,
113,3,0.1,2163974,60632560,,,0.00129,160.222,0.286973,96.0672,,,314.802,53.1976,,,36.4861,49.1581,,
114,3,0.1,2163974,60632560,,,0.001015,166.384,0.082185,116.541,,,274.023,52.4708,,,16.4249,49.3812,,
115,3,0.1,2163974,60632560,,,0.001407,143.447,0.099396,129.185,,,282.265,58.9116,,,22.8886,56.1552,,
116,3,0.1,2163974,60632560,,,0.001652,155.232,0.373951,61.5315,,,364.99,47.373,,,61.3344,45.8883,,
117,3,0.1,2163974,60632560,,,0.001134,176.193,0.14922,109.755,,,294.59,58.2592,,,27.2355,52.7879,,
118,3,0.1,2163974,60632560,,,0.001022,160.37,0.103305,122.629,,,283.36,52.8189,,,20.5348,54.4229,,
39,3,0.2,14716948,122165475,,,0.000914,603.197,0.010028,119.015,,,244.676,65.3192,,,4.91355,66.2415,,
40,3,0.2,14716948,122165475,,,0.000743,600.485,0.010985,163.155,,,248.868,68.3777,,,4.80846,64.2992,,
41,3,0.2,14716948,122165475,,,0.001504,597.681,0.066718,165.113,,,263.867,95.1404,,,14.253,71.2644,,
42,3,0.2,14716948,122165475,,,0.000793,600.664,0.010752,139.4,,,250.619,68.913,,,4.75414,65.577,,
43,3,0.2,14716948,122165475,,,0.000903,602.555,0.019664,155.281,,,259.962,118.034,,,8.33868,92.7429,,
44,3,0.2,14716948,122165475,,,0.000828,613.026,0.059305,141.267,,,264.619,100.777,,,12.0189,75.5185,,
45,3,0.2,14716948,122165475,,,0.001329,582.541,0.054565,155.617,,,265.532,100.926,,,11.7681,66.8413,,
46,3,0.2,14716948,122165475,,,0.000947,587.518,0.072284,135.512,,,262.677,96.3346,,,11.3213,71.8964,,
47,3,0.2,14716948,122165475,,,0.001377,600.785,0.051548,125.594,,,262.109,117.777,,,12.2082,94.1149,,
48,3,0.2,14716948,122165475,,,0.001403,586.051,0.044503,100.362,,,258.197,98.4644,,,9.37466,69.6341,,
49,3,0.2,14716948,122165475,,,0.00127,744.409,0.031209,439.13,,,260.751,269.071,,,13.2765,251.454,,
50,3,0.2,14716948,122165475,,,0.001442,730.861,0.052758,328.368,,,265.197,244.878,,,14.6198,223.133,,
51,3,0.2,14716948,122165475,,,0.001705,783.961,0.03465,410.184,,,263.467,269.621,,,13.8522,253.103,,
52,3,0.2,14716948,122165475,,,0.001958,701.627,0.113039,158.661,,,290.214,114.668,,,25.7013,111.586,,
53,3,0.2,14716948,122165475,,,0.002206,759.705,0.090131,426.273,,,281.854,284.848,,,19.4627,267.62,,
54,3,0.2,14716948,122165475,,,0.001604,760.679,0.044922,454.893,,,271.72,287.357,,,15.0033,255.764,,
55,3,0.2,14716948,122165475,,,0.001636,643.229,0.105954,287.37,,,296.046,236.847,,,25.4548,218.346,,
56,3,0.2,14716948,122165475,,,0.001832,700.485,0.078823,398.668,,,279.316,266.484,,,18.385,249.597,,
57,3,0.2,14716948,122165475,,,0.001945,818.721,0.100198,427.957,,,269.068,394.298,,,14.816,370.624,,
58,3,0.2,14716948,122165475,,,0.001836,829.47,0.076712,462.236,,,264.534,404.852,,,12.5037,363.121,,
59,3,0.2,10226421,111989334,,,0.001251,457.751,0.009535,89.9179,,,243.208,45.9516,,,4.71631,42.4469,,
60,3,0.2,10226421,111989334,,,0.00136,461.049,0.009965,122.162,,,243.545,58.6155,,,4.24783,43.7009,,
61,3,0.2,10226421,111989334,,,0.001181,443.697,0.015811,113.445,,,260.767,72.5744,,,4.42355,70.8086,,
62,3,0.2,10226421,111989334,,,0.001132,431.43,0.013679,114.853,,,245.446,69.9397,,,4.99764,67.0646,,
63,3,0.2,10226421,111989334,,,0.00126,433.36,0.16621,102.67,,,271.246,66.594,,,29.0305,62.9746,,
64,3,0.2,10226421,111989334,,,0.00115,440.556,0.21244,98.7878,,,290.942,87.4303,,,63.4226,82.0121,,
65,3,0.2,10226421,111989334,,,0.000921,439.741,0.05743,88.7558,,,256.205,67.4754,,,12.0114,49.3852,,
66,3,0.2,10226421,111989334,,,0.000968,435.628,0.052938,72.9386,,,257.616,71.9968,,,11.8759,50.5208,,
67,3,0.2,10226421,111989334,,,0.000863,440.528,0.059799,95.3527,,,257.207,79.0538,,,12.4438,66.3772,,
68,3,0.2,10226421,111989334,,,0.001014,455.675,0.063781,83.9478,,,256.596,76.3408,,,12.6259,61.3188,,
69,3,0.2,10226421,111989334,,,0.001159,532.014,0.171516,173.675,,,309.908,117.418,,,26.3026,116.868,,
70,3,0.2,10226421,111989334,,,0.001575,483.237,0.155366,174.785,,,306.989,117.383,,,29.3986,110.672,,
71,3,0.2,10226421,111989334,,,0.001938,533.843,0.092442,310.885,,,299.539,193.879,,,32.7588,184.943,,
72,3,0.2,10226421,111989334,,,0.005351,538.273,0.100468,291.917,,,292.948,197.343,,,26.0645,183.266,,
73,3,0.2,10226421,111989334,,,0.00178,597.772,0.073896,337.534,,,295.45,238.264,,,31.5864,232.135,,
74,3,0.2,10226421,111989334,,,0.001576,511.207,0.068029,244.989,,,278.943,160.385,,,15.8372,149.444,,
75,3,0.2,10226421,111989334,,,0.001302,505.92,0.081458,259.947,,,292.084,155.96,,,24.1016,156.851,,
76,3,0.2,10226421,111989334,,,0.001353,529.663,0.103728,319.734,,,293.535,258.977,,,25.5627,256.989,,
77,3,0.2,10226421,111989334,,,0.000971,486.932,0.02376,370.44,,,262.578,188.072,,,13.7752,184.334,,
78,3,0.2,10226421,111989334,,,0.001356,532.333,0.06724,322.247,,,274.084,203.208,,,16.5949,189.642,,
79,3,0.2,3117975,113830909,,,0.001176,183.931,0.021033,33.7298,,,249.065,24.0001,,,8.93304,17.5213,,
80,3,0.2,3117975,113830909,,,0.000762,181.865,0.022163,34.9395,,,247.828,19.322,,,4.91273,17.7713,,
81,3,0.2,3117975,113830909,,,0.00088,185.974,0.023381,28.7066,,,253.164,27.5563,,,8.99508,18.2784,,
82,3,0.2,3117975,113830909,,,0.000834,180.872,0.029893,32.8211,,,254.494,24.2942,,,9.39324,17.6549,,
83,3,0.2,3117975,113830909,,,0.000683,189.399,0.0284,33.7636,,,255.423,24.2648,,,9.70283,18.3468,,
84,3,0.2,3117975,113830909,,,0.000769,187.751,0.065861,40.5969,,,265.803,24.1989,,,12.5046,18.0029,,
85,3,0.2,3117975,113830909,,,0.000891,185.791,0.070733,39.469,,,269.709,24.0469,,,12.4083,17.2329,,
86,3,0.2,3117975,113830909,,,0.000814,194.651,0.065214,37.8288,,,269.798,24.4417,,,12.918,17.9726,,
87,3,0.2,3117975,113830909,,,0.001591,459.692,0.358696,214.669,,,304.524,342.909,,,70.72,342.167,,
88,3,0.2,3117975,113830909,,,0.000745,189.364,0.078457,27.8361,,,270.06,24.4903,,,13.7211,17.3112,,
89,3,0.2,3117975,113830909,,,0.000972,261.488,0.097696,210.826,,,284.498,68.6736,,,16.9489,57.7752,,
90,3,0.2,3117975,113830909,,,0.001594,231.815,0.13755,246.883,,,297.323,131.939,,,28.8877,121.032,,
91,3,0.2,3117975,113830909,,,0.001132,281.247,0.082376,224.418,,,279.93,72.7448,,,16.4705,59.9317,,
92,3,0.2,3117975,113830909,,,0.001258,223.091,0.128343,248.008,,,289.017,88.6742,,,21.397,83.602,,
93,3,0.2,3117975,113830909,,,0.001004,333.547,0.24772,200.723,,,312.077,140.363,,,37.3807,128.567,,
94,3,0.2,3117975,113830909,,,0.001781,226.988,0.22359,229.549,,,309.844,116.093,,,39.1816,106.911,,
95,3,0.2,3117975,113830909,,,0.001511,361.556,0.189072,238.094,,,298.053,135.358,,,29.3353,121.016,,
96,3,0.2,3117975,113830909,,,0.001279,211.633,0.04752,254.529,,,265.883,81.2385,,,14.2138,71.2251,,
97,3,0.2,3117975,113830909,,,0.001783,185.841,0.127735,37.8616,,,288.4,24.6325,,,28.4352,18.0341,,
98,3,0.2,3117975,113830909,,,0.001232,210.786,0.170511,217.756,,,299.255,70.9054,,,29.8223,68.5572,,
99,3,0.2,4330842,121206579,,,0.00079,239.948,0.025898,47.8537,,,252.185,33.2289,,,8.26397,22.7508,,
100,3,0.2,4330842,121206579,,,0.001166,246.168,0.11587,33.5273,,,262.199,31.7513,,,20.0592,23.833,,
101,3,0.2,4330842,121206579,,,0.000943,242.196,0.08724,63.5979,,,274.077,46.3781,,,16.2266,40.3423,,
102,3,0.2,4330842,121206579,,,0.001183,247.347,0.197173,50.6683,,,279.815,35.3607,,,36.5929,26.1531,,
103,3,0.2,4330842,121206579,,,0.001671,241.704,0.018857,48.4786,,,258.084,32.4301,,,8.54893,22.8231,,
104,3,0.2,4330842,121206579,,,0.000848,242.077,0.059523,36.4395,,,269.277,35.1103,,,12.909,25.9715,,
105,3,0.2,4330842,121206579,,,0.000936,242.508,0.08702,51.1999,,,271.427,32.9072,,,12.4848,23.3724,,
106,3,0.2,4330842,121206579,,,0.000869,241.802,0.066362,50.2927,,,268.554,34.3113,,,12.3609,25.3705,,
107,3,0.2,4330842,121206579,,,0.000772,250.986,0.0862,53.9441,,,266.816,33.7421,,,12.9888,23.8087,,
108,3,0.2,4330842,121206579,,,0.000584,252.418,0.06517,38.0339,,,269.993,34.049,,,13.3337,26.3132,,
109,3,0.2,4330842,121206579,,,0.001643,300.035,0.127001,247.745,,,285.25,98.1082,,,25.1511,91.4098,,
110,3,0.2,4330842,121206579,,,0.001329,252.378,0.293105,38.9099,,,317.639,36.2467,,,103.566,28.2945,,
111,3,0.2,4330842,121206579,,,0.001675,339.261,0.072319,247.436,,,267.792,96.2911,,,15.4488,91.1014,,
112,3,0.2,4330842,121206579,,,0.001108,285.45,0.06065,243.586,,,267.577,101.849,,,15.96,92.9642,,
113,3,0.2,4330842,121206579,,,0.001586,333.737,0.20312,192.341,,,309.093,91.4482,,,31.1316,83.4733,,
114,3,0.2,4330842,121206579,,,0.001196,342.794,0.175512,223.742,,,296.985,108.97,,,23.9635,115.283,,
115,3,0.2,4330842,121206579,,,0.001302,297.492,0.093051,253.899,,,281.786,109.948,,,19.7784,103.964,,
116,3,0.2,4330842,121206579,,,0.001519,322.859,0.380532,135.634,,,371.469,102.413,,,59.4693,94.7971,,
117,3,0.2,4330842,121206579,,,0.001407,369.848,0.148433,232.205,,,304.792,127.153,,,26.5786,114.983,,
118,3,0.2,4330842,121206579,,,0.001563,327.174,0.127851,237.467,,,295.857,104.79,,,21.1762,108.475,,
39,4,0.001,73492,612310,,,0.001153,3.03903,0.01493,0.653658,,,246.154,0.361482,,,6.29207,0.314905,,
40,4,0.001,73492,612310,,,0.000551,3.08059,0.012072,0.923826,,,245.947,0.349614,,,4.6845,0.311952,,
41,4,0.001,73492,612310,,,0.000832,3.02516,0.058428,0.915655,,,252.994,0.521079,,,13.3778,0.369357,,
42,4,0.001,73492,612310,,,0.000516,3.02235,0.01402,0.752512,,,252.117,0.535747,,,7.64581,0.342298,,
43,4,0.001,73492,612310,,,0.000399,3.04265,0.012574,0.729269,,,249.373,0.538518,,,7.5721,0.394716,,
44,4,0.001,73492,612310,,,0.000618,2.89137,0.06111,0.798429,,,265.31,0.526201,,,11.7459,0.352263,,
45,4,0.001,73492,612310,,,0.000423,3.00994,0.056325,0.831632,,,264.909,0.556416,,,11.2464,0.385315,,
46,4,0.001,73492,612310,,,0.000492,3.08098,0.062264,0.880933,,,266.503,0.561534,,,11.7233,0.422656,,
47,4,0.001,73492,612310,,,0.00041,3.13823,0.053191,0.700797,,,265.78,0.630687,,,12.161,0.446175,,
48,4,0.001,73492,612310,,,0.00045,3.06968,0.036725,0.537869,,,264.089,0.525437,,,8.88792,0.3349,,
49,4,0.001,73492,612310,,,0.000744,3.95631,0.060124,2.70797,,,278.962,1.47192,,,16.6085,1.22081,,
50,4,0.001,73492,612310,,,0.000682,3.6532,0.135006,2.49266,,,291.427,1.29594,,,20.5525,1.21277,,
51,4,0.001,73492,612310,,,0.000659,3.99149,0.026458,2.40742,,,267.844,1.46779,,,13.2544,1.41249,,
52,4,0.001,73492,612310,,,0.000982,3.56113,0.148446,0.836053,,,310.576,0.594288,,,31.6769,0.563532,,
53,4,0.001,73492,612310,,,0.000831,3.94547,0.076046,2.22565,,,278.457,1.50613,,,19.7535,1.31226,,
54,4,0.001,73492,612310,,,0.000614,4.03577,0.037691,2.37179,,,271.767,1.78054,,,15.4243,1.53076,,
55,4,0.001,73492,612310,,,0.000782,3.31271,0.098742,1.59325,,,284.817,1.26532,,,26.241,1.08179,,
56,4,0.001,73492,612310,,,0.000743,3.68397,0.094959,2.18938,,,280.382,1.45967,,,21.7039,1.34018,,
57,4,0.001,73492,612310,,,0.000787,4.01463,0.11506,2.07046,,,263.451,2.08773,,,16.792,1.76751,,
58,4,0.001,73492,612310,,,0.000648,4.08104,0.054628,2.11886,,,256.477,2.20404,,,12.4056,1.89556,,
59,4,0.001,51073,554946,,,0.000725,2.27531,0.007364,0.445523,,,242.262,0.234714,,,4.45079,0.234036,,
60,4,0.001,51073,554946,,,0.000465,2.25514,0.008833,0.683893,,,243.077,0.284656,,,4.3669,0.2405,,
61,4,0.001,51073,554946,,,0.000327,2.18074,0.013273,0.589909,,,248.626,0.46242,,,5.03644,0.463923,,
62,4,0.001,51073,554946,,,0.000259,2.17842,0.013126,0.586247,,,251.903,0.42016,,,4.98736,0.392475,,
63,4,0.001,51073,554946,,,0.000634,2.15991,0.14953,0.519461,,,282.518,0.37108,,,28.0536,0.30788,,
64,4,0.001,51073,554946,,,0.000589,2.22827,0.173695,0.479982,,,293.885,0.560791,,,47.1743,0.443211,,
65,4,0.001,51073,554946,,,0.000375,2.1866,0.050634,0.442339,,,265.381,0.368896,,,11.1014,0.236501,,
66,4,0.001,51073,554946,,,0.000272,2.17928,0.043548,0.363644,,,265.356,0.419976,,,11.5939,0.277865,,
67,4,0.001,51073,554946,,,0.000294,2.19831,0.048485,0.431002,,,265.955,0.442006,,,12.5387,0.352172,,
68,4,0.001,51073,554946,,,0.000278,2.19371,0.050861,0.606775,,,267.576,0.482841,,,11.4639,0.360349,,
69,4,0.001,51073,554946,,,0.000525,2.54547,0.173009,0.934013,,,308.417,0.616151,,,24.7368,0.527115,,
70,4,0.001,51073,554946,,,0.000717,2.32001,0.132203,0.950376,,,299.798,0.635959,,,27.513,0.536446,,
71,4,0.001,51073,554946,,,0.0008,2.74708,0.081068,1.67578,,,294.444,1.04454,,,31.0151,0.982265,,
72,4,0.001,51073,554946,,,0.000642,2.64059,0.076545,1.5411,,,284.644,1.09121,,,21.5135,0.93351,,
73,4,0.001,51073,554946,,,0.000848,2.9617,0.060385,1.67749,,,288.6,1.33128,,,30.1181,1.14192,,
74,4,0.001,51073,554946,,,0.000592,2.74569,0.049076,1.27446,,,267.945,1.0465,,,14.2676,0.782194,,
75,4,0.001,51073,554946,,,0.000634,2.54193,0.071368,1.28342,,,282.719,0.935892,,,23.8155,0.879674,,
76,4,0.001,51073,554946,,,0.000621,2.6507,0.121954,1.621,,,275.5,1.3946,,,22.7125,1.15184,,
77,4,0.001,51073,554946,,,0.000392,2.41056,0.015414,1.7589,,,259.655,1.10014,,,12.3333,0.914954,,
78,4,0.001,51073,554946,,,0.000524,2.67959,0.047735,1.53372,,,271.819,1.13971,,,15.5473,0.940447,,
79,4,0.001,15633,565229,,,0.000597,0.903523,0.013986,0.174089,,,250.88,0.129073,,,8.06513,0.09646,,
80,4,0.001,15633,565229,,,0.000483,0.916356,0.024916,0.148294,,,245.387,0.108129,,,4.623,0.091317,,
81,4,0.001,15633,565229,,,0.000342,0.982023,0.021493,0.12084,,,256.853,0.13086,,,9.1603,0.087641,,
82,4,0.001,15633,565229,,,0.000319,1.00073,0.018286,0.143737,,,252.063,0.13143,,,8.74826,0.086499,,
83,4,0.001,15633,565229,,,0.000302,0.974229,0.021508,0.154318,,,254.011,0.15661,,,9.41732,0.095005,,
84,4,0.001,15633,565229,,,0.000418,1.01375,0.05624,0.187272,,,261.217,0.129407,,,13.7431,0.092668,,
85,4,0.001,15633,565229,,,0.000364,0.997836,0.046492,0.180745,,,265.208,0.130874,,,12.6199,0.087607,,
86,4,0.001,15633,565229,,,0.000311,0.972876,0.058491,0.183469,,,267.872,0.145755,,,12.9832,0.091064,,
87,4,0.001,15633,565229,,,0.000598,2.31247,0.347646,0.976477,,,304.834,1.7358,,,71.7574,1.73678,,
88,4,0.001,15633,565229,,,0.000339,0.991057,0.061789,0.16224,,,271.776,0.132834,,,14.1948,0.103581,,
89,4,0.001,15633,565229,,,0.000563,1.36791,0.066874,0.975714,,,279.504,0.373,,,16.1582,0.296662,,
90,4,0.001,15633,565229,,,0.00069,1.19256,0.112221,1.21521,,,299.005,0.730617,,,28.3704,0.692556,,
91,4,0.001,15633,565229,,,0.000678,1.43427,0.163886,0.98847,,,316.26,0.436538,,,24.3409,0.449922,,
92,4,0.001,15633,565229,,,0.000499,1.13695,0.086258,1.1305,,,293.43,0.532929,,,22.7575,0.448815,,
93,4,0.001,15633,565229,,,0.000532,1.68475,0.215953,0.908928,,,319.046,0.734627,,,34.3384,0.618296,,
94,4,0.001,15633,565229,,,0.000863,1.16843,0.203067,1.04988,,,316.933,0.657704,,,38.6007,0.565949,,
95,4,0.001,15633,565229,,,0.00056,1.73323,0.145661,1.07599,,,288.167,0.788293,,,27.1417,0.670844,,
96,4,0.001,15633,565229,,,0.000412,1.09361,0.051231,1.18748,,,270.9,0.382249,,,16.7084,0.329208,,
97,4,0.001,15633,565229,,,0.000573,0.955244,0.130395,0.177955,,,299.888,0.165687,,,33.3205,0.106922,,
98,4,0.001,15633,565229,,,0.000621,1.12529,0.155939,0.976845,,,310.402,0.463148,,,31.5322,0.458546,,
99,4,0.001,21794,614916,,,0.000572,1.23057,0.018196,0.164141,,,248.641,0.269637,,,8.18048,0.137435,,
100,4,0.001,21794,614916,,,0.000667,1.17751,0.128278,0.216437,,,267.062,0.175456,,,22.4184,0.155717,,
101,4,0.001,21794,614916,,,0.000376,1.1731,0.075185,0.260732,,,273.174,0.241418,,,22.3228,0.144002,,
102,4,0.001,21794,614916,,,0.000425,1.17488,0.204274,0.283298,,,276.62,0.312028,,,36.552,0.158532,,
103,4,0.001,21794,614916,,,0.000281,1.18462,0.013345,0.270196,,,248.242,0.178039,,,8.85189,0.128365,,
104,4,0.001,21794,614916,,,0.000289,1.18677,0.076056,0.194198,,,269.468,0.185022,,,13.7618,0.139059,,
105,4,0.001,21794,614916,,,0.000255,1.18588,0.059206,0.202414,,,260.386,0.275361,,,12.7772,0.12036,,
106,4,0.001,21794,614916,,,0.000228,1.18998,0.063128,0.228365,,,263.43,0.187138,,,13.298,0.127342,,
107,4,0.001,21794,614916,,,0.000226,1.18378,0.062527,0.287626,,,267.677,0.179292,,,13.9546,0.126838,,
108,4,0.001,21794,614916,,,0.000237,1.18524,0.069539,0.258067,,,271.641,0.189607,,,14.296,0.137087,,
109,4,0.001,21794,614916,,,0.000657,1.41141,0.130314,1.15371,,,297.428,0.529113,,,27.1281,0.480778,,
110,4,0.001,21794,614916,,,0.000642,1.18953,0.291958,0.185121,,,333.519,0.196004,,,111.633,0.166289,,
111,4,0.001,21794,614916,,,0.000505,1.62344,0.053071,1.15342,,,279.395,0.524846,,,17.0452,0.429096,,
112,4,0.001,21794,614916,,,0.000485,1.35773,0.051807,1.19204,,,275.575,0.567953,,,15.0022,0.465629,,
113,4,0.001,21794,614916,,,0.000488,1.5752,0.202824,0.875826,,,322.056,0.550082,,,30.8599,0.441196,,
114,4,0.001,21794,614916,,,0.000433,1.61686,0.062616,1.11583,,,281.517,0.562753,,,15.4099,0.507054,,
115,4,0.001,21794,614916,,,0.000394,1.40296,0.08643,1.38253,,,291.082,0.635627,,,20.3533,0.581537,,
116,4,0.001,21794,614916,,,0.000731,1.52463,0.359279,0.765906,,,361.231,0.529248,,,48.4285,0.445738,,
117,4,0.001,21794,614916,,,0.000502,1.73232,0.15678,1.2571,,,293.906,0.744097,,,25.864,0.588998,,
118,4,0.001,21794,614916,,,0.000414,1.77837,0.106687,1.1905,,,286.193,0.56276,,,21.0992,0.574399,,
39,4,0.005,367628,3069856,,,0.000504,13.838,0.009238,2.98443,,,243.96,1.7275,,,4.93994,1.68824,,
40,4,0.005,367628,3069856,,,0.000472,13.7412,0.010398,4.70293,,,244.763,1.72789,,,4.78898,1.72584,,
41,4,0.005,367628,3069856,,,0.00072,13.6829,0.051894,4.28801,,,251.646,2.54752,,,13.1166,1.69641,,
42,4,0.005,367628,3069856,,,0.000541,14.0692,0.016418,3.42927,,,250.104,2.56238,,,6.86394,1.54105,,
43,4,0.005,367628,3069856,,,0.000515,14.5815,0.014136,3.70104,,,252.05,2.84458,,,7.61417,1.81465,,
44,4,0.005,367628,3069856,,,0.000545,13.8908,0.063807,3.49161,,,259.769,2.75569,,,11.0838,1.86818,,
45,4,0.005,367628,3069856,,,0.00051,13.6229,0.052941,4.54993,,,258.208,2.6312,,,10.9365,1.75363,,
46,4,0.005,367628,3069856,,,0.000437,13.8138,0.067937,4.79231,,,258.689,2.61445,,,10.9703,1.90854,,
47,4,0.005,367628,3069856,,,0.000406,14.0397,0.050478,4.76947,,,261.62,3.638,,,12.2734,3.10989,,
48,4,0.005,367628,3069856,,,0.000419,13.9494,0.046829,2.56296,,,265.881,2.63585,,,9.41668,1.72066,,
49,4,0.005,367628,3069856,,,0.00067,19.2704,0.044904,10.3479,,,277.3,7.18007,,,16.0211,6.17554,,
50,4,0.005,367628,3069856,,,0.000726,18.4124,0.103669,7.35757,,,289.645,6.26549,,,19.0729,5.48285,,
51,4,0.005,367628,3069856,,,0.000676,17.8973,0.027754,10.2431,,,272.794,7.35316,,,13.3541,6.28565,,
52,4,0.005,367628,3069856,,,0.000891,16.3152,0.141551,5.74053,,,296.327,5.10988,,,26.4489,4.97991,,
53,4,0.005,367628,3069856,,,0.000746,17.7425,0.060208,10.0222,,,273.913,7.05493,,,17.5653,6.13816,,
54,4,0.005,367628,3069856,,,0.00056,18.1221,0.035646,10.6564,,,275.258,7.87521,,,16.3663,6.82456,,
55,4,0.005,367628,3069856,,,0.000777,15.7695,0.067416,7.96429,,,286.048,6.55402,,,21.596,5.52796,,
56,4,0.005,367628,3069856,,,0.000687,17.3451,0.098998,8.8945,,,286.249,7.14884,,,22.1319,6.47802,,
57,4,0.005,367628,3069856,,,0.000693,18.698,0.110696,10.302,,,271.659,10.1149,,,17.211,8.4912,,
58,4,0.005,367628,3069856,,,0.000589,19.0914,0.066714,11.17,,,262.914,10.6006,,,12.65,9.01431,,
59,4,0.005,255453,2803555,,,0.000753,11.3254,0.007328,2.14301,,,251.075,1.15449,,,4.30905,1.12208,,
60,4,0.005,255453,2803555,,,0.000503,11.5944,0.009245,3.72881,,,247.633,1.27581,,,4.12444,1.09535,,
61,4,0.005,255453,2803555,,,0.000433,10.9735,0.015696,3.05091,,,245.611,2.20499,,,4.3976,1.91747,,
62,4,0.005,255453,2803555,,,0.000381,11.7334,0.012431,2.48692,,,243.402,1.95652,,,4.67307,1.72757,,
63,4,0.005,255453,2803555,,,0.000802,11.9373,0.171523,2.37205,,,274.255,1.75329,,,31.5196,1.46471,,
64,4,0.005,255453,2803555,,,0.000712,11.6343,0.242312,2.23177,,,294.282,2.40628,,,72.5396,2.05852,,
65,4,0.005,255453,2803555,,,0.00043,10.7887,0.052797,2.31619,,,258.421,1.79324,,,11.9068,1.32742,,
66,4,0.005,255453,2803555,,,0.000524,10.9472,0.045712,1.71227,,,254.255,1.86823,,,11.8367,1.23764,,
67,4,0.005,255453,2803555,,,0.000401,10.7967,0.05121,2.32211,,,260.756,2.31901,,,12.2443,1.82772,,
68,4,0.005,255453,2803555,,,0.000401,10.8907,0.064982,2.37789,,,258.81,2.17455,,,11.2086,1.75638,,
69,4,0.005,255453,2803555,,,0.000723,12.9435,0.118145,4.54883,,,278.311,3.10829,,,17.2924,2.64506,,
70,4,0.005,255453,2803555,,,0.000953,12.1417,0.134448,4.39208,,,289.236,3.03216,,,27.1966,2.6931,,
71,4,0.005,255453,2803555,,,0.001128,14.2379,0.108615,7.79828,,,290.882,5.20627,,,31.5916,4.54528,,
72,4,0.005,255453,2803555,,,0.000802,13.7181,0.075243,8.03331,,,281.487,5.26645,,,19.8492,4.47173,,
73,4,0.005,255453,2803555,,,0.001001,14.3194,0.064577,8.59822,,,292.698,6.47433,,,29.907,5.74315,,
74,4,0.005,255453,2803555,,,0.000701,13.0022,0.066362,6.21998,,,277.749,4.24316,,,16.0992,3.76419,,
75,4,0.005,255453,2803555,,,0.000781,12.5212,0.063757,6.46004,,,281.165,4.53341,,,21.556,3.85556,,
76,4,0.005,255453,2803555,,,0.000819,13.4788,0.085072,8.34078,,,287.336,6.84467,,,24.3563,5.75446,,
77,4,0.005,255453,2803555,,,0.000552,11.9078,0.019155,9.83317,,,266.264,5.38957,,,12.0384,4.51626,,
78,4,0.005,255453,2803555,,,0.000661,14.1047,0.061447,8.65396,,,278.265,5.65712,,,16.1027,5.25794,,
79,4,0.005,78214,2851166,,,0.00072,4.78092,0.015808,0.873209,,,271.654,0.618743,,,8.55073,0.447044,,
80,4,0.005,78214,2851166,,,0.000515,4.71911,0.019257,0.676364,,,258.824,0.624418,,,8.77279,0.438552,,
81,4,0.005,78214,2851166,,,0.000413,4.36947,0.020896,0.661901,,,260.724,0.605299,,,9.78495,0.4776,,
82,4,0.005,78214,2851166,,,0.00039,4.3404,0.016607,0.766152,,,253.387,0.498649,,,5.13069,0.429622,,
83,4,0.005,78214,2851166,,,0.000367,4.32604,0.023213,0.884118,,,253.421,0.610001,,,9.63725,0.411687,,
84,4,0.005,78214,2851166,,,0.000445,4.37887,0.065633,0.893341,,,258.951,0.64342,,,12.9274,0.413463,,
85,4,0.005,78214,2851166,,,0.000359,4.38282,0.049825,0.996184,,,263.989,0.644379,,,11.9573,0.392548,,
86,4,0.005,78214,2851166,,,0.000342,4.3821,0.061552,1.0346,,,267.695,0.633369,,,13.1644,0.421319,,
87,4,0.005,78214,2851166,,,0.000814,10.5574,0.348196,5.19124,,,292.534,9.12534,,,73.2402,7.91596,,
88,4,0.005,78214,2851166,,,0.000423,4.36846,0.073492,1.01405,,,262.802,0.648199,,,13.8118,0.470036,,
89,4,0.005,78214,2851166,,,0.000742,6.3106,0.09285,4.9242,,,274.935,1.77192,,,17.8067,1.56483,,
90,4,0.005,78214,2851166,,,0.001007,5.40315,0.139285,5.98672,,,291.897,3.41358,,,29.7169,2.96905,,
91,4,0.005,78214,2851166,,,0.000801,6.50237,0.153737,5.58871,,,294.761,2.34538,,,24.1952,1.89593,,
92,4,0.005,78214,2851166,,,0.000669,5.28778,0.133555,6.18369,,,284.611,2.51839,,,20.8026,2.25361,,
93,4,0.005,78214,2851166,,,0.000774,7.6361,0.239765,4.86372,,,309.884,2.94133,,,33.6701,2.52782,,
94,4,0.005,78214,2851166,,,0.001032,5.44865,0.20679,5.3085,,,310.577,2.95247,,,40.0964,2.54205,,
95,4,0.005,78214,2851166,,,0.000824,8.80251,0.137958,5.49927,,,292.292,3.74568,,,26.068,3.27816,,
96,4,0.005,78214,2851166,,,0.000658,5.65287,0.068239,6.13866,,,280.577,2.07324,,,18.4175,1.80793,,
97,4,0.005,78214,2851166,,,0.000796,4.61591,0.105924,0.894661,,,299.469,0.615879,,,30.1472,0.496107,,
98,4,0.005,78214,2851166,,,0.00074,5.38565,0.159988,4.88766,,,315.437,2.15492,,,31.7777,1.85891,,
99,4,0.005,108058,3029696,,,0.000613,5.91146,0.019383,1.31814,,,257.307,0.807406,,,7.261,0.527108,,
100,4,0.005,108058,3029696,,,0.000832,5.95937,0.096039,1.29052,,,266.172,0.819934,,,17.1822,0.627896,,
101,4,0.005,108058,3029696,,,0.00059,5.80661,0.082356,1.51483,,,277.235,1.30084,,,17.0536,1.01947,,
102,4,0.005,108058,3029696,,,0.000625,6.06676,0.171605,1.24528,,,280.388,0.900856,,,34.2434,0.635995,,
103,4,0.005,108058,3029696,,,0.000392,5.93227,0.013913,1.26364,,,257.839,0.847201,,,8.12696,0.528169,,
104,4,0.005,108058,3029696,,,0.000385,5.82991,0.051634,0.817851,,,272.136,0.901051,,,12.8387,0.630942,,
105,4,0.005,108058,3029696,,,0.000382,5.82909,0.055473,0.913769,,,261.521,0.827635,,,13.7667,0.612703,,
106,4,0.005,108058,3029696,,,0.000366,5.83526,0.057184,1.07594,,,261.718,0.886258,,,14.2606,0.669286,,
107,4,0.005,108058,3029696,,,0.00037,5.86762,0.064182,1.44693,,,262.967,0.836363,,,13.8493,0.6062,,
108,4,0.005,108058,3029696,,,0.000385,5.92225,0.068706,1.02242,,,266.454,0.873108,,,14.1578,0.614575,,
109,4,0.005,108058,3029696,,,0.000936,7.02323,0.130875,6.23397,,,286.12,2.64432,,,26.5473,2.37176,,
110,4,0.005,108058,3029696,,,0.000903,5.85186,0.331604,1.30037,,,326.035,0.897439,,,122.447,0.681934,,
111,4,0.005,108058,3029696,,,0.0008,8.3014,0.068929,6.03491,,,271.185,2.59117,,,16.6454,2.3727,,
112,4,0.005,108058,3029696,,,0.000668,7.37214,0.051941,6.29816,,,268.531,2.70441,,,16.745,2.37891,,
113,4,0.005,108058,3029696,,,0.000676,8.47435,0.202466,4.816,,,306.61,2.7786,,,30.1763,2.35925,,
114,4,0.005,108058,3029696,,,0.000716,8.11902,0.087937,5.76889,,,270.169,2.7756,,,16.6024,2.52666,,
115,4,0.005,108058,3029696,,,0.000648,6.90611,0.101974,6.33689,,,291.618,3.76539,,,23.7872,3.53376,,
116,4,0.005,108058,3029696,,,0.001036,7.4945,0.381952,3.25433,,,373.93,2.47237,,,60.8795,2.23446,,
117,4,0.005,108058,3029696,,,0.000695,8.67418,0.151406,5.40517,,,306.468,3.11409,,,27.5696,2.78958,,
118,4,0.005,108058,3029696,,,0.000604,7.78864,0.095326,6.01458,,,291.226,2.7471,,,21.8075,2.84761,,
39,4,0.01,735248,6173754,,,0.000761,28.3562,0.011231,6.26843,,,249.619,3.46414,,,5.06228,3.3667,,
40,4,0.01,735248,6173754,,,0.000526,29.4961,0.01189,8.09047,,,250.617,3.40919,,,4.79576,3.21626,,
41,4,0.01,735248,6173754,,,0.000964,28.9352,0.048141,7.96038,,,264.526,4.97946,,,12.9412,3.49443,,
42,4,0.01,735248,6173754,,,0.000764,27.7705,0.016558,6.27471,,,262.605,5.12181,,,7.19623,3.28689,,
43,4,0.01,735248,6173754,,,0.000765,28.2619,0.012259,6.70986,,,258.296,5.2154,,,7.61299,3.889,,
44,4,0.01,735248,6173754,,,0.000723,30.231,0.055086,6.52116,,,266.149,5.37314,,,10.095,3.79297,,
45,4,0.01,735248,6173754,,,0.000554,27.9843,0.057935,7.93905,,,265.382,5.14619,,,11.3568,3.84997,,
46,4,0.01,735248,6173754,,,0.000481,27.6904,0.061608,7.42833,,,263.185,5.14432,,,11.5518,3.65939,,
47,4,0.01,735248,6173754,,,0.000478,29.2543,0.055455,9.13822,,,264.604,7.27839,,,11.1371,6.10684,,
48,4,0.01,735248,6173754,,,0.000697,27.9985,0.047531,5.45173,,,258.604,5.26081,,,8.97571,3.52479,,
49,4,0.01,735248,6173754,,,0.001091,35.6218,0.054019,21.2015,,,269.001,14.5223,,,16.5582,13.8027,,
50,4,0.01,735248,6173754,,,0.001179,36.0314,0.089575,15.0376,,,279.85,12.5805,,,20.4615,11.7881,,
51,4,0.01,735248,6173754,,,0.001144,36.8664,0.052768,21.7213,,,267.562,14.836,,,15.6349,13.6798,,
52,4,0.01,735248,6173754,,,0.001629,32.261,0.147763,9.38878,,,298.252,7.63211,,,29.0177,7.80131,,
53,4,0.01,735248,6173754,,,0.001179,36.831,0.074106,22.2089,,,273.937,14.6564,,,20.1231,14.6482,,
54,4,0.01,735248,6173754,,,0.00136,36.9912,0.041764,22.3303,,,265.587,15.5977,,,15.3805,13.4429,,
55,4,0.01,735248,6173754,,,0.001466,30.4733,0.080396,16.6903,,,284.356,13.3355,,,24.6702,12.7744,,
56,4,0.01,735248,6173754,,,0.000939,34.6879,0.116148,14.8748,,,284.488,12.5429,,,25.1237,12.4648,,
57,4,0.01,735248,6173754,,,0.001162,38.4625,0.10302,19.1268,,,265.558,18.9893,,,17.0088,17.5005,,
58,4,0.01,735248,6173754,,,0.000783,38.7916,0.056703,22.788,,,256.393,21.6148,,,12.531,19.4104,,
59,4,0.01,511014,5612800,,,0.001116,23.0373,0.008147,4.99086,,,250.512,2.31379,,,4.64566,2.26268,,
60,4,0.01,511014,5612800,,,0.000811,22.2022,0.009006,7.1424,,,249.831,2.48704,,,4.28588,2.17805,,
61,4,0.01,511014,5612800,,,0.000544,21.5086,0.023678,6.01632,,,259.064,4.70397,,,9.16558,4.15539,,
62,4,0.01,511014,5612800,,,0.000511,21.938,0.013031,5.4304,,,250.951,3.72045,,,5.04809,3.74463,,
63,4,0.01,511014,5612800,,,0.001062,20.9786,0.16148,4.99188,,,279.488,3.42361,,,29.8372,3.15038,,
64,4,0.01,511014,5612800,,,0.000867,23.3545,0.235692,5.47815,,,297.971,4.79846,,,56.4284,4.63791,,
65,4,0.01,511014,5612800,,,0.000521,21.443,0.052558,4.89176,,,263.55,3.85019,,,12.2899,2.44246,,
66,4,0.01,511014,5612800,,,0.00042,21.3727,0.051949,3.89787,,,264.57,3.76921,,,11.7646,2.63156,,
67,4,0.01,511014,5612800,,,0.000407,21.4793,0.050801,4.65618,,,267.4,4.45296,,,12.4085,3.71449,,
68,4,0.01,511014,5612800,,,0.000419,22.338,0.072537,4.06549,,,262.938,4.08308,,,12.5415,3.40396,,
69,4,0.01,511014,5612800,,,0.000929,24.9727,0.16966,9.01065,,,299.563,6.3503,,,25.8713,6.47365,,
70,4,0.01,511014,5612800,,,0.001412,22.5052,0.129729,9.15821,,,288.984,6.35699,,,28.3482,5.99295,,
71,4,0.01,511014,5612800,,,0.001196,25.0294,0.090466,15.9706,,,297.862,10.1448,,,31.8871,9.10904,,
72,4,0.01,511014,5612800,,,0.000799,26.3406,0.070465,16.9813,,,270.227,10.1862,,,20.3987,9.77346,,
73,4,0.01,511014,5612800,,,0.001189,29.6118,0.070081,17.7881,,,284.651,12.8874,,,31.64,12.1834,,
74,4,0.01,511014,5612800,,,0.000804,25.8817,0.049556,13.3292,,,268.857,8.93802,,,15.3533,7.72541,,
75,4,0.01,511014,5612800,,,0.00089,26.0652,0.053532,12.9265,,,274.815,8.60999,,,21.08,8.45264,,
76,4,0.01,511014,5612800,,,0.001003,28.2072,0.094245,14.7774,,,281.034,13.1612,,,23.1275,11.5129,,
77,4,0.01,511014,5612800,,,0.000696,26.0061,0.015851,17.7044,,,267.911,10.5807,,,12.4472,9.20316,,
78,4,0.01,511014,5612800,,,0.000899,26.9982,0.052215,16.2308,,,289.675,11.2268,,,16.4701,9.6472,,
79,4,0.01,155511,5592108,,,0.001495,9.22865,0.017933,1.77946,,,257.845,1.1898,,,8.28179,0.913441,,
80,4,0.01,155511,5592108,,,0.000526,9.30561,0.02149,1.71493,,,260.941,1.21675,,,9.59232,0.954417,,
81,4,0.01,155511,5592108,,,0.000423,9.03493,0.021409,1.37246,,,263.124,1.23111,,,9.7668,0.964541,,
82,4,0.01,155511,5592108,,,0.000372,9.35739,0.018793,1.79143,,,252.024,0.996677,,,5.15182,0.918718,,
83,4,0.01,155511,5592108,,,0.000566,9.68597,0.025091,1.67432,,,260.685,1.24377,,,9.71127,0.897079,,
84,4,0.01,155511,5592108,,,0.000513,9.73289,0.06413,2.09867,,,270.505,1.19386,,,13.6696,0.854045,,
85,4,0.01,155511,5592108,,,0.000431,8.86455,0.057093,2.06776,,,268.323,1.19719,,,12.6268,0.894938,,
86,4,0.01,155511,5592108,,,0.000415,9.23109,0.068566,1.85405,,,269.994,1.21928,,,13.6925,0.858772,,
87,4,0.01,155511,5592108,,,0.001072,21.1619,0.445037,10.2879,,,304.606,18.2105,,,94.2084,16.9846,,
88,4,0.01,155511,5592108,,,0.000439,9.00163,0.073592,1.78941,,,260.78,1.2043,,,14.0285,0.929876,,
89,4,0.01,155511,5592108,,,0.00067,12.617,0.093088,10.2501,,,281.524,3.67969,,,18.5138,2.95633,,
90,4,0.01,155511,5592108,,,0.001299,10.9652,0.108492,11.1718,,,287.254,6.66665,,,25.6703,6.07595,,
91,4,0.01,155511,5592108,,,0.000922,14.2432,0.13001,10.328,,,290.347,3.79155,,,23.1955,3.42735,,
92,4,0.01,155511,5592108,,,0.000824,11.0036,0.104842,11.3618,,,287.212,5.33189,,,23.7759,4.94122,,
93,4,0.01,155511,5592108,,,0.00079,15.4174,0.254793,9.16176,,,308.904,5.43807,,,32.7604,4.87493,,
94,4,0.01,155511,5592108,,,0.001422,10.8017,0.237397,10.2922,,,307.852,5.77646,,,41.9826,5.44973,,
95,4,0.01,155511,5592108,,,0.000777,17.089,0.141142,11.9414,,,292.151,6.6009,,,26.7188,5.99356,,
96,4,0.01,155511,5592108,,,0.000712,10.5287,0.063547,13.3415,,,272.153,3.79898,,,17.5701,3.32598,,
97,4,0.01,155511,5592108,,,0.000775,9.21091,0.134383,1.9365,,,291.801,1.27059,,,31.7732,0.95977,,
98,4,0.01,155511,5592108,,,0.000969,10.5539,0.194473,11.066,,,310.497,3.99641,,,33.0658,3.67549,,
99,4,0.01,216185,6059208,,,0.000787,12.9433,0.019916,1.78763,,,258.371,1.6544,,,7.78726,1.24559,,
100,4,0.01,216185,6059208,,,0.001031,12.9792,0.117273,2.53021,,,265.86,1.60031,,,18.1181,1.30876,,
101,4,0.01,216185,6059208,,,0.000574,12.2175,0.091491,3.18759,,,275.285,2.62475,,,17.0262,2.04209,,
102,4,0.01,216185,6059208,,,0.001044,12.3393,0.216153,2.75185,,,281.637,1.78604,,,41.7014,1.4047,,
103,4,0.01,216185,6059208,,,0.00051,12.1517,0.016185,2.43931,,,255.106,1.66654,,,9.25222,1.22959,,
104,4,0.01,216185,6059208,,,0.000615,12.3024,0.052512,1.72586,,,267.472,1.74775,,,13.9625,1.39891,,
105,4,0.01,216185,6059208,,,0.000557,12.9484,0.055849,1.79843,,,270.152,1.66094,,,13.0455,1.23166,,
106,4,0.01,216185,6059208,,,0.000514,12.0555,0.066514,2.45782,,,268.714,1.76937,,,12.9184,1.22107,,
107,4,0.01,216185,6059208,,,0.000522,12.8968,0.071423,2.55548,,,273.404,1.6902,,,13.0235,1.16572,,
108,4,0.01,216185,6059208,,,0.001087,12.7512,0.058116,1.79503,,,277.508,1.72334,,,13.8163,1.2671,,
109,4,0.01,216185,6059208,,,0.001809,15.0439,0.110036,11.041,,,286.901,5.10876,,,28.8993,4.39162,,
110,4,0.01,216185,6059208,,,0.001369,11.9332,0.219119,1.81063,,,307.382,1.7731,,,84.8954,1.49426,,
111,4,0.01,216185,6059208,,,0.001052,17.0097,0.060665,11.4788,,,267.669,5.15134,,,16.3366,4.6677,,
112,4,0.01,216185,6059208,,,0.001279,13.8904,0.052534,11.9517,,,267.598,4.90404,,,16.1577,4.60295,,
113,4,0.01,216185,6059208,,,0.001065,16.4458,0.218583,10.6085,,,304.676,5.15471,,,29.2742,4.55054,,
114,4,0.01,216185,6059208,,,0.000986,17.6707,0.123148,12.745,,,289.619,5.5839,,,23.2387,5.28571,,
115,4,0.01,216185,6059208,,,0.001302,14.7537,0.093086,13.7191,,,288.878,6.68255,,,21.494,6.02733,,
116,4,0.01,216185,6059208,,,0.001663,15.6529,0.339959,7.20329,,,363.822,5.36911,,,54.9707,4.96596,,
117,4,0.01,216185,6059208,,,0.00113,17.4306,0.150789,10.8965,,,301.142,6.75449,,,28.5525,5.84012,,
118,4,0.01,216185,6059208,,,0.001262,16.3319,0.095144,11.9198,,,293.091,5.40083,,,20.2317,5.19613,,
39,4,0.05,3679419,30601953,,,0.001109,147.771,0.014758,29.4,,,252.711,17.0989,,,4.95525,16.6577,,
40,4,0.05,3679419,30601953,,,0.000683,147.388,0.011129,44.7712,,,253.657,17.0329,,,4.66079,16.8998,,
41,4,0.05,3679419,30601953,,,0.000789,148.373,0.057006,39.3042,,,259.247,24.4861,,,13.4832,17.9613,,
42,4,0.05,3679419,30601953,,,0.000593,147.686,0.016799,38.1556,,,257.287,25.3262,,,7.36106,17.2341,,
43,4,0.05,3679419,30601953,,,0.000618,149.05,0.016923,37.7343,,,258.555,26.0134,,,7.52769,18.6615,,
44,4,0.05,3679419,30601953,,,0.000596,149.226,0.055039,33.2657,,,263.582,26.0933,,,11.2419,19.4991,,
45,4,0.05,3679419,30601953,,,0.000739,148.775,0.057757,42.8981,,,264.451,25.7156,,,11.1436,19.1388,,
46,4,0.05,3679419,30601953,,,0.000653,150.545,0.063528,30.1649,,,259.545,35.2711,,,9.72059,24.0399,,
47,4,0.05,3679419,30601953,,,0.000716,151.927,0.046992,35.5359,,,260.244,29.6196,,,12.0982,24.4821,,
48,4,0.05,3679419,30601953,,,0.00055,151.149,0.036016,26.93,,,255.616,25.878,,,9.35982,17.9224,,
49,4,0.05,3679419,30601953,,,0.001207,190.766,0.0583,105.501,,,272.325,70.8728,,,17.7302,65.9633,,
50,4,0.05,3679419,30601953,,,0.001036,182.726,0.101187,77.6503,,,283.354,59.8308,,,20.0516,55.823,,
51,4,0.05,3679419,30601953,,,0.000876,194.184,0.033841,106.888,,,262.855,68.7339,,,14.6421,65.9136,,
52,4,0.05,3679419,30601953,,,0.001442,173.219,0.138535,40.9623,,,290.786,28.4068,,,29.3461,27.7853,,
53,4,0.05,3679419,30601953,,,0.001236,190.631,0.066616,108.71,,,269.323,68.3506,,,17.9804,66.7768,,
54,4,0.05,3679419,30601953,,,0.001127,196.54,0.047343,114.343,,,275.03,81.6654,,,15.2806,68.1404,,
55,4,0.05,3679419,30601953,,,0.001287,163.558,0.101503,78.9661,,,287.114,61.8097,,,22.071,55.4088,,
56,4,0.05,3679419,30601953,,,0.001013,174.601,0.099569,92.2002,,,289.388,65.6759,,,22.7516,59.9029,,
57,4,0.05,3679419,30601953,,,0.001081,194.967,0.091244,107.803,,,266.45,104.052,,,14.0776,92.0127,,
58,4,0.05,3679419,30601953,,,0.001044,197.653,0.069224,113.774,,,263.262,99.8276,,,12.4829,90.8363,,
59,4,0.05,2555953,28112945,,,0.001292,112.605,0.00934,22.3277,,,250.631,11.6498,,,4.35766,11.1777,,
60,4,0.05,2555953,28112945,,,0.001109,110.79,0.009866,33.4055,,,252.505,12.5904,,,4.69327,11.8309,,
61,4,0.05,2555953,28112945,,,0.000645,110.237,0.013843,30.4739,,,254.781,19.4259,,,4.96671,17.4844,,
62,4,0.05,2555953,28112945,,,0.000789,108.509,0.012677,27.5175,,,252.093,17.9723,,,4.5714,16.2023,,
63,4,0.05,2555953,28112945,,,0.001556,107.139,0.203005,27.1816,,,282.557,17.2889,,,29.9396,15.5863,,
64,4,0.05,2555953,28112945,,,0.001175,111.442,0.271878,27.7434,,,299.798,23.5007,,,73.8045,20.6807,,
65,4,0.05,2555953,28112945,,,0.000675,111.572,0.056007,22.4773,,,257.442,17.4696,,,11.3948,13.2705,,
66,4,0.05,2555953,28112945,,,0.000884,108.757,0.056904,24.0506,,,260.861,17.4408,,,11.3297,12.224,,
67,4,0.05,2555953,28112945,,,0.000815,108.662,0.053185,22.4705,,,257.33,21.3873,,,12.0925,16.2282,,
68,4,0.05,2555953,28112945,,,0.000707,117.211,0.069278,21.8114,,,265.636,20.7597,,,11.5171,14.9244,,
69,4,0.05,2555953,28112945,,,0.001809,127.647,0.164193,44.5556,,,299.828,29.8461,,,26.9832,28.654,,
70,4,0.05,2555953,28112945,,,0.001654,113.824,0.130804,46.3621,,,290.6,28.7311,,,27.9469,26.3944,,
71,4,0.05,2555953,28112945,,,0.001998,128.733,0.109743,81.442,,,289.782,49.3316,,,32.6732,44.1534,,
72,4,0.05,2555953,28112945,,,0.001597,132.685,0.070544,81.0431,,,271.263,50.4811,,,18.5825,45.6939,,
73,4,0.05,2555953,28112945,,,0.002059,147.845,0.081807,89.2886,,,285.111,58.678,,,29.1826,56.2972,,
74,4,0.05,2555953,28112945,,,0.001448,130.699,0.059383,62.8651,,,270.409,40.1138,,,15.8446,37.3932,,
75,4,0.05,2555953,28112945,,,0.00179,132.244,0.10676,63.5669,,,286.164,43.8663,,,24.4686,38.8527,,
76,4,0.05,2555953,28112945,,,0.002096,137.059,0.11401,74.7674,,,287.911,63.2818,,,21.7618,55.9908,,
77,4,0.05,2555953,28112945,,,0.00172,119.719,0.020814,90.9761,,,270.153,52.7985,,,12.5453,45.114,,
78,4,0.05,2555953,28112945,,,0.001102,133.223,0.057077,81.3963,,,297.769,55.5169,,,15.5678,47.2145,,
79,4,0.05,779692,28472448,,,0.001303,46.3988,0.025576,8.65069,,,258.535,6.07829,,,9.01177,4.27474,,
80,4,0.05,779692,28472448,,,0.000657,44.2371,0.030599,7.85997,,,258.826,6.02437,,,8.9582,4.23162,,
81,4,0.05,779692,28472448,,,0.000687,45.458,0.027261,7.2901,,,263.109,6.31477,,,9.34076,4.48811,,
82,4,0.05,779692,28472448,,,0.000525,44.4431,0.02807,8.63132,,,264.001,6.1013,,,8.82777,4.27922,,
83,4,0.05,779692,28472448,,,0.000537,45.2292,0.026957,8.1916,,,261.362,6.03633,,,9.55414,4.63035,,
84,4,0.05,779692,28472448,,,0.000676,44.6836,0.065296,7.59265,,,270.656,6.03357,,,13.2175,4.31078,,
85,4,0.05,779692,28472448,,,0.000786,45.3924,0.061387,5.78381,,,265.872,6.22485,,,12.0924,4.18811,,
86,4,0.05,779692,28472448,,,0.000779,46.0387,0.068191,9.4502,,,262.677,6.09919,,,13.8107,4.31476,,
87,4,0.05,779692,28472448,,,0.001678,106.09,0.352009,53.6932,,,295.188,87.9966,,,90.4601,79.3136,,
88,4,0.05,779692,28472448,,,0.000587,44.5972,0.087331,8.38795,,,262.37,5.91676,,,13.8926,4.36662,,
89,4,0.05,779692,28472448,,,0.001204,65.5387,0.102787,53.6835,,,275.401,17.3588,,,16.8055,14.4693,,
90,4,0.05,779692,28472448,,,0.001653,58.7708,0.148287,56.0991,,,287.999,33.1699,,,30.5353,30.7894,,
91,4,0.05,779692,28472448,,,0.002103,73.3298,0.186196,50.9415,,,298.013,21.4621,,,25.4083,20.3109,,
92,4,0.05,779692,28472448,,,0.001543,58.2137,0.133408,57.3804,,,284.369,22.2371,,,23.3358,20.5294,,
93,4,0.05,779692,28472448,,,0.001738,85.1365,0.266796,50.2386,,,309.313,26.5169,,,32.8395,23.2516,,
94,4,0.05,779692,28472448,,,0.002043,55.0022,0.251826,52.2209,,,314.144,31.4199,,,42.7245,27.6807,,
95,4,0.05,779692,28472448,,,0.000943,89.3255,0.210354,56.8981,,,302.415,32.6715,,,26.7944,29.8725,,
96,4,0.05,779692,28472448,,,0.000768,54.3936,0.074697,60.8926,,,278.903,18.5718,,,18.1236,16.8581,,
97,4,0.05,779692,28472448,,,0.001008,46.0896,0.144099,10.0472,,,300.319,6.31733,,,34.0416,5.04059,,
98,4,0.05,779692,28472448,,,0.001108,55.6137,0.174816,50.413,,,314.457,24.1418,,,32.523,19.3228,,
99,4,0.05,1081746,30527720,,,0.001226,62.1104,0.020347,11.8156,,,252.518,8.03629,,,8.13778,6.39084,,
100,4,0.05,1081746,30527720,,,0.001002,63.2054,0.100581,10.5957,,,266.248,8.13204,,,19.928,6.63071,,
101,4,0.05,1081746,30527720,,,0.000677,63.4483,0.091292,15.5789,,,280.806,12.7352,,,24.1019,11.1432,,
102,4,0.05,1081746,30527720,,,0.000907,61.4738,0.190943,13.6252,,,289.21,8.8639,,,44.5789,6.47419,,
103,4,0.05,1081746,30527720,,,0.000753,63.4695,0.018935,12.7641,,,255.714,8.23417,,,8.7425,5.54767,,
104,4,0.05,1081746,30527720,,,0.000724,63.5809,0.059074,8.51267,,,268.706,8.76676,,,12.9916,6.29713,,
105,4,0.05,1081746,30527720,,,0.000773,63.4256,0.05755,9.5299,,,264.458,8.35603,,,13.5922,5.73395,,
106,4,0.05,1081746,30527720,,,0.000824,64.5856,0.065685,10.4787,,,260.92,8.6664,,,13.1363,6.73717,,
107,4,0.05,1081746,30527720,,,0.000949,62.9251,0.062649,12.761,,,261.133,8.21704,,,12.0697,5.55788,,
108,4,0.05,1081746,30527720,,,0.000694,62.4572,0.067492,9.21904,,,263.414,8.57464,,,12.9536,6.47944,,
109,4,0.05,1081746,30527720,,,0.001395,74.7093,0.132295,58.8836,,,291.754,24.2691,,,27.3492,23.7329,,
110,4,0.05,1081746,30527720,,,0.001793,60.6366,0.282714,10.3155,,,318.065,8.85924,,,102.947,7.09737,,
111,4,0.05,1081746,30527720,,,0.001588,84.2636,0.073264,56.7143,,,274.476,25.8554,,,15.9169,21.465,,
112,4,0.05,1081746,30527720,,,0.0016,73.3103,0.057672,62.066,,,284.979,26.6121,,,15.4726,23.2553,,
113,4,0.05,1081746,30527720,,,0.001408,83.1209,0.209411,46.2098,,,310.002,25.7722,,,32.0199,22.4272,,
114,4,0.05,1081746,30527720,,,0.001334,84.8083,0.078405,56.627,,,277.843,27.3213,,,15.4545,23.3369,,
115,4,0.05,1081746,30527720,,,0.001499,73.7374,0.103175,67.3413,,,292.911,34.6345,,,22.0345,29.2134,,
116,4,0.05,1081746,30527720,,,0.001584,83.5911,0.32995,33.2101,,,350.404,26.6739,,,49.9293,24.918,,
117,4,0.05,1081746,30527720,,,0.001983,91.6895,0.172594,56.2153,,,304.489,32.9888,,,27.3328,28.8238,,
118,4,0.05,1081746,30527720,,,0.001532,83.9769,0.11094,59.5113,,,292.997,27.7158,,,19.9525,26.6082,,
39,4,0.1,7357847,61213573,,,0.000993,296.563,0.009481,60.4186,,,249.699,34.4793,,,4.6156,31.4839,,
40,4,0.1,7357847,61213573,,,0.000956,291.871,0.015725,81.1179,,,254.891,35.1113,,,6.52663,34.3193,,
41,4,0.1,7357847,61213573,,,0.001428,285.613,0.052706,84.4118,,,262.566,49.8704,,,12.9299,36.1478,,
42,4,0.1,7357847,61213573,,,0.0009,283.866,0.020983,63.5039,,,258.081,50.749,,,7.74057,33.5527,,
43,4,0.1,7357847,61213573,,,0.000929,282.003,0.015519,80.0412,,,257.283,54.4769,,,8.10284,39.649,,
44,4,0.1,7357847,61213573,,,0.000674,287.366,0.055291,69.4099,,,262.316,51.7792,,,11.3183,36.4714,,
45,4,0.1,7357847,61213573,,,0.000735,284.639,0.066432,76.6761,,,264.485,50.3828,,,11.5685,36.656,,
46,4,0.1,7357847,61213573,,,0.000701,285.038,0.055579,84.4472,,,257.861,48.497,,,11.1243,35.2742,,
47,4,0.1,7357847,61213573,,,0.000787,293.094,0.052787,71.7765,,,266.211,68.0231,,,11.9732,61.7739,,
48,4,0.1,7357847,61213573,,,0.000571,285.379,0.043004,48.5345,,,256.0,51.2296,,,8.8831,35.2165,,
49,4,0.1,7357847,61213573,,,0.001463,368.682,0.060271,190.929,,,269.667,138.86,,,17.7606,133.996,,
50,4,0.1,7357847,61213573,,,0.001586,365.475,0.097646,150.43,,,278.2,119.87,,,20.5295,117.6,,
51,4,0.1,7357847,61213573,,,0.001348,387.703,0.032602,209.794,,,260.734,135.637,,,14.7311,136.692,,
52,4,0.1,7357847,61213573,,,0.001431,344.304,0.140367,94.0566,,,293.957,71.11,,,30.2909,73.6449,,
53,4,0.1,7357847,61213573,,,0.001598,380.259,0.099474,193.45,,,275.306,139.129,,,22.0906,140.765,,
54,4,0.1,7357847,61213573,,,0.001003,392.17,0.051609,228.934,,,274.34,154.075,,,15.9333,145.163,,
55,4,0.1,7357847,61213573,,,0.001815,323.744,0.085953,173.899,,,292.448,129.104,,,24.8229,121.595,,
56,4,0.1,7357847,61213573,,,0.001944,357.587,0.104221,213.04,,,284.474,137.391,,,22.0504,156.052,,
57,4,0.1,7357847,61213573,,,0.001343,403.387,0.084689,212.244,,,271.271,218.691,,,14.8982,198.567,,
58,4,0.1,7357847,61213573,,,0.001843,407.813,0.06683,227.778,,,263.727,210.887,,,13.9371,193.544,,
59,4,0.1,5113065,55849231,,,0.001627,224.212,0.008907,46.3875,,,250.233,23.3452,,,4.96132,22.5976,,
60,4,0.1,5113065,55849231,,,0.001235,221.257,0.008544,63.3132,,,250.512,24.3828,,,4.62427,23.8139,,
61,4,0.1,5113065,55849231,,,0.001162,218.222,0.014103,61.9508,,,245.772,37.6033,,,5.04355,35.6664,,
62,4,0.1,5113065,55849231,,,0.001186,215.079,0.012184,50.516,,,244.578,35.5061,,,5.14113,33.511,,
63,4,0.1,5113065,55849231,,,0.002166,213.742,0.158646,59.4811,,,272.057,35.9507,,,25.9152,33.4877,,
64,4,0.1,5113065,55849231,,,0.001861,225.157,0.209823,45.142,,,288.167,45.0011,,,45.8083,40.9706,,
65,4,0.1,5113065,55849231,,,0.001218,219.574,0.05694,42.9461,,,257.538,35.3872,,,11.2638,26.1079,,
66,4,0.1,5113065,55849231,,,0.001379,218.995,0.050472,45.9397,,,255.031,34.9159,,,11.3464,24.6773,,
67,4,0.1,5113065,55849231,,,0.002056,227.452,0.056388,53.9598,,,256.998,41.3445,,,11.8635,30.983,,
68,4,0.1,5113065,55849231,,,0.001557,218.558,0.06883,41.1249,,,258.078,39.0168,,,12.5205,31.5592,,
69,4,0.1,5113065,55849231,,,0.002077,254.843,0.186577,90.9952,,,305.119,60.5725,,,26.5717,55.2102,,
70,4,0.1,5113065,55849231,,,0.001719,232.391,0.136905,107.533,,,297.954,67.5586,,,27.9646,67.3038,,
71,4,0.1,5113065,55849231,,,0.002207,256.771,0.100885,154.387,,,296.161,92.7879,,,32.6868,87.8431,,
72,4,0.1,5113065,55849231,,,0.002133,262.114,0.063386,183.051,,,282.818,101.346,,,24.3744,102.09,,
73,4,0.1,5113065,55849231,,,0.001493,297.292,0.077064,175.635,,,293.431,125.179,,,29.4459,113.803,,
74,4,0.1,5113065,55849231,,,0.001619,261.681,0.078386,129.076,,,275.673,80.9687,,,15.4667,71.9999,,
75,4,0.1,5113065,55849231,,,0.001575,261.59,0.087779,135.152,,,287.406,84.4995,,,24.3678,75.5184,,
76,4,0.1,5113065,55849231,,,0.006056,274.187,0.088211,151.504,,,302.731,122.295,,,27.0698,114.053,,
77,4,0.1,5113065,55849231,,,0.00127,250.867,0.025331,177.105,,,267.947,102.43,,,13.0775,87.5644,,
78,4,0.1,5113065,55849231,,,0.00241,271.825,0.060214,157.217,,,280.841,101.988,,,15.875,92.7578,,
79,4,0.1,1559390,56828994,,,0.001542,96.0118,0.022472,13.9747,,,249.513,12.0113,,,8.399,8.54229,,
80,4,0.1,1559390,56828994,,,0.001153,95.2551,0.02271,16.555,,,251.21,12.1447,,,8.36449,9.09511,,
81,4,0.1,1559390,56828994,,,0.000754,95.2519,0.023306,14.7285,,,251.672,12.1993,,,9.22781,8.83599,,
82,4,0.1,1559390,56828994,,,0.000841,94.8007,0.026339,14.4895,,,252.96,12.1473,,,9.40362,9.19744,,
83,4,0.1,1559390,56828994,,,0.000762,95.1815,0.026825,17.2984,,,257.21,12.4267,,,9.67133,8.66368,,
84,4,0.1,1559390,56828994,,,0.000913,95.8629,0.065209,19.1571,,,269.149,12.0155,,,12.4304,8.65878,,
85,4,0.1,1559390,56828994,,,0.001094,96.497,0.055486,19.1805,,,259.769,11.8684,,,12.0253,8.59873,,
86,4,0.1,1559390,56828994,,,0.000919,95.5556,0.06671,19.2321,,,263.921,12.2289,,,13.3116,8.88778,,
87,4,0.1,1559390,56828994,,,0.001307,222.307,0.334411,102.867,,,294.77,169.408,,,71.0634,167.659,,
88,4,0.1,1559390,56828994,,,0.000745,97.2899,0.07763,13.4749,,,262.869,12.229,,,13.988,8.95158,,
89,4,0.1,1559390,56828994,,,0.001428,133.578,0.084044,101.473,,,274.396,33.0399,,,16.8558,29.7398,,
90,4,0.1,1559390,56828994,,,0.001851,117.585,0.125769,118.145,,,297.633,65.7838,,,29.0842,55.588,,
91,4,0.1,1559390,56828994,,,0.001329,139.591,0.09774,104.207,,,291.498,42.1084,,,17.6742,36.662,,
92,4,0.1,1559390,56828994,,,0.001655,111.569,0.104481,117.234,,,287.657,49.05,,,19.986,43.1476,,
93,4,0.1,1559390,56828994,,,0.001387,164.123,0.280363,90.9043,,,329.88,62.8727,,,39.0508,56.8441,,
94,4,0.1,1559390,56828994,,,0.002357,109.362,0.252167,109.153,,,322.955,63.8404,,,42.643,54.6027,,
95,4,0.1,1559390,56828994,,,0.001592,174.938,0.14508,112.46,,,297.7,66.9729,,,28.3496,61.7434,,
96,4,0.1,1559390,56828994,,,0.001482,106.794,0.062041,121.605,,,275.799,45.4625,,,15.8523,37.8026,,
97,4,0.1,1559390,56828994,,,0.001604,92.0347,0.129158,18.9172,,,304.739,12.3991,,,29.7993,9.11832,,
98,4,0.1,1559390,56828994,,,0.002009,106.735,0.127945,101.725,,,302.057,44.2918,,,27.6922,39.8419,,
99,4,0.1,2163974,60632560,,,0.00108,122.008,0.020768,16.1575,,,259.992,16.201,,,7.48937,11.2596,,
100,4,0.1,2163974,60632560,,,0.00154,119.39,0.116816,21.9702,,,264.632,16.2038,,,20.3321,12.43,,
101,4,0.1,2163974,60632560,,,0.000962,121.857,0.110047,25.7094,,,267.765,28.6467,,,16.6811,22.2101,,
102,4,0.1,2163974,60632560,,,0.001305,121.713,0.183204,24.8006,,,275.41,17.7109,,,41.8854,13.8584,,
103,4,0.1,2163974,60632560,,,0.00106,121.912,0.018162,23.6793,,,249.551,16.4209,,,8.2986,12.2132,,
104,4,0.1,2163974,60632560,,,0.001075,121.314,0.063831,18.1582,,,262.924,17.3094,,,13.2691,13.1234,,
105,4,0.1,2163974,60632560,,,0.000881,121.808,0.062138,20.821,,,256.813,16.8316,,,11.902,12.1184,,
106,4,0.1,2163974,60632560,,,0.00095,125.68,0.066947,21.9577,,,260.368,17.4856,,,12.7424,12.6738,,
107,4,0.1,2163974,60632560,,,0.001109,121.511,0.077383,25.0005,,,269.573,16.7119,,,12.3513,12.6002,,
108,4,0.1,2163974,60632560,,,0.001367,122.405,0.069105,18.9855,,,261.009,17.4006,,,14.4196,12.671,,
109,4,0.1,2163974,60632560,,,0.001963,145.674,0.12434,119.166,,,287.28,50.1096,,,24.8786,46.1236,,
110,4,0.1,2163974,60632560,,,0.001686,122.948,0.230753,20.6289,,,299.263,18.3442,,,62.9272,13.233,,
111,4,0.1,2163974,60632560,,,0.002025,164.715,0.0794,113.745,,,270.334,51.2098,,,16.0921,43.3244,,
112,4,0.1,2163974,60632560,,,0.002199,139.742,0.06684,120.871,,,277.994,51.9771,,,15.4337,43.2412,,
113,4,0.1,2163974,60632560,,,0.001718,161.533,0.287387,92.0223,,,324.236,56.8606,,,36.2192,46.8358,,
114,4,0.1,2163974,60632560,,,0.001458,167.675,0.075016,113.547,,,278.324,55.1064,,,15.9924,47.4327,,
115,4,0.1,2163974,60632560,,,0.001688,142.294,0.11047,129.871,,,291.637,60.6812,,,19.854,51.9599,,
116,4,0.1,2163974,60632560,,,0.002002,157.545,0.3729,61.538,,,382.853,47.2019,,,56.1813,43.2455,,
117,4,0.1,2163974,60632560,,,0.002012,181.791,0.150976,111.988,,,304.367,59.999,,,25.2464,51.7032,,
118,4,0.1,2163974,60632560,,,0.001667,169.026,0.154802,126.708,,,294.273,52.0326,,,21.0396,52.5745,,
39,4,0.2,14716948,122165475,,,0.001212,598.539,0.011154,122.861,,,253.318,67.6098,,,5.04985,66.0178,,
40,4,0.2,14716948,122165475,,,0.001423,592.749,0.011011,168.226,,,247.727,67.5813,,,4.87445,65.4283,,
41,4,0.2,14716948,122165475,,,0.001297,591.09,0.080396,171.595,,,255.866,91.6025,,,14.8675,72.2734,,
42,4,0.2,14716948,122165475,,,0.001367,594.059,0.011424,145.286,,,245.515,66.5306,,,5.03858,66.9987,,
43,4,0.2,14716948,122165475,,,0.001752,569.422,0.020492,162.605,,,251.161,113.599,,,8.66711,95.5242,,
44,4,0.2,14716948,122165475,,,0.001759,574.384,0.061153,145.615,,,257.713,97.4348,,,11.8491,74.812,,
45,4,0.2,14716948,122165475,,,0.001026,572.495,0.06396,162.334,,,258.109,98.3586,,,11.7264,67.1281,,
46,4,0.2,14716948,122165475,,,0.000952,578.769,0.066892,140.174,,,256.718,93.509,,,11.4103,75.1803,,
47,4,0.2,14716948,122165475,,,0.001288,612.577,0.066482,132.339,,,257.257,115.023,,,11.9694,93.522,,
48,4,0.2,14716948,122165475,,,0.000932,592.225,0.04541,102.121,,,255.914,98.9684,,,9.17855,71.0402,,
49,4,0.2,14716948,122165475,,,0.00149,767.241,0.025401,452.528,,,267.209,277.184,,,14.5761,262.977,,
50,4,0.2,14716948,122165475,,,0.001343,728.984,0.055215,349.103,,,275.512,256.307,,,15.499,235.075,,
51,4,0.2,14716948,122165475,,,0.001598,741.739,0.039294,425.641,,,272.55,278.423,,,14.5015,265.37,,
52,4,0.2,14716948,122165475,,,0.001548,664.421,0.121091,161.602,,,297.796,114.854,,,26.8039,115.1,,
53,4,0.2,14716948,122165475,,,0.001364,733.392,0.094648,420.72,,,279.842,284.235,,,20.9581,285.067,,
54,4,0.2,14716948,122165475,,,0.001202,784.998,0.042527,437.253,,,274.287,283.503,,,15.7638,267.247,,
55,4,0.2,14716948,122165475,,,0.001554,656.512,0.127676,275.735,,,290.137,229.873,,,26.3443,223.693,,
56,4,0.2,14716948,122165475,,,0.001471,719.607,0.071698,383.974,,,269.231,258.346,,,18.1433,250.91,,
57,4,0.2,14716948,122165475,,,0.001367,818.573,0.093835,412.384,,,260.285,377.791,,,14.7174,373.801,,
58,4,0.2,14716948,122165475,,,0.001642,791.938,0.072587,436.475,,,254.434,396.789,,,12.9145,374.583,,
59,4,0.2,10226421,111989334,,,0.001639,433.742,0.008839,86.8301,,,246.071,46.7625,,,4.9406,43.8108,,
60,4,0.2,10226421,111989334,,,0.001154,436.199,0.010107,119.124,,,248.919,50.1116,,,5.26263,48.1136,,
61,4,0.2,10226421,111989334,,,0.000985,431.854,0.015675,114.229,,,252.109,76.5871,,,5.07235,70.5563,,
62,4,0.2,10226421,111989334,,,0.001,428.072,0.013673,120.993,,,252.651,71.1461,,,5.02626,67.8792,,
63,4,0.2,10226421,111989334,,,0.001774,431.873,0.177346,99.8571,,,276.928,68.4354,,,29.062,63.0172,,
64,4,0.2,10226421,111989334,,,0.001656,440.827,0.226153,99.3305,,,298.275,91.8996,,,61.8228,79.2352,,
65,4,0.2,10226421,111989334,,,0.000927,449.581,0.066765,87.3432,,,263.262,69.5004,,,12.3353,47.7222,,
66,4,0.2,10226421,111989334,,,0.001355,447.191,0.061183,72.8696,,,264.928,72.9663,,,11.2912,49.6481,,
67,4,0.2,10226421,111989334,,,0.000989,448.803,0.061326,94.6362,,,265.477,80.634,,,11.8321,64.1556,,
68,4,0.2,10226421,111989334,,,0.001076,454.197,0.061324,83.9032,,,266.992,76.9217,,,12.596,59.4731,,
69,4,0.2,10226421,111989334,,,0.002084,522.675,0.165577,181.571,,,309.145,117.623,,,25.0477,114.488,,
70,4,0.2,10226421,111989334,,,0.002773,465.289,0.153162,183.828,,,291.77,111.726,,,28.2922,106.105,,
71,4,0.2,10226421,111989334,,,0.002759,507.931,0.103123,326.284,,,288.405,187.283,,,31.6681,177.707,,
72,4,0.2,10226421,111989334,,,0.002577,517.663,0.123816,300.012,,,282.988,193.865,,,25.1009,182.203,,
73,4,0.2,10226421,111989334,,,0.001947,580.483,0.086362,343.579,,,287.894,230.013,,,31.4655,238.918,,
74,4,0.2,10226421,111989334,,,0.001404,500.251,0.069578,250.963,,,270.233,154.549,,,16.7367,148.819,,
75,4,0.2,10226421,111989334,,,0.002037,500.928,0.095222,264.074,,,284.927,156.172,,,24.9471,156.696,,
76,4,0.2,10226421,111989334,,,0.001695,540.308,0.101127,319.221,,,278.917,259.62,,,26.0569,259.434,,
77,4,0.2,10226421,111989334,,,0.001208,492.072,0.022856,359.642,,,260.043,199.038,,,13.1123,185.171,,
78,4,0.2,10226421,111989334,,,0.001398,554.261,0.06534,319.623,,,277.923,209.802,,,16.3542,197.408,,
79,4,0.2,3117975,113830909,,,0.001471,188.761,0.021171,31.8125,,,259.761,24.0998,,,9.29287,17.1191,,
80,4,0.2,3117975,113830909,,,0.001127,188.345,0.019392,33.9676,,,253.153,19.0,,,5.08735,18.3389,,
81,4,0.2,3117975,113830909,,,0.001116,185.064,0.022932,27.1948,,,259.546,24.0545,,,9.72938,18.3089,,
82,4,0.2,3117975,113830909,,,0.000918,190.636,0.026591,31.4824,,,260.275,23.6273,,,9.65551,17.9578,,
83,4,0.2,3117975,113830909,,,0.001463,189.032,0.029591,32.8775,,,262.7,24.5321,,,10.1574,18.1458,,
84,4,0.2,3117975,113830909,,,0.000994,190.061,0.059149,38.4842,,,269.89,24.2836,,,13.3488,18.713,,
85,4,0.2,3117975,113830909,,,0.001133,190.264,0.057249,39.3957,,,268.687,24.3628,,,12.8691,17.5198,,
86,4,0.2,3117975,113830909,,,0.001027,189.703,0.060527,36.7131,,,272.328,24.173,,,13.5129,18.1525,,
87,4,0.2,3117975,113830909,,,0.001634,441.611,0.334983,203.457,,,304.402,345.13,,,75.9438,360.408,,
88,4,0.2,3117975,113830909,,,0.001286,182.939,0.070237,26.8664,,,264.652,24.444,,,14.7098,18.3235,,
89,4,0.2,3117975,113830909,,,0.001258,253.347,0.085941,204.372,,,272.874,65.7541,,,17.7782,60.1396,,
90,4,0.2,3117975,113830909,,,0.001534,222.829,0.139185,235.023,,,290.577,130.023,,,30.1214,127.934,,
91,4,0.2,3117975,113830909,,,0.001307,273.207,0.079969,212.875,,,270.7,67.5543,,,18.5496,63.9606,,
92,4,0.2,3117975,113830909,,,0.001592,216.288,0.107321,236.269,,,281.96,91.3329,,,22.4548,88.0457,,
93,4,0.2,3117975,113830909,,,0.001254,317.423,0.236204,192.396,,,312.722,138.367,,,39.5165,134.794,,
94,4,0.2,3117975,113830909,,,0.001703,220.408,0.25429,218.391,,,307.757,117.621,,,41.0101,113.51,,
95,4,0.2,3117975,113830909,,,0.001486,351.471,0.190164,223.936,,,299.589,141.529,,,31.1493,127.104,,
96,4,0.2,3117975,113830909,,,0.001503,210.958,0.043808,244.297,,,277.633,83.4202,,,14.879,74.5801,,
97,4,0.2,3117975,113830909,,,0.001687,184.965,0.123893,36.5048,,,298.774,25.0065,,,29.3768,18.8262,,
98,4,0.2,3117975,113830909,,,0.001088,211.38,0.154985,213.295,,,312.121,76.2803,,,30.9076,69.4948,,
99,4,0.2,4330842,121206579,,,0.001141,243.093,0.026725,48.8899,,,261.56,32.9897,,,8.8694,23.1305,,
100,4,0.2,4330842,121206579,,,0.001897,242.571,0.11415,32.8479,,,270.273,32.2143,,,20.6447,23.8233,,
101,4,0.2,4330842,121206579,,,0.001806,250.711,0.086178,64.3321,,,274.651,47.405,,,16.3076,40.023,,
102,4,0.2,4330842,121206579,,,0.001747,251.271,0.213615,49.8208,,,286.047,36.2471,,,35.9158,25.8331,,
103,4,0.2,4330842,121206579,,,0.001375,251.674,0.024041,49.568,,,256.984,32.8847,,,8.17539,24.1787,,
104,4,0.2,4330842,121206579,,,0.001376,255.628,0.070382,37.5297,,,261.797,39.2865,,,12.8609,25.9195,,
105,4,0.2,4330842,121206579,,,0.00099,253.746,0.064198,51.664,,,262.314,32.8119,,,12.3726,22.9243,,
106,4,0.2,4330842,121206579,,,0.001332,251.678,0.08065,52.0953,,,258.594,34.1582,,,12.9527,26.4367,,
107,4,0.2,4330842,121206579,,,0.0013,255.632,0.073656,55.8477,,,259.312,32.694,,,12.6706,23.3186,,
108,4,0.2,4330842,121206579,,,0.001096,256.862,0.076811,39.5385,,,263.054,33.1112,,,13.1248,26.0072,,
109,4,0.2,4330842,121206579,,,0.002188,304.647,0.119142,260.12,,,291.503,101.071,,,25.4281,93.9701,,
110,4,0.2,4330842,121206579,,,0.003144,255.645,0.345382,42.1422,,,319.06,35.6859,,,104.099,27.9083,,
111,4,0.2,4330842,121206579,,,0.001956,329.531,0.087608,261.442,,,269.725,104.454,,,15.6621,91.7377,,
112,4,0.2,4330842,121206579,,,0.001942,281.196,0.075907,254.558,,,275.889,106.297,,,16.02,90.6063,,
113,4,0.2,4330842,121206579,,,0.001711,323.045,0.222508,200.454,,,322.97,91.2503,,,29.9729,82.0284,,
114,4,0.2,4330842,121206579,,,0.001717,334.372,0.143022,230.631,,,303.894,109.519,,,23.783,112.175,,
115,4,0.2,4330842,121206579,,,0.001837,289.803,0.112259,261.992,,,289.03,115.211,,,18.9206,102.294,,
116,4,0.2,4330842,121206579,,,0.002117,313.365,0.411607,139.836,,,380.83,101.582,,,56.86,91.711,,
117,4,0.2,4330842,121206579,,,0.001737,354.708,0.164735,240.726,,,299.864,124.94,,,26.2532,113.008,,
118,4,0.2,4330842,121206579,,,0.001747,332.973,0.157987,245.662,,,285.957,103.461,,,20.616,107.28,,
39,5,0.001,73492,612310,,,0.001139,3.07626,0.01489,0.662477,,,243.9,0.36081,,,6.67553,0.342151,,
40,5,0.001,73492,612310,,,0.000723,3.10631,0.011417,0.899912,,,258.186,0.347641,,,5.009,0.357378,,
41,5,0.001,73492,612310,,,0.000865,2.97999,0.05701,0.894851,,,262.284,0.513562,,,13.8199,0.370075,,
42,5,0.001,73492,612310,,,0.000486,2.8735,0.014097,0.751202,,,255.814,0.51035,,,7.40496,0.347314,,
43,5,0.001,73492,612310,,,0.000501,2.85984,0.013084,0.729252,,,255.774,0.538226,,,7.58705,0.39299,,
44,5,0.001,73492,612310,,,0.000477,2.90553,0.060356,0.777368,,,262.178,0.531867,,,11.8264,0.405201,,
45,5,0.001,73492,612310,,,0.000374,2.85454,0.05425,0.817635,,,265.693,0.541066,,,12.0133,0.40808,,
46,5,0.001,73492,612310,,,0.000351,2.86953,0.059749,0.858367,,,267.179,0.574259,,,11.9826,0.423928,,
47,5,0.001,73492,612310,,,0.000353,2.81306,0.051658,0.709039,,,266.206,0.614204,,,12.3382,0.450684,,
48,5,0.001,73492,612310,,,0.000365,2.95065,0.036486,0.546207,,,261.873,0.553968,,,9.07174,0.408865,,
49,5,0.001,73492,612310,,,0.000759,3.51509,0.052812,2.04363,,,280.194,1.48302,,,17.4221,1.39999,,
50,5,0.001,73492,612310,,,0.000677,3.36127,0.113902,1.59231,,,288.012,1.2948,,,19.9792,1.2463,,
51,5,0.001,73492,612310,,,0.000516,3.67058,0.025407,2.36829,,,268.924,1.44144,,,13.8041,1.35455,,
52,5,0.001,73492,612310,,,0.00085,3.31848,0.151369,0.829431,,,304.779,0.584272,,,31.1508,0.530715,,
53,5,0.001,73492,612310,,,0.00077,3.50394,0.079141,2.16823,,,275.788,1.41914,,,19.5968,1.38665,,
54,5,0.001,73492,612310,,,0.000495,3.76416,0.043818,2.3153,,,270.487,1.64525,,,16.0987,1.38956,,
55,5,0.001,73492,612310,,,0.000713,2.97683,0.09826,1.59497,,,286.618,1.29658,,,25.9327,1.17694,,
56,5,0.001,73492,612310,,,0.000686,3.43855,0.095402,2.08395,,,277.339,1.42616,,,22.0763,1.29943,,
57,5,0.001,73492,612310,,,0.000619,3.9983,0.098715,2.02659,,,263.094,2.07553,,,16.9092,1.85764,,
58,5,0.001,73492,612310,,,0.000605,4.12596,0.05163,2.26998,,,256.0,2.18715,,,12.6679,1.93667,,
59,5,0.001,51073,554946,,,0.000714,2.53278,0.008396,0.486266,,,243.737,0.233752,,,4.60077,0.216767,,
60,5,0.001,51073,554946,,,0.000619,2.52663,0.009104,0.750199,,,244.283,0.280396,,,4.13021,0.22215,,
61,5,0.001,51073,554946,,,0.000327,2.46929,0.014817,0.590848,,,244.87,0.439234,,,5.06354,0.444641,,
62,5,0.001,51073,554946,,,0.00031,2.44541,0.012932,0.613243,,,247.172,0.442484,,,4.53671,0.394324,,
63,5,0.001,51073,554946,,,0.000702,2.43262,0.160639,0.521101,,,277.197,0.390567,,,29.7715,0.327153,,
64,5,0.001,51073,554946,,,0.000697,2.50728,0.170975,0.479791,,,295.691,0.543295,,,48.8706,0.485071,,
65,5,0.001,51073,554946,,,0.000394,2.42049,0.053313,0.446043,,,264.892,0.352912,,,11.2297,0.258463,,
66,5,0.001,51073,554946,,,0.00053,2.41559,0.063323,0.381364,,,266.228,0.392513,,,11.4822,0.266464,,
67,5,0.001,51073,554946,,,0.000322,2.4149,0.056157,0.507706,,,267.909,0.437542,,,12.2533,0.353132,,
68,5,0.001,51073,554946,,,0.00028,2.46113,0.048116,0.631472,,,265.089,0.472143,,,12.5658,0.404362,,
69,5,0.001,51073,554946,,,0.000739,2.68592,0.160635,0.876496,,,309.933,0.627217,,,26.3245,0.509834,,
70,5,0.001,51073,554946,,,0.000769,2.31096,0.134636,0.939905,,,299.018,0.62478,,,28.9703,0.525552,,
71,5,0.001,51073,554946,,,0.000814,2.58665,0.081838,1.69651,,,296.405,1.05374,,,31.5163,1.00806,,
72,5,0.001,51073,554946,,,0.000591,2.88787,0.082669,1.70211,,,287.208,1.09554,,,22.22,0.926394,,
73,5,0.001,51073,554946,,,0.000715,2.97933,0.070718,1.87219,,,292.56,1.34779,,,32.2129,1.29453,,
74,5,0.001,51073,554946,,,0.00063,2.80773,0.050654,1.44326,,,269.636,0.934347,,,15.7821,0.863309,,
75,5,0.001,51073,554946,,,0.000656,2.64784,0.079688,1.40709,,,294.66,0.929698,,,24.4954,0.886402,,
76,5,0.001,51073,554946,,,0.000605,2.80978,0.081145,1.54708,,,278.927,1.36385,,,22.9826,1.21781,,
77,5,0.001,51073,554946,,,0.000391,2.53044,0.015907,1.86658,,,261.741,1.09075,,,12.7327,0.945647,,
78,5,0.001,51073,554946,,,0.000576,2.79207,0.052123,1.66392,,,281.993,1.14202,,,16.7156,0.943689,,
79,5,0.001,15633,565229,,,0.000585,0.988945,0.014725,0.188725,,,251.791,0.130002,,,8.39738,0.10239,,
80,5,0.001,15633,565229,,,0.000381,0.973941,0.015938,0.159665,,,245.951,0.108087,,,4.8079,0.099396,,
81,5,0.001,15633,565229,,,0.000249,0.944865,0.02149,0.132513,,,256.896,0.127772,,,9.65845,0.099758,,
82,5,0.001,15633,565229,,,0.000226,0.903293,0.020141,0.160479,,,251.876,0.133805,,,9.0609,0.092173,,
83,5,0.001,15633,565229,,,0.000205,0.879668,0.021809,0.178797,,,256.709,0.132555,,,10.5209,0.093749,,
84,5,0.001,15633,565229,,,0.00024,0.933118,0.050578,0.190018,,,258.991,0.125972,,,13.4953,0.088105,,
85,5,0.001,15633,565229,,,0.000281,0.983719,0.046988,0.180487,,,265.055,0.134118,,,12.074,0.101215,,
86,5,0.001,15633,565229,,,0.000275,0.989611,0.059005,0.183703,,,270.286,0.13483,,,13.5717,0.090511,,
87,5,0.001,15633,565229,,,0.000579,2.07092,0.333822,1.06839,,,308.249,1.74246,,,75.0758,1.78802,,
88,5,0.001,15633,565229,,,0.000277,0.937424,0.067006,0.17042,,,270.425,0.136064,,,14.4943,0.097964,,
89,5,0.001,15633,565229,,,0.000535,1.3213,0.07261,1.03244,,,279.216,0.385189,,,17.3961,0.30067,,
90,5,0.001,15633,565229,,,0.000622,1.18153,0.102544,1.13006,,,296.953,0.733715,,,28.7676,0.714303,,
91,5,0.001,15633,565229,,,0.000615,1.31221,0.148593,0.938514,,,310.232,0.441599,,,26.2969,0.458698,,
92,5,0.001,15633,565229,,,0.000422,1.02618,0.083209,1.13159,,,294.209,0.54337,,,22.4465,0.472075,,
93,5,0.001,15633,565229,,,0.000425,1.61903,0.215924,0.913562,,,322.479,0.711979,,,37.068,0.669652,,
94,5,0.001,15633,565229,,,0.000825,1.08956,0.201017,1.04676,,,316.849,0.652799,,,41.3635,0.629466,,
95,5,0.001,15633,565229,,,0.000457,1.65219,0.124802,1.07614,,,293.106,0.823768,,,26.7592,0.740663,,
96,5,0.001,15633,565229,,,0.000346,1.00956,0.050857,1.18252,,,277.939,0.398331,,,17.4267,0.329705,,
97,5,0.001,15633,565229,,,0.000471,0.939575,0.130966,0.18368,,,302.01,0.136992,,,33.7803,0.100251,,
98,5,0.001,15633,565229,,,0.000573,1.11147,0.177729,1.06162,,,308.056,0.458582,,,33.7112,0.42885,,
99,5,0.001,21794,614916,,,0.000494,1.20441,0.018445,0.165801,,,248.71,0.172053,,,7.62657,0.152692,,
100,5,0.001,21794,614916,,,0.000677,1.15586,0.126066,0.223732,,,265.16,0.176873,,,22.4623,0.144164,,
101,5,0.001,21794,614916,,,0.000357,1.21659,0.070373,0.191552,,,274.108,0.222338,,,22.4641,0.14207,,
102,5,0.001,21794,614916,,,0.000521,1.20741,0.183883,0.256032,,,273.466,0.192374,,,39.7278,0.139452,,
103,5,0.001,21794,614916,,,0.000274,1.15423,0.012567,0.245276,,,252.072,0.176452,,,8.5238,0.127605,,
104,5,0.001,21794,614916,,,0.000223,1.16771,0.060909,0.16586,,,259.006,0.186016,,,13.7666,0.15197,,
105,5,0.001,21794,614916,,,0.00021,1.18544,0.051228,0.184657,,,262.439,0.171311,,,13.666,0.128997,,
106,5,0.001,21794,614916,,,0.000235,1.28423,0.052864,0.208396,,,263.4,0.183767,,,14.3773,0.139431,,
107,5,0.001,21794,614916,,,0.000237,1.21707,0.062065,0.255963,,,262.479,0.180578,,,13.5226,0.127101,,
108,5,0.001,21794,614916,,,0.000192,1.15844,0.062421,0.255795,,,265.807,0.182601,,,13.9578,0.133062,,
109,5,0.001,21794,614916,,,0.000652,1.4382,0.093068,1.1535,,,290.569,0.543677,,,29.9643,0.507058,,
110,5,0.001,21794,614916,,,0.000738,1.23437,0.292862,0.224203,,,332.26,0.214373,,,117.06,0.167754,,
111,5,0.001,21794,614916,,,0.000475,1.61153,0.059127,1.28768,,,277.816,0.5438,,,16.993,0.473435,,
112,5,0.001,21794,614916,,,0.000471,1.4129,0.056906,1.33686,,,277.56,0.552643,,,16.2025,0.511516,,
113,5,0.001,21794,614916,,,0.000481,1.66267,0.229482,0.957788,,,327.811,0.535779,,,33.6155,0.493198,,
114,5,0.001,21794,614916,,,0.000507,1.68632,0.068694,1.26472,,,282.484,0.569434,,,16.2859,0.496263,,
115,5,0.001,21794,614916,,,0.000476,1.54136,0.10878,1.39954,,,291.582,0.642763,,,20.7996,0.592256,,
116,5,0.001,21794,614916,,,0.000856,1.69131,0.347478,0.725207,,,360.227,0.538143,,,51.2522,0.48779,,
117,5,0.001,21794,614916,,,0.000569,1.91987,0.159822,1.22082,,,299.617,0.70281,,,28.0236,0.658543,,
118,5,0.001,21794,614916,,,0.000395,1.75539,0.110779,1.26508,,,292.943,0.57532,,,21.5908,0.517077,,
39,5,0.005,367628,3069856,,,0.000462,15.4201,0.010399,3.12685,,,243.298,1.7305,,,4.91972,1.72265,,
40,5,0.005,367628,3069856,,,0.000529,14.7905,0.010777,4.48271,,,248.108,1.7134,,,4.79462,1.63417,,
41,5,0.005,367628,3069856,,,0.000678,14.5182,0.054753,3.89952,,,254.519,2.54146,,,13.0395,1.80884,,
42,5,0.005,367628,3069856,,,0.000503,14.3436,0.014561,3.1637,,,251.03,2.56149,,,7.07284,1.59833,,
43,5,0.005,367628,3069856,,,0.000535,14.1148,0.016797,3.2563,,,251.78,2.75551,,,7.69271,2.01016,,
44,5,0.005,367628,3069856,,,0.000466,14.4001,0.048617,3.00257,,,260.261,2.80213,,,12.3139,1.9927,,
45,5,0.005,367628,3069856,,,0.000471,15.0394,0.056781,4.36319,,,258.522,2.61721,,,11.6325,1.93813,,
46,5,0.005,367628,3069856,,,0.000386,14.8345,0.066042,4.48155,,,257.91,2.64026,,,11.9384,2.13223,,
47,5,0.005,367628,3069856,,,0.000385,14.8516,0.049252,4.30701,,,261.819,3.82759,,,12.4787,3.16065,,
48,5,0.005,367628,3069856,,,0.000304,14.7926,0.039901,2.54941,,,257.051,2.61334,,,8.85493,1.85394,,
49,5,0.005,367628,3069856,,,0.00066,18.4016,0.048894,10.2901,,,276.871,7.2397,,,16.0566,6.38945,,
50,5,0.005,367628,3069856,,,0.000681,17.9822,0.113062,7.3989,,,292.93,6.31626,,,20.6169,6.23477,,
51,5,0.005,367628,3069856,,,0.000792,19.526,0.026978,10.4316,,,270.571,7.32397,,,14.5253,6.31399,,
52,5,0.005,367628,3069856,,,0.000997,17.3625,0.121272,5.7532,,,294.493,5.12735,,,26.3001,4.75241,,
53,5,0.005,367628,3069856,,,0.000869,19.266,0.062387,10.076,,,274.311,7.0594,,,18.0015,6.44522,,
54,5,0.005,367628,3069856,,,0.000702,19.3334,0.037072,11.1296,,,275.887,7.8442,,,16.5208,7.5598,,
55,5,0.005,367628,3069856,,,0.000982,15.0038,0.066573,8.71122,,,285.82,6.61742,,,22.864,5.93147,,
56,5,0.005,367628,3069856,,,0.000838,16.8851,0.097369,9.4846,,,286.268,6.99188,,,21.2186,6.30542,,
57,5,0.005,367628,3069856,,,0.000708,20.7464,0.106743,10.2867,,,271.513,9.94057,,,17.4827,8.61304,,
58,5,0.005,367628,3069856,,,0.00072,19.5333,0.066644,11.3722,,,262.532,10.5616,,,13.6154,9.65376,,
59,5,0.005,255453,2803555,,,0.000697,11.564,0.00774,2.35028,,,242.572,1.18522,,,4.53595,1.18457,,
60,5,0.005,255453,2803555,,,0.00057,11.507,0.009524,3.46028,,,241.748,1.27304,,,4.58431,1.1633,,
61,5,0.005,255453,2803555,,,0.000425,10.9184,0.015339,3.12312,,,246.625,2.17401,,,4.68516,2.15119,,
62,5,0.005,255453,2803555,,,0.000459,10.9364,0.013382,2.76672,,,247.787,2.02391,,,4.94261,1.98087,,
63,5,0.005,255453,2803555,,,0.000802,10.8323,0.17453,2.52638,,,276.547,1.70515,,,31.8332,1.6289,,
64,5,0.005,255453,2803555,,,0.000862,11.6163,0.247172,2.11343,,,295.785,2.34946,,,74.7684,2.21431,,
65,5,0.005,255453,2803555,,,0.000557,12.1231,0.067775,2.32754,,,256.813,1.75666,,,11.3079,1.21958,,
66,5,0.005,255453,2803555,,,0.000535,11.5381,0.048686,1.75197,,,259.883,1.89791,,,12.1069,1.32987,,
67,5,0.005,255453,2803555,,,0.00039,11.4673,0.050547,2.39609,,,259.963,2.35909,,,12.519,1.74658,,
68,5,0.005,255453,2803555,,,0.000439,11.4294,0.055931,2.18889,,,263.984,2.19664,,,12.5831,1.77328,,
69,5,0.005,255453,2803555,,,0.00077,13.3031,0.089581,4.59178,,,284.933,3.11931,,,19.075,2.82907,,
70,5,0.005,255453,2803555,,,0.000941,12.1424,0.136711,4.42593,,,298.644,3.0896,,,28.2184,2.77581,,
71,5,0.005,255453,2803555,,,0.001043,13.0756,0.090869,7.9484,,,296.308,5.18083,,,30.9037,4.71805,,
72,5,0.005,255453,2803555,,,0.000788,13.6263,0.081398,7.90656,,,287.518,5.19299,,,21.6051,4.96593,,
73,5,0.005,255453,2803555,,,0.001004,15.6414,0.065626,8.83281,,,292.462,6.56085,,,31.089,5.92392,,
74,5,0.005,255453,2803555,,,0.000738,13.0544,0.05861,6.77858,,,276.927,4.24488,,,15.363,3.78324,,
75,5,0.005,255453,2803555,,,0.000778,12.8014,0.05646,7.15266,,,279.616,4.53044,,,21.6044,4.3159,,
76,5,0.005,255453,2803555,,,0.000776,13.7164,0.093135,8.05827,,,289.168,6.9213,,,25.904,6.20825,,
77,5,0.005,255453,2803555,,,0.000548,12.3568,0.017875,9.72658,,,268.31,5.36423,,,13.1687,4.90509,,
78,5,0.005,255453,2803555,,,0.000612,13.6562,0.053153,8.39299,,,278.441,5.64418,,,16.1958,4.79973,,
79,5,0.005,78214,2851166,,,0.000833,4.65468,0.013898,0.792584,,,255.932,0.583664,,,8.36696,0.472797,,
80,5,0.005,78214,2851166,,,0.000489,4.71498,0.018175,0.736638,,,259.49,0.651114,,,9.05946,0.480114,,
81,5,0.005,78214,2851166,,,0.000328,4.56252,0.021433,0.720009,,,253.325,0.64696,,,10.3372,0.450832,,
82,5,0.005,78214,2851166,,,0.000363,4.71161,0.015588,0.7799,,,247.516,0.484898,,,5.18247,0.442269,,
83,5,0.005,78214,2851166,,,0.000355,4.83033,0.02293,0.851188,,,253.795,0.603743,,,10.2593,0.483713,,
84,5,0.005,78214,2851166,,,0.000403,4.95869,0.056812,0.966404,,,263.846,0.631635,,,14.0309,0.468146,,
85,5,0.005,78214,2851166,,,0.000343,4.97008,0.058155,0.977711,,,258.776,0.595766,,,13.4876,0.447334,,
86,5,0.005,78214,2851166,,,0.000305,4.75251,0.064121,0.984708,,,265.665,0.656153,,,13.8711,0.415445,,
87,5,0.005,78214,2851166,,,0.000759,11.0513,0.349923,5.37903,,,293.222,9.09466,,,76.1531,8.44892,,
88,5,0.005,78214,2851166,,,0.000459,4.58204,0.072428,1.00037,,,263.977,0.844409,,,14.4836,0.466896,,
89,5,0.005,78214,2851166,,,0.000737,6.20906,0.087128,5.13419,,,276.267,1.75798,,,17.8248,1.59692,,
90,5,0.005,78214,2851166,,,0.000924,5.68077,0.145696,6.03172,,,289.169,3.4497,,,31.1453,3.11564,,
91,5,0.005,78214,2851166,,,0.000772,6.60237,0.152323,5.563,,,293.855,2.3689,,,25.9348,2.10141,,
92,5,0.005,78214,2851166,,,0.000662,5.24404,0.105539,5.95312,,,292.705,2.54631,,,21.8606,2.42208,,
93,5,0.005,78214,2851166,,,0.000676,7.75173,0.271891,5.20166,,,318.078,2.90449,,,35.2729,2.76177,,
94,5,0.005,78214,2851166,,,0.000998,5.20649,0.23633,5.71377,,,316.827,2.89319,,,42.6042,2.676,,
95,5,0.005,78214,2851166,,,0.000656,8.45978,0.166573,5.94982,,,294.262,3.71317,,,26.7511,3.39579,,
96,5,0.005,78214,2851166,,,0.000579,5.17156,0.062096,6.67803,,,281.312,2.08544,,,18.2224,1.93092,,
97,5,0.005,78214,2851166,,,0.000731,4.58599,0.130497,0.993539,,,295.752,0.630984,,,31.8913,0.448028,,
98,5,0.005,78214,2851166,,,0.000724,5.46396,0.185239,5.49163,,,317.351,2.22459,,,32.5435,1.86343,,
99,5,0.005,108058,3029696,,,0.000748,6.18514,0.016483,1.35708,,,256.524,0.808339,,,7.3886,0.561987,,
100,5,0.005,108058,3029696,,,0.00083,6.37243,0.098045,1.34976,,,266.896,0.793382,,,17.6866,0.673409,,
101,5,0.005,108058,3029696,,,0.000574,6.2549,0.084603,1.69997,,,276.225,1.29977,,,17.8505,1.13665,,
102,5,0.005,108058,3029696,,,0.000725,6.11686,0.206931,1.42138,,,279.762,0.903123,,,37.3061,0.666394,,
103,5,0.005,108058,3029696,,,0.000454,6.01588,0.01508,1.38807,,,252.161,0.85638,,,8.7446,0.586092,,
104,5,0.005,108058,3029696,,,0.000449,6.18859,0.064419,0.878791,,,262.503,0.886007,,,13.1039,0.627379,,
105,5,0.005,108058,3029696,,,0.000412,5.95322,0.057793,1.00646,,,259.481,0.897145,,,13.1355,0.553094,,
106,5,0.005,108058,3029696,,,0.000386,6.09606,0.069704,1.14759,,,260.85,0.89061,,,13.7125,0.677688,,
107,5,0.005,108058,3029696,,,0.00039,5.88436,0.070033,1.37213,,,259.754,0.825724,,,13.6462,0.617658,,
108,5,0.005,108058,3029696,,,0.000401,5.93284,0.068009,0.995238,,,265.048,0.854526,,,14.1613,0.644035,,
109,5,0.005,108058,3029696,,,0.000909,7.03015,0.13386,6.27703,,,294.445,2.74139,,,26.6322,2.20797,,
110,5,0.005,108058,3029696,,,0.000896,6.01812,0.344884,1.32205,,,327.217,0.917843,,,123.168,0.732026,,
111,5,0.005,108058,3029696,,,0.000698,7.9574,0.068698,6.31008,,,271.868,2.60796,,,16.1988,2.39914,,
112,5,0.005,108058,3029696,,,0.000763,6.78616,0.060667,6.38797,,,271.484,2.70758,,,16.6551,2.30454,,
113,5,0.005,108058,3029696,,,0.000755,7.83147,0.201725,5.05987,,,306.4,2.80722,,,29.8227,2.30602,,
114,5,0.005,108058,3029696,,,0.00064,8.43376,0.073219,6.01553,,,282.406,2.67281,,,15.5554,2.30276,,
115,5,0.005,108058,3029696,,,0.000671,7.62663,0.111726,6.80503,,,293.667,3.73846,,,22.3005,3.32178,,
116,5,0.005,108058,3029696,,,0.001073,8.29663,0.40652,3.33211,,,380.456,2.43363,,,57.5987,2.18281,,
117,5,0.005,108058,3029696,,,0.00073,9.30294,0.165766,5.8733,,,306.352,3.07847,,,26.028,2.63108,,
118,5,0.005,108058,3029696,,,0.000681,8.41589,0.09183,6.17756,,,288.022,2.75499,,,21.0392,2.88845,,
39,5,0.01,735248,6173754,,,0.000758,29.179,0.011333,6.4847,,,254.61,3.49714,,,5.03385,3.16084,,
40,5,0.01,735248,6173754,,,0.000477,28.7377,0.010519,8.38604,,,250.999,3.44245,,,4.5175,3.07126,,
41,5,0.01,735248,6173754,,,0.000707,30.3072,0.046768,8.42,,,264.346,5.01043,,,13.3529,3.76427,,
42,5,0.01,735248,6173754,,,0.000694,29.0171,0.015001,6.79889,,,253.932,5.47513,,,7.24077,3.11208,,
43,5,0.01,735248,6173754,,,0.00037,28.1455,0.013547,7.56772,,,257.593,5.33069,,,7.02297,3.54097,,
44,5,0.01,735248,6173754,,,0.000487,29.3548,0.060178,6.9336,,,260.389,5.26075,,,9.59772,3.65569,,
45,5,0.01,735248,6173754,,,0.000438,29.2133,0.053788,7.73612,,,258.647,5.091,,,10.3709,3.40804,,
46,5,0.01,735248,6173754,,,0.00052,28.3355,0.067175,6.76263,,,257.676,5.05926,,,11.315,3.82914,,
47,5,0.01,735248,6173754,,,0.00046,28.8928,0.052664,8.70505,,,256.671,7.1055,,,11.3339,6.05758,,
48,5,0.01,735248,6173754,,,0.000371,29.7905,0.038589,5.33848,,,255.756,5.24463,,,8.88523,3.37665,,
49,5,0.01,735248,6173754,,,0.001,36.5252,0.05435,21.6287,,,269.675,14.7674,,,15.9309,12.9139,,
50,5,0.01,735248,6173754,,,0.000976,35.3454,0.100038,16.167,,,282.156,12.3102,,,18.9652,10.7278,,
51,5,0.01,735248,6173754,,,0.000896,39.6461,0.051488,23.1009,,,266.082,14.2741,,,16.0474,13.7796,,
52,5,0.01,735248,6173754,,,0.002007,34.5387,0.140824,10.3051,,,294.716,7.51556,,,28.767,7.17682,,
53,5,0.01,735248,6173754,,,0.001236,36.6854,0.077604,21.6024,,,272.809,15.1135,,,18.8204,13.0746,,
54,5,0.01,735248,6173754,,,0.001057,39.3877,0.037222,22.4472,,,266.487,15.7727,,,15.7928,13.7268,,
55,5,0.01,735248,6173754,,,0.001585,31.9099,0.078398,16.8453,,,291.63,13.4161,,,23.8265,11.4503,,
56,5,0.01,735248,6173754,,,0.001412,35.6354,0.113255,15.2807,,,290.81,12.9553,,,22.1951,11.2333,,
57,5,0.01,735248,6173754,,,0.001316,40.297,0.112315,21.1835,,,274.149,19.1873,,,16.2018,16.5324,,
58,5,0.01,735248,6173754,,,0.001221,38.8397,0.060153,22.2728,,,262.116,21.6135,,,12.5461,18.4551,,
59,5,0.01,511014,5612800,,,0.001412,23.7145,0.007855,4.43621,,,248.417,2.30904,,,4.25227,2.06282,,
60,5,0.01,511014,5612800,,,0.000527,23.0193,0.009628,6.93551,,,251.888,2.5302,,,4.14601,2.15349,,
61,5,0.01,511014,5612800,,,0.000413,22.2067,0.023485,6.26117,,,257.82,4.69455,,,8.2915,3.72041,,
62,5,0.01,511014,5612800,,,0.000455,21.3486,0.012534,5.27393,,,255.138,3.76466,,,4.77608,3.42615,,
63,5,0.01,511014,5612800,,,0.001373,22.2467,0.160879,5.39895,,,281.31,3.52806,,,29.5208,3.08638,,
64,5,0.01,511014,5612800,,,0.00096,23.8371,0.195102,5.01911,,,299.742,6.25533,,,54.5646,4.15934,,
65,5,0.01,511014,5612800,,,0.000477,22.5054,0.054454,5.07104,,,270.472,3.8647,,,11.271,2.65192,,
66,5,0.01,511014,5612800,,,0.000489,22.1764,0.054926,4.87875,,,256.94,3.70068,,,11.5009,2.5799,,
67,5,0.01,511014,5612800,,,0.00053,22.556,0.066061,7.25552,,,257.089,4.17112,,,12.2152,3.32808,,
68,5,0.01,511014,5612800,,,0.000449,23.3878,0.087618,4.50132,,,263.648,3.99856,,,11.4795,3.03157,,
69,5,0.01,511014,5612800,,,0.000991,26.9541,0.179449,10.1058,,,299.396,6.13303,,,24.8387,5.86891,,
70,5,0.01,511014,5612800,,,0.001583,23.3116,0.146069,10.0634,,,293.584,6.42528,,,26.0451,5.68729,,
71,5,0.01,511014,5612800,,,0.001502,26.4887,0.096896,17.0958,,,297.987,10.0662,,,33.2487,8.95446,,
72,5,0.01,511014,5612800,,,0.000964,28.0511,0.086499,17.1346,,,271.502,9.87699,,,18.7151,8.74443,,
73,5,0.01,511014,5612800,,,0.001239,30.9596,0.080339,18.4384,,,286.976,12.7056,,,30.0048,12.4856,,
74,5,0.01,511014,5612800,,,0.001009,25.4544,0.056535,14.1426,,,267.262,9.19762,,,14.8617,7.69927,,
75,5,0.01,511014,5612800,,,0.001024,26.4655,0.063138,14.1117,,,274.12,8.74582,,,19.9304,7.63548,,
76,5,0.01,511014,5612800,,,0.001053,27.9239,0.103557,15.9637,,,277.575,12.8487,,,20.9911,11.164,,
77,5,0.01,511014,5612800,,,0.000718,25.1638,0.01612,19.369,,,266.466,10.4766,,,12.7382,9.79747,,
78,5,0.01,511014,5612800,,,0.001497,27.1106,0.057925,17.024,,,275.44,11.228,,,16.2278,9.2145,,
79,5,0.01,155511,5592108,,,0.000673,9.50638,0.018858,1.82515,,,254.68,1.20516,,,8.11346,0.84225,,
80,5,0.01,155511,5592108,,,0.00061,8.86192,0.018613,1.79482,,,257.469,1.21545,,,8.53733,0.882542,,
81,5,0.01,155511,5592108,,,0.000538,9.66082,0.021434,1.43736,,,260.054,1.21378,,,9.02277,0.841949,,
82,5,0.01,155511,5592108,,,0.000535,9.69672,0.016727,1.68637,,,255.187,0.977782,,,4.94806,0.884261,,
83,5,0.01,155511,5592108,,,0.000407,9.41273,0.023242,1.657,,,260.839,1.2295,,,9.69689,0.836494,,
84,5,0.01,155511,5592108,,,0.000413,9.15253,0.059205,2.11541,,,269.175,1.2108,,,13.1572,0.853705,,
85,5,0.01,155511,5592108,,,0.000479,9.31204,0.057044,2.07995,,,264.476,1.19596,,,13.3848,0.80926,,
86,5,0.01,155511,5592108,,,0.000384,9.09879,0.072317,2.04402,,,270.249,1.23904,,,13.9247,0.914769,,
87,5,0.01,155511,5592108,,,0.000933,21.6375,0.408728,10.8432,,,302.629,17.7615,,,90.9331,17.0127,,
88,5,0.01,155511,5592108,,,0.000415,9.05096,0.073279,1.6613,,,262.569,1.22709,,,15.0742,0.961691,,
89,5,0.01,155511,5592108,,,0.000687,12.4479,0.082209,10.7001,,,273.603,3.38082,,,18.9214,3.21435,,
90,5,0.01,155511,5592108,,,0.001315,11.8155,0.106885,12.1484,,,281.827,6.62189,,,27.9287,6.51643,,
91,5,0.01,155511,5592108,,,0.000987,13.8092,0.14392,11.3733,,,293.123,3.75994,,,23.2443,3.31934,,
92,5,0.01,155511,5592108,,,0.000706,10.5092,0.124696,12.5679,,,283.857,5.19404,,,23.1174,4.99774,,
93,5,0.01,155511,5592108,,,0.000756,16.0119,0.279349,10.1508,,,309.762,5.45493,,,35.692,5.22943,,
94,5,0.01,155511,5592108,,,0.001242,11.0575,0.289392,11.3588,,,308.996,5.75403,,,41.6977,5.03474,,
95,5,0.01,155511,5592108,,,0.000747,17.6948,0.151298,10.8811,,,290.199,6.54925,,,24.8685,5.86744,,
96,5,0.01,155511,5592108,,,0.000665,10.6508,0.054808,12.2639,,,277.278,3.87366,,,16.7346,3.32182,,
97,5,0.01,155511,5592108,,,0.000759,9.36378,0.114888,1.71521,,,298.873,1.28698,,,31.3344,0.903484,,
98,5,0.01,155511,5592108,,,0.000972,11.0839,0.175591,9.81739,,,315.448,4.08386,,,30.2423,3.44571,,
99,5,0.01,216185,6059208,,,0.001098,13.0361,0.017959,1.67739,,,259.623,1.63634,,,7.46242,1.20284,,
100,5,0.01,216185,6059208,,,0.001,12.7206,0.089503,2.27613,,,267.466,1.62469,,,17.5864,1.21442,,
101,5,0.01,216185,6059208,,,0.000538,12.2594,0.076159,3.0792,,,280.726,2.62932,,,17.0873,2.13473,,
102,5,0.01,216185,6059208,,,0.000707,11.6915,0.189087,2.4752,,,282.41,1.79549,,,39.5335,1.28653,,
103,5,0.01,216185,6059208,,,0.00047,11.8285,0.01407,2.39503,,,258.13,1.67844,,,8.33948,1.12143,,
104,5,0.01,216185,6059208,,,0.00043,12.0922,0.052839,1.60164,,,265.944,1.7496,,,12.7359,1.26542,,
105,5,0.01,216185,6059208,,,0.000465,12.0038,0.053189,1.95197,,,267.745,1.69145,,,12.6441,1.13459,,
106,5,0.01,216185,6059208,,,0.000825,12.9617,0.069211,4.11306,,,267.643,1.76053,,,13.091,1.3673,,
107,5,0.01,216185,6059208,,,0.000715,12.8173,0.066775,2.70146,,,270.431,1.70427,,,12.6534,1.14591,,
108,5,0.01,216185,6059208,,,0.000762,12.0933,0.065921,1.84796,,,261.816,1.78212,,,13.3637,1.28148,,
109,5,0.01,216185,6059208,,,0.001736,14.4949,0.103289,11.2718,,,290.08,5.04288,,,26.8195,4.26136,,
110,5,0.01,216185,6059208,,,0.001408,11.8458,0.238345,1.811,,,309.053,1.76021,,,81.6864,1.34874,,
111,5,0.01,216185,6059208,,,0.000905,16.6359,0.061099,11.5592,,,272.125,5.18633,,,15.6605,4.35055,,
112,5,0.01,216185,6059208,,,0.000819,13.9029,0.051739,11.7682,,,267.186,5.24014,,,15.4072,4.32431,,
113,5,0.01,216185,6059208,,,0.000689,16.9218,0.216828,9.49431,,,305.166,5.18111,,,28.8472,4.4703,,
114,5,0.01,216185,6059208,,,0.001203,17.6207,0.108743,11.5993,,,289.328,5.41501,,,20.8234,4.74958,,
115,5,0.01,216185,6059208,,,0.001035,14.4648,0.083883,12.3929,,,281.133,6.69928,,,20.0085,5.58549,,
116,5,0.01,216185,6059208,,,0.001349,15.4844,0.379996,6.44693,,,361.21,5.21162,,,53.2825,4.46345,,
117,5,0.01,216185,6059208,,,0.000927,17.4953,0.153173,10.5411,,,307.889,6.70652,,,26.4938,5.50265,,
118,5,0.01,216185,6059208,,,0.000962,16.4819,0.117607,12.0795,,,293.025,5.39336,,,19.9515,5.175,,
39,5,0.05,3679419,30601953,,,0.001479,150.327,0.010805,29.4378,,,251.163,17.243,,,4.54081,16.3679,,
40,5,0.05,3679419,30601953,,,0.000919,149.388,0.011123,41.3571,,,251.356,17.1137,,,4.90534,16.7314,,
41,5,0.05,3679419,30601953,,,0.001003,148.93,0.050955,39.588,,,262.273,24.9696,,,13.4717,16.8545,,
42,5,0.05,3679419,30601953,,,0.000765,147.046,0.016901,35.6645,,,257.77,25.4238,,,7.25893,16.8854,,
43,5,0.05,3679419,30601953,,,0.00062,144.9,0.015199,34.4565,,,254.22,26.0273,,,7.03217,18.7511,,
44,5,0.05,3679419,30601953,,,0.00063,142.223,0.048175,31.3685,,,264.495,26.1935,,,11.0393,18.0447,,
45,5,0.05,3679419,30601953,,,0.000661,143.758,0.057882,39.8488,,,262.409,25.8472,,,10.944,17.6375,,
46,5,0.05,3679419,30601953,,,0.000749,142.507,0.062444,28.8552,,,266.342,35.5678,,,9.04981,23.4044,,
47,5,0.05,3679419,30601953,,,0.000599,147.425,0.051972,35.9779,,,256.14,30.4436,,,12.168,23.4333,,
48,5,0.05,3679419,30601953,,,0.000945,143.793,0.041064,25.0596,,,256.498,27.3636,,,8.7271,16.9257,,
49,5,0.05,3679419,30601953,,,0.001361,185.222,0.051538,104.927,,,282.684,69.5208,,,16.8657,64.1058,,
50,5,0.05,3679419,30601953,,,0.001165,175.456,0.091407,77.05,,,281.413,60.5087,,,18.8117,54.159,,
51,5,0.05,3679419,30601953,,,0.00102,184.023,0.03485,102.265,,,260.827,69.5298,,,13.6864,65.0345,,
52,5,0.05,3679419,30601953,,,0.001174,166.113,0.133683,38.2869,,,287.775,28.6712,,,28.5141,26.1003,,
53,5,0.05,3679419,30601953,,,0.000835,184.184,0.060587,102.316,,,266.428,67.2614,,,17.1503,65.0776,,
54,5,0.05,3679419,30601953,,,0.001189,188.701,0.039226,110.113,,,268.073,75.2272,,,15.3549,68.6224,,
55,5,0.05,3679419,30601953,,,0.001459,159.326,0.06794,76.0381,,,283.556,64.0668,,,22.2934,54.303,,
56,5,0.05,3679419,30601953,,,0.002473,180.014,0.099554,90.0569,,,288.979,67.0259,,,21.478,58.8663,,
57,5,0.05,3679419,30601953,,,0.002325,194.944,0.090528,103.171,,,267.399,105.365,,,14.098,93.1173,,
58,5,0.05,3679419,30601953,,,0.001261,201.513,0.061913,109.693,,,265.505,99.8355,,,12.3225,93.8677,,
59,5,0.05,2555953,28112945,,,0.001069,109.906,0.007601,21.715,,,249.817,11.7201,,,4.35379,10.6811,,
60,5,0.05,2555953,28112945,,,0.000763,110.51,0.00969,31.9325,,,250.59,12.5615,,,4.19641,11.7347,,
61,5,0.05,2555953,28112945,,,0.000565,108.443,0.01451,29.7565,,,253.11,19.3319,,,5.11526,17.6885,,
62,5,0.05,2555953,28112945,,,0.000676,107.997,0.013712,27.275,,,252.224,17.993,,,4.60975,16.1204,,
63,5,0.05,2555953,28112945,,,0.001388,108.229,0.16602,25.0604,,,282.362,17.1569,,,29.5083,15.418,,
64,5,0.05,2555953,28112945,,,0.001169,109.65,0.236558,26.421,,,304.969,23.7604,,,77.2671,21.6932,,
65,5,0.05,2555953,28112945,,,0.000684,108.304,0.057953,22.0538,,,266.936,17.8343,,,12.1464,13.2344,,
66,5,0.05,2555953,28112945,,,0.000925,110.514,0.052375,23.7755,,,265.027,17.9391,,,11.8769,13.2213,,
67,5,0.05,2555953,28112945,,,0.000718,114.527,0.056092,21.2231,,,268.088,23.066,,,13.0787,16.5382,,
68,5,0.05,2555953,28112945,,,0.000957,113.97,0.058478,20.4037,,,258.978,19.9209,,,12.0597,15.9497,,
69,5,0.05,2555953,28112945,,,0.001435,130.809,0.180493,44.278,,,301.68,31.087,,,27.4969,29.3411,,
70,5,0.05,2555953,28112945,,,0.001872,116.759,0.147429,42.9404,,,292.184,28.8868,,,28.6405,27.343,,
71,5,0.05,2555953,28112945,,,0.00224,135.773,0.102345,79.6441,,,290.294,47.758,,,32.8444,46.1137,,
72,5,0.05,2555953,28112945,,,0.001651,133.524,0.070658,79.9244,,,269.482,49.129,,,20.2656,45.7618,,
73,5,0.05,2555953,28112945,,,0.00167,152.051,0.068343,84.8733,,,285.285,59.9148,,,30.0226,59.0628,,
74,5,0.05,2555953,28112945,,,0.002694,132.5,0.057179,60.8707,,,270.937,40.9759,,,15.3811,37.6604,,
75,5,0.05,2555953,28112945,,,0.001745,132.604,0.078773,65.3211,,,282.081,43.0974,,,25.2918,38.9004,,
76,5,0.05,2555953,28112945,,,0.001331,136.602,0.112281,74.3668,,,279.145,60.5574,,,22.8271,57.6655,,
77,5,0.05,2555953,28112945,,,0.001525,125.693,0.020467,88.0422,,,260.153,50.6956,,,12.6779,46.8175,,
78,5,0.05,2555953,28112945,,,0.001292,138.333,0.055191,77.0451,,,269.928,54.0282,,,17.1999,47.8956,,
79,5,0.05,779692,28472448,,,0.001215,48.0576,0.018039,8.35625,,,258.392,6.11793,,,8.92905,4.21648,,
80,5,0.05,779692,28472448,,,0.000945,46.994,0.026774,7.5847,,,259.547,6.04475,,,9.21721,4.33681,,
81,5,0.05,779692,28472448,,,0.000756,45.5222,0.022974,6.61917,,,262.377,6.04118,,,10.1643,4.79598,,
82,5,0.05,779692,28472448,,,0.000906,46.5451,0.02241,8.49735,,,260.937,6.08603,,,9.66339,4.52069,,
83,5,0.05,779692,28472448,,,0.001139,46.6947,0.024277,8.88114,,,259.846,6.1009,,,10.0114,4.44001,,
84,5,0.05,779692,28472448,,,0.000861,47.5592,0.06291,7.7408,,,272.494,6.09805,,,12.907,4.42283,,
85,5,0.05,779692,28472448,,,0.000992,46.429,0.060661,5.659,,,265.372,6.0369,,,12.2829,4.29404,,
86,5,0.05,779692,28472448,,,0.000731,47.9043,0.064799,9.45557,,,273.677,6.09253,,,14.0382,4.4561,,
87,5,0.05,779692,28472448,,,0.001764,113.789,0.347857,49.3906,,,309.246,85.0778,,,93.7737,81.6086,,
88,5,0.05,779692,28472448,,,0.001321,47.1522,0.069874,7.73441,,,263.813,6.06132,,,14.4064,4.35517,,
89,5,0.05,779692,28472448,,,0.001422,65.6721,0.082287,50.777,,,281.762,17.4999,,,18.0307,15.9231,,
90,5,0.05,779692,28472448,,,0.002084,57.3315,0.127103,58.583,,,295.973,33.4351,,,31.2662,31.5342,,
91,5,0.05,779692,28472448,,,0.001518,69.652,0.224629,51.6584,,,295.295,21.4654,,,26.0908,22.4218,,
92,5,0.05,779692,28472448,,,0.001484,55.1699,0.118725,61.4217,,,284.848,23.9692,,,22.8765,21.3817,,
93,5,0.05,779692,28472448,,,0.001481,81.598,0.254297,49.6163,,,309.287,26.8796,,,34.9581,25.7091,,
94,5,0.05,779692,28472448,,,0.00201,52.8086,0.261795,55.9268,,,311.004,32.0131,,,44.1983,29.0176,,
95,5,0.05,779692,28472448,,,0.001357,85.8806,0.190598,57.303,,,305.526,32.8028,,,28.7536,30.1786,,
96,5,0.05,779692,28472448,,,0.00128,54.477,0.065311,64.6103,,,281.681,18.8861,,,17.6533,15.7601,,
97,5,0.05,779692,28472448,,,0.001732,44.3408,0.134434,9.4344,,,301.19,6.27582,,,32.529,4.8015,,
98,5,0.05,779692,28472448,,,0.002001,53.0128,0.193262,53.7053,,,311.044,22.2204,,,31.8541,20.1733,,
99,5,0.05,1081746,30527720,,,0.001258,58.8608,0.022152,13.2913,,,260.646,8.0402,,,7.79427,5.97197,,
100,5,0.05,1081746,30527720,,,0.001237,59.8295,0.114359,11.4651,,,266.984,8.26328,,,19.0969,6.56328,,
101,5,0.05,1081746,30527720,,,0.001119,58.3197,0.097268,17.0067,,,282.326,13.0931,,,21.9636,10.4846,,
102,5,0.05,1081746,30527720,,,0.001529,59.6722,0.194554,12.8867,,,281.311,8.78435,,,43.4281,7.01036,,
103,5,0.05,1081746,30527720,,,0.000886,58.4549,0.018343,12.4272,,,254.302,8.289,,,9.25452,6.1229,,
104,5,0.05,1081746,30527720,,,0.000687,61.5009,0.067354,9.39745,,,261.649,8.61594,,,13.5587,6.44702,,
105,5,0.05,1081746,30527720,,,0.000856,62.5913,0.063641,9.959,,,258.873,8.24007,,,13.1856,5.83235,,
106,5,0.05,1081746,30527720,,,0.001117,58.91,0.074592,11.273,,,262.721,8.52155,,,13.4245,6.43497,,
107,5,0.05,1081746,30527720,,,0.000921,60.5545,0.062266,13.3468,,,257.975,8.42232,,,12.3863,5.75182,,
108,5,0.05,1081746,30527720,,,0.00089,58.5708,0.068342,9.42677,,,263.604,8.54114,,,14.2925,6.95991,,
109,5,0.05,1081746,30527720,,,0.00188,72.2369,0.153947,57.7711,,,287.004,24.7147,,,28.1094,22.7745,,
110,5,0.05,1081746,30527720,,,0.001504,60.0686,0.344091,11.3803,,,315.128,8.72152,,,104.737,7.06924,,
111,5,0.05,1081746,30527720,,,0.00157,81.032,0.080323,57.9358,,,274.608,25.4291,,,16.5367,22.6705,,
112,5,0.05,1081746,30527720,,,0.001517,69.3678,0.062221,64.178,,,275.476,26.8102,,,15.9037,22.845,,
113,5,0.05,1081746,30527720,,,0.001578,80.9415,0.2531,46.0969,,,322.567,26.8863,,,32.8498,23.5898,,
114,5,0.05,1081746,30527720,,,0.001212,82.5894,0.070095,59.1834,,,282.373,27.6481,,,16.5024,24.1338,,
115,5,0.05,1081746,30527720,,,0.001164,70.9154,0.100167,68.7942,,,290.492,33.8098,,,20.7033,30.6292,,
116,5,0.05,1081746,30527720,,,0.001979,76.5323,0.423853,36.4691,,,363.12,26.6729,,,51.8739,23.2184,,
117,5,0.05,1081746,30527720,,,0.001866,87.405,0.18882,56.0951,,,308.144,32.4395,,,28.38,30.1721,,
118,5,0.05,1081746,30527720,,,0.001248,82.5701,0.109838,62.2251,,,293.889,27.6948,,,20.3509,27.3104,,
39,5,0.1,7357847,61213573,,,0.001669,285.379,0.010122,64.4128,,,252.038,34.5455,,,4.76086,33.7731,,
40,5,0.1,7357847,61213573,,,0.000874,284.855,0.015701,82.8928,,,257.932,34.0485,,,7.14456,35.2293,,
41,5,0.1,7357847,61213573,,,0.001059,285.351,0.058383,91.0766,,,253.711,48.5372,,,12.8217,35.8809,,
42,5,0.1,7357847,61213573,,,0.000857,297.013,0.021426,65.9519,,,250.278,49.6267,,,7.49147,32.6793,,
43,5,0.1,7357847,61213573,,,0.001196,294.721,0.014571,83.3733,,,262.216,52.9976,,,7.79328,37.3914,,
44,5,0.1,7357847,61213573,,,0.000787,300.143,0.056745,72.302,,,261.002,50.1112,,,12.1256,38.5124,,
45,5,0.1,7357847,61213573,,,0.00112,298.329,0.055732,80.0792,,,257.221,48.965,,,12.1873,37.4077,,
46,5,0.1,7357847,61213573,,,0.00114,296.847,0.062159,86.2199,,,257.878,47.041,,,11.9848,37.2252,,
47,5,0.1,7357847,61213573,,,0.000798,305.517,0.057927,72.7002,,,258.989,68.3188,,,12.436,61.52,,
48,5,0.1,7357847,61213573,,,0.001079,298.805,0.041542,51.4397,,,253.587,50.0406,,,9.15443,36.2267,,
49,5,0.1,7357847,61213573,,,0.001765,382.406,0.06344,203.096,,,277.313,141.725,,,17.3786,133.896,,
50,5,0.1,7357847,61213573,,,0.001979,350.872,0.103795,156.382,,,291.461,121.874,,,19.9519,118.333,,
51,5,0.1,7357847,61213573,,,0.001861,369.277,0.033518,214.705,,,270.162,139.599,,,13.8853,127.439,,
52,5,0.1,7357847,61213573,,,0.001797,332.245,0.13378,98.5416,,,321.611,74.321,,,30.2388,70.6101,,
53,5,0.1,7357847,61213573,,,0.001466,371.932,0.103,194.66,,,283.372,140.306,,,21.9844,134.772,,
54,5,0.1,7357847,61213573,,,0.001521,384.14,0.047846,222.096,,,268.973,153.662,,,14.5158,141.423,,
55,5,0.1,7357847,61213573,,,0.002083,311.942,0.08494,165.334,,,290.034,132.914,,,24.4382,119.346,,
56,5,0.1,7357847,61213573,,,0.001816,347.297,0.097118,205.307,,,283.73,135.665,,,20.4419,150.061,,
57,5,0.1,7357847,61213573,,,0.001172,407.94,0.082316,206.978,,,264.374,203.251,,,14.3335,190.321,,
58,5,0.1,7357847,61213573,,,0.001288,411.189,0.066748,221.873,,,256.001,203.049,,,12.7005,186.03,,
59,5,0.1,5113065,55849231,,,0.001064,227.142,0.008337,45.6703,,,243.605,23.0733,,,4.56438,21.2691,,
60,5,0.1,5113065,55849231,,,0.001109,230.066,0.009567,59.929,,,244.684,24.4542,,,4.18719,21.7996,,
61,5,0.1,5113065,55849231,,,0.000844,225.534,0.014467,58.7324,,,246.263,37.9839,,,4.91227,34.7248,,
62,5,0.1,5113065,55849231,,,0.001417,225.205,0.013664,48.1796,,,242.324,34.7925,,,4.81225,32.067,,
63,5,0.1,5113065,55849231,,,0.001877,221.503,0.167703,58.5771,,,273.575,35.5334,,,24.7561,32.5801,,
64,5,0.1,5113065,55849231,,,0.001373,226.095,0.192648,44.556,,,287.05,45.6013,,,44.197,39.9939,,
65,5,0.1,5113065,55849231,,,0.001026,226.451,0.058396,40.8182,,,263.673,33.8176,,,11.0482,24.9897,,
66,5,0.1,5113065,55849231,,,0.00108,226.543,0.052057,44.1117,,,257.572,34.3736,,,11.0423,23.8441,,
67,5,0.1,5113065,55849231,,,0.00105,226.332,0.056332,51.7355,,,258.057,39.8703,,,11.4412,29.5515,,
68,5,0.1,5113065,55849231,,,0.001201,226.35,0.057961,39.1644,,,264.976,41.1713,,,12.4577,30.377,,
69,5,0.1,5113065,55849231,,,0.002217,263.288,0.177731,89.0354,,,311.534,60.327,,,25.5932,52.8449,,
70,5,0.1,5113065,55849231,,,0.001846,233.988,0.120716,101.314,,,302.241,67.6455,,,26.3825,62.1082,,
71,5,0.1,5113065,55849231,,,0.002666,258.861,0.089247,148.022,,,296.012,92.6886,,,31.9344,84.1469,,
72,5,0.1,5113065,55849231,,,0.00181,260.68,0.062076,173.454,,,286.796,105.268,,,22.455,95.9734,,
73,5,0.1,5113065,55849231,,,0.002605,289.417,0.075222,169.484,,,294.534,126.345,,,30.1902,112.189,,
74,5,0.1,5113065,55849231,,,0.001359,251.877,0.059262,124.151,,,276.498,78.1969,,,15.0918,72.3533,,
75,5,0.1,5113065,55849231,,,0.001483,253.696,0.100456,129.872,,,281.634,80.7133,,,22.314,77.1811,,
76,5,0.1,5113065,55849231,,,0.00165,261.531,0.098639,152.691,,,283.376,119.859,,,24.622,114.917,,
77,5,0.1,5113065,55849231,,,0.001124,245.761,0.022497,184.352,,,263.263,100.774,,,14.0332,86.1614,,
78,5,0.1,5113065,55849231,,,0.001754,266.212,0.070064,162.627,,,271.818,102.376,,,17.193,93.3091,,
79,5,0.1,1559390,56828994,,,0.001135,91.2975,0.027719,15.0662,,,253.725,11.9618,,,9.25883,8.96329,,
80,5,0.1,1559390,56828994,,,0.001186,89.5043,0.038455,16.7078,,,250.709,12.1351,,,8.21903,8.92403,,
81,5,0.1,1559390,56828994,,,0.001197,89.4155,0.022598,14.9679,,,255.097,12.083,,,9.27825,8.66578,,
82,5,0.1,1559390,56828994,,,0.001094,89.9326,0.026564,14.1963,,,255.538,12.1342,,,8.73419,8.61713,,
83,5,0.1,1559390,56828994,,,0.001112,91.5968,0.030624,17.5255,,,267.016,12.1081,,,9.30176,9.0918,,
84,5,0.1,1559390,56828994,,,0.0011,91.1337,0.060613,19.9326,,,272.045,12.0214,,,13.5444,8.70308,,
85,5,0.1,1559390,56828994,,,0.001484,90.709,0.057959,21.0817,,,270.082,11.8912,,,12.0891,8.40388,,
86,5,0.1,1559390,56828994,,,0.001072,90.6669,0.069574,19.8212,,,285.768,14.3457,,,13.605,8.66658,,
87,5,0.1,1559390,56828994,,,0.002236,215.289,0.310742,105.608,,,311.067,179.383,,,71.7026,168.127,,
88,5,0.1,1559390,56828994,,,0.000988,91.5704,0.080926,14.4197,,,269.373,12.6508,,,15.2691,9.35923,,
89,5,0.1,1559390,56828994,,,0.001878,125.754,0.090264,108.008,,,282.459,34.8134,,,17.5785,30.2321,,
90,5,0.1,1559390,56828994,,,0.002135,110.979,0.128732,123.429,,,297.18,67.5539,,,29.8161,58.4847,,
91,5,0.1,1559390,56828994,,,0.001994,139.768,0.10409,104.718,,,280.173,42.2989,,,17.4776,38.3367,,
92,5,0.1,1559390,56828994,,,0.001505,109.708,0.10533,120.178,,,287.049,50.3235,,,21.2281,44.0595,,
93,5,0.1,1559390,56828994,,,0.001563,168.39,0.288717,94.7436,,,317.609,61.8772,,,41.1935,61.5264,,
94,5,0.1,1559390,56828994,,,0.002259,114.61,0.250213,118.039,,,304.183,61.1825,,,44.0298,56.0802,,
95,5,0.1,1559390,56828994,,,0.001651,179.324,0.151996,121.317,,,289.904,63.7764,,,30.0869,64.7509,,
96,5,0.1,1559390,56828994,,,0.001567,111.267,0.049432,124.765,,,265.215,42.4055,,,14.6507,39.201,,
97,5,0.1,1559390,56828994,,,0.001824,94.6256,0.148513,19.9269,,,289.396,12.3601,,,30.2639,9.6159,,
98,5,0.1,1559390,56828994,,,0.001977,109.573,0.144092,106.077,,,289.503,43.6606,,,27.9326,41.4258,,
99,5,0.1,2163974,60632560,,,0.001313,122.973,0.02309,17.9658,,,249.465,15.9237,,,7.84405,11.4315,,
100,5,0.1,2163974,60632560,,,0.001643,122.69,0.126463,21.5735,,,260.995,15.7934,,,20.2243,12.8526,,
101,5,0.1,2163974,60632560,,,0.000949,122.589,0.10976,26.291,,,264.888,27.4835,,,17.1153,24.2285,,
102,5,0.1,2163974,60632560,,,0.001582,124.335,0.199056,26.0996,,,273.391,18.135,,,43.7273,13.9472,,
103,5,0.1,2163974,60632560,,,0.001137,122.103,0.020514,25.5054,,,251.673,16.4967,,,8.95117,12.1225,,
104,5,0.1,2163974,60632560,,,0.001242,123.651,0.066759,18.4193,,,277.204,18.0953,,,13.4091,13.3704,,
105,5,0.1,2163974,60632560,,,0.001135,125.895,0.065928,21.3451,,,265.689,17.065,,,11.975,13.5802,,
106,5,0.1,2163974,60632560,,,0.001103,123.685,0.080309,23.4793,,,268.738,18.1204,,,13.6136,13.1343,,
107,5,0.1,2163974,60632560,,,0.00113,123.994,0.078256,26.4386,,,266.566,16.5255,,,13.6791,12.4469,,
108,5,0.1,2163974,60632560,,,0.000791,126.002,0.076253,21.0159,,,268.32,17.5253,,,14.0373,13.209,,
109,5,0.1,2163974,60632560,,,0.00254,153.771,0.138715,123.651,,,294.039,52.651,,,25.3719,48.2092,,
110,5,0.1,2163974,60632560,,,0.002168,123.897,0.214665,20.7805,,,309.835,16.9553,,,63.1676,13.3401,,
111,5,0.1,2163974,60632560,,,0.001543,169.107,0.075375,120.367,,,277.756,51.5529,,,17.3342,44.3524,,
112,5,0.1,2163974,60632560,,,0.001502,144.023,0.064961,124.343,,,273.285,51.626,,,15.8002,46.214,,
113,5,0.1,2163974,60632560,,,0.001439,164.471,0.263331,90.8159,,,322.097,53.8046,,,37.4722,50.0491,,
114,5,0.1,2163974,60632560,,,0.001572,171.487,0.080573,113.592,,,269.176,52.7019,,,16.9016,48.2083,,
115,5,0.1,2163974,60632560,,,0.001551,147.826,0.101993,128.557,,,282.884,59.9515,,,20.6467,55.1339,,
116,5,0.1,2163974,60632560,,,0.002053,157.696,0.333603,63.048,,,355.225,46.602,,,59.7838,44.2853,,
117,5,0.1,2163974,60632560,,,0.001557,176.404,0.170493,110.922,,,293.272,56.8993,,,25.9569,54.1429,,
118,5,0.1,2163974,60632560,,,0.001838,161.135,0.151271,120.283,,,285.915,54.0045,,,22.6277,58.0184,,
39,5,0.2,14716948,122165475,,,0.001172,569.44,0.010597,117.379,,,242.035,65.3245,,,5.25695,67.9488,,
40,5,0.2,14716948,122165475,,,0.001292,567.524,0.009998,162.917,,,241.847,64.3631,,,5.62218,66.5936,,
41,5,0.2,14716948,122165475,,,0.001414,566.216,0.068035,164.182,,,254.119,95.1016,,,14.0245,72.6035,,
42,5,0.2,14716948,122165475,,,0.000998,567.691,0.010737,139.672,,,253.14,70.5366,,,4.81719,66.3589,,
43,5,0.2,14716948,122165475,,,0.000941,568.8,0.019916,153.177,,,258.881,118.107,,,8.31283,94.6975,,
44,5,0.2,14716948,122165475,,,0.001035,589.149,0.06874,141.927,,,266.115,100.727,,,11.6417,74.0387,,
45,5,0.2,14716948,122165475,,,0.001381,592.108,0.064867,155.824,,,262.989,98.4845,,,12.5187,66.5956,,
46,5,0.2,14716948,122165475,,,0.001232,595.722,0.066327,137.25,,,264.469,96.9113,,,11.5008,73.1183,,
47,5,0.2,14716948,122165475,,,0.001371,609.978,0.064967,128.534,,,264.004,118.848,,,12.1761,93.8078,,
48,5,0.2,14716948,122165475,,,0.001101,591.71,0.046106,99.8813,,,261.126,101.24,,,9.04005,71.957,,
49,5,0.2,14716948,122165475,,,0.002017,734.573,0.032005,448.684,,,256.697,269.284,,,13.6902,260.889,,
50,5,0.2,14716948,122165475,,,0.00179,706.506,0.052828,341.676,,,261.668,246.396,,,14.9828,227.117,,
51,5,0.2,14716948,122165475,,,0.001626,747.014,0.036419,430.12,,,263.12,274.266,,,14.0889,256.64,,
52,5,0.2,14716948,122165475,,,0.001985,686.149,0.123659,160.548,,,282.745,110.855,,,25.3482,113.083,,
53,5,0.2,14716948,122165475,,,0.002026,764.581,0.094284,426.242,,,277.573,274.412,,,19.6518,273.051,,
54,5,0.2,14716948,122165475,,,0.002231,779.1,0.042417,454.45,,,268.982,288.356,,,15.0472,258.104,,
55,5,0.2,14716948,122165475,,,0.001804,648.389,0.120402,290.74,,,294.51,236.471,,,25.2165,224.743,,
56,5,0.2,14716948,122165475,,,0.002513,712.054,0.073517,399.075,,,271.22,266.717,,,18.4335,250.548,,
57,5,0.2,14716948,122165475,,,0.00176,778.386,0.101871,413.747,,,264.826,390.144,,,14.4791,376.431,,
58,5,0.2,14716948,122165475,,,0.001575,790.8,0.074502,439.901,,,278.018,396.573,,,13.5418,367.315,,
59,5,0.2,10226421,111989334,,,0.00138,451.381,0.009092,86.0196,,,240.876,44.529,,,4.82758,42.1637,,
60,5,0.2,10226421,111989334,,,0.001187,438.575,0.00941,120.332,,,241.879,47.9854,,,4.21006,44.6254,,
61,5,0.2,10226421,111989334,,,0.001537,427.918,0.01575,112.914,,,241.467,73.0043,,,4.90592,71.4287,,
62,5,0.2,10226421,111989334,,,0.00139,434.174,0.013698,114.916,,,252.913,71.1473,,,5.03379,69.1286,,
63,5,0.2,10226421,111989334,,,0.001607,439.835,0.163364,101.224,,,266.568,65.2499,,,30.4026,64.6313,,
64,5,0.2,10226421,111989334,,,0.001704,449.893,0.237762,101.039,,,284.598,93.0599,,,63.3445,81.8181,,
65,5,0.2,10226421,111989334,,,0.001042,449.72,0.057753,88.8223,,,260.027,67.2315,,,12.2041,50.8054,,
66,5,0.2,10226421,111989334,,,0.001497,446.298,0.057436,71.6813,,,263.092,72.0478,,,12.0867,52.6678,,
67,5,0.2,10226421,111989334,,,0.001316,446.613,0.05586,93.7695,,,289.314,82.9455,,,12.3882,64.5946,,
68,5,0.2,10226421,111989334,,,0.001369,447.151,0.061719,84.3114,,,265.298,76.8568,,,13.1244,63.8145,,
69,5,0.2,10226421,111989334,,,0.002172,500.308,0.168092,177.612,,,313.565,116.961,,,26.6474,119.998,,
70,5,0.2,10226421,111989334,,,0.001987,457.957,0.135968,173.431,,,299.569,118.343,,,28.8448,108.165,,
71,5,0.2,10226421,111989334,,,0.003494,517.317,0.098374,309.581,,,300.78,193.589,,,32.8436,180.817,,
72,5,0.2,10226421,111989334,,,0.002542,520.774,0.100519,295.843,,,292.098,197.774,,,26.1601,187.612,,
73,5,0.2,10226421,111989334,,,0.002532,573.896,0.092267,348.423,,,293.639,230.752,,,32.8921,233.262,,
74,5,0.2,10226421,111989334,,,0.002332,514.54,0.06456,252.196,,,270.314,161.136,,,16.406,151.231,,
75,5,0.2,10226421,111989334,,,0.001878,515.876,0.095107,265.404,,,280.48,161.158,,,23.542,156.578,,
76,5,0.2,10226421,111989334,,,0.001965,536.92,0.101032,321.214,,,282.152,268.446,,,26.4831,258.141,,
77,5,0.2,10226421,111989334,,,0.001465,490.446,0.025811,365.891,,,259.56,191.842,,,13.2897,185.317,,
78,5,0.2,10226421,111989334,,,0.002077,542.117,0.071827,322.054,,,270.403,202.351,,,16.4946,187.755,,
79,5,0.2,3117975,113830909,,,0.001199,189.618,0.022316,32.9377,,,250.706,23.1215,,,8.75536,17.1011,,
80,5,0.2,3117975,113830909,,,0.00141,187.57,0.019315,33.931,,,246.927,18.7996,,,5.51358,18.2863,,
81,5,0.2,3117975,113830909,,,0.001031,180.066,0.023365,27.1945,,,258.917,24.1535,,,9.49872,17.7791,,
82,5,0.2,3117975,113830909,,,0.001154,179.504,0.026661,32.8573,,,260.257,24.3543,,,9.18923,18.3133,,
83,5,0.2,3117975,113830909,,,0.001358,179.434,0.03262,32.9136,,,262.689,24.3751,,,10.6711,19.0067,,
84,5,0.2,3117975,113830909,,,0.013078,181.146,0.065611,39.6747,,,268.327,24.1875,,,13.7002,18.4936,,
85,5,0.2,3117975,113830909,,,0.001051,182.202,0.060777,40.6843,,,266.618,23.8124,,,13.1037,17.4175,,
86,5,0.2,3117975,113830909,,,0.000937,181.852,0.074883,38.2729,,,268.752,24.2601,,,13.493,18.3071,,
87,5,0.2,3117975,113830909,,,0.00157,430.957,0.322488,212.168,,,300.663,346.463,,,74.0911,358.62,,
88,5,0.2,3117975,113830909,,,0.001358,181.354,0.07557,27.8607,,,268.968,24.461,,,14.8585,18.3126,,
89,5,0.2,3117975,113830909,,,0.00182,249.283,0.110825,210.456,,,281.303,65.8951,,,17.7692,59.6815,,
90,5,0.2,3117975,113830909,,,0.002102,223.082,0.138893,245.295,,,289.684,128.844,,,28.8364,120.462,,
91,5,0.2,3117975,113830909,,,0.002039,270.011,0.077118,222.283,,,271.054,70.1455,,,16.832,62.5346,,
92,5,0.2,3117975,113830909,,,0.001913,211.872,0.121473,247.764,,,285.038,89.1567,,,21.6957,85.4887,,
93,5,0.2,3117975,113830909,,,0.001582,316.947,0.26774,195.118,,,310.881,140.965,,,38.9236,128.603,,
94,5,0.2,3117975,113830909,,,0.002124,224.355,0.222643,219.267,,,309.646,116.305,,,39.3872,108.002,,
95,5,0.2,3117975,113830909,,,0.001465,362.643,0.188276,227.131,,,294.935,130.761,,,29.4283,123.084,,
96,5,0.2,3117975,113830909,,,0.001859,218.421,0.044604,243.744,,,265.63,80.5877,,,14.6081,72.1627,,
97,5,0.2,3117975,113830909,,,0.002105,189.693,0.126277,36.7189,,,286.816,25.0037,,,29.0138,18.3043,,
98,5,0.2,3117975,113830909,,,0.002319,218.25,0.154079,213.399,,,309.795,77.668,,,29.5905,71.012,,
99,5,0.2,4330842,121206579,,,0.001187,245.564,0.026144,49.4605,,,256.892,33.0284,,,8.78016,22.968,,
100,5,0.2,4330842,121206579,,,0.001858,245.799,0.115212,33.3582,,,267.856,32.2674,,,20.6669,23.6132,,
101,5,0.2,4330842,121206579,,,0.001267,247.03,0.096765,64.3983,,,273.9,48.4317,,,16.3515,39.2832,,
102,5,0.2,4330842,121206579,,,0.001392,249.512,0.20927,51.4343,,,283.468,35.3887,,,36.6957,26.0211,,
103,5,0.2,4330842,121206579,,,0.001113,248.373,0.020564,48.4546,,,257.256,32.9582,,,8.25961,22.4933,,
104,5,0.2,4330842,121206579,,,0.001091,248.75,0.060246,36.4037,,,266.866,34.9122,,,13.4273,26.2966,,
105,5,0.2,4330842,121206579,,,0.001016,249.207,0.06788,50.0958,,,268.96,33.2841,,,12.8241,24.2979,,
106,5,0.2,4330842,121206579,,,0.001045,251.505,0.06836,50.651,,,270.25,34.2126,,,12.5982,26.3771,,
107,5,0.2,4330842,121206579,,,0.001198,256.91,0.071017,53.65,,,266.89,33.7483,,,13.5705,24.0471,,
108,5,0.2,4330842,121206579,,,0.001658,239.703,0.068004,38.3956,,,270.911,34.2751,,,13.0514,25.3582,,
109,5,0.2,4330842,121206579,,,0.001889,286.382,0.115861,247.053,,,288.155,102.072,,,25.404,93.1826,,
110,5,0.2,4330842,121206579,,,0.001984,240.569,0.284732,39.1368,,,316.652,34.825,,,104.915,28.2049,,
111,5,0.2,4330842,121206579,,,0.001888,324.044,0.08441,245.463,,,272.183,96.621,,,15.4315,89.8321,,
112,5,0.2,4330842,121206579,,,0.001835,275.359,0.0611,246.366,,,266.556,102.273,,,15.679,90.7108,,
113,5,0.2,4330842,121206579,,,0.001722,319.446,0.207358,192.383,,,305.828,90.1397,,,29.648,80.7321,,
114,5,0.2,4330842,121206579,,,0.001637,330.212,0.174418,229.43,,,306.663,107.309,,,23.1374,110.102,,
115,5,0.2,4330842,121206579,,,0.001781,283.224,0.123416,251.922,,,280.451,108.624,,,19.4227,101.788,,
116,5,0.2,4330842,121206579,,,0.002463,309.87,0.385388,133.78,,,354.819,99.549,,,58.1687,90.7414,,
117,5,0.2,4330842,121206579,,,0.001521,352.981,0.146505,234.39,,,296.261,124.461,,,25.0753,112.363,,
118,5,0.2,4330842,121206579,,,0.001625,322.773,0.120333,234.918,,,288.208,102.771,,,21.7861,105.859,,
39,6,0.001,73492,612310,,,0.00181,3.00063,0.026452,0.681781,,,253.328,0.356993,,,6.63488,0.370216,,
40,6,0.001,73492,612310,,,0.000656,3.07113,0.011138,0.902324,,,251.368,0.369975,,,4.98507,0.310461,,
41,6,0.001,73492,612310,,,0.000947,2.95867,0.057271,0.887488,,,262.377,0.523143,,,13.4917,0.378371,,
42,6,0.001,73492,612310,,,0.000497,2.73243,0.013139,0.656041,,,254.894,0.510881,,,7.45157,0.341924,,
43,6,0.001,73492,612310,,,0.000432,2.80655,0.011692,0.730651,,,261.829,0.536662,,,7.63046,0.383954,,
44,6,0.001,73492,612310,,,0.000542,3.00968,0.059659,0.737691,,,269.001,0.524703,,,11.6561,0.400199,,
45,6,0.001,73492,612310,,,0.000457,2.74618,0.050015,0.740865,,,266.17,0.55386,,,11.5017,0.383053,,
46,6,0.001,73492,612310,,,0.000436,2.751,0.055054,0.784502,,,265.673,0.561823,,,11.7065,0.377056,,
47,6,0.001,73492,612310,,,0.000387,2.80519,0.047497,0.618094,,,266.693,0.633688,,,11.9806,0.482496,,
48,6,0.001,73492,612310,,,0.00038,2.90247,0.032602,0.530599,,,258.466,0.539801,,,9.00253,0.335692,,
49,6,0.001,73492,612310,,,0.00074,3.51902,0.053177,2.00164,,,295.139,1.46889,,,16.7521,1.37574,,
50,6,0.001,73492,612310,,,0.000684,3.36182,0.113472,1.47249,,,296.984,1.28882,,,20.4757,1.24189,,
51,6,0.001,73492,612310,,,0.000542,3.62793,0.040869,2.31147,,,260.391,1.51592,,,13.4355,1.38491,,
52,6,0.001,73492,612310,,,0.001029,3.53057,0.149282,0.820219,,,297.32,0.602458,,,31.7752,0.533072,,
53,6,0.001,73492,612310,,,0.000772,3.84818,0.073234,2.19381,,,269.508,1.50222,,,20.143,1.48195,,
54,6,0.001,73492,612310,,,0.000599,3.94932,0.037363,2.22667,,,267.967,1.61923,,,15.3828,1.31723,,
55,6,0.001,73492,612310,,,0.000853,3.31202,0.098181,1.6132,,,283.057,1.30561,,,26.2759,1.10265,,
56,6,0.001,73492,612310,,,0.000767,3.67918,0.098748,1.99488,,,280.81,1.43968,,,22.0288,1.40644,,
57,6,0.001,73492,612310,,,0.000617,4.16819,0.111604,1.93842,,,263.025,2.12007,,,16.7623,1.9915,,
58,6,0.001,73492,612310,,,0.00058,4.07592,0.051408,2.28985,,,259.607,2.20999,,,12.5834,1.9883,,
59,6,0.001,51073,554946,,,0.000772,2.4743,0.007981,0.470609,,,250.784,0.234993,,,4.4455,0.233626,,
60,6,0.001,51073,554946,,,0.00048,2.37234,0.009134,0.745589,,,250.547,0.260025,,,4.37495,0.242235,,
61,6,0.001,51073,554946,,,0.000387,2.17962,0.013637,0.650968,,,252.725,0.452191,,,5.01682,0.464376,,
62,6,0.001,51073,554946,,,0.000273,2.179,0.011506,0.580857,,,250.553,0.418138,,,5.08947,0.40152,,
63,6,0.001,51073,554946,,,0.000693,2.2196,0.149611,0.520339,,,277.586,0.364335,,,29.411,0.335527,,
64,6,0.001,51073,554946,,,0.000651,2.32972,0.167324,0.485829,,,290.064,0.549877,,,47.0379,0.498069,,
65,6,0.001,51073,554946,,,0.000312,2.17683,0.050017,0.496661,,,263.534,0.347684,,,11.2574,0.236619,,
66,6,0.001,51073,554946,,,0.000273,2.17307,0.047207,0.381377,,,262.897,0.388509,,,11.7436,0.288466,,
67,6,0.001,51073,554946,,,0.000268,2.33955,0.052326,0.469847,,,270.166,0.436788,,,12.455,0.355821,,
68,6,0.001,51073,554946,,,0.000295,2.20195,0.042592,0.5645,,,262.351,0.496959,,,12.4798,0.394547,,
69,6,0.001,51073,554946,,,0.000582,2.55183,0.154883,0.840829,,,314.7,0.608713,,,25.8158,0.510135,,
70,6,0.001,51073,554946,,,0.000675,2.34792,0.119916,0.839115,,,293.75,0.614078,,,28.1145,0.547678,,
71,6,0.001,51073,554946,,,0.000874,2.90874,0.099269,1.73433,,,284.755,1.07378,,,31.6347,0.98084,,
72,6,0.001,51073,554946,,,0.00061,2.65138,0.085373,1.72513,,,278.681,1.09707,,,22.4075,1.00987,,
73,6,0.001,51073,554946,,,0.000715,2.86885,0.066826,1.88621,,,284.771,1.33841,,,32.065,1.28559,,
74,6,0.001,51073,554946,,,0.000519,2.53682,0.048204,1.44382,,,266.058,0.936459,,,16.1296,0.884216,,
75,6,0.001,51073,554946,,,0.000537,2.53808,0.089402,1.4271,,,277.771,0.932346,,,25.4154,0.871586,,
76,6,0.001,51073,554946,,,0.00049,2.63388,0.097215,1.63179,,,275.378,1.40902,,,23.1895,1.29255,,
77,6,0.001,51073,554946,,,0.000349,2.57628,0.015371,1.9961,,,259.347,1.08033,,,12.4514,0.984681,,
78,6,0.001,51073,554946,,,0.000501,2.82695,0.05254,1.72496,,,267.989,1.14769,,,16.5058,0.944001,,
79,6,0.001,15633,565229,,,0.000725,0.949858,0.015185,0.17924,,,250.789,0.130507,,,8.32692,0.092158,,
80,6,0.001,15633,565229,,,0.000431,0.870426,0.017271,0.163911,,,245.468,0.111336,,,4.80214,0.099845,,
81,6,0.001,15633,565229,,,0.000265,0.870212,0.021894,0.134599,,,260.742,0.129999,,,9.61812,0.095015,,
82,6,0.001,15633,565229,,,0.000255,0.873393,0.018855,0.170495,,,267.642,0.130309,,,9.67144,0.096161,,
83,6,0.001,15633,565229,,,0.000273,0.871899,0.022093,0.194894,,,262.192,0.150729,,,10.4333,0.111115,,
84,6,0.001,15633,565229,,,0.000274,0.884771,0.060201,0.200371,,,265.832,0.143639,,,13.2168,0.086973,,
85,6,0.001,15633,565229,,,0.000275,0.878017,0.051899,0.195649,,,269.758,0.128412,,,11.9952,0.081687,,
86,6,0.001,15633,565229,,,0.000245,0.876563,0.063857,0.204643,,,269.798,0.133992,,,12.8184,0.081472,,
87,6,0.001,15633,565229,,,0.000548,2.07402,0.3835,1.07135,,,301.246,1.76096,,,74.3852,1.67335,,
88,6,0.001,15633,565229,,,0.000285,0.8853,0.067582,0.171258,,,268.222,0.129837,,,14.351,0.089841,,
89,6,0.001,15633,565229,,,0.000474,1.20582,0.072364,1.05877,,,279.923,0.386725,,,16.7188,0.292867,,
90,6,0.001,15633,565229,,,0.000715,1.16166,0.126848,1.23655,,,311.587,0.730414,,,28.7198,0.64861,,
91,6,0.001,15633,565229,,,0.000599,1.41138,0.163155,1.02977,,,298.511,0.433996,,,26.5888,0.47548,,
92,6,0.001,15633,565229,,,0.000431,1.0304,0.094012,1.27065,,,283.908,0.552121,,,22.5232,0.445205,,
93,6,0.001,15633,565229,,,0.000455,1.52835,0.234991,1.01889,,,305.957,0.731656,,,35.276,0.61556,,
94,6,0.001,15633,565229,,,0.00076,1.05504,0.220747,1.13867,,,304.43,0.656204,,,41.5185,0.635611,,
95,6,0.001,15633,565229,,,0.000547,1.6557,0.145841,1.07735,,,281.487,0.783628,,,26.631,0.672692,,
96,6,0.001,15633,565229,,,0.000392,1.01447,0.051291,1.18404,,,270.82,0.403258,,,17.9758,0.333559,,
97,6,0.001,15633,565229,,,0.000499,0.881324,0.154346,0.198893,,,296.652,0.160667,,,34.4432,0.120974,,
98,6,0.001,15633,565229,,,0.000576,1.01516,0.166596,1.03364,,,309.098,0.455317,,,34.5877,0.391011,,
99,6,0.001,21794,614916,,,0.000572,1.25792,0.017577,0.167004,,,254.511,0.174188,,,7.85884,0.12723,,
100,6,0.001,21794,614916,,,0.000666,1.31358,0.132709,0.224926,,,268.181,0.175055,,,21.763,0.132508,,
101,6,0.001,21794,614916,,,0.000402,1.28145,0.075367,0.190449,,,278.307,0.242376,,,22.2452,0.149572,,
102,6,0.001,21794,614916,,,0.000568,1.26407,0.183267,0.257696,,,283.731,0.192179,,,41.4197,0.151145,,
103,6,0.001,21794,614916,,,0.000263,1.30362,0.013131,0.251911,,,257.477,0.177749,,,8.88187,0.133856,,
104,6,0.001,21794,614916,,,0.000281,1.32599,0.049301,0.165084,,,266.629,0.18351,,,13.3928,0.161355,,
105,6,0.001,21794,614916,,,0.000232,1.27814,0.054002,0.184405,,,266.537,0.174395,,,12.6342,0.118118,,
106,6,0.001,21794,614916,,,0.000256,1.28475,0.053299,0.209198,,,269.969,0.455946,,,13.5806,0.128095,,
107,6,0.001,21794,614916,,,0.000226,1.27777,0.056413,0.255824,,,269.49,0.178293,,,12.2125,0.116088,,
108,6,0.001,21794,614916,,,0.000202,1.27818,0.057196,0.290991,,,268.246,0.184036,,,13.5052,0.133743,,
109,6,0.001,21794,614916,,,0.000728,1.5249,0.158755,1.32297,,,291.916,0.70571,,,28.0623,0.443026,,
110,6,0.001,21794,614916,,,0.000724,1.28005,0.31796,0.202716,,,325.102,0.202393,,,109.937,0.146806,,
111,6,0.001,21794,614916,,,0.000593,1.67962,0.057248,1.26293,,,267.778,0.531792,,,15.6188,0.440014,,
112,6,0.001,21794,614916,,,0.000466,1.4894,0.05582,1.29333,,,268.261,0.571199,,,14.9182,0.463097,,
113,6,0.001,21794,614916,,,0.000544,1.6418,0.208286,0.92273,,,311.145,0.539098,,,31.2128,0.511458,,
114,6,0.001,21794,614916,,,0.000415,1.65275,0.067013,1.17854,,,270.358,0.561744,,,17.0884,0.513631,,
115,6,0.001,21794,614916,,,0.000401,1.5154,0.077203,1.40988,,,281.248,0.623862,,,20.3303,0.517228,,
116,6,0.001,21794,614916,,,0.000717,1.50704,0.361537,0.756582,,,347.615,0.549952,,,49.6787,0.456575,,
117,6,0.001,21794,614916,,,0.000458,1.70858,0.157624,1.25704,,,293.308,0.715658,,,27.7845,0.58574,,
118,6,0.001,21794,614916,,,0.000352,1.56012,0.114443,1.29798,,,295.845,0.555773,,,20.453,0.516289,,
39,6,0.005,367628,3069856,,,0.000604,14.0018,0.010406,3.20342,,,242.408,1.69837,,,4.58484,1.53234,,
40,6,0.005,367628,3069856,,,0.000581,14.2392,0.010669,4.55208,,,248.42,1.73033,,,4.36998,1.63555,,
41,6,0.005,367628,3069856,,,0.000897,14.0147,0.055291,4.00227,,,260.417,2.48256,,,12.5584,1.80585,,
42,6,0.005,367628,3069856,,,0.00046,13.8047,0.014674,3.27759,,,259.06,2.63417,,,6.82047,1.55936,,
43,6,0.005,367628,3069856,,,0.00041,13.7786,0.014243,3.41587,,,268.463,2.77039,,,7.40944,1.77034,,
44,6,0.005,367628,3069856,,,0.000431,14.9356,0.057525,3.17212,,,264.129,2.79889,,,11.1943,1.85375,,
45,6,0.005,367628,3069856,,,0.00044,14.2559,0.050157,4.08956,,,262.795,2.66498,,,11.9229,1.99064,,
46,6,0.005,367628,3069856,,,0.000443,14.3295,0.060549,4.56691,,,262.967,2.72,,,11.4187,1.93286,,
47,6,0.005,367628,3069856,,,0.000418,14.1687,0.05098,4.61859,,,265.926,3.564,,,11.9826,2.82579,,
48,6,0.005,367628,3069856,,,0.000458,14.2517,0.043201,2.45768,,,259.907,2.62675,,,8.51104,1.68635,,
49,6,0.005,367628,3069856,,,0.000764,18.9024,0.045726,10.175,,,272.172,7.11546,,,15.9762,6.14433,,
50,6,0.005,367628,3069856,,,0.000649,18.0073,0.103456,7.52434,,,284.855,6.32821,,,18.8212,5.47308,,
51,6,0.005,367628,3069856,,,0.000638,18.3468,0.026443,10.9506,,,260.972,7.12901,,,14.5208,6.84727,,
52,6,0.005,367628,3069856,,,0.000796,16.271,0.134079,6.36894,,,287.606,4.87457,,,26.4423,4.54434,,
53,6,0.005,367628,3069856,,,0.000822,18.0783,0.070439,10.3223,,,266.593,6.969,,,17.2123,6.25278,,
54,6,0.005,367628,3069856,,,0.000629,18.2103,0.034338,11.0224,,,268.891,7.88563,,,14.9227,6.68002,,
55,6,0.005,367628,3069856,,,0.000762,15.0285,0.072664,8.41238,,,277.971,6.65285,,,23.009,5.61059,,
56,6,0.005,367628,3069856,,,0.000757,17.3838,0.099176,8.84851,,,277.388,6.98356,,,20.4519,6.03823,,
57,6,0.005,367628,3069856,,,0.000731,19.1694,0.099526,9.5758,,,266.839,9.75188,,,16.7366,8.5931,,
58,6,0.005,367628,3069856,,,0.000575,19.0908,0.06073,10.7484,,,267.065,10.3815,,,12.454,8.67648,,
59,6,0.005,255453,2803555,,,0.001041,11.605,0.007427,2.36005,,,249.802,1.13088,,,4.47577,1.05921,,
60,6,0.005,255453,2803555,,,0.00069,11.3189,0.010268,3.3748,,,248.123,1.2916,,,4.60597,1.21486,,
61,6,0.005,255453,2803555,,,0.000467,11.2579,0.016929,3.34339,,,253.476,2.1851,,,4.74371,2.19008,,
62,6,0.005,255453,2803555,,,0.00048,10.8884,0.013137,2.78555,,,253.99,1.98732,,,4.81107,1.73245,,
63,6,0.005,255453,2803555,,,0.000844,10.8853,0.178035,2.62291,,,281.773,1.69707,,,30.3592,1.45385,,
64,6,0.005,255453,2803555,,,0.000801,12.0329,0.264403,2.24994,,,304.005,2.38734,,,72.7182,2.05926,,
65,6,0.005,255453,2803555,,,0.000508,10.9251,0.056345,2.63202,,,265.234,1.76372,,,11.1358,1.18327,,
66,6,0.005,255453,2803555,,,0.000552,10.7375,0.049503,1.89805,,,266.313,1.87134,,,11.3379,1.34407,,
67,6,0.005,255453,2803555,,,0.000443,11.0806,0.052424,2.5936,,,266.014,2.3081,,,11.6878,1.79211,,
68,6,0.005,255453,2803555,,,0.000431,11.2758,0.053815,2.29417,,,267.374,2.20744,,,11.4683,1.57367,,
69,6,0.005,255453,2803555,,,0.000794,12.5594,0.089997,4.72937,,,283.745,3.10453,,,17.1922,2.82087,,
70,6,0.005,255453,2803555,,,0.00102,11.5774,0.132524,4.66275,,,298.651,3.03284,,,29.2964,2.76603,,
71,6,0.005,255453,2803555,,,0.00098,12.9964,0.087434,8.46379,,,285.936,5.1366,,,31.4548,4.57486,,
72,6,0.005,255453,2803555,,,0.000839,13.8192,0.087084,8.33092,,,276.489,4.95181,,,20.966,5.01639,,
73,6,0.005,255453,2803555,,,0.001008,14.495,0.069807,9.07437,,,289.211,6.44882,,,31.4005,6.04976,,
74,6,0.005,255453,2803555,,,0.000698,12.5153,0.063255,6.55708,,,268.344,4.01902,,,15.0073,3.84675,,
75,6,0.005,255453,2803555,,,0.000839,12.6241,0.05793,6.85379,,,276.756,4.51939,,,20.0806,3.83388,,
76,6,0.005,255453,2803555,,,0.000811,13.343,0.085264,7.71843,,,289.459,6.8502,,,24.1598,5.89722,,
77,6,0.005,255453,2803555,,,0.000531,12.1575,0.021337,9.1569,,,263.388,5.31526,,,13.3625,5.02234,,
78,6,0.005,255453,2803555,,,0.000576,13.1821,0.048405,7.99693,,,269.687,5.72066,,,15.6572,4.69001,,
79,6,0.005,78214,2851166,,,0.000777,4.61181,0.015219,0.878959,,,249.689,0.619639,,,8.23777,0.435624,,
80,6,0.005,78214,2851166,,,0.000541,4.35513,0.018268,0.763356,,,261.342,0.779079,,,8.62755,0.435256,,
81,6,0.005,78214,2851166,,,0.000397,4.34326,0.022176,0.665899,,,254.458,0.599766,,,9.43576,0.422236,,
82,6,0.005,78214,2851166,,,0.000368,4.74725,0.016321,0.709538,,,245.793,0.503714,,,4.63951,0.400631,,
83,6,0.005,78214,2851166,,,0.000371,4.73697,0.02374,0.811,,,259.993,0.61949,,,9.40193,0.401643,,
84,6,0.005,78214,2851166,,,0.000429,4.77181,0.057435,0.972623,,,269.402,0.61076,,,12.7528,0.413989,,
85,6,0.005,78214,2851166,,,0.000382,4.61677,0.050257,0.884266,,,265.709,0.636703,,,13.3793,0.443102,,
86,6,0.005,78214,2851166,,,0.000359,4.35186,0.058984,0.901988,,,269.077,0.637983,,,14.6871,0.45215,,
87,6,0.005,78214,2851166,,,0.000779,10.7784,0.317129,5.15174,,,306.673,9.04073,,,74.6791,8.58595,,
88,6,0.005,78214,2851166,,,0.000527,4.63712,0.075292,0.914624,,,270.865,0.632445,,,14.6352,0.429498,,
89,6,0.005,78214,2851166,,,0.000716,6.00753,0.079662,4.85711,,,283.782,1.7621,,,17.1819,1.43398,,
90,6,0.005,78214,2851166,,,0.000883,5.41251,0.13138,5.87904,,,301.815,3.43172,,,29.1794,2.96915,,
91,6,0.005,78214,2851166,,,0.000758,6.96224,0.155993,5.55061,,,302.489,2.41536,,,24.3208,1.90582,,
92,6,0.005,78214,2851166,,,0.000681,5.25854,0.131298,5.98007,,,287.267,2.52725,,,22.2536,2.35675,,
93,6,0.005,78214,2851166,,,0.00062,7.79655,0.211249,5.2169,,,309.306,2.94386,,,32.5096,2.42439,,
94,6,0.005,78214,2851166,,,0.000932,5.40318,0.238844,5.35858,,,308.721,2.90666,,,39.9355,2.55164,,
95,6,0.005,78214,2851166,,,0.000704,8.25391,0.126658,5.61449,,,289.488,3.79173,,,27.7539,3.28564,,
96,6,0.005,78214,2851166,,,0.000574,5.22116,0.06901,6.08657,,,275.673,2.0077,,,17.394,1.72418,,
97,6,0.005,78214,2851166,,,0.000724,4.49456,0.109214,0.965983,,,291.231,0.643505,,,29.5065,0.463022,,
98,6,0.005,78214,2851166,,,0.000751,5.04821,0.17211,5.2888,,,306.283,2.13639,,,31.9866,1.94031,,
99,6,0.005,108058,3029696,,,0.000713,6.17036,0.016413,1.29438,,,247.595,0.796728,,,7.33977,0.511432,,
100,6,0.005,108058,3029696,,,0.000942,6.43009,0.095854,1.24783,,,267.539,0.820573,,,16.6861,0.60267,,
101,6,0.005,108058,3029696,,,0.000605,6.19944,0.081829,1.58715,,,276.288,1.26948,,,16.274,1.01017,,
102,6,0.005,108058,3029696,,,0.00075,6.13347,0.189333,1.45082,,,285.203,0.897983,,,34.4068,0.622672,,
103,6,0.005,108058,3029696,,,0.000425,5.73438,0.015788,1.33142,,,257.776,0.834728,,,8.5752,0.53455,,
104,6,0.005,108058,3029696,,,0.000421,5.8793,0.055781,0.800971,,,265.571,0.903742,,,13.7235,0.640438,,
105,6,0.005,108058,3029696,,,0.000384,5.98481,0.05464,0.982462,,,268.757,0.883217,,,12.9365,0.54215,,
106,6,0.005,108058,3029696,,,0.000368,5.80398,0.066584,1.08866,,,270.972,0.91322,,,13.2432,0.590624,,
107,6,0.005,108058,3029696,,,0.000327,5.99849,0.059046,1.25704,,,266.529,0.841314,,,14.2971,0.618323,,
108,6,0.005,108058,3029696,,,0.00035,5.87956,0.059388,0.928206,,,270.604,0.889908,,,13.8197,0.627116,,
109,6,0.005,108058,3029696,,,0.000917,7.17115,0.127398,5.97734,,,289.271,2.80464,,,25.6852,2.21289,,
110,6,0.005,108058,3029696,,,0.000904,5.88927,0.337735,1.25496,,,325.569,0.910083,,,119.896,0.740116,,
111,6,0.005,108058,3029696,,,0.000963,7.80769,0.0674,5.96786,,,270.684,2.5857,,,16.5537,2.4247,,
112,6,0.005,108058,3029696,,,0.000706,6.57941,0.050281,5.93538,,,274.026,3.00367,,,15.7149,2.14306,,
113,6,0.005,108058,3029696,,,0.000726,7.9034,0.190695,5.10238,,,307.833,2.83023,,,28.4506,2.30397,,
114,6,0.005,108058,3029696,,,0.000561,7.99262,0.090623,6.08931,,,271.398,2.71928,,,16.0728,2.58394,,
115,6,0.005,108058,3029696,,,0.000647,7.52309,0.113294,6.92143,,,284.123,3.68206,,,23.7502,3.14832,,
116,6,0.005,108058,3029696,,,0.001132,7.8589,0.41525,3.19217,,,364.99,2.4754,,,56.0816,2.0667,,
117,6,0.005,108058,3029696,,,0.000701,8.49379,0.171399,5.80004,,,299.686,3.03808,,,28.0733,2.80709,,
118,6,0.005,108058,3029696,,,0.000531,8.13787,0.106985,6.56014,,,293.183,2.75719,,,20.5717,2.58976,,
39,6,0.01,735248,6173754,,,0.000706,28.2037,0.010254,7.1031,,,251.003,3.42778,,,4.53445,3.09034,,
40,6,0.01,735248,6173754,,,0.000478,28.41,0.010965,8.64335,,,249.713,3.43588,,,4.36506,3.06822,,
41,6,0.01,735248,6173754,,,0.000731,28.913,0.048156,8.12414,,,262.369,4.96879,,,12.5729,3.55873,,
42,6,0.01,735248,6173754,,,0.000568,27.7811,0.016625,6.83577,,,255.837,5.04815,,,6.84402,3.11604,,
43,6,0.01,735248,6173754,,,0.000408,28.8427,0.013334,7.5467,,,258.298,5.14425,,,7.23888,3.70074,,
44,6,0.01,735248,6173754,,,0.000548,28.0376,0.063549,6.73384,,,263.26,5.33476,,,10.2687,3.91542,,
45,6,0.01,735248,6173754,,,0.0005,29.8445,0.056648,7.63553,,,262.933,5.00199,,,11.619,3.75725,,
46,6,0.01,735248,6173754,,,0.000455,27.9498,0.061275,6.62395,,,264.081,5.126,,,11.0771,3.81977,,
47,6,0.01,735248,6173754,,,0.00044,28.4881,0.050301,8.68888,,,259.254,7.17934,,,11.7444,6.07212,,
48,6,0.01,735248,6173754,,,0.000492,29.0427,0.043308,5.10774,,,254.889,5.17751,,,8.70507,3.38441,,
49,6,0.01,735248,6173754,,,0.000999,37.5568,0.055308,21.1203,,,269.694,14.911,,,15.8966,12.9924,,
50,6,0.01,735248,6173754,,,0.001654,35.9628,0.097614,16.2567,,,283.953,12.6655,,,20.5564,10.5692,,
51,6,0.01,735248,6173754,,,0.001391,37.584,0.052027,22.6912,,,267.282,15.0201,,,14.8299,12.936,,
52,6,0.01,735248,6173754,,,0.001381,33.1481,0.132888,9.86148,,,294.557,7.7746,,,28.3084,7.19073,,
53,6,0.01,735248,6173754,,,0.001298,36.7248,0.08082,21.3058,,,269.978,14.575,,,20.5963,13.3005,,
54,6,0.01,735248,6173754,,,0.001173,38.9763,0.041678,23.7543,,,266.796,14.5099,,,14.9626,12.8434,,
55,6,0.01,735248,6173754,,,0.001308,31.9556,0.087942,17.9428,,,286.957,13.5186,,,23.4259,11.5972,,
56,6,0.01,735248,6173754,,,0.001161,35.1782,0.125997,16.0323,,,292.686,12.9878,,,24.1603,11.312,,
57,6,0.01,735248,6173754,,,0.001135,41.4235,0.115592,19.7987,,,274.023,19.0824,,,15.5305,16.0719,,
58,6,0.01,735248,6173754,,,0.000849,40.8107,0.064142,22.3068,,,262.451,21.8887,,,12.1313,18.46,,
59,6,0.01,511014,5612800,,,0.001253,23.0561,0.008347,4.63363,,,250.613,2.32324,,,4.27405,2.17897,,
60,6,0.01,511014,5612800,,,0.000662,23.8525,0.00931,6.74522,,,250.485,2.52109,,,4.33886,2.2784,,
61,6,0.01,511014,5612800,,,0.000548,22.4297,0.021852,6.29833,,,263.091,4.67625,,,9.08413,4.15228,,
62,6,0.01,511014,5612800,,,0.000508,22.6541,0.013455,5.25824,,,252.249,3.75415,,,4.83387,3.55797,,
63,6,0.01,511014,5612800,,,0.001047,21.934,0.169922,5.28261,,,283.038,3.39992,,,28.0149,3.10491,,
64,6,0.01,511014,5612800,,,0.000914,23.6466,0.216488,5.48318,,,299.141,4.85563,,,56.1996,4.71195,,
65,6,0.01,511014,5612800,,,0.000543,22.6234,0.063173,5.43682,,,267.462,3.92578,,,12.3851,2.6976,,
66,6,0.01,511014,5612800,,,0.000493,22.9587,0.064642,4.05683,,,263.766,3.7001,,,11.2756,2.3704,,
67,6,0.01,511014,5612800,,,0.000507,23.1141,0.054232,4.9157,,,268.319,4.4865,,,11.6391,3.31905,,
68,6,0.01,511014,5612800,,,0.000385,22.8989,0.073031,4.0824,,,264.84,4.05422,,,11.5103,3.03499,,
69,6,0.01,511014,5612800,,,0.001352,26.6192,0.154559,9.15043,,,312.385,6.08445,,,24.8929,5.81134,,
70,6,0.01,511014,5612800,,,0.001221,23.3241,0.140552,9.37987,,,293.538,6.41727,,,26.7764,5.82082,,
71,6,0.01,511014,5612800,,,0.001179,26.3039,0.09091,16.1597,,,290.846,10.0746,,,30.8159,8.74586,,
72,6,0.01,511014,5612800,,,0.001103,26.9862,0.076548,15.5551,,,271.857,10.2832,,,19.0096,8.76538,,
73,6,0.01,511014,5612800,,,0.001187,30.1853,0.067884,16.8361,,,287.502,13.0936,,,32.6098,11.4885,,
74,6,0.01,511014,5612800,,,0.00107,26.0498,0.046746,13.2507,,,269.835,8.40643,,,14.5036,7.79522,,
75,6,0.01,511014,5612800,,,0.001016,26.268,0.062888,13.9409,,,273.569,8.63758,,,20.1607,7.81379,,
76,6,0.01,511014,5612800,,,0.001078,28.4958,0.112391,14.9974,,,278.674,12.85,,,22.6125,11.8668,,
77,6,0.01,511014,5612800,,,0.000752,25.0657,0.017074,18.4136,,,261.72,10.4123,,,12.1273,8.89233,,
78,6,0.01,511014,5612800,,,0.000918,27.5884,0.05288,15.7153,,,271.307,11.4072,,,15.6874,9.16423,,
79,6,0.01,155511,5592108,,,0.000886,9.13075,0.01521,1.77492,,,251.973,1.21948,,,8.04748,0.846656,,
80,6,0.01,155511,5592108,,,0.000758,9.08943,0.020792,1.70822,,,253.853,1.24513,,,8.90918,0.886369,,
81,6,0.01,155511,5592108,,,0.000498,9.55776,0.01971,1.31544,,,262.114,1.21932,,,9.05926,0.925395,,
82,6,0.01,155511,5592108,,,0.00052,9.53683,0.016915,1.65975,,,252.531,0.962323,,,5.19055,0.893166,,
83,6,0.01,155511,5592108,,,0.000445,9.30265,0.023854,1.53924,,,262.353,1.21396,,,10.0322,0.839595,,
84,6,0.01,155511,5592108,,,0.000509,9.21386,0.05938,2.02463,,,268.627,1.2229,,,13.0649,0.837842,,
85,6,0.01,155511,5592108,,,0.000529,9.20266,0.053824,2.00795,,,267.426,1.21943,,,12.0941,0.807932,,
86,6,0.01,155511,5592108,,,0.000409,9.33229,0.063157,1.833,,,271.709,1.24443,,,13.351,0.859371,,
87,6,0.01,155511,5592108,,,0.000903,21.772,0.408995,10.8454,,,304.749,18.4291,,,91.9354,17.227,,
88,6,0.01,155511,5592108,,,0.000411,8.962,0.076178,1.6991,,,269.564,1.20082,,,13.2459,0.855333,,
89,6,0.01,155511,5592108,,,0.000769,12.5046,0.095971,10.8143,,,282.412,3.58799,,,16.932,3.1261,,
90,6,0.01,155511,5592108,,,0.001055,11.558,0.133227,12.3399,,,292.382,6.59932,,,25.8935,5.7486,,
91,6,0.01,155511,5592108,,,0.001133,14.3682,0.147897,11.3421,,,315.256,3.83681,,,22.2424,3.30283,,
92,6,0.01,155511,5592108,,,0.000759,11.1967,0.117466,12.5846,,,290.621,5.08974,,,21.9061,4.74442,,
93,6,0.01,155511,5592108,,,0.000878,16.4634,0.244895,10.1498,,,310.187,5.46193,,,33.45,5.07953,,
94,6,0.01,155511,5592108,,,0.001276,11.3631,0.26321,11.3231,,,308.825,5.77543,,,43.3374,5.23078,,
95,6,0.01,155511,5592108,,,0.000933,18.4473,0.153539,11.9002,,,288.482,6.72189,,,26.4426,6.26444,,
96,6,0.01,155511,5592108,,,0.00071,10.625,0.059655,12.7792,,,272.398,3.8552,,,18.2693,3.47643,,
97,6,0.01,155511,5592108,,,0.000755,9.01676,0.139315,1.92254,,,291.991,1.28736,,,31.0913,0.939243,,
98,6,0.01,155511,5592108,,,0.000994,10.9136,0.18219,10.9464,,,304.613,4.03782,,,31.6855,3.79365,,
99,6,0.01,216185,6059208,,,0.001065,12.9288,0.020664,1.85138,,,250.037,1.63827,,,8.07453,1.23992,,
100,6,0.01,216185,6059208,,,0.000923,12.8721,0.098418,2.52606,,,262.389,1.5744,,,19.0348,1.26601,,
101,6,0.01,216185,6059208,,,0.000726,12.513,0.086733,3.48645,,,264.878,2.64256,,,17.1746,2.25062,,
102,6,0.01,216185,6059208,,,0.000762,12.0573,0.218062,2.82312,,,274.786,1.78169,,,41.0866,1.2797,,
103,6,0.01,216185,6059208,,,0.000455,12.1248,0.01684,2.74204,,,253.344,1.69262,,,8.65818,1.11841,,
104,6,0.01,216185,6059208,,,0.000415,12.1412,0.062289,1.82918,,,269.347,1.75257,,,14.3505,1.36437,,
105,6,0.01,216185,6059208,,,0.00043,12.3264,0.065273,2.05031,,,274.824,1.68401,,,13.6895,1.2158,,
106,6,0.01,216185,6059208,,,0.000442,12.4685,0.066726,2.57252,,,272.128,1.76415,,,13.1281,1.2896,,
107,6,0.01,216185,6059208,,,0.000755,12.8249,0.075052,2.84843,,,270.456,1.69511,,,12.5139,1.24752,,
108,6,0.01,216185,6059208,,,0.000511,12.8116,0.067023,2.04466,,,271.205,1.77887,,,13.7889,1.42426,,
109,6,0.01,216185,6059208,,,0.00203,14.5395,0.138612,12.2651,,,298.585,5.20934,,,27.9568,4.7676,,
110,6,0.01,216185,6059208,,,0.001129,12.3549,0.251466,2.01503,,,320.164,1.76463,,,85.0484,1.44886,,
111,6,0.01,216185,6059208,,,0.001024,16.4225,0.0694,12.6726,,,279.538,5.21325,,,16.5986,4.99837,,
112,6,0.01,216185,6059208,,,0.000856,13.8316,0.057532,13.081,,,271.137,5.29723,,,16.9172,4.57755,,
113,6,0.01,216185,6059208,,,0.000795,16.6758,0.24673,10.6758,,,305.812,5.0626,,,30.0559,4.50598,,
114,6,0.01,216185,6059208,,,0.001152,17.7886,0.150649,12.7201,,,286.494,5.48781,,,22.2505,5.28557,,
115,6,0.01,216185,6059208,,,0.001249,14.767,0.096261,13.9271,,,279.866,6.73918,,,22.2778,6.23648,,
116,6,0.01,216185,6059208,,,0.001513,16.0805,0.368208,7.22825,,,363.116,5.23985,,,54.2051,4.70316,,
117,6,0.01,216185,6059208,,,0.000852,18.1618,0.17184,11.3458,,,295.909,6.48578,,,28.9789,6.16767,,
118,6,0.01,216185,6059208,,,0.000661,16.1534,0.100876,13.0342,,,281.886,5.38465,,,21.3168,5.30774,,
39,6,0.05,3679419,30601953,,,0.001351,150.805,0.010942,30.2834,,,245.71,16.1106,,,4.6405,16.322,,
40,6,0.05,3679419,30601953,,,0.000907,149.372,0.01045,43.2081,,,245.378,17.1317,,,4.81832,16.5616,,
41,6,0.05,3679419,30601953,,,0.000982,149.407,0.06502,41.1185,,,265.869,24.9342,,,13.2401,18.6705,,
42,6,0.05,3679419,30601953,,,0.000655,146.979,0.016951,38.2885,,,256.113,25.5233,,,7.74065,17.3084,,
43,6,0.05,3679419,30601953,,,0.000599,150.918,0.014349,37.9441,,,256.43,25.7134,,,7.42767,18.4784,,
44,6,0.05,3679419,30601953,,,0.000699,148.677,0.053032,32.8865,,,264.247,25.9395,,,11.0953,18.6172,,
45,6,0.05,3679419,30601953,,,0.000819,148.77,0.057715,41.0593,,,263.155,25.9014,,,11.7865,18.6813,,
46,6,0.05,3679419,30601953,,,0.001186,149.212,0.069408,30.8321,,,266.911,35.518,,,9.40017,23.8246,,
47,6,0.05,3679419,30601953,,,0.000865,152.707,0.046818,36.7008,,,279.456,30.6257,,,11.4232,23.5123,,
48,6,0.05,3679419,30601953,,,0.000789,148.161,0.03684,25.1457,,,263.553,25.8788,,,9.09034,19.0378,,
49,6,0.05,3679419,30601953,,,0.001236,189.319,0.053915,108.356,,,277.72,73.017,,,19.3564,67.7829,,
50,6,0.05,3679419,30601953,,,0.0017,176.592,0.100027,80.2896,,,290.769,62.6412,,,20.9371,58.7926,,
51,6,0.05,3679419,30601953,,,0.001042,185.264,0.032169,106.713,,,263.914,68.6444,,,15.82,67.7542,,
52,6,0.05,3679419,30601953,,,0.001236,166.101,0.123533,40.5504,,,290.417,28.3034,,,28.7298,27.9984,,
53,6,0.05,3679419,30601953,,,0.001017,184.179,0.072129,102.161,,,266.01,66.7951,,,17.6854,67.5663,,
54,6,0.05,3679419,30601953,,,0.001007,188.141,0.040989,109.681,,,268.04,74.7851,,,16.3817,69.6164,,
55,6,0.05,3679419,30601953,,,0.0015,156.944,0.076842,76.326,,,277.275,63.0685,,,24.2797,56.5465,,
56,6,0.05,3679419,30601953,,,0.0015,173.675,0.110191,88.3995,,,279.781,67.2507,,,21.7804,62.1044,,
57,6,0.05,3679419,30601953,,,0.001066,195.328,0.097312,104.183,,,257.411,101.562,,,14.8982,95.5005,,
58,6,0.05,3679419,30601953,,,0.00111,197.66,0.069879,110.982,,,253.146,99.8407,,,12.9118,95.4974,,
59,6,0.05,2555953,28112945,,,0.001494,110.958,0.009588,22.0604,,,247.064,11.6112,,,4.68466,11.1348,,
60,6,0.05,2555953,28112945,,,0.001043,114.819,0.010154,31.693,,,248.447,12.5688,,,4.31163,11.8898,,
61,6,0.05,2555953,28112945,,,0.001332,115.436,0.015031,28.6628,,,263.314,19.392,,,5.33511,18.2294,,
62,6,0.05,2555953,28112945,,,0.001994,112.934,0.013431,27.69,,,251.992,17.9684,,,4.85785,17.0634,,
63,6,0.05,2555953,28112945,,,0.001401,107.206,0.179611,25.5733,,,283.108,17.1651,,,30.8293,15.9411,,
64,6,0.05,2555953,28112945,,,0.001035,109.879,0.256101,26.4309,,,305.953,23.6705,,,74.9457,21.3243,,
65,6,0.05,2555953,28112945,,,0.000684,108.449,0.054698,21.5283,,,267.394,17.5409,,,11.8979,12.5067,,
66,6,0.05,2555953,28112945,,,0.00109,109.507,0.048973,25.2548,,,265.12,17.3178,,,11.1359,12.2962,,
67,6,0.05,2555953,28112945,,,0.000869,111.176,0.053078,22.0071,,,271.213,21.3371,,,12.0993,16.8382,,
68,6,0.05,2555953,28112945,,,0.00082,114.194,0.058289,19.8683,,,270.336,20.7638,,,12.4146,15.619,,
69,6,0.05,2555953,28112945,,,0.001132,132.732,0.197559,43.7209,,,308.633,30.8982,,,27.9221,29.4165,,
70,6,0.05,2555953,28112945,,,0.001306,122.319,0.141045,43.5942,,,298.188,29.1894,,,28.7821,27.7663,,
71,6,0.05,2555953,28112945,,,0.001553,133.871,0.105786,78.692,,,298.114,49.5282,,,32.2067,46.6382,,
72,6,0.05,2555953,28112945,,,0.001327,137.151,0.070783,77.743,,,271.227,51.8281,,,20.409,47.2132,,
73,6,0.05,2555953,28112945,,,0.001263,150.529,0.080749,84.4933,,,284.71,60.831,,,31.095,59.6538,,
74,6,0.05,2555953,28112945,,,0.000958,132.56,0.056696,63.8262,,,268.767,40.8705,,,15.5572,38.3857,,
75,6,0.05,2555953,28112945,,,0.001333,132.359,0.101197,65.2264,,,280.208,41.2981,,,24.9743,38.845,,
76,6,0.05,2555953,28112945,,,0.001102,139.532,0.107213,72.6673,,,282.823,61.3291,,,22.8042,57.6062,,
77,6,0.05,2555953,28112945,,,0.00085,125.278,0.019871,89.7898,,,258.682,51.2175,,,13.2649,48.0003,,
78,6,0.05,2555953,28112945,,,0.00108,139.375,0.06734,79.4325,,,270.027,53.7904,,,17.0218,49.0956,,
79,6,0.05,779692,28472448,,,0.001729,45.7496,0.018899,7.81071,,,255.037,6.04998,,,8.90861,4.31758,,
80,6,0.05,779692,28472448,,,0.000742,46.4862,0.024881,7.0754,,,250.792,5.8906,,,9.49972,4.41806,,
81,6,0.05,779692,28472448,,,0.000754,45.8922,0.022019,6.50293,,,256.249,6.08502,,,10.3044,4.76656,,
82,6,0.05,779692,28472448,,,0.000567,45.5848,0.022096,7.93921,,,253.195,6.11097,,,9.64801,4.42565,,
83,6,0.05,779692,28472448,,,0.000603,45.7534,0.022302,8.19678,,,260.268,6.09212,,,9.39953,4.49307,,
84,6,0.05,779692,28472448,,,0.000585,46.1523,0.068912,8.21741,,,267.684,6.08852,,,13.7018,4.41185,,
85,6,0.05,779692,28472448,,,0.000712,47.665,0.062625,6.22595,,,270.228,6.02273,,,12.8588,4.19663,,
86,6,0.05,779692,28472448,,,0.000679,46.3768,0.077271,9.77012,,,272.487,6.16537,,,14.3135,4.54252,,
87,6,0.05,779692,28472448,,,0.001316,113.838,0.336083,48.4326,,,307.24,87.2167,,,94.0543,81.2469,,
88,6,0.05,779692,28472448,,,0.000744,47.266,0.07233,7.63788,,,270.996,6.07986,,,14.1301,4.57855,,
89,6,0.05,779692,28472448,,,0.001085,64.9596,0.081105,51.468,,,281.214,17.522,,,18.245,15.7889,,
90,6,0.05,779692,28472448,,,0.001334,57.2934,0.136691,58.4346,,,303.187,33.2177,,,31.3163,31.6042,,
91,6,0.05,779692,28472448,,,0.001181,69.8811,0.182816,50.4245,,,305.979,20.6834,,,26.2181,21.3378,,
92,6,0.05,779692,28472448,,,0.000977,54.5993,0.118262,57.9427,,,284.324,22.9779,,,23.0237,20.6168,,
93,6,0.05,779692,28472448,,,0.001065,82.1414,0.213365,49.7859,,,314.758,27.4233,,,33.4799,23.3767,,
94,6,0.05,779692,28472448,,,0.001756,57.1759,0.241177,52.1144,,,308.973,30.3438,,,42.4505,28.425,,
95,6,0.05,779692,28472448,,,0.00132,89.2156,0.158105,56.6549,,,298.857,34.0188,,,27.3773,29.82,,
96,6,0.05,779692,28472448,,,0.00098,53.4092,0.072647,61.4682,,,271.214,18.5859,,,16.7962,15.2671,,
97,6,0.05,779692,28472448,,,0.001145,47.4394,0.126871,9.30414,,,295.279,6.30601,,,30.7432,4.44754,,
98,6,0.05,779692,28472448,,,0.001198,54.3054,0.178861,50.029,,,303.785,21.5891,,,30.3422,18.9372,,
99,6,0.05,1081746,30527720,,,0.001272,62.3929,0.019398,11.8293,,,254.185,8.05891,,,7.64658,5.84805,,
100,6,0.05,1081746,30527720,,,0.001113,60.9377,0.098139,10.6193,,,267.899,8.16722,,,18.247,6.71983,,
101,6,0.05,1081746,30527720,,,0.000785,61.7176,0.085894,17.155,,,282.104,14.3612,,,21.9332,10.3479,,
102,6,0.05,1081746,30527720,,,0.001156,63.8686,0.204507,13.8152,,,282.139,8.89339,,,41.9264,6.89111,,
103,6,0.05,1081746,30527720,,,0.000909,63.0547,0.017633,12.4394,,,258.33,8.29256,,,8.80743,6.1515,,
104,6,0.05,1081746,30527720,,,0.000843,62.8911,0.060557,8.82292,,,269.231,8.8469,,,13.1295,6.36311,,
105,6,0.05,1081746,30527720,,,0.000759,62.0544,0.055553,9.47768,,,268.976,8.32826,,,12.236,5.92007,,
106,6,0.05,1081746,30527720,,,0.000837,61.9468,0.066353,10.6218,,,266.66,8.69714,,,13.0746,6.56174,,
107,6,0.05,1081746,30527720,,,0.000816,62.053,0.061076,13.083,,,264.701,8.23039,,,11.9097,5.71036,,
108,6,0.05,1081746,30527720,,,0.000773,60.9396,0.064843,9.28002,,,272.15,8.64311,,,12.7391,6.86248,,
109,6,0.05,1081746,30527720,,,0.001267,72.95,0.148751,57.5529,,,296.335,25.4392,,,28.2178,21.5028,,
110,6,0.05,1081746,30527720,,,0.001358,62.1325,0.290156,10.3351,,,323.19,8.39119,,,101.292,7.0233,,
111,6,0.05,1081746,30527720,,,0.001483,80.1238,0.068071,56.7492,,,271.877,25.5698,,,15.7229,21.1853,,
112,6,0.05,1081746,30527720,,,0.001107,68.7851,0.054623,59.9955,,,270.966,26.8036,,,16.0428,21.9805,,
113,6,0.05,1081746,30527720,,,0.001072,80.4526,0.205544,47.0742,,,313.189,27.1881,,,31.763,22.6015,,
114,6,0.05,1081746,30527720,,,0.00124,83.0594,0.083412,56.7393,,,273.673,27.1405,,,16.0253,23.6378,,
115,6,0.05,1081746,30527720,,,0.000905,70.3757,0.097493,66.9776,,,281.368,33.8684,,,20.4257,29.0056,,
116,6,0.05,1081746,30527720,,,0.00142,78.9756,0.328244,33.0494,,,342.829,25.7783,,,50.1241,23.0133,,
117,6,0.05,1081746,30527720,,,0.001208,87.9953,0.180088,56.0811,,,296.341,32.1351,,,27.2174,29.5818,,
118,6,0.05,1081746,30527720,,,0.001149,81.0853,0.097695,61.3833,,,281.628,27.3973,,,20.697,26.7312,,
39,6,0.1,7357847,61213573,,,0.001025,285.055,0.010005,60.2727,,,245.741,36.3113,,,4.76782,31.5678,,
40,6,0.1,7357847,61213573,,,0.000998,285.75,0.01332,79.4319,,,250.976,34.4138,,,6.47091,34.4124,,
41,6,0.1,7357847,61213573,,,0.001037,285.874,0.049868,93.8782,,,261.374,49.6705,,,12.4284,34.1684,,
42,6,0.1,7357847,61213573,,,0.000706,284.747,0.023482,70.4028,,,256.126,50.7322,,,6.91699,32.9452,,
43,6,0.1,7357847,61213573,,,0.000717,288.0,0.017875,89.2837,,,257.384,54.2319,,,7.57877,35.8601,,
44,6,0.1,7357847,61213573,,,0.000828,286.327,0.062889,75.8729,,,263.963,52.0004,,,10.9616,36.4587,,
45,6,0.1,7357847,61213573,,,0.000802,288.823,0.062356,80.4588,,,265.079,51.0488,,,11.0589,34.4513,,
46,6,0.1,7357847,61213573,,,0.000722,285.951,0.05106,86.3762,,,266.245,49.8696,,,11.0524,34.999,,
47,6,0.1,7357847,61213573,,,0.000807,297.204,0.050304,72.9011,,,268.924,68.4228,,,12.9663,59.4951,,
48,6,0.1,7357847,61213573,,,0.000778,296.97,0.039797,51.7661,,,263.282,51.6069,,,8.81084,35.3279,,
49,6,0.1,7357847,61213573,,,0.001449,381.736,0.057985,198.333,,,285.778,140.781,,,16.5028,128.593,,
50,6,0.1,7357847,61213573,,,0.001261,364.535,0.105087,154.732,,,284.3,121.035,,,19.5701,114.909,,
51,6,0.1,7357847,61213573,,,0.001166,384.228,0.035982,212.338,,,263.253,135.264,,,14.475,130.241,,
52,6,0.1,7357847,61213573,,,0.001448,348.878,0.153122,98.3335,,,294.823,72.8021,,,29.3578,72.0908,,
53,6,0.1,7357847,61213573,,,0.001543,382.564,0.107677,199.469,,,274.937,135.177,,,20.884,133.665,,
54,6,0.1,7357847,61213573,,,0.001414,392.319,0.059149,226.503,,,262.643,146.042,,,14.6767,139.491,,
55,6,0.1,7357847,61213573,,,0.001468,313.793,0.089221,170.552,,,284.793,129.026,,,24.3857,118.415,,
56,6,0.1,7357847,61213573,,,0.002068,356.376,0.107947,213.026,,,278.587,130.632,,,21.1941,150.273,,
57,6,0.1,7357847,61213573,,,0.001852,390.283,0.091443,215.371,,,266.76,211.304,,,14.1097,191.681,,
58,6,0.1,7357847,61213573,,,0.001479,395.582,0.082139,228.28,,,264.974,213.267,,,13.639,185.53,,
59,6,0.1,5113065,55849231,,,0.00149,219.817,0.009315,44.9262,,,250.38,23.3519,,,4.79706,21.837,,
60,6,0.1,5113065,55849231,,,0.000932,222.443,0.010052,63.8327,,,251.073,25.5145,,,4.24884,22.3789,,
61,6,0.1,5113065,55849231,,,0.000966,219.0,0.013886,60.8639,,,253.017,38.7041,,,4.81001,34.3837,,
62,6,0.1,5113065,55849231,,,0.000924,216.665,0.012412,49.413,,,259.341,35.2415,,,4.58505,31.8577,,
63,6,0.1,5113065,55849231,,,0.001293,213.8,0.177808,59.9933,,,277.591,35.8339,,,26.2209,33.5524,,
64,6,0.1,5113065,55849231,,,0.001213,224.079,0.197638,44.7526,,,294.113,46.1261,,,42.855,41.547,,
65,6,0.1,5113065,55849231,,,0.001019,228.371,0.054962,43.3203,,,261.949,34.0606,,,11.9782,25.7277,,
66,6,0.1,5113065,55849231,,,0.000908,226.077,0.05785,46.0492,,,254.015,34.3779,,,11.5981,25.0745,,
67,6,0.1,5113065,55849231,,,0.001129,226.389,0.057187,53.6101,,,256.863,40.3389,,,12.5143,31.4582,,
68,6,0.1,5113065,55849231,,,0.001084,229.563,0.061751,40.9488,,,257.466,40.2259,,,11.8887,31.1209,,
69,6,0.1,5113065,55849231,,,0.001362,263.917,0.165114,88.8784,,,301.505,57.8388,,,27.1184,54.7217,,
70,6,0.1,5113065,55849231,,,0.001558,239.232,0.124487,101.48,,,289.324,64.3092,,,26.7213,66.0098,,
71,6,0.1,5113065,55849231,,,0.001632,271.213,0.091608,149.743,,,284.865,87.8369,,,32.2471,88.4544,,
72,6,0.1,5113065,55849231,,,0.001366,273.556,0.064394,176.184,,,273.216,98.9479,,,24.1998,102.055,,
73,6,0.1,5113065,55849231,,,0.001487,301.963,0.070045,169.228,,,286.626,121.058,,,31.9019,116.586,,
74,6,0.1,5113065,55849231,,,0.001509,262.29,0.06013,122.664,,,277.804,79.9033,,,15.6889,77.1816,,
75,6,0.1,5113065,55849231,,,0.001246,262.371,0.079643,128.025,,,293.475,83.4411,,,24.7821,80.907,,
76,6,0.1,5113065,55849231,,,0.001351,266.607,0.083886,147.78,,,290.706,124.631,,,26.1092,120.818,,
77,6,0.1,5113065,55849231,,,0.001068,238.412,0.02023,176.536,,,268.697,102.083,,,14.7042,91.0386,,
78,6,0.1,5113065,55849231,,,0.00119,267.212,0.060743,155.101,,,285.091,105.356,,,17.4151,95.8765,,
79,6,0.1,1559390,56828994,,,0.002203,90.9859,0.019858,13.9218,,,262.197,12.0342,,,9.07023,8.91214,,
80,6,0.1,1559390,56828994,,,0.001012,89.6411,0.019398,16.4903,,,260.933,12.1386,,,8.65921,9.2533,,
81,6,0.1,1559390,56828994,,,0.000779,90.7922,0.022467,15.1923,,,263.542,12.2941,,,9.57438,9.1558,,
82,6,0.1,1559390,56828994,,,0.000732,91.9877,0.030514,15.0669,,,255.795,12.0037,,,9.45772,8.95532,,
83,6,0.1,1559390,56828994,,,0.00078,91.9573,0.028155,16.7069,,,257.505,12.2133,,,9.94686,9.41263,,
84,6,0.1,1559390,56828994,,,0.000795,91.2654,0.057891,18.934,,,259.028,12.2767,,,13.8457,9.5024,,
85,6,0.1,1559390,56828994,,,0.00086,91.0937,0.056789,19.0553,,,262.633,11.9333,,,12.6005,8.73758,,
86,6,0.1,1559390,56828994,,,0.00081,91.7434,0.067432,19.1088,,,265.514,12.1186,,,14.2908,9.4971,,
87,6,0.1,1559390,56828994,,,0.001348,215.981,0.340187,102.039,,,291.718,170.492,,,73.5583,173.673,,
88,6,0.1,1559390,56828994,,,0.000915,90.9205,0.075326,14.8148,,,263.176,11.7197,,,15.1459,9.66556,,
89,6,0.1,1559390,56828994,,,0.001569,126.548,0.083875,102.152,,,276.539,33.1113,,,17.7606,29.7484,,
90,6,0.1,1559390,56828994,,,0.001334,110.988,0.14483,118.55,,,291.209,67.1662,,,30.2273,58.9919,,
91,6,0.1,1559390,56828994,,,0.001369,136.202,0.094377,100.926,,,281.178,42.2572,,,17.5163,38.0423,,
92,6,0.1,1559390,56828994,,,0.001603,107.156,0.092833,115.317,,,292.481,49.478,,,20.7037,44.2514,,
93,6,0.1,1559390,56828994,,,0.001094,157.241,0.28628,90.2407,,,325.607,65.2859,,,40.8757,59.0962,,
94,6,0.1,1559390,56828994,,,0.001681,108.632,0.225875,112.751,,,319.175,65.6824,,,44.1206,57.844,,
95,6,0.1,1559390,56828994,,,0.001185,177.406,0.140703,113.051,,,299.519,67.9085,,,29.0836,63.8723,,
96,6,0.1,1559390,56828994,,,0.001121,105.317,0.045376,120.442,,,271.836,46.0578,,,15.8637,38.5809,,
97,6,0.1,1559390,56828994,,,0.001674,91.256,0.128728,19.3587,,,300.74,12.4534,,,30.7955,9.41701,,
98,6,0.1,1559390,56828994,,,0.001739,105.452,0.15532,101.58,,,295.059,42.2937,,,29.4771,42.0506,,
99,6,0.1,2163974,60632560,,,0.00123,122.467,0.022817,17.1188,,,249.183,16.1483,,,8.12319,12.1403,,
100,6,0.1,2163974,60632560,,,0.001125,124.081,0.115787,20.8701,,,260.451,16.3992,,,21.8482,13.521,,
101,6,0.1,2163974,60632560,,,0.000836,124.312,0.087855,25.5941,,,270.326,27.9605,,,17.2741,23.1541,,
102,6,0.1,2163974,60632560,,,0.001415,122.916,0.177852,25.463,,,273.216,17.0664,,,43.4669,14.8266,,
103,6,0.1,2163974,60632560,,,0.000846,122.194,0.01882,25.312,,,252.117,16.4961,,,8.62757,11.5043,,
104,6,0.1,2163974,60632560,,,0.00092,125.504,0.063779,18.3209,,,261.521,21.1287,,,13.6249,13.6217,,
105,6,0.1,2163974,60632560,,,0.000897,123.475,0.056768,21.2028,,,261.498,16.2773,,,12.3127,12.5278,,
106,6,0.1,2163974,60632560,,,0.000887,122.736,0.066905,22.4285,,,262.275,17.3891,,,13.7553,13.7409,,
107,6,0.1,2163974,60632560,,,0.000757,123.484,0.074989,26.3544,,,271.538,16.7627,,,12.7861,12.4198,,
108,6,0.1,2163974,60632560,,,0.001154,124.056,0.070387,20.7347,,,275.481,17.4601,,,14.3973,13.1596,,
109,6,0.1,2163974,60632560,,,0.001375,150.489,0.10921,122.066,,,298.662,54.08,,,26.1391,49.077,,
110,6,0.1,2163974,60632560,,,0.00156,123.738,0.209976,20.4121,,,312.613,17.0113,,,64.3901,14.1637,,
111,6,0.1,2163974,60632560,,,0.001436,172.454,0.077727,116.393,,,282.064,50.8365,,,17.4063,43.6935,,
112,6,0.1,2163974,60632560,,,0.001099,140.858,0.063167,127.681,,,276.111,52.3173,,,16.5717,47.1564,,
113,6,0.1,2163974,60632560,,,0.001138,165.621,0.282768,97.2608,,,336.493,56.5418,,,36.7716,51.0444,,
114,6,0.1,2163974,60632560,,,0.001687,179.447,0.086052,123.387,,,282.623,54.1575,,,16.4798,48.6976,,
115,6,0.1,2163974,60632560,,,0.002055,148.712,0.116117,138.686,,,291.656,60.85,,,21.7207,53.3789,,
116,6,0.1,2163974,60632560,,,0.001993,165.414,0.365605,64.5667,,,360.306,46.9123,,,58.9515,41.5757,,
117,6,0.1,2163974,60632560,,,0.001169,182.068,0.176219,115.728,,,295.61,59.02,,,25.2197,52.3332,,
118,6,0.1,2163974,60632560,,,0.001242,159.485,0.139789,124.525,,,282.006,51.4279,,,19.9295,53.8259,,
39,6,0.2,14716948,122165475,,,0.00098,576.317,0.010575,121.592,,,243.006,65.4946,,,4.90262,62.3485,,
40,6,0.2,14716948,122165475,,,0.001404,569.968,0.011137,169.985,,,244.204,65.9363,,,4.74372,62.7463,,
41,6,0.2,14716948,122165475,,,0.001277,567.802,0.075912,173.712,,,258.817,94.675,,,13.3381,70.4303,,
42,6,0.2,14716948,122165475,,,0.001845,567.701,0.01157,142.958,,,245.205,66.6514,,,4.85816,64.1045,,
43,6,0.2,14716948,122165475,,,0.001291,589.867,0.022162,158.969,,,250.871,114.889,,,8.61711,89.9773,,
44,6,0.2,14716948,122165475,,,0.001094,593.547,0.063288,146.131,,,261.588,100.532,,,11.6431,71.0626,,
45,6,0.2,14716948,122165475,,,0.001134,595.473,0.061193,162.201,,,264.297,99.0667,,,11.644,67.0842,,
46,6,0.2,14716948,122165475,,,0.001531,593.684,0.0605,141.898,,,266.271,97.0418,,,10.9124,70.1333,,
47,6,0.2,14716948,122165475,,,0.001204,610.557,0.05463,133.004,,,266.924,119.772,,,11.429,90.7501,,
48,6,0.2,14716948,122165475,,,0.001407,580.992,0.045379,102.715,,,261.823,101.18,,,8.56949,69.3199,,
49,6,0.2,14716948,122165475,,,0.001648,732.168,0.034698,459.309,,,267.714,278.631,,,13.301,258.086,,
50,6,0.2,14716948,122165475,,,0.001723,699.806,0.069109,341.689,,,274.198,251.886,,,15.8571,230.925,,
51,6,0.2,14716948,122165475,,,0.001829,744.106,0.037294,415.194,,,262.181,271.544,,,14.2617,257.43,,
52,6,0.2,14716948,122165475,,,0.002,669.814,0.12498,155.566,,,286.881,109.892,,,26.0096,112.657,,
53,6,0.2,14716948,122165475,,,0.002031,765.126,0.08717,411.164,,,273.318,272.179,,,19.2969,271.59,,
54,6,0.2,14716948,122165475,,,0.001624,783.913,0.044022,440.756,,,262.799,292.568,,,14.6941,257.268,,
55,6,0.2,14716948,122165475,,,0.002407,648.769,0.12755,276.146,,,286.068,231.338,,,25.9739,220.142,,
56,6,0.2,14716948,122165475,,,0.001936,723.027,0.079294,383.01,,,275.042,269.166,,,17.9983,251.587,,
57,6,0.2,14716948,122165475,,,0.002163,805.428,0.101204,411.156,,,270.059,394.635,,,14.6081,376.816,,
58,6,0.2,14716948,122165475,,,0.002023,784.846,0.073587,440.688,,,264.685,418.312,,,13.9849,377.234,,
59,6,0.2,10226421,111989334,,,0.001707,432.012,0.009669,86.5406,,,252.449,46.5391,,,4.82758,45.2739,,
60,6,0.2,10226421,111989334,,,0.001181,438.649,0.010176,123.196,,,253.855,49.5007,,,4.44369,45.5117,,
61,6,0.2,10226421,111989334,,,0.001096,430.424,0.016229,112.909,,,252.128,77.2133,,,4.81554,73.5512,,
62,6,0.2,10226421,111989334,,,0.001113,427.665,0.014035,114.298,,,256.679,74.9862,,,5.18243,70.8232,,
63,6,0.2,10226421,111989334,,,0.001486,426.296,0.173248,100.603,,,277.248,66.038,,,30.319,64.3182,,
64,6,0.2,10226421,111989334,,,0.001822,434.754,0.229822,104.234,,,292.432,89.3631,,,64.7848,82.2204,,
65,6,0.2,10226421,111989334,,,0.00149,450.8,0.062144,92.9916,,,255.498,66.0407,,,12.375,52.3163,,
66,6,0.2,10226421,111989334,,,0.001372,446.649,0.06344,75.4783,,,264.114,70.3563,,,12.1082,51.131,,
67,6,0.2,10226421,111989334,,,0.001364,457.773,0.068909,96.1961,,,257.151,82.2555,,,12.6215,65.3457,,
68,6,0.2,10226421,111989334,,,0.002004,455.551,0.063321,86.512,,,258.396,75.0991,,,12.8287,61.2052,,
69,6,0.2,10226421,111989334,,,0.001929,519.578,0.18315,182.422,,,300.383,115.584,,,25.5196,120.334,,
70,6,0.2,10226421,111989334,,,0.001633,453.393,0.146311,181.204,,,291.731,110.129,,,29.2632,108.999,,
71,6,0.2,10226421,111989334,,,0.001825,507.68,0.111885,324.589,,,290.467,189.163,,,32.6787,182.64,,
72,6,0.2,10226421,111989334,,,0.001552,513.91,0.135431,302.112,,,288.477,198.451,,,26.2629,188.004,,
73,6,0.2,10226421,111989334,,,0.002133,587.635,0.092832,348.211,,,294.572,238.069,,,32.1887,235.262,,
74,6,0.2,10226421,111989334,,,0.002841,504.182,0.073108,258.113,,,274.597,159.648,,,16.4561,151.297,,
75,6,0.2,10226421,111989334,,,0.002823,517.13,0.099961,268.772,,,285.579,165.364,,,24.5446,155.273,,
76,6,0.2,10226421,111989334,,,0.002196,540.015,0.089453,323.946,,,296.226,265.079,,,26.5467,260.672,,
77,6,0.2,10226421,111989334,,,0.001243,495.227,0.025403,365.02,,,263.965,191.106,,,13.4011,185.737,,
78,6,0.2,10226421,111989334,,,0.00114,548.698,0.065161,314.041,,,278.275,206.014,,,16.4427,186.208,,
79,6,0.2,3117975,113830909,,,0.001556,190.486,0.021451,30.9694,,,251.191,23.7843,,,8.56001,16.7616,,
80,6,0.2,3117975,113830909,,,0.001083,187.242,0.01826,34.0756,,,248.344,19.0912,,,5.02733,18.2563,,
81,6,0.2,3117975,113830909,,,0.000798,190.48,0.022809,26.6096,,,252.929,24.2262,,,9.12517,17.6608,,
82,6,0.2,3117975,113830909,,,0.001009,179.936,0.025013,30.9343,,,254.669,24.7837,,,8.96862,17.544,,
83,6,0.2,3117975,113830909,,,0.000907,181.404,0.029249,32.6461,,,253.698,23.7023,,,10.1784,17.6733,,
84,6,0.2,3117975,113830909,,,0.001012,184.212,0.066594,39.3042,,,260.613,23.8458,,,13.6385,18.825,,
85,6,0.2,3117975,113830909,,,0.001361,182.661,0.0571,38.0785,,,262.07,23.8485,,,12.3323,17.0168,,
86,6,0.2,3117975,113830909,,,0.001031,186.625,0.062568,38.1204,,,269.114,24.37,,,12.5897,17.959,,
87,6,0.2,3117975,113830909,,,0.001821,432.16,0.335253,205.23,,,305.702,345.87,,,71.8125,346.63,,
88,6,0.2,3117975,113830909,,,0.001114,189.281,0.087643,26.9886,,,272.049,24.6069,,,14.2075,17.4238,,
89,6,0.2,3117975,113830909,,,0.001432,254.385,0.104715,207.093,,,282.848,68.0043,,,17.5563,58.737,,
90,6,0.2,3117975,113830909,,,0.001439,224.874,0.149332,247.313,,,298.793,140.482,,,29.2227,121.652,,
91,6,0.2,3117975,113830909,,,0.001339,273.965,0.087458,213.208,,,281.229,71.3815,,,16.413,61.0902,,
92,6,0.2,3117975,113830909,,,0.001348,220.808,0.135588,238.725,,,295.567,92.9745,,,21.6964,84.3977,,
93,6,0.2,3117975,113830909,,,0.001457,321.879,0.23564,192.547,,,323.247,143.902,,,39.4311,128.134,,
94,6,0.2,3117975,113830909,,,0.001963,231.55,0.239834,220.066,,,309.466,115.225,,,40.0944,107.927,,
95,6,0.2,3117975,113830909,,,0.001423,372.008,0.188334,223.936,,,295.542,132.504,,,28.6199,123.247,,
96,6,0.2,3117975,113830909,,,0.001584,225.926,0.04285,243.338,,,265.125,81.7074,,,14.8194,70.6974,,
97,6,0.2,3117975,113830909,,,0.001953,194.569,0.123729,36.999,,,289.329,24.7551,,,29.91,18.7817,,
98,6,0.2,3117975,113830909,,,0.001833,221.78,0.169602,214.584,,,301.643,72.2515,,,30.3766,69.7304,,
99,6,0.2,4330842,121206579,,,0.001585,249.713,0.026525,48.6091,,,249.877,33.4333,,,8.26924,23.0698,,
100,6,0.2,4330842,121206579,,,0.001511,252.791,0.113737,32.5432,,,262.733,32.0965,,,20.3726,24.9539,,
101,6,0.2,4330842,121206579,,,0.001604,250.829,0.095129,64.77,,,265.646,46.0778,,,16.1883,39.3122,,
102,6,0.2,4330842,121206579,,,0.001855,251.557,0.208822,49.6604,,,270.857,35.2446,,,36.8433,26.3246,,
103,6,0.2,4330842,121206579,,,0.001203,248.225,0.019773,50.1293,,,252.777,32.8592,,,8.56246,23.2275,,
104,6,0.2,4330842,121206579,,,0.001271,246.101,0.06588,35.5961,,,267.407,35.1372,,,12.7587,26.2328,,
105,6,0.2,4330842,121206579,,,0.001147,241.739,0.062946,50.2667,,,266.786,33.3242,,,13.1327,23.7698,,
106,6,0.2,4330842,121206579,,,0.001194,240.893,0.075868,51.6883,,,267.716,34.35,,,12.4713,26.1255,,
107,6,0.2,4330842,121206579,,,0.000997,242.928,0.078975,56.3142,,,267.438,33.8032,,,12.5768,24.7833,,
108,6,0.2,4330842,121206579,,,0.001052,242.045,0.076619,38.548,,,272.3,34.2777,,,13.6296,25.8403,,
109,6,0.2,4330842,121206579,,,0.001896,299.469,0.126008,255.091,,,292.206,102.523,,,24.3425,92.8535,,
110,6,0.2,4330842,121206579,,,0.002398,244.637,0.316698,42.1725,,,324.109,36.1548,,,103.236,28.2648,,
111,6,0.2,4330842,121206579,,,0.002055,328.003,0.081051,255.817,,,279.25,103.072,,,16.1847,90.1706,,
112,6,0.2,4330842,121206579,,,0.00155,275.121,0.066732,257.633,,,275.691,104.254,,,16.9186,93.5212,,
113,6,0.2,4330842,121206579,,,0.001612,320.373,0.207908,200.962,,,316.762,93.4841,,,29.7026,81.3066,,
114,6,0.2,4330842,121206579,,,0.001218,342.858,0.16741,231.166,,,294.524,109.782,,,23.6113,111.91,,
115,6,0.2,4330842,121206579,,,0.001366,298.244,0.11135,264.801,,,279.559,110.637,,,18.9656,102.584,,
116,6,0.2,4330842,121206579,,,0.001957,320.415,0.377946,139.529,,,358.049,98.5471,,,58.8141,95.536,,
117,6,0.2,4330842,121206579,,,0.001599,367.733,0.190607,240.331,,,295.698,127.695,,,26.6582,117.289,,
118,6,0.2,4330842,121206579,,,0.001424,330.116,0.116528,245.332,,,286.571,102.218,,,21.5754,108.798,,
39,7,0.001,73492,612310,,,0.001196,3.0003,0.018352,0.661444,,,242.945,0.350516,,,6.61601,0.350216,,
40,7,0.001,73492,612310,,,0.000478,2.98895,0.011857,0.904386,,,245.321,0.340608,,,5.06991,0.347517,,
41,7,0.001,73492,612310,,,0.000705,2.98731,0.062246,0.865778,,,256.179,0.513052,,,14.2391,0.37006,,
42,7,0.001,73492,612310,,,0.000402,3.03465,0.013995,0.690715,,,249.367,0.509704,,,7.43723,0.342174,,
43,7,0.001,73492,612310,,,0.000335,2.93061,0.011524,0.711535,,,250.646,0.509554,,,7.63883,0.384365,,
44,7,0.001,73492,612310,,,0.000363,2.77386,0.053851,0.773431,,,258.641,0.51188,,,11.4951,0.384311,,
45,7,0.001,73492,612310,,,0.000337,2.74148,0.055089,0.809968,,,260.168,0.524955,,,11.5875,0.384573,,
46,7,0.001,73492,612310,,,0.000277,2.8765,0.055094,0.83368,,,256.584,0.559272,,,11.0797,0.389187,,
47,7,0.001,73492,612310,,,0.000234,2.9099,0.052253,0.682952,,,261.248,0.616531,,,11.9554,0.436025,,
48,7,0.001,73492,612310,,,0.000317,2.72548,0.038058,0.523184,,,262.974,0.536904,,,9.1732,0.377381,,
49,7,0.001,73492,612310,,,0.00062,3.52345,0.053833,2.06057,,,275.061,1.4478,,,17.6154,1.38054,,
50,7,0.001,73492,612310,,,0.00057,3.5345,0.127738,1.4485,,,287.638,1.28587,,,20.6863,1.19137,,
51,7,0.001,73492,612310,,,0.000423,3.67803,0.023142,2.18025,,,268.257,1.45901,,,13.3351,1.36225,,
52,7,0.001,73492,612310,,,0.000813,3.18763,0.143275,0.779735,,,307.278,0.591848,,,32.4457,0.583203,,
53,7,0.001,73492,612310,,,0.000656,3.5063,0.066959,2.03927,,,280.273,1.50236,,,20.3811,1.48434,,
54,7,0.001,73492,612310,,,0.000504,3.83027,0.036069,2.35781,,,273.649,1.60594,,,16.3566,1.48409,,
55,7,0.001,73492,612310,,,0.000967,3.3192,0.090239,1.44914,,,294.708,1.34675,,,25.124,1.07515,,
56,7,0.001,73492,612310,,,0.000873,3.72127,0.085224,1.91209,,,286.204,1.4192,,,21.7825,1.39867,,
57,7,0.001,73492,612310,,,0.000753,4.03337,0.09702,1.87529,,,272.444,2.0967,,,16.7554,1.82686,,
58,7,0.001,73492,612310,,,0.000591,4.03854,0.051723,2.16841,,,261.778,2.19391,,,12.7931,2.1272,,
59,7,0.001,51073,554946,,,0.000797,2.33744,0.007316,0.470837,,,245.861,0.242723,,,4.7948,0.247737,,
60,7,0.001,51073,554946,,,0.000523,2.38519,0.00936,0.676831,,,243.84,0.251806,,,4.68804,0.240458,,
61,7,0.001,51073,554946,,,0.000381,2.25131,0.012583,0.5893,,,246.699,0.455683,,,5.16058,0.44684,,
62,7,0.001,51073,554946,,,0.000261,2.17372,0.013025,0.585,,,244.655,0.434435,,,4.91904,0.394271,,
63,7,0.001,51073,554946,,,0.000566,2.1591,0.149758,0.524306,,,270.175,0.403672,,,28.8975,0.379934,,
64,7,0.001,51073,554946,,,0.000594,2.22727,0.171749,0.486887,,,286.646,0.546252,,,49.6232,0.48375,,
65,7,0.001,51073,554946,,,0.000288,2.30435,0.050277,0.456376,,,257.258,0.366189,,,12.1286,0.260094,,
66,7,0.001,51073,554946,,,0.000241,2.1731,0.047138,0.381752,,,260.016,0.381386,,,11.7248,0.259834,,
67,7,0.001,51073,554946,,,0.000255,2.19318,0.052145,0.479979,,,256.148,0.448199,,,11.473,0.359523,,
68,7,0.001,51073,554946,,,0.000255,2.19181,0.057159,0.559712,,,263.914,0.474525,,,12.1281,0.363127,,
69,7,0.001,51073,554946,,,0.000501,2.62883,0.155475,0.846643,,,301.9,0.609677,,,25.6751,0.505289,,
70,7,0.001,51073,554946,,,0.000753,2.41937,0.119375,0.842765,,,291.563,0.617723,,,28.4986,0.596919,,
71,7,0.001,51073,554946,,,0.000727,2.59023,0.071989,1.71237,,,289.63,1.06096,,,31.6531,0.89783,,
72,7,0.001,51073,554946,,,0.000589,2.6283,0.085321,1.60261,,,284.961,1.04829,,,21.3852,1.03789,,
73,7,0.001,51073,554946,,,0.000711,2.86723,0.06053,1.67543,,,297.764,1.33585,,,29.9547,1.21998,,
74,7,0.001,51073,554946,,,0.000491,2.65259,0.045057,1.41243,,,276.128,0.917589,,,15.6142,0.888322,,
75,7,0.001,51073,554946,,,0.000613,2.65811,0.077671,1.31246,,,290.358,0.93205,,,24.613,0.862492,,
76,7,0.001,51073,554946,,,0.000531,2.6397,0.087248,1.44637,,,288.318,1.41788,,,21.851,1.16008,,
77,7,0.001,51073,554946,,,0.000357,2.40981,0.015535,1.82492,,,269.004,1.08568,,,12.1498,0.974928,,
78,7,0.001,51073,554946,,,0.000486,2.79253,0.052591,1.6493,,,281.444,1.17931,,,15.8847,1.03656,,
79,7,0.001,15633,565229,,,0.000685,0.954408,0.01331,0.164513,,,257.358,0.134908,,,8.42423,0.122178,,
80,7,0.001,15633,565229,,,0.000529,0.883656,0.028236,0.145886,,,255.361,0.109969,,,5.20145,0.099062,,
81,7,0.001,15633,565229,,,0.000227,0.881572,0.020314,0.120557,,,262.139,0.131914,,,10.1196,0.098067,,
82,7,0.001,15633,565229,,,0.000234,0.876166,0.019348,0.145976,,,260.096,0.13176,,,9.39911,0.085281,,
83,7,0.001,15633,565229,,,0.000217,0.877161,0.020558,0.155175,,,261.584,0.130797,,,10.0914,0.095886,,
84,7,0.001,15633,565229,,,0.000246,0.892118,0.053333,0.188971,,,262.222,0.128626,,,13.2979,0.108063,,
85,7,0.001,15633,565229,,,0.000211,0.892039,0.045267,0.178318,,,259.054,0.127952,,,11.7856,0.099032,,
86,7,0.001,15633,565229,,,0.000212,0.905453,0.053541,0.205122,,,262.601,0.13476,,,12.9366,0.083299,,
87,7,0.001,15633,565229,,,0.000544,2.09204,0.381802,1.10096,,,293.344,1.76843,,,75.5511,1.60299,,
88,7,0.001,15633,565229,,,0.000237,0.901068,0.064886,0.174343,,,264.844,0.128787,,,14.0041,0.089118,,
89,7,0.001,15633,565229,,,0.0005,1.21735,0.075025,1.05557,,,285.264,0.379467,,,16.3903,0.299732,,
90,7,0.001,15633,565229,,,0.000577,1.08961,0.124921,1.26967,,,289.987,0.739074,,,29.2216,0.735682,,
91,7,0.001,15633,565229,,,0.000513,1.31159,0.17088,1.0562,,,299.727,0.434261,,,26.7787,0.484501,,
92,7,0.001,15633,565229,,,0.000414,1.04126,0.095869,1.27014,,,281.904,0.529114,,,22.3575,0.445377,,
93,7,0.001,15633,565229,,,0.000368,1.53694,0.236572,1.03211,,,311.848,0.721835,,,34.6811,0.673226,,
94,7,0.001,15633,565229,,,0.000633,1.06331,0.221404,1.18403,,,304.715,0.670662,,,42.1128,0.563218,,
95,7,0.001,15633,565229,,,0.000426,1.68651,0.163712,1.21645,,,289.746,0.7941,,,25.8322,0.661608,,
96,7,0.001,15633,565229,,,0.000333,1.02462,0.056972,1.32999,,,280.107,0.38637,,,17.1374,0.329489,,
97,7,0.001,15633,565229,,,0.000424,0.908198,0.145787,0.199026,,,309.299,0.149183,,,33.9839,0.099772,,
98,7,0.001,15633,565229,,,0.0005,1.03084,0.182164,1.06024,,,318.34,0.475191,,,32.4921,0.390438,,
99,7,0.001,21794,614916,,,0.000562,1.28967,0.018941,0.178095,,,256.245,0.194121,,,7.65932,0.133888,,
100,7,0.001,21794,614916,,,0.000682,1.3102,0.144776,0.244076,,,272.682,0.192959,,,22.0283,0.142341,,
101,7,0.001,21794,614916,,,0.000403,1.17158,0.088771,0.208688,,,280.08,0.209661,,,21.8303,0.136897,,
102,7,0.001,21794,614916,,,0.000484,1.15485,0.20011,0.2888,,,283.648,0.192408,,,39.2156,0.140967,,
103,7,0.001,21794,614916,,,0.000235,1.15571,0.012836,0.27051,,,259.613,0.184862,,,8.43876,0.121741,,
104,7,0.001,21794,614916,,,0.000247,1.16862,0.053368,0.180795,,,270.479,0.2001,,,12.5841,0.126819,,
105,7,0.001,21794,614916,,,0.00022,1.1682,0.062985,0.202149,,,262.562,0.196507,,,12.5013,0.140129,,
106,7,0.001,21794,614916,,,0.000225,1.17649,0.058547,0.255208,,,263.854,0.193544,,,14.0128,0.139624,,
107,7,0.001,21794,614916,,,0.000212,1.16543,0.064335,0.281571,,,260.842,0.175954,,,12.9582,0.120283,,
108,7,0.001,21794,614916,,,0.000226,1.31272,0.064161,0.288194,,,260.597,0.204482,,,14.4199,0.138675,,
109,7,0.001,21794,614916,,,0.000692,1.55106,0.149803,1.27559,,,297.669,0.54855,,,29.4871,0.508538,,
110,7,0.001,21794,614916,,,0.000726,1.28363,0.328198,0.203902,,,325.382,0.195437,,,114.105,0.155323,,
111,7,0.001,21794,614916,,,0.00054,1.78071,0.05809,1.29205,,,268.753,0.536943,,,16.0661,0.474368,,
112,7,0.001,21794,614916,,,0.000514,1.5059,0.07104,1.33488,,,267.953,0.558088,,,15.7023,0.50687,,
113,7,0.001,21794,614916,,,0.000446,1.71049,0.229114,0.903399,,,314.014,0.569524,,,33.7351,0.490654,,
114,7,0.001,21794,614916,,,0.000413,1.76329,0.062504,1.11364,,,272.959,0.549962,,,16.7163,0.464303,,
115,7,0.001,21794,614916,,,0.000378,1.49193,0.084161,1.28582,,,289.112,0.635793,,,20.5752,0.567494,,
116,7,0.001,21794,614916,,,0.000705,1.54337,0.412162,0.747724,,,365.593,0.537497,,,51.3312,0.500192,,
117,7,0.001,21794,614916,,,0.000513,1.83177,0.157982,1.27124,,,304.291,0.732268,,,28.4124,0.585283,,
118,7,0.001,21794,614916,,,0.000376,1.65151,0.117628,1.16801,,,295.431,0.552335,,,21.0217,0.515902,,
39,7,0.005,367628,3069856,,,0.000645,14.0944,0.009908,3.14503,,,251.758,1.7448,,,5.0038,1.67386,,
40,7,0.005,367628,3069856,,,0.000543,13.9676,0.010656,4.26179,,,249.948,1.71232,,,4.83734,1.68586,,
41,7,0.005,367628,3069856,,,0.000638,13.8199,0.057545,3.9005,,,265.133,2.49836,,,13.1622,1.70646,,
42,7,0.005,367628,3069856,,,0.000403,13.5799,0.014828,3.2533,,,255.613,2.48436,,,7.14925,1.77287,,
43,7,0.005,367628,3069856,,,0.000367,13.5973,0.01278,3.6714,,,256.585,2.76261,,,8.26605,2.00427,,
44,7,0.005,367628,3069856,,,0.000387,14.0384,0.059456,2.98411,,,258.447,2.72733,,,12.0872,1.98183,,
45,7,0.005,367628,3069856,,,0.000406,15.0022,0.068957,4.14637,,,257.404,2.62689,,,11.7043,1.81246,,
46,7,0.005,367628,3069856,,,0.000397,13.9599,0.060614,4.53457,,,258.202,2.71001,,,11.5504,1.91105,,
47,7,0.005,367628,3069856,,,0.000334,14.5544,0.044889,4.38898,,,262.599,3.58472,,,12.1771,2.99849,,
48,7,0.005,367628,3069856,,,0.00035,14.027,0.042811,2.68959,,,255.293,2.60618,,,9.00731,1.69386,,
49,7,0.005,367628,3069856,,,0.000653,17.6657,0.050129,10.4965,,,271.968,7.30814,,,16.8207,6.6291,,
50,7,0.005,367628,3069856,,,0.000595,17.3434,0.092297,7.41674,,,281.671,6.51021,,,20.9541,5.97524,,
51,7,0.005,367628,3069856,,,0.000585,19.5221,0.025536,10.3231,,,262.949,7.22712,,,14.3689,6.56728,,
52,7,0.005,367628,3069856,,,0.001025,16.7351,0.128077,6.04016,,,289.853,4.97469,,,27.5921,4.73594,,
53,7,0.005,367628,3069856,,,0.000908,17.9096,0.067506,10.8693,,,276.101,7.08399,,,18.0747,6.90829,,
54,7,0.005,367628,3069856,,,0.000806,18.1732,0.036202,11.5389,,,275.83,7.95707,,,16.7225,7.45226,,
55,7,0.005,367628,3069856,,,0.000873,14.883,0.069691,8.20442,,,286.337,6.85776,,,22.2162,5.75769,,
56,7,0.005,367628,3069856,,,0.000751,16.899,0.09021,9.07802,,,285.962,6.7889,,,20.3085,5.91071,,
57,7,0.005,367628,3069856,,,0.000698,20.0453,0.09885,9.78811,,,274.129,10.0853,,,17.0352,9.65858,,
58,7,0.005,367628,3069856,,,0.000828,19.3005,0.060067,11.1277,,,264.901,10.5604,,,14.1194,8.80311,,
59,7,0.005,255453,2803555,,,0.00075,11.3278,0.007209,2.3111,,,249.831,1.17868,,,4.33157,1.05748,,
60,7,0.005,255453,2803555,,,0.0006,11.5339,0.00901,3.45953,,,252.86,1.27063,,,4.14097,1.08822,,
61,7,0.005,255453,2803555,,,0.000419,10.8083,0.016115,3.41111,,,253.767,2.22316,,,4.59422,2.03994,,
62,7,0.005,255453,2803555,,,0.000389,10.6746,0.01276,2.76697,,,252.372,2.00489,,,4.5318,1.73928,,
63,7,0.005,255453,2803555,,,0.000877,10.8682,0.176175,2.52303,,,286.176,1.82733,,,31.1326,1.48224,,
64,7,0.005,255453,2803555,,,0.000766,11.4054,0.257039,2.18365,,,295.102,2.3586,,,72.052,2.06852,,
65,7,0.005,255453,2803555,,,0.000469,12.1277,0.054024,2.40149,,,259.544,1.78263,,,11.0603,1.18322,,
66,7,0.005,255453,2803555,,,0.000652,11.7036,0.044614,1.80642,,,268.116,1.8782,,,11.1009,1.22588,,
67,7,0.005,255453,2803555,,,0.000631,11.1863,0.051879,2.4361,,,261.78,2.2888,,,11.7767,1.98051,,
68,7,0.005,255453,2803555,,,0.000512,11.2524,0.050153,2.0757,,,258.128,2.15759,,,12.5318,1.73388,,
69,7,0.005,255453,2803555,,,0.000918,13.0195,0.090677,4.52308,,,278.94,3.1304,,,17.4567,2.65089,,
70,7,0.005,255453,2803555,,,0.000913,11.4463,0.124178,4.372,,,290.795,3.04272,,,26.9942,2.66724,,
71,7,0.005,255453,2803555,,,0.000955,12.7255,0.075816,8.43388,,,285.835,5.13861,,,30.3302,4.51271,,
72,7,0.005,255453,2803555,,,0.000764,13.2995,0.084714,8.60493,,,275.797,5.18425,,,21.2746,4.47741,,
73,7,0.005,255453,2803555,,,0.000976,15.0869,0.063052,9.24825,,,286.341,6.52038,,,31.0331,5.71489,,
74,7,0.005,255453,2803555,,,0.000913,13.1499,0.059206,6.65448,,,273.934,4.26994,,,14.9048,3.77319,,
75,7,0.005,255453,2803555,,,0.000961,12.5496,0.063887,6.8465,,,283.344,4.52638,,,20.3411,4.27163,,
76,7,0.005,255453,2803555,,,0.000699,13.249,0.07927,7.88415,,,291.86,6.91561,,,24.7258,5.92394,,
77,7,0.005,255453,2803555,,,0.0006,12.1089,0.01792,9.52065,,,267.076,5.26201,,,12.2851,4.51546,,
78,7,0.005,255453,2803555,,,0.000827,13.1753,0.053747,8.62467,,,277.985,5.66208,,,15.4479,4.82946,,
79,7,0.005,78214,2851166,,,0.000778,4.46552,0.028804,0.850637,,,257.692,0.597859,,,8.11328,0.413486,,
80,7,0.005,78214,2851166,,,0.000564,4.53702,0.024474,0.755439,,,268.245,0.613201,,,8.55598,0.449669,,
81,7,0.005,78214,2851166,,,0.000334,4.37709,0.021763,0.738069,,,263.317,0.602656,,,9.3902,0.477071,,
82,7,0.005,78214,2851166,,,0.000282,4.62747,0.015494,0.797365,,,254.039,0.482027,,,5.00651,0.398382,,
83,7,0.005,78214,2851166,,,0.000297,4.37948,0.022856,0.871408,,,262.345,0.637786,,,9.98443,0.482859,,
84,7,0.005,78214,2851166,,,0.000358,4.82676,0.058707,0.999441,,,265.791,0.623022,,,13.5348,0.464078,,
85,7,0.005,78214,2851166,,,0.000616,4.87289,0.054132,0.994596,,,260.096,0.603734,,,12.1232,0.403159,,
86,7,0.005,78214,2851166,,,0.000423,4.83322,0.061188,1.01554,,,260.355,0.60463,,,13.0315,0.424764,,
87,7,0.005,78214,2851166,,,0.000966,10.8929,0.361641,5.42727,,,292.184,8.70685,,,73.1638,7.96014,,
88,7,0.005,78214,2851166,,,0.000365,4.39704,0.074362,0.998914,,,268.597,0.650156,,,13.6102,0.425989,,
89,7,0.005,78214,2851166,,,0.000762,6.37245,0.086546,5.25172,,,278.397,1.76032,,,17.0991,1.5223,,
90,7,0.005,78214,2851166,,,0.000964,5.99762,0.143844,6.08918,,,291.657,3.30144,,,29.3262,3.27463,,
91,7,0.005,78214,2851166,,,0.000935,7.39082,0.154709,5.28661,,,296.971,2.40064,,,26.3288,1.928,,
92,7,0.005,78214,2851166,,,0.000759,5.42158,0.129191,5.7236,,,286.935,2.51377,,,20.7386,2.15124,,
93,7,0.005,78214,2851166,,,0.00062,7.96995,0.243113,5.24084,,,309.362,2.73251,,,33.0647,2.4409,,
94,7,0.005,78214,2851166,,,0.001036,5.27027,0.224855,5.76527,,,314.498,2.87868,,,41.7828,2.53857,,
95,7,0.005,78214,2851166,,,0.000738,8.36747,0.158316,5.97516,,,298.461,3.73265,,,26.5805,3.2922,,
96,7,0.005,78214,2851166,,,0.000488,5.09074,0.066386,6.51006,,,282.628,2.08027,,,17.9055,1.72914,,
97,7,0.005,78214,2851166,,,0.000664,4.50531,0.106159,0.887854,,,298.745,0.636218,,,31.1562,0.481943,,
98,7,0.005,78214,2851166,,,0.000731,5.12632,0.157064,5.17223,,,313.959,2.20307,,,31.5341,1.85402,,
99,7,0.005,108058,3029696,,,0.000663,6.23822,0.018502,1.30481,,,255.956,0.792227,,,7.10137,0.539099,,
100,7,0.005,108058,3029696,,,0.000786,5.99597,0.087509,1.23631,,,267.257,0.815499,,,16.7326,0.578062,,
101,7,0.005,108058,3029696,,,0.000545,7.38964,0.081924,1.65203,,,275.273,1.29177,,,16.5224,1.03248,,
102,7,0.005,108058,3029696,,,0.000858,6.189,0.187914,1.39596,,,282.035,0.881868,,,35.8536,0.691784,,
103,7,0.005,108058,3029696,,,0.000482,6.07129,0.014899,1.4119,,,263.326,0.847226,,,8.32917,0.601552,,
104,7,0.005,108058,3029696,,,0.000491,5.8904,0.061979,0.800611,,,269.997,0.898894,,,12.8495,0.627075,,
105,7,0.005,108058,3029696,,,0.000427,6.36556,0.053357,0.948743,,,268.959,0.844737,,,12.3291,0.537093,,
106,7,0.005,108058,3029696,,,0.000413,8.14113,0.061368,1.18295,,,269.733,0.896857,,,12.7806,0.610509,,
107,7,0.005,108058,3029696,,,0.000489,6.20706,0.062872,1.2755,,,258.776,0.844198,,,12.3907,0.587593,,
108,7,0.005,108058,3029696,,,0.000402,5.75995,0.05613,1.02165,,,263.442,0.837461,,,12.7571,0.667448,,
109,7,0.005,108058,3029696,,,0.001016,7.22254,0.114417,5.9966,,,287.197,2.63827,,,26.6017,2.21806,,
110,7,0.005,108058,3029696,,,0.000815,5.76431,0.332989,1.30971,,,326.214,0.931051,,,126.262,0.749599,,
111,7,0.005,108058,3029696,,,0.000882,7.89397,0.074688,6.05988,,,269.839,2.54693,,,17.5257,2.41073,,
112,7,0.005,108058,3029696,,,0.00073,6.62157,0.050862,6.01448,,,268.756,2.93512,,,17.4009,2.40098,,
113,7,0.005,108058,3029696,,,0.000644,7.69128,0.184142,4.81849,,,310.502,2.77604,,,32.2714,2.59207,,
114,7,0.005,108058,3029696,,,0.000587,8.06358,0.063819,5.72926,,,272.516,2.72109,,,15.8822,2.29925,,
115,7,0.005,108058,3029696,,,0.000635,7.9386,0.127783,6.34041,,,284.569,3.68364,,,22.4702,3.14479,,
116,7,0.005,108058,3029696,,,0.001633,8.86211,0.412384,3.09775,,,367.911,2.38125,,,57.571,2.07063,,
117,7,0.005,108058,3029696,,,0.000827,8.82189,0.151846,5.3845,,,298.847,2.89089,,,26.2364,2.49617,,
118,7,0.005,108058,3029696,,,0.000764,7.95245,0.093716,6.12485,,,286.694,2.66085,,,19.5978,2.72661,,
39,7,0.01,735248,6173754,,,0.00058,28.3531,0.0102,6.55696,,,250.832,3.45642,,,4.53933,3.09138,,
40,7,0.01,735248,6173754,,,0.000578,27.8807,0.010823,9.00754,,,251.417,3.43862,,,4.40858,3.2427,,
41,7,0.01,735248,6173754,,,0.000882,29.0564,0.051747,8.7601,,,260.486,4.92918,,,13.7053,3.60979,,
42,7,0.01,735248,6173754,,,0.000734,27.9056,0.016713,6.84782,,,257.533,5.07494,,,7.44011,3.12286,,
43,7,0.01,735248,6173754,,,0.00048,27.6802,0.014217,7.12135,,,257.331,5.21247,,,7.06625,3.54707,,
44,7,0.01,735248,6173754,,,0.000641,27.9109,0.060439,6.33984,,,264.802,5.43313,,,9.73972,3.52457,,
45,7,0.01,735248,6173754,,,0.000476,29.4214,0.060826,7.71906,,,263.462,5.09563,,,11.8438,3.8167,,
46,7,0.01,735248,6173754,,,0.000479,28.0233,0.059911,6.75474,,,265.786,5.12711,,,11.3498,3.45613,,
47,7,0.01,735248,6173754,,,0.000516,28.7096,0.052816,8.82733,,,267.068,7.25376,,,10.8656,5.86466,,
48,7,0.01,735248,6173754,,,0.000505,28.9403,0.041434,4.93822,,,262.719,5.22843,,,9.27045,3.57698,,
49,7,0.01,735248,6173754,,,0.001345,37.5037,0.052629,20.6718,,,276.992,14.6068,,,16.3466,12.6176,,
50,7,0.01,735248,6173754,,,0.00118,34.2832,0.08916,15.7332,,,280.875,12.6548,,,19.4157,10.8227,,
51,7,0.01,735248,6173754,,,0.000848,39.3381,0.05378,23.1536,,,267.652,14.9075,,,14.9038,13.1073,,
52,7,0.01,735248,6173754,,,0.001365,32.9612,0.14529,9.63887,,,294.139,7.60277,,,29.9278,7.17645,,
53,7,0.01,735248,6173754,,,0.001117,35.5757,0.078108,21.118,,,271.381,14.5178,,,19.0262,13.4817,,
54,7,0.01,735248,6173754,,,0.001174,38.5545,0.037427,23.4102,,,265.989,15.4811,,,15.8765,14.3814,,
55,7,0.01,735248,6173754,,,0.0012,30.2714,0.087618,16.7131,,,280.396,13.4651,,,24.9784,11.4481,,
56,7,0.01,735248,6173754,,,0.001747,33.9741,0.116805,16.457,,,285.08,12.442,,,22.5638,11.408,,
57,7,0.01,735248,6173754,,,0.001243,40.1148,0.130643,20.0409,,,263.012,19.0221,,,15.5646,16.7084,,
58,7,0.01,735248,6173754,,,0.001043,38.2542,0.074606,23.2555,,,258.253,21.7334,,,13.2746,18.6418,,
59,7,0.01,511014,5612800,,,0.000921,21.6196,0.008784,4.78607,,,253.408,2.37092,,,4.27963,2.07474,,
60,7,0.01,511014,5612800,,,0.000603,23.1685,0.009381,7.00552,,,251.644,2.55108,,,4.11363,2.14337,,
61,7,0.01,511014,5612800,,,0.000744,21.6386,0.023175,6.60182,,,260.616,4.65189,,,8.15468,3.72686,,
62,7,0.01,511014,5612800,,,0.000431,21.2397,0.012936,5.80761,,,254.466,3.74163,,,4.55322,3.30822,,
63,7,0.01,511014,5612800,,,0.00097,20.9852,0.192734,5.09338,,,286.934,3.44921,,,28.4843,3.23468,,
64,7,0.01,511014,5612800,,,0.000849,21.6865,0.19314,5.27903,,,297.798,4.8042,,,54.8013,4.17273,,
65,7,0.01,511014,5612800,,,0.000491,24.3691,0.058752,4.98332,,,264.853,3.85421,,,11.4612,2.37433,,
66,7,0.01,511014,5612800,,,0.000694,21.3475,0.054735,4.10605,,,263.156,3.77457,,,11.1789,2.36463,,
67,7,0.01,511014,5612800,,,0.000569,21.4062,0.060254,5.24413,,,268.561,4.55339,,,11.5228,3.44906,,
68,7,0.01,511014,5612800,,,0.00043,21.5335,0.069958,4.46746,,,263.498,4.14086,,,12.1862,3.30075,,
69,7,0.01,511014,5612800,,,0.001029,26.1052,0.219942,10.0252,,,307.809,6.0682,,,24.9293,5.95273,,
70,7,0.01,511014,5612800,,,0.001131,24.9869,0.146487,9.57443,,,295.284,6.44398,,,26.0354,5.68865,,
71,7,0.01,511014,5612800,,,0.001473,25.391,0.09576,16.2105,,,289.508,10.1522,,,32.4947,9.62209,,
72,7,0.01,511014,5612800,,,0.00124,25.519,0.074987,16.0632,,,271.871,10.6276,,,19.2249,8.78119,,
73,7,0.01,511014,5612800,,,0.001194,29.8939,0.074812,17.2968,,,287.923,12.0557,,,30.5292,11.4868,,
74,7,0.01,511014,5612800,,,0.000869,24.5607,0.058763,13.3295,,,269.957,9.14107,,,14.6391,8.43849,,
75,7,0.01,511014,5612800,,,0.000939,24.6517,0.056889,13.622,,,271.903,8.77407,,,21.909,7.88824,,
76,7,0.01,511014,5612800,,,0.000839,26.0051,0.099909,15.8988,,,280.961,12.9036,,,21.1282,11.1487,,
77,7,0.01,511014,5612800,,,0.000743,24.6517,0.017054,18.545,,,259.775,10.1879,,,12.3226,9.18921,,
78,7,0.01,511014,5612800,,,0.000943,26.141,0.056028,16.1621,,,271.996,11.1428,,,16.1392,9.60419,,
79,7,0.01,155511,5592108,,,0.000742,9.40625,0.016836,1.67583,,,249.945,1.19549,,,8.00625,0.864548,,
80,7,0.01,155511,5592108,,,0.000537,8.99559,0.017901,1.53767,,,254.065,1.18838,,,8.62951,0.873941,,
81,7,0.01,155511,5592108,,,0.000363,8.79746,0.020265,1.33471,,,264.797,1.25185,,,8.93059,0.832522,,
82,7,0.01,155511,5592108,,,0.000337,8.61461,0.015794,1.71229,,,252.36,0.962767,,,4.66986,0.825957,,
83,7,0.01,155511,5592108,,,0.000287,8.60761,0.024805,1.65045,,,263.805,1.23692,,,9.31743,0.830825,,
84,7,0.01,155511,5592108,,,0.000326,9.05167,0.058993,1.89091,,,269.862,1.2241,,,13.2242,0.825126,,
85,7,0.01,155511,5592108,,,0.000357,9.37557,0.054209,1.90321,,,266.369,1.2072,,,12.3516,0.870781,,
86,7,0.01,155511,5592108,,,0.000415,9.35744,0.057808,1.63436,,,267.49,1.25252,,,13.6568,0.912006,,
87,7,0.01,155511,5592108,,,0.000984,21.5012,0.35713,10.0203,,,303.789,18.2241,,,90.4823,17.7536,,
88,7,0.01,155511,5592108,,,0.000364,9.19343,0.061266,1.69117,,,267.551,1.23113,,,14.634,0.942739,,
89,7,0.01,155511,5592108,,,0.000834,12.9018,0.083079,10.192,,,280.347,3.57835,,,17.4636,2.91565,,
90,7,0.01,155511,5592108,,,0.001134,11.2212,0.118147,11.9367,,,293.53,6.70618,,,26.4498,6.03824,,
91,7,0.01,155511,5592108,,,0.000983,13.5954,0.141924,11.3139,,,312.326,3.91933,,,23.6223,3.71088,,
92,7,0.01,155511,5592108,,,0.000737,10.8097,0.136811,12.477,,,286.401,5.2202,,,24.8273,4.88507,,
93,7,0.01,155511,5592108,,,0.000788,16.8963,0.275175,9.3508,,,310.27,5.62845,,,33.2378,5.14741,,
94,7,0.01,155511,5592108,,,0.001543,11.5222,0.251233,10.8227,,,305.327,5.76868,,,43.0012,5.4975,,
95,7,0.01,155511,5592108,,,0.00085,17.9796,0.136901,11.7453,,,294.78,6.7774,,,26.2515,5.73584,,
96,7,0.01,155511,5592108,,,0.000741,10.5914,0.054427,12.2071,,,277.693,3.95602,,,17.5363,3.18819,,
97,7,0.01,155511,5592108,,,0.000791,9.67038,0.138225,1.76783,,,291.788,1.28065,,,31.257,0.969556,,
98,7,0.01,155511,5592108,,,0.000961,10.6834,0.17046,10.3853,,,302.163,4.12427,,,32.1704,3.58356,,
99,7,0.01,216185,6059208,,,0.000806,12.283,0.018166,1.70155,,,251.797,1.57379,,,7.66365,1.21388,,
100,7,0.01,216185,6059208,,,0.000936,13.0119,0.0973,2.47097,,,261.023,1.65379,,,18.2976,1.26714,,
101,7,0.01,216185,6059208,,,0.000669,12.8662,0.076232,3.2475,,,268.626,2.55367,,,16.9296,2.03474,,
102,7,0.01,216185,6059208,,,0.000962,12.765,0.209033,2.6417,,,273.802,1.7836,,,42.0433,1.27825,,
103,7,0.01,216185,6059208,,,0.000649,12.5575,0.01402,2.6774,,,254.549,1.66178,,,8.49265,1.1309,,
104,7,0.01,216185,6059208,,,0.00064,12.2625,0.058167,1.775,,,271.833,1.7617,,,13.3345,1.38826,,
105,7,0.01,216185,6059208,,,0.0006,12.4245,0.074667,2.02374,,,264.563,1.66177,,,13.187,1.22513,,
106,7,0.01,216185,6059208,,,0.000541,12.192,0.067781,2.51284,,,273.018,1.75889,,,13.1273,1.30917,,
107,7,0.01,216185,6059208,,,0.000634,12.4503,0.064777,2.79464,,,266.704,1.69493,,,12.7707,1.24674,,
108,7,0.01,216185,6059208,,,0.000623,12.0297,0.06433,2.00342,,,271.9,1.80266,,,15.0361,1.40732,,
109,7,0.01,216185,6059208,,,0.00109,15.587,0.121557,12.0704,,,295.254,5.25787,,,28.237,4.53544,,
110,7,0.01,216185,6059208,,,0.001372,12.9674,0.253849,2.07623,,,319.87,1.78698,,,85.465,1.39457,,
111,7,0.01,216185,6059208,,,0.001441,17.2357,0.06855,11.8041,,,281.111,5.31671,,,16.0998,4.78058,,
112,7,0.01,216185,6059208,,,0.001372,13.9745,0.049647,12.5537,,,279.029,5.23509,,,16.5302,4.39195,,
113,7,0.01,216185,6059208,,,0.000961,16.2613,0.238253,10.2305,,,314.561,5.21253,,,29.7239,4.7931,,
114,7,0.01,216185,6059208,,,0.000828,16.5287,0.134052,11.7826,,,294.414,5.44949,,,22.7667,5.19398,,
115,7,0.01,216185,6059208,,,0.000982,14.3941,0.083945,13.0284,,,282.221,6.86981,,,20.746,6.19452,,
116,7,0.01,216185,6059208,,,0.001585,16.5731,0.447533,6.55689,,,362.395,5.38577,,,55.5287,5.01764,,
117,7,0.01,216185,6059208,,,0.001318,18.0208,0.180838,11.4767,,,296.494,6.82207,,,29.0494,6.08957,,
118,7,0.01,216185,6059208,,,0.000916,15.8906,0.107195,13.027,,,283.6,5.38897,,,20.826,5.37649,,
39,7,0.05,3679419,30601953,,,0.000868,145.998,0.011841,31.1249,,,244.326,17.0176,,,4.92623,17.0671,,
40,7,0.05,3679419,30601953,,,0.000701,150.325,0.011824,43.1142,,,248.453,17.1698,,,5.0154,16.8065,,
41,7,0.05,3679419,30601953,,,0.00083,147.43,0.051405,41.7303,,,253.128,24.4692,,,12.9609,17.7515,,
42,7,0.05,3679419,30601953,,,0.000704,149.086,0.0164,38.441,,,249.408,23.6754,,,7.63773,17.6142,,
43,7,0.05,3679419,30601953,,,0.000618,151.424,0.012239,36.5362,,,254.432,26.0997,,,7.42161,19.5251,,
44,7,0.05,3679419,30601953,,,0.001856,153.719,0.05581,32.7583,,,255.314,29.1817,,,11.1403,18.3612,,
45,7,0.05,3679419,30601953,,,0.001419,148.108,0.057255,41.2663,,,258.028,25.9552,,,11.3211,18.8448,,
46,7,0.05,3679419,30601953,,,0.000955,151.543,0.068024,30.9941,,,257.838,35.524,,,9.44234,25.3212,,
47,7,0.05,3679419,30601953,,,0.000696,153.856,0.054173,36.9196,,,267.604,30.4205,,,12.518,22.5723,,
48,7,0.05,3679419,30601953,,,0.000755,148.236,0.038599,25.6231,,,265.83,26.6973,,,9.29237,18.2399,,
49,7,0.05,3679419,30601953,,,0.00114,190.913,0.054614,107.062,,,278.666,73.541,,,17.8996,65.2361,,
50,7,0.05,3679419,30601953,,,0.001523,182.072,0.111296,77.6159,,,292.153,62.144,,,19.8515,57.3883,,
51,7,0.05,3679419,30601953,,,0.001253,192.959,0.033976,103.472,,,277.756,71.3041,,,14.1003,66.6215,,
52,7,0.05,3679419,30601953,,,0.001594,174.923,0.150191,38.0354,,,301.186,28.6151,,,27.9721,26.9121,,
53,7,0.05,3679419,30601953,,,0.001514,184.186,0.06394,102.589,,,278.724,67.5528,,,17.9999,67.974,,
54,7,0.05,3679419,30601953,,,0.001205,188.411,0.044886,109.622,,,268.035,74.5585,,,17.1603,72.0796,,
55,7,0.05,3679419,30601953,,,0.00157,157.93,0.075706,75.3516,,,277.855,59.9537,,,23.7998,59.6281,,
56,7,0.05,3679419,30601953,,,0.001667,176.555,0.102046,90.2343,,,281.395,67.004,,,21.9775,61.5462,,
57,7,0.05,3679419,30601953,,,0.00157,195.558,0.084463,105.766,,,258.59,101.363,,,15.0367,97.416,,
58,7,0.05,3679419,30601953,,,0.001058,199.29,0.072507,108.821,,,256.315,97.6529,,,13.2465,94.3991,,
59,7,0.05,2555953,28112945,,,0.000968,109.598,0.009009,23.4925,,,244.48,11.6682,,,4.48264,10.9528,,
60,7,0.05,2555953,28112945,,,0.000651,110.681,0.010347,31.2805,,,257.761,12.3772,,,4.48674,11.5123,,
61,7,0.05,2555953,28112945,,,0.000606,108.228,0.013449,28.5995,,,249.323,19.4724,,,5.06878,18.5126,,
62,7,0.05,2555953,28112945,,,0.000554,110.59,0.012782,26.1504,,,252.278,18.267,,,4.75456,17.7938,,
63,7,0.05,2555953,28112945,,,0.001254,108.577,0.166755,26.838,,,279.353,17.217,,,32.0133,16.5634,,
64,7,0.05,2555953,28112945,,,0.001119,112.114,0.237554,25.564,,,303.826,23.8472,,,76.4343,21.421,,
65,7,0.05,2555953,28112945,,,0.000652,108.686,0.054493,21.6925,,,263.47,17.6499,,,11.9468,12.6934,,
66,7,0.05,2555953,28112945,,,0.000628,108.706,0.050818,23.4391,,,263.502,17.9679,,,11.0518,12.413,,
67,7,0.05,2555953,28112945,,,0.000875,112.759,0.055273,23.4618,,,263.956,21.4538,,,12.7124,17.3294,,
68,7,0.05,2555953,28112945,,,0.000655,109.138,0.063534,21.8089,,,271.722,20.7609,,,12.0356,15.5956,,
69,7,0.05,2555953,28112945,,,0.001245,128.027,0.182284,43.0245,,,309.586,30.1492,,,26.4231,30.2444,,
70,7,0.05,2555953,28112945,,,0.001243,115.555,0.13284,44.9636,,,295.081,28.1268,,,29.0152,26.5025,,
71,7,0.05,2555953,28112945,,,0.002002,130.271,0.09706,79.03,,,287.631,48.0103,,,31.9127,47.1461,,
72,7,0.05,2555953,28112945,,,0.001332,135.871,0.082835,77.6622,,,268.085,51.8257,,,19.3988,47.5307,,
73,7,0.05,2555953,28112945,,,0.001624,152.055,0.075931,85.6453,,,287.25,60.329,,,31.7635,59.0443,,
74,7,0.05,2555953,28112945,,,0.001284,131.199,0.057527,62.2184,,,269.718,40.7432,,,16.1435,37.8926,,
75,7,0.05,2555953,28112945,,,0.001158,134.111,0.091897,64.4126,,,280.554,42.7576,,,24.0319,39.7096,,
76,7,0.05,2555953,28112945,,,0.001203,138.582,0.099405,74.6147,,,277.723,61.4152,,,22.6597,56.3289,,
77,7,0.05,2555953,28112945,,,0.000866,124.006,0.020267,90.3555,,,267.063,50.6406,,,13.7315,46.7612,,
78,7,0.05,2555953,28112945,,,0.001094,140.683,0.073986,78.4862,,,281.236,54.7388,,,16.3419,48.7801,,
79,7,0.05,779692,28472448,,,0.001786,49.1956,0.01965,8.07353,,,258.081,6.04185,,,8.50677,4.36411,,
80,7,0.05,779692,28472448,,,0.001612,48.7002,0.026217,7.05783,,,260.146,6.10979,,,9.00863,4.5661,,
81,7,0.05,779692,28472448,,,0.000659,46.921,0.021615,6.50248,,,261.947,6.05483,,,9.94316,4.74784,,
82,7,0.05,779692,28472448,,,0.000717,47.2138,0.020909,7.82953,,,262.227,6.1102,,,9.1332,4.45494,,
83,7,0.05,779692,28472448,,,0.000714,47.6655,0.021469,8.28422,,,262.531,6.04379,,,9.77083,4.60123,,
84,7,0.05,779692,28472448,,,0.000732,46.6081,0.063267,7.57988,,,276.763,6.11314,,,13.8234,4.71157,,
85,7,0.05,779692,28472448,,,0.00078,46.6275,0.054728,6.14578,,,269.239,6.17196,,,13.0144,4.26537,,
86,7,0.05,779692,28472448,,,0.00085,47.3449,0.064221,9.62356,,,268.913,6.17771,,,14.266,4.53379,,
87,7,0.05,779692,28472448,,,0.001264,111.81,0.373385,50.1777,,,302.458,85.6153,,,93.5851,81.5358,,
88,7,0.05,779692,28472448,,,0.000747,49.404,0.06797,7.5825,,,264.784,5.74105,,,14.0599,4.45572,,
89,7,0.05,779692,28472448,,,0.001297,65.4419,0.096765,50.2056,,,274.826,17.2421,,,17.8044,15.2817,,
90,7,0.05,779692,28472448,,,0.001346,58.0501,0.189606,57.9552,,,290.953,33.2127,,,30.1162,31.9152,,
91,7,0.05,779692,28472448,,,0.001186,70.1071,0.217264,50.3881,,,296.575,21.745,,,24.1517,20.4061,,
92,7,0.05,779692,28472448,,,0.001038,56.0102,0.107518,60.3805,,,285.714,23.1878,,,22.1269,21.9099,,
93,7,0.05,779692,28472448,,,0.001166,82.673,0.208637,50.467,,,306.763,27.1357,,,32.2933,23.656,,
94,7,0.05,779692,28472448,,,0.002027,55.9027,0.279867,52.1959,,,309.162,30.1486,,,43.901,28.0135,,
95,7,0.05,779692,28472448,,,0.001289,91.5299,0.160759,56.8141,,,299.105,33.0696,,,26.8351,30.3181,,
96,7,0.05,779692,28472448,,,0.001302,54.9305,0.059604,60.3564,,,275.787,18.9963,,,17.4947,15.0295,,
97,7,0.05,779692,28472448,,,0.001227,46.0299,0.130408,9.48137,,,303.661,6.27928,,,29.917,4.95962,,
98,7,0.05,779692,28472448,,,0.001129,55.4249,0.173185,51.7945,,,313.489,21.782,,,30.4952,19.8272,,
99,7,0.05,1081746,30527720,,,0.001146,62.1623,0.019132,11.823,,,256.319,8.11451,,,7.44468,5.67185,,
100,7,0.05,1081746,30527720,,,0.001264,61.6604,0.102521,10.5558,,,264.842,8.12709,,,17.6034,6.34278,,
101,7,0.05,1081746,30527720,,,0.000536,62.0197,0.084497,15.741,,,281.037,12.6286,,,21.3938,9.91997,,
102,7,0.05,1081746,30527720,,,0.000874,61.2841,0.190897,13.3832,,,281.843,8.90318,,,41.8232,6.31865,,
103,7,0.05,1081746,30527720,,,0.000562,63.155,0.018121,12.8514,,,259.477,8.83586,,,8.46415,5.51169,,
104,7,0.05,1081746,30527720,,,0.000674,64.2323,0.055492,8.65389,,,267.875,8.77295,,,13.4234,6.29085,,
105,7,0.05,1081746,30527720,,,0.000994,62.083,0.056955,9.75764,,,266.862,8.41096,,,12.4336,5.75176,,
106,7,0.05,1081746,30527720,,,0.000506,64.032,0.062095,10.61,,,264.159,8.69556,,,13.2101,6.91025,,
107,7,0.05,1081746,30527720,,,0.000479,60.952,0.066816,12.7957,,,262.821,8.24182,,,12.6802,5.81577,,
108,7,0.05,1081746,30527720,,,0.000456,60.1476,0.059929,9.21488,,,261.873,8.58493,,,13.0335,6.36823,,
109,7,0.05,1081746,30527720,,,0.001006,71.2814,0.112947,57.5431,,,287.137,25.5777,,,27.5575,21.6651,,
110,7,0.05,1081746,30527720,,,0.000964,60.8368,0.278334,10.3754,,,316.202,8.85303,,,102.556,7.4151,,
111,7,0.05,1081746,30527720,,,0.001329,83.1409,0.087541,56.7175,,,272.222,25.2782,,,16.3715,21.1557,,
112,7,0.05,1081746,30527720,,,0.001157,69.7703,0.054677,62.9497,,,269.792,27.4219,,,15.9603,22.2992,,
113,7,0.05,1081746,30527720,,,0.000933,80.4731,0.208506,45.6349,,,315.113,26.6272,,,32.5038,22.8735,,
114,7,0.05,1081746,30527720,,,0.000912,82.396,0.093218,57.2371,,,289.822,27.1046,,,15.8291,23.7428,,
115,7,0.05,1081746,30527720,,,0.001037,70.626,0.084265,68.288,,,282.425,34.3268,,,20.0248,29.4997,,
116,7,0.05,1081746,30527720,,,0.001399,78.1717,0.418361,37.3438,,,352.902,26.4582,,,49.4464,22.7342,,
117,7,0.05,1081746,30527720,,,0.001053,90.2176,0.229911,59.9864,,,306.055,32.7959,,,28.25,28.913,,
118,7,0.05,1081746,30527720,,,0.001161,82.2323,0.118202,66.5101,,,297.047,27.1802,,,19.8136,25.9915,,
39,7,0.1,7357847,61213573,,,0.000773,284.154,0.010304,65.6302,,,251.321,34.6737,,,4.90706,32.3017,,
40,7,0.1,7357847,61213573,,,0.000934,284.228,0.015729,84.0864,,,257.338,34.339,,,6.45071,35.1367,,
41,7,0.1,7357847,61213573,,,0.001125,282.757,0.057527,89.4575,,,261.586,50.6379,,,12.3476,35.3228,,
42,7,0.1,7357847,61213573,,,0.000697,286.103,0.031876,64.0995,,,252.431,49.757,,,7.06141,31.5714,,
43,7,0.1,7357847,61213573,,,0.000854,288.072,0.017647,83.0409,,,256.808,53.843,,,7.53419,36.4688,,
44,7,0.1,7357847,61213573,,,0.000929,287.88,0.055683,72.1593,,,266.886,52.1211,,,11.3396,35.8603,,
45,7,0.1,7357847,61213573,,,0.00085,296.244,0.061245,82.097,,,265.177,49.2446,,,11.1745,34.6046,,
46,7,0.1,7357847,61213573,,,0.000874,297.585,0.059688,86.1657,,,256.216,48.7086,,,11.8708,34.9407,,
47,7,0.1,7357847,61213573,,,0.000869,310.675,0.055539,72.5813,,,258.384,68.2838,,,11.8915,58.8118,,
48,7,0.1,7357847,61213573,,,0.001639,306.203,0.041864,52.8274,,,254.681,49.3799,,,8.66067,34.5092,,
49,7,0.1,7357847,61213573,,,0.001893,380.243,0.066404,198.479,,,278.593,134.254,,,16.7361,130.057,,
50,7,0.1,7357847,61213573,,,0.001528,366.346,0.113761,158.101,,,283.408,119.475,,,20.5138,114.486,,
51,7,0.1,7357847,61213573,,,0.001422,386.819,0.036406,213.884,,,261.25,134.725,,,13.8302,126.59,,
52,7,0.1,7357847,61213573,,,0.001224,338.309,0.148763,95.988,,,297.088,71.3861,,,29.5969,70.8398,,
53,7,0.1,7357847,61213573,,,0.001044,365.841,0.127543,199.594,,,274.441,135.693,,,20.7823,136.227,,
54,7,0.1,7357847,61213573,,,0.001074,376.827,0.057385,228.895,,,270.017,152.645,,,14.3997,139.052,,
55,7,0.1,7357847,61213573,,,0.001259,309.082,0.099533,169.27,,,291.346,131.985,,,24.8001,118.187,,
56,7,0.1,7357847,61213573,,,0.001287,344.755,0.120979,213.702,,,283.99,136.557,,,20.2567,151.255,,
57,7,0.1,7357847,61213573,,,0.001229,390.423,0.089594,214.438,,,267.077,215.481,,,15.1503,190.651,,
58,7,0.1,7357847,61213573,,,0.001189,396.657,0.073736,229.005,,,263.148,211.333,,,13.8152,185.675,,
59,7,0.1,5113065,55849231,,,0.001327,230.135,0.009507,44.2899,,,250.874,23.3313,,,4.86023,22.0884,,
60,7,0.1,5113065,55849231,,,0.000926,234.671,0.00907,63.7336,,,246.551,25.0462,,,4.46634,22.5663,,
61,7,0.1,5113065,55849231,,,0.000972,226.003,0.013184,62.3168,,,247.926,36.0897,,,5.30735,34.6575,,
62,7,0.1,5113065,55849231,,,0.000946,226.467,0.013288,50.2731,,,253.982,34.4866,,,4.57754,33.4128,,
63,7,0.1,5113065,55849231,,,0.001818,222.652,0.173733,59.3078,,,271.416,36.831,,,25.3186,33.2016,,
64,7,0.1,5113065,55849231,,,0.001286,228.7,0.187481,45.1595,,,290.162,45.2089,,,46.2878,40.7034,,
65,7,0.1,5113065,55849231,,,0.000917,227.834,0.058623,43.5356,,,256.24,33.998,,,11.3714,25.5615,,
66,7,0.1,5113065,55849231,,,0.000765,226.236,0.05148,46.3347,,,255.693,33.3656,,,11.6485,25.1403,,
67,7,0.1,5113065,55849231,,,0.001258,227.018,0.05791,54.4079,,,259.106,41.4123,,,11.8883,31.4326,,
68,7,0.1,5113065,55849231,,,0.001068,227.813,0.059924,39.5307,,,266.724,40.2289,,,11.9117,32.2036,,
69,7,0.1,5113065,55849231,,,0.001756,263.929,0.167147,89.1695,,,311.291,62.9637,,,27.5932,55.0924,,
70,7,0.1,5113065,55849231,,,0.001393,240.421,0.137911,102.385,,,302.96,65.8025,,,28.2915,65.9396,,
71,7,0.1,5113065,55849231,,,0.002849,269.147,0.092768,144.882,,,294.599,93.9887,,,33.2691,87.4492,,
72,7,0.1,5113065,55849231,,,0.00167,273.671,0.066242,175.749,,,283.367,102.624,,,23.6625,100.52,,
73,7,0.1,5113065,55849231,,,0.001703,299.977,0.072357,168.969,,,295.863,124.035,,,30.9079,116.148,,
74,7,0.1,5113065,55849231,,,0.001222,251.415,0.060366,129.09,,,277.47,82.5853,,,16.4394,76.3684,,
75,7,0.1,5113065,55849231,,,0.00138,252.953,0.088409,135.284,,,288.35,83.3813,,,24.7141,78.105,,
76,7,0.1,5113065,55849231,,,0.001205,265.545,0.097928,147.132,,,290.74,125.398,,,27.2782,115.563,,
77,7,0.1,5113065,55849231,,,0.001013,238.627,0.023111,177.459,,,270.725,101.636,,,13.9757,89.4914,,
78,7,0.1,5113065,55849231,,,0.000962,266.812,0.060827,155.758,,,272.289,101.713,,,17.343,95.9398,,
79,7,0.1,1559390,56828994,,,0.001132,90.7434,0.020175,13.7262,,,253.302,12.0485,,,8.70855,8.60961,,
80,7,0.1,1559390,56828994,,,0.000709,90.2728,0.023789,17.7416,,,253.822,11.7022,,,8.66609,9.01386,,
81,7,0.1,1559390,56828994,,,0.000657,90.7741,0.025763,15.2419,,,255.971,12.2086,,,9.58815,9.28189,,
82,7,0.1,1559390,56828994,,,0.000707,90.9949,0.026629,13.6147,,,252.866,12.1669,,,9.79875,9.25257,,
83,7,0.1,1559390,56828994,,,0.000672,92.9154,0.025728,16.5646,,,255.722,11.5989,,,10.1356,8.94248,,
84,7,0.1,1559390,56828994,,,0.000712,91.0351,0.060571,19.3769,,,263.295,11.6343,,,13.3122,8.90441,,
85,7,0.1,1559390,56828994,,,0.00061,92.5356,0.065148,18.861,,,261.3,11.7487,,,12.8295,8.89686,,
86,7,0.1,1559390,56828994,,,0.000675,94.615,0.066269,19.5843,,,260.614,11.8373,,,14.4273,9.52909,,
87,7,0.1,1559390,56828994,,,0.001515,218.046,0.393321,102.196,,,292.386,164.078,,,71.941,176.701,,
88,7,0.1,1559390,56828994,,,0.000878,91.8861,0.074791,14.3488,,,265.937,12.3049,,,14.4528,9.47067,,
89,7,0.1,1559390,56828994,,,0.001578,126.063,0.086003,100.903,,,277.14,34.8416,,,18.5804,31.3108,,
90,7,0.1,1559390,56828994,,,0.001504,111.344,0.119665,119.715,,,296.19,65.3418,,,30.1798,58.6348,,
91,7,0.1,1559390,56828994,,,0.00115,137.575,0.127506,103.172,,,281.541,41.4366,,,18.7527,39.9775,,
92,7,0.1,1559390,56828994,,,0.002691,115.307,0.09572,116.696,,,285.939,50.0212,,,22.8505,47.4177,,
93,7,0.1,1559390,56828994,,,0.002496,161.144,0.252099,91.4564,,,340.968,64.0269,,,42.4619,62.969,,
94,7,0.1,1559390,56828994,,,0.002054,109.8,0.218557,110.441,,,325.905,64.3828,,,43.281,59.2129,,
95,7,0.1,1559390,56828994,,,0.001006,175.635,0.163254,115.644,,,298.876,65.5993,,,27.0594,66.1825,,
96,7,0.1,1559390,56828994,,,0.000831,106.024,0.043374,121.898,,,271.865,44.7913,,,14.3186,36.4695,,
97,7,0.1,1559390,56828994,,,0.001041,95.1637,0.150133,20.1349,,,302.478,12.4552,,,31.5752,9.05648,,
98,7,0.1,1559390,56828994,,,0.001088,108.29,0.160307,101.325,,,307.647,43.1505,,,26.9228,39.4719,,
99,7,0.1,2163974,60632560,,,0.000877,122.651,0.022316,16.3037,,,249.278,15.9839,,,8.37298,11.6507,,
100,7,0.1,2163974,60632560,,,0.001245,127.502,0.118255,21.0617,,,260.184,16.3097,,,20.4289,12.4237,,
101,7,0.1,2163974,60632560,,,0.000786,122.066,0.102482,25.6057,,,264.547,27.8071,,,15.4071,22.0759,,
102,7,0.1,2163974,60632560,,,0.001137,122.994,0.177076,25.021,,,273.235,17.38,,,43.6669,13.7282,,
103,7,0.1,2163974,60632560,,,0.000643,123.373,0.019753,25.2595,,,251.176,16.378,,,8.35091,11.2842,,
104,7,0.1,2163974,60632560,,,0.000664,125.786,0.062418,17.9187,,,263.665,17.6631,,,12.71,13.483,,
105,7,0.1,2163974,60632560,,,0.000847,125.776,0.056584,20.9707,,,259.739,16.818,,,12.8885,12.7042,,
106,7,0.1,2163974,60632560,,,0.001236,122.738,0.072493,22.3648,,,262.727,17.469,,,13.0267,12.741,,
107,7,0.1,2163974,60632560,,,0.000984,122.717,0.065647,25.8589,,,261.84,16.3594,,,12.1713,11.2228,,
108,7,0.1,2163974,60632560,,,0.000931,126.9,0.074281,19.8159,,,263.525,17.4613,,,14.4645,12.7424,,
109,7,0.1,2163974,60632560,,,0.001521,148.474,0.124961,117.777,,,293.217,53.1988,,,27.0889,47.4015,,
110,7,0.1,2163974,60632560,,,0.001271,124.227,0.204997,19.8457,,,312.201,17.3423,,,62.8173,13.0048,,
111,7,0.1,2163974,60632560,,,0.001596,172.312,0.070854,113.42,,,294.003,51.4164,,,15.688,43.1192,,
112,7,0.1,2163974,60632560,,,0.001363,142.267,0.057349,121.266,,,291.773,52.2649,,,15.5362,42.9284,,
113,7,0.1,2163974,60632560,,,0.001299,167.001,0.336726,94.15,,,333.835,57.157,,,35.2523,47.9372,,
114,7,0.1,2163974,60632560,,,0.001211,176.883,0.083602,120.719,,,279.303,55.3986,,,15.7217,47.7811,,
115,7,0.1,2163974,60632560,,,0.001662,147.182,0.108906,133.498,,,293.874,60.9944,,,20.5852,50.9916,,
116,7,0.1,2163974,60632560,,,0.001463,159.731,0.413798,63.2545,,,382.487,47.359,,,57.2251,41.2494,,
117,7,0.1,2163974,60632560,,,0.001147,185.331,0.164144,115.43,,,294.456,58.6918,,,26.1353,51.69,,
118,7,0.1,2163974,60632560,,,0.001241,166.519,0.11661,127.144,,,285.129,52.5248,,,19.5592,53.9429,,
39,7,0.2,14716948,122165475,,,0.000996,582.314,0.009718,122.704,,,244.003,65.8144,,,4.72586,62.0818,,
40,7,0.2,14716948,122165475,,,0.000873,572.185,0.010567,166.802,,,247.188,65.3956,,,4.88409,62.6998,,
41,7,0.2,14716948,122165475,,,0.001128,570.708,0.073935,170.093,,,257.677,93.5207,,,13.3216,71.9781,,
42,7,0.2,14716948,122165475,,,0.000941,571.403,0.012259,145.476,,,245.891,67.7288,,,4.46409,66.0007,,
43,7,0.2,14716948,122165475,,,0.001091,569.658,0.018937,158.38,,,251.509,114.107,,,8.64075,90.7952,,
44,7,0.2,14716948,122165475,,,0.00077,583.39,0.065062,145.401,,,256.646,98.0442,,,10.9846,71.0736,,
45,7,0.2,14716948,122165475,,,0.001221,596.831,0.065365,162.369,,,262.633,99.4386,,,12.095,62.9608,,
46,7,0.2,14716948,122165475,,,0.00184,600.106,0.062019,143.635,,,265.329,97.4286,,,11.2241,69.4591,,
47,7,0.2,14716948,122165475,,,0.001306,612.639,0.061203,131.564,,,266.699,119.955,,,11.3754,89.85,,
48,7,0.2,14716948,122165475,,,0.001435,601.554,0.040576,103.85,,,263.126,101.807,,,8.61926,70.2094,,
49,7,0.2,14716948,122165475,,,0.001834,760.935,0.034105,453.313,,,272.528,279.776,,,13.7233,251.445,,
50,7,0.2,14716948,122165475,,,0.002232,709.862,0.059118,334.193,,,275.003,253.466,,,15.4216,229.789,,
51,7,0.2,14716948,122165475,,,0.002266,743.99,0.034338,418.419,,,268.217,282.542,,,14.4965,264.823,,
52,7,0.2,14716948,122165475,,,0.001935,669.901,0.140477,158.341,,,294.569,112.758,,,26.7581,117.372,,
53,7,0.2,14716948,122165475,,,0.0013,741.383,0.099033,410.074,,,277.291,273.074,,,20.4868,277.536,,
54,7,0.2,14716948,122165475,,,0.001492,777.333,0.044287,437.752,,,267.552,283.534,,,15.2596,266.055,,
55,7,0.2,14716948,122165475,,,0.001416,646.511,0.118659,276.981,,,292.08,231.01,,,26.1281,234.258,,
56,7,0.2,14716948,122165475,,,0.001678,715.575,0.07408,384.073,,,270.594,259.184,,,19.7021,258.984,,
57,7,0.2,14716948,122165475,,,0.001191,783.682,0.091108,411.997,,,260.965,376.226,,,15.5462,386.695,,
58,7,0.2,14716948,122165475,,,0.001336,792.129,0.072509,440.407,,,258.874,399.961,,,13.5981,380.192,,
59,7,0.2,10226421,111989334,,,0.001484,435.79,0.010128,87.5079,,,248.992,46.5952,,,4.8644,45.7444,,
60,7,0.2,10226421,111989334,,,0.000872,439.906,0.009312,120.196,,,253.789,50.3727,,,4.71756,45.3261,,
61,7,0.2,10226421,111989334,,,0.000813,448.151,0.015817,113.585,,,252.317,74.7933,,,4.52491,71.4425,,
62,7,0.2,10226421,111989334,,,0.001293,444.842,0.014275,115.605,,,254.186,70.7874,,,5.05045,68.4865,,
63,7,0.2,10226421,111989334,,,0.001384,438.102,0.166052,101.368,,,278.047,68.7032,,,29.3674,62.6374,,
64,7,0.2,10226421,111989334,,,0.001404,449.217,0.249887,99.1036,,,297.666,91.4275,,,60.3836,80.515,,
65,7,0.2,10226421,111989334,,,0.000849,445.265,0.063925,88.7768,,,264.223,70.5815,,,11.2117,47.8714,,
66,7,0.2,10226421,111989334,,,0.001012,462.161,0.062026,74.2809,,,265.259,73.6315,,,12.1266,48.7228,,
67,7,0.2,10226421,111989334,,,0.001399,455.457,0.061105,95.2711,,,266.278,82.2284,,,12.8822,65.6806,,
68,7,0.2,10226421,111989334,,,0.001545,435.591,0.06664,85.4191,,,265.082,76.2249,,,12.1392,59.9071,,
69,7,0.2,10226421,111989334,,,0.001668,500.444,0.171678,178.736,,,302.279,113.987,,,24.7615,114.315,,
70,7,0.2,10226421,111989334,,,0.001856,453.773,0.149076,180.611,,,288.763,112.317,,,27.6809,106.014,,
71,7,0.2,10226421,111989334,,,0.001643,506.576,0.113578,320.676,,,290.115,188.196,,,34.5452,177.293,,
72,7,0.2,10226421,111989334,,,0.00168,515.465,0.109453,308.385,,,283.301,199.432,,,25.8402,179.194,,
73,7,0.2,10226421,111989334,,,0.001725,577.422,0.089112,353.407,,,286.66,244.345,,,31.6601,225.531,,
74,7,0.2,10226421,111989334,,,0.001794,510.834,0.08042,252.818,,,270.573,155.559,,,15.3648,143.975,,
75,7,0.2,10226421,111989334,,,0.001746,518.28,0.086564,271.734,,,291.282,171.447,,,23.2163,150.065,,
76,7,0.2,10226421,111989334,,,0.001492,537.799,0.100486,320.827,,,287.77,272.338,,,25.3803,250.815,,
77,7,0.2,10226421,111989334,,,0.001335,498.936,0.027223,363.707,,,267.82,197.66,,,12.5602,178.26,,
78,7,0.2,10226421,111989334,,,0.001758,546.716,0.064757,323.59,,,278.759,209.994,,,15.9414,187.975,,
79,7,0.2,3117975,113830909,,,0.001344,190.198,0.021324,32.0154,,,258.905,25.3379,,,8.63801,17.2392,,
80,7,0.2,3117975,113830909,,,0.00085,188.705,0.018423,34.5704,,,256.719,19.5293,,,4.95373,17.4721,,
81,7,0.2,3117975,113830909,,,0.000765,189.496,0.022832,28.6934,,,261.059,24.3195,,,9.36192,18.0719,,
82,7,0.2,3117975,113830909,,,0.00091,189.634,0.029374,32.4707,,,263.161,24.2522,,,9.17964,17.9967,,
83,7,0.2,3117975,113830909,,,0.000779,189.806,0.030633,33.5508,,,260.784,24.4305,,,9.60235,18.0459,,
84,7,0.2,3117975,113830909,,,0.000746,187.675,0.064846,40.9065,,,271.7,24.1621,,,13.0874,18.6837,,
85,7,0.2,3117975,113830909,,,0.000996,184.166,0.064691,39.1111,,,260.863,24.2373,,,13.4005,18.1058,,
86,7,0.2,3117975,113830909,,,0.001254,191.001,0.065541,38.1363,,,260.989,24.155,,,13.6157,17.8164,,
87,7,0.2,3117975,113830909,,,0.001978,433.597,0.358265,214.782,,,296.878,337.224,,,74.7069,356.63,,
88,7,0.2,3117975,113830909,,,0.001037,185.0,0.078119,28.5601,,,264.54,24.6411,,,15.5568,18.3385,,
89,7,0.2,3117975,113830909,,,0.001569,253.731,0.102887,209.823,,,274.699,65.2919,,,18.238,60.5769,,
90,7,0.2,3117975,113830909,,,0.001237,224.843,0.123653,240.631,,,287.475,126.882,,,31.5458,127.473,,
91,7,0.2,3117975,113830909,,,0.001379,271.626,0.08702,212.81,,,274.268,68.7416,,,17.8586,64.4842,,
92,7,0.2,3117975,113830909,,,0.001175,216.365,0.126944,236.252,,,282.442,90.108,,,22.467,90.0747,,
93,7,0.2,3117975,113830909,,,0.001628,316.796,0.239518,193.758,,,314.095,142.47,,,39.2633,132.559,,
94,7,0.2,3117975,113830909,,,0.001409,219.568,0.238568,219.604,,,312.783,121.505,,,41.2772,113.031,,
95,7,0.2,3117975,113830909,,,0.00148,350.8,0.202015,227.5,,,306.367,139.68,,,30.5966,127.781,,
96,7,0.2,3117975,113830909,,,0.001833,213.192,0.045523,241.713,,,270.955,82.0245,,,15.3718,73.7057,,
97,7,0.2,3117975,113830909,,,0.001476,197.25,0.145278,36.065,,,299.891,25.132,,,30.1463,18.9587,,
98,7,0.2,3117975,113830909,,,0.002266,219.911,0.153915,216.206,,,309.665,76.5169,,,31.8299,71.3224,,
99,7,0.2,4330842,121206579,,,0.001389,243.887,0.023664,48.0654,,,264.794,32.9603,,,8.82571,24.8397,,
100,7,0.2,4330842,121206579,,,0.001637,255.599,0.126908,33.2918,,,271.247,32.2119,,,21.3177,25.1763,,
101,7,0.2,4330842,121206579,,,0.000938,247.859,0.086618,63.7929,,,275.608,47.3554,,,17.1174,41.0654,,
102,7,0.2,4330842,121206579,,,0.001331,249.698,0.210295,51.7283,,,279.653,34.7009,,,37.9679,26.756,,
103,7,0.2,4330842,121206579,,,0.000858,243.046,0.018797,48.5963,,,252.147,32.7284,,,8.45202,24.2646,,
104,7,0.2,4330842,121206579,,,0.000744,247.537,0.065089,36.3715,,,260.997,35.0188,,,13.992,26.826,,
105,7,0.2,4330842,121206579,,,0.000791,252.711,0.061314,51.1349,,,265.195,33.0841,,,13.0859,24.0534,,
106,7,0.2,4330842,121206579,,,0.000871,250.193,0.07345,50.4498,,,260.388,33.6509,,,13.3433,27.0274,,
107,7,0.2,4330842,121206579,,,0.000759,252.171,0.067508,53.3144,,,261.262,31.8038,,,13.4728,24.8303,,
108,7,0.2,4330842,121206579,,,0.000795,252.251,0.067638,38.1837,,,265.795,33.8318,,,13.5025,26.8951,,
109,7,0.2,4330842,121206579,,,0.001264,287.839,0.115088,243.641,,,284.152,101.196,,,27.4135,99.772,,
110,7,0.2,4330842,121206579,,,0.00154,241.557,0.304609,41.0345,,,320.271,35.9112,,,112.991,28.9176,,
111,7,0.2,4330842,121206579,,,0.001346,326.175,0.073462,245.295,,,272.238,98.3398,,,16.0022,94.1085,,
112,7,0.2,4330842,121206579,,,0.001235,278.435,0.066021,244.494,,,272.482,107.793,,,16.6724,93.7606,,
113,7,0.2,4330842,121206579,,,0.001298,322.525,0.221925,193.568,,,325.027,93.1167,,,32.1032,81.096,,
114,7,0.2,4330842,121206579,,,0.001167,327.829,0.177391,222.168,,,301.743,111.293,,,23.6913,111.472,,
115,7,0.2,4330842,121206579,,,0.001498,286.962,0.093795,254.508,,,290.241,112.52,,,18.6302,102.271,,
116,7,0.2,4330842,121206579,,,0.00202,312.152,0.452464,140.94,,,373.195,101.677,,,57.7861,90.8031,,
117,7,0.2,4330842,121206579,,,0.001083,361.145,0.161728,237.741,,,307.5,127.988,,,25.7189,113.684,,
118,7,0.2,4330842,121206579,,,0.001268,347.412,0.11568,246.156,,,294.782,100.784,,,20.6736,105.687,,
39,8,0.001,73492,612310,,,0.001967,3.17196,0.025466,0.62828,,,251.174,0.362899,,,6.71697,0.368917,,
40,8,0.001,73492,612310,,,0.000673,3.07397,0.012308,0.924945,,,251.103,0.348236,,,5.1123,0.346858,,
41,8,0.001,73492,612310,,,0.00108,3.0104,0.055574,0.932256,,,254.815,0.531078,,,13.9107,0.383698,,
42,8,0.001,73492,612310,,,0.000444,3.11944,0.015224,0.749918,,,249.398,0.523969,,,7.4286,0.35302,,
43,8,0.001,73492,612310,,,0.000415,3.14299,0.012339,0.74191,,,248.876,0.508808,,,7.27801,0.399795,,
44,8,0.001,73492,612310,,,0.000475,3.07777,0.04918,0.691971,,,257.148,0.5434,,,11.5124,0.384095,,
45,8,0.001,73492,612310,,,0.000456,3.14644,0.050569,0.736599,,,274.704,0.531305,,,11.5646,0.350353,,
46,8,0.001,73492,612310,,,0.000425,2.97186,0.054834,0.785324,,,273.253,0.570086,,,11.0644,0.407851,,
47,8,0.001,73492,612310,,,0.0004,3.02754,0.047718,0.670304,,,261.748,0.601714,,,11.8231,0.43326,,
48,8,0.001,73492,612310,,,0.000308,3.01026,0.035957,0.526306,,,256.91,0.533788,,,8.96751,0.405477,,
49,8,0.001,73492,612310,,,0.000779,3.86143,0.052999,2.07218,,,274.178,1.44876,,,17.9198,1.37836,,
50,8,0.001,73492,612310,,,0.000599,3.51065,0.117349,1.63316,,,282.429,1.29694,,,20.9134,1.20934,,
51,8,0.001,73492,612310,,,0.000576,3.94879,0.026232,2.35872,,,263.719,1.46868,,,13.2654,1.41241,,
52,8,0.001,73492,612310,,,0.000912,3.40713,0.129837,0.822195,,,302.42,0.599763,,,31.2478,0.537394,,
53,8,0.001,73492,612310,,,0.000642,3.85467,0.077108,2.24831,,,274.293,1.51396,,,20.4755,1.49027,,
54,8,0.001,73492,612310,,,0.000475,3.718,0.038196,2.33454,,,272.823,1.60283,,,15.6536,1.47785,,
55,8,0.001,73492,612310,,,0.000785,3.1302,0.098406,1.50801,,,294.301,1.32704,,,25.1152,1.08338,,
56,8,0.001,73492,612310,,,0.000543,3.49506,0.086653,1.84573,,,286.484,1.41735,,,21.2824,1.24795,,
57,8,0.001,73492,612310,,,0.00056,3.8672,0.089511,1.86972,,,272.371,2.07228,,,16.458,1.81286,,
58,8,0.001,73492,612310,,,0.000498,3.84891,0.05158,2.11579,,,265.432,2.20404,,,13.2347,2.04394,,
59,8,0.001,51073,554946,,,0.000707,2.46181,0.006879,0.458451,,,249.327,0.241362,,,4.76308,0.234303,,
60,8,0.001,51073,554946,,,0.000428,2.37719,0.01,0.67361,,,251.07,1.28128,,,4.60548,0.240788,,
61,8,0.001,51073,554946,,,0.000401,2.34334,0.016202,0.611919,,,255.915,0.458459,,,5.18863,0.455157,,
62,8,0.001,51073,554946,,,0.000311,2.41185,0.013043,0.67737,,,252.543,0.417569,,,5.03676,0.400049,,
63,8,0.001,51073,554946,,,0.000679,2.36484,0.167964,0.554787,,,280.154,0.420157,,,28.705,0.307463,,
64,8,0.001,51073,554946,,,0.000683,2.43405,0.166312,0.493276,,,296.012,0.559254,,,48.4507,0.487459,,
65,8,0.001,51073,554946,,,0.000328,2.29627,0.050438,0.437997,,,266.289,0.358285,,,12.1039,0.264478,,
66,8,0.001,51073,554946,,,0.000274,2.34467,0.042015,0.360458,,,273.216,0.396217,,,12.19,0.289858,,
67,8,0.001,51073,554946,,,0.000249,2.38554,0.048378,0.430822,,,258.181,0.452452,,,12.1591,0.319466,,
68,8,0.001,51073,554946,,,0.000266,2.32867,0.043375,0.564025,,,264.156,0.4837,,,12.4958,0.414088,,
69,8,0.001,51073,554946,,,0.000581,2.64556,0.158818,0.844598,,,304.706,0.629669,,,26.1798,0.512475,,
70,8,0.001,51073,554946,,,0.000668,2.34245,0.119509,0.840228,,,292.629,0.611045,,,29.745,0.591053,,
71,8,0.001,51073,554946,,,0.000715,2.64628,0.071505,1.53048,,,289.183,1.04948,,,31.2746,0.898146,,
72,8,0.001,51073,554946,,,0.000492,2.90314,0.080259,1.53068,,,277.582,1.06428,,,21.8418,1.04449,,
73,8,0.001,51073,554946,,,0.000627,3.10766,0.060168,1.80088,,,289.393,1.34909,,,30.7897,1.14358,,
74,8,0.001,51073,554946,,,0.000473,2.60389,0.045213,1.27263,,,268.09,0.930072,,,15.9529,0.89936,,
75,8,0.001,51073,554946,,,0.000594,2.85688,0.071206,1.27822,,,283.935,0.922054,,,24.3557,0.847912,,
76,8,0.001,51073,554946,,,0.000513,2.65927,0.087807,1.44168,,,278.615,1.42734,,,22.3149,1.1561,,
77,8,0.001,51073,554946,,,0.000417,2.53485,0.015456,1.75366,,,260.83,1.08388,,,12.7326,0.994012,,
78,8,0.001,51073,554946,,,0.000591,2.74256,0.047275,1.52989,,,270.338,1.14417,,,16.169,1.03147,,
79,8,0.001,15633,565229,,,0.000729,1.03324,0.013498,0.157958,,,252.904,0.133373,,,8.70003,0.096866,,
80,8,0.001,15633,565229,,,0.000495,0.984114,0.017365,0.14413,,,255.275,0.109719,,,5.20705,0.098712,,
81,8,0.001,15633,565229,,,0.000302,0.919077,0.02254,0.122753,,,272.737,0.134179,,,10.2082,0.118192,,
82,8,0.001,15633,565229,,,0.000257,0.8675,0.019556,0.145906,,,260.273,0.128759,,,9.50721,0.085925,,
83,8,0.001,15633,565229,,,0.00024,0.905266,0.023095,0.161362,,,266.289,0.134308,,,9.97091,0.096127,,
84,8,0.001,15633,565229,,,0.000293,0.976519,0.053566,0.184939,,,272.412,0.146463,,,13.7519,0.092053,,
85,8,0.001,15633,565229,,,0.000306,0.990567,0.045179,0.180148,,,266.049,0.132186,,,12.1893,0.086492,,
86,8,0.001,15633,565229,,,0.000276,0.956086,0.053673,0.183069,,,270.248,0.134214,,,12.9162,0.09038,,
87,8,0.001,15633,565229,,,0.000625,2.076,0.353482,0.972552,,,299.755,1.73814,,,74.8588,1.74942,,
88,8,0.001,15633,565229,,,0.000255,0.90908,0.061783,0.157042,,,271.703,0.130239,,,14.3846,0.09794,,
89,8,0.001,15633,565229,,,0.000529,1.38664,0.0666,0.940223,,,281.313,0.377963,,,17.6595,0.329916,,
90,8,0.001,15633,565229,,,0.000619,1.18133,0.112212,1.12888,,,299.478,0.761866,,,30.533,0.732748,,
91,8,0.001,15633,565229,,,0.000612,1.36244,0.186998,0.940664,,,314.281,0.44316,,,25.6616,0.449875,,
92,8,0.001,15633,565229,,,0.000415,1.05853,0.086221,1.13111,,,304.737,0.53143,,,21.9452,0.454243,,
93,8,0.001,15633,565229,,,0.000498,1.62955,0.214996,0.912186,,,321.869,0.734615,,,36.2356,0.68811,,
94,8,0.001,15633,565229,,,0.000708,1.05435,0.224857,1.15102,,,309.302,0.645016,,,42.0345,0.553844,,
95,8,0.001,15633,565229,,,0.000488,1.66047,0.160785,1.10481,,,285.488,0.799909,,,26.3255,0.666574,,
96,8,0.001,15633,565229,,,0.000366,1.06348,0.050015,1.18536,,,274.812,0.375027,,,18.4902,0.365423,,
97,8,0.001,15633,565229,,,0.000532,0.995803,0.136022,0.180368,,,303.236,0.135649,,,35.9243,0.103972,,
98,8,0.001,15633,565229,,,0.000571,1.1341,0.152121,0.968781,,,311.12,0.454092,,,33.7975,0.43106,,
99,8,0.001,21794,614916,,,0.000599,1.3562,0.01782,0.168841,,,249.921,0.187938,,,7.59182,0.126118,,
100,8,0.001,21794,614916,,,0.000829,1.30864,0.128693,0.222865,,,263.681,0.194953,,,21.9301,0.144585,,
101,8,0.001,21794,614916,,,0.000415,1.32145,0.076821,0.194679,,,275.095,0.226957,,,23.6828,0.15385,,
102,8,0.001,21794,614916,,,0.000526,1.22529,0.208331,0.280758,,,279.49,0.193465,,,39.0593,0.140937,,
103,8,0.001,21794,614916,,,0.000238,1.2146,0.013786,0.275016,,,260.052,0.951873,,,8.5698,0.136839,,
104,8,0.001,21794,614916,,,0.0003,1.29191,0.053765,0.2007,,,272.67,0.185548,,,12.7545,0.125258,,
105,8,0.001,21794,614916,,,0.00038,1.34539,0.064674,0.21187,,,270.056,0.178339,,,12.8525,0.141397,,
106,8,0.001,21794,614916,,,0.00026,1.23534,0.06089,0.234016,,,271.766,0.188317,,,14.4202,0.141178,,
107,8,0.001,21794,614916,,,0.00024,1.22047,0.074527,0.292581,,,271.224,0.179695,,,14.0818,0.15822,,
108,8,0.001,21794,614916,,,0.000203,1.24657,0.068823,0.281035,,,271.785,0.184917,,,13.6886,0.124679,,
109,8,0.001,21794,614916,,,0.000657,1.48862,0.141592,1.15083,,,298.103,0.537777,,,28.4208,0.484161,,
110,8,0.001,21794,614916,,,0.000676,1.21723,0.282973,0.209127,,,334.531,0.22684,,,113.61,0.163278,,
111,8,0.001,21794,614916,,,0.000597,1.6407,0.058684,1.30635,,,278.576,0.55452,,,16.5837,0.478464,,
112,8,0.001,21794,614916,,,0.000483,1.47184,0.057052,1.34725,,,279.921,0.558309,,,15.7662,0.505657,,
113,8,0.001,21794,614916,,,0.000643,1.61473,0.22733,0.993864,,,312.569,0.559705,,,34.8019,0.525116,,
114,8,0.001,21794,614916,,,0.000463,1.59678,0.06829,1.24125,,,272.184,0.568074,,,17.8043,0.525561,,
115,8,0.001,21794,614916,,,0.000414,1.50356,0.085822,1.39289,,,283.028,0.629518,,,21.8277,0.594847,,
116,8,0.001,21794,614916,,,0.000871,1.5053,0.342837,0.755294,,,354.41,0.554867,,,53.0833,0.514065,,
117,8,0.001,21794,614916,,,0.000481,1.7021,0.185567,1.23876,,,295.767,0.72558,,,29.4209,0.680076,,
118,8,0.001,21794,614916,,,0.000388,1.77147,0.113779,1.27043,,,285.806,0.557012,,,23.1924,0.59276,,
39,8,0.005,367628,3069856,,,0.000718,14.4436,0.009558,3.12551,,,246.677,1.74044,,,5.10804,1.7428,,
40,8,0.005,367628,3069856,,,0.000598,14.7146,0.011649,4.15355,,,244.108,1.71199,,,4.96251,1.72092,,
41,8,0.005,367628,3069856,,,0.000748,16.0069,0.055773,3.77942,,,261.412,2.50906,,,13.915,1.87987,,
42,8,0.005,367628,3069856,,,0.000593,14.831,0.014368,3.02653,,,258.896,2.54,,,7.38874,1.71079,,
43,8,0.005,367628,3069856,,,0.000634,15.022,0.013208,3.26275,,,257.674,2.74283,,,7.53436,1.87545,,
44,8,0.005,367628,3069856,,,0.000564,14.9104,0.051662,2.96486,,,266.027,2.75006,,,11.7002,2.08822,,
45,8,0.005,367628,3069856,,,0.000557,14.2145,0.046651,4.18551,,,268.631,2.62425,,,11.5928,1.76363,,
46,8,0.005,367628,3069856,,,0.00056,14.2111,0.069481,4.253,,,265.649,2.70063,,,11.5395,2.109,,
47,8,0.005,367628,3069856,,,0.000522,14.9592,0.044803,4.19814,,,268.964,3.56827,,,12.3789,3.21783,,
48,8,0.005,367628,3069856,,,0.000486,14.259,0.045441,2.39353,,,262.349,2.62904,,,9.21979,1.88623,,
49,8,0.005,367628,3069856,,,0.00091,18.4979,0.044807,9.84375,,,276.855,7.32544,,,17.3805,6.58433,,
50,8,0.005,367628,3069856,,,0.000773,17.7009,0.083929,7.11811,,,293.975,6.30239,,,19.5838,5.87734,,
51,8,0.005,367628,3069856,,,0.00075,18.0436,0.024294,9.735,,,268.347,7.32166,,,14.4296,6.59594,,
52,8,0.005,367628,3069856,,,0.000878,16.7848,0.111215,5.81859,,,296.162,5.11957,,,26.7451,5.0959,,
53,8,0.005,367628,3069856,,,0.000812,18.5042,0.05798,9.77626,,,276.516,6.81656,,,19.0949,6.88439,,
54,8,0.005,367628,3069856,,,0.000799,19.115,0.032853,11.3408,,,266.768,8.08391,,,15.5085,7.13161,,
55,8,0.005,367628,3069856,,,0.00093,15.6983,0.064023,8.54384,,,277.049,6.60664,,,22.5122,5.8872,,
56,8,0.005,367628,3069856,,,0.000824,17.3124,0.104331,8.6317,,,282.308,6.97707,,,21.8581,6.61343,,
57,8,0.005,367628,3069856,,,0.000736,19.2066,0.09872,9.44077,,,270.355,9.99601,,,18.1119,8.81953,,
58,8,0.005,367628,3069856,,,0.000733,19.509,0.060394,10.7936,,,254.858,10.545,,,13.1625,9.08751,,
59,8,0.005,255453,2803555,,,0.000767,12.0573,0.008234,2.1466,,,248.325,1.17721,,,4.29489,1.08663,,
60,8,0.005,255453,2803555,,,0.000639,11.6873,0.00966,3.27061,,,249.362,1.27145,,,4.45657,1.18682,,
61,8,0.005,255453,2803555,,,0.00055,11.4322,0.015612,3.03646,,,247.753,2.12572,,,4.46456,1.9177,,
62,8,0.005,255453,2803555,,,0.000552,11.4168,0.013776,2.47119,,,243.595,2.005,,,4.56452,1.74094,,
63,8,0.005,255453,2803555,,,0.000898,11.0023,0.161335,2.37357,,,274.326,1.75581,,,31.0765,1.5082,,
64,8,0.005,255453,2803555,,,0.000823,11.3095,0.224324,2.01204,,,294.945,2.36472,,,69.3947,2.23948,,
65,8,0.005,255453,2803555,,,0.000489,11.0933,0.050867,2.31199,,,258.2,1.77304,,,11.1809,1.18078,,
66,8,0.005,255453,2803555,,,0.000642,11.2077,0.045495,1.72502,,,262.096,1.94046,,,12.2587,1.33051,,
67,8,0.005,255453,2803555,,,0.000495,11.536,0.049014,2.30943,,,266.593,2.28796,,,12.2466,1.75457,,
68,8,0.005,255453,2803555,,,0.000569,11.3976,0.055756,2.08047,,,265.05,2.20871,,,11.2789,1.58345,,
69,8,0.005,255453,2803555,,,0.000794,13.1495,0.082413,4.24631,,,285.222,3.10653,,,18.0297,2.75889,,
70,8,0.005,255453,2803555,,,0.000847,12.1903,0.11993,4.23557,,,297.206,3.0367,,,27.577,2.80803,,
71,8,0.005,255453,2803555,,,0.001048,13.7134,0.08035,7.66539,,,292.858,5.28354,,,30.773,4.43598,,
72,8,0.005,255453,2803555,,,0.000801,13.585,0.080678,7.6694,,,284.627,5.24249,,,19.9107,4.66346,,
73,8,0.005,255453,2803555,,,0.001058,14.6062,0.062923,8.50775,,,291.986,6.47111,,,29.9007,5.92237,,
74,8,0.005,255453,2803555,,,0.000834,13.4655,0.052056,6.29232,,,276.559,4.25474,,,15.1538,4.04299,,
75,8,0.005,255453,2803555,,,0.00094,13.5029,0.057388,7.03252,,,277.149,4.4345,,,21.5648,3.84998,,
76,8,0.005,255453,2803555,,,0.000946,13.9595,0.086038,7.82977,,,279.589,6.77854,,,24.0771,5.75582,,
77,8,0.005,255453,2803555,,,0.001086,12.9137,0.020167,8.97821,,,259.273,5.083,,,12.4227,4.78476,,
78,8,0.005,255453,2803555,,,0.00087,14.4381,0.048137,7.81632,,,272.894,5.70768,,,15.796,4.6744,,
79,8,0.005,78214,2851166,,,0.000895,4.73058,0.017258,0.875133,,,252.576,0.626718,,,8.70461,0.470057,,
80,8,0.005,78214,2851166,,,0.000565,4.54406,0.019068,0.791374,,,267.922,0.594728,,,9.57517,0.501842,,
81,8,0.005,78214,2851166,,,0.000442,4.48244,0.020843,0.700602,,,254.826,0.616101,,,10.2334,0.471456,,
82,8,0.005,78214,2851166,,,0.000431,4.43589,0.015488,0.703067,,,245.897,0.488051,,,5.08827,0.402017,,
83,8,0.005,78214,2851166,,,0.000356,4.56073,0.025018,0.777097,,,255.81,0.637486,,,9.5801,0.405172,,
84,8,0.005,78214,2851166,,,0.000514,4.32432,0.053874,0.893469,,,262.641,0.60411,,,13.0108,0.418466,,
85,8,0.005,78214,2851166,,,0.000453,4.6238,0.051653,0.891697,,,269.266,0.639525,,,12.2785,0.409461,,
86,8,0.005,78214,2851166,,,0.000499,4.50418,0.06051,0.893997,,,270.541,0.642987,,,13.2841,0.416477,,
87,8,0.005,78214,2851166,,,0.000939,10.555,0.318499,5.0884,,,306.591,9.00395,,,73.4416,7.89404,,
88,8,0.005,78214,2851166,,,0.000504,4.71217,0.076358,1.03105,,,272.151,0.626579,,,15.1459,0.444619,,
89,8,0.005,78214,2851166,,,0.000903,6.21926,0.086026,4.73461,,,286.653,1.7562,,,17.557,1.42722,,
90,8,0.005,78214,2851166,,,0.000953,5.78945,0.129758,5.55349,,,301.337,4.54208,,,30.6248,2.94873,,
91,8,0.005,78214,2851166,,,0.000863,6.59278,0.13976,5.00667,,,303.098,2.58965,,,25.381,2.05377,,
92,8,0.005,78214,2851166,,,0.00073,5.42068,0.116251,5.55486,,,291.039,2.53638,,,21.0718,2.23744,,
93,8,0.005,78214,2851166,,,0.000844,7.89343,0.246148,4.73452,,,316.712,2.9808,,,34.7648,2.55468,,
94,8,0.005,78214,2851166,,,0.001047,5.48103,0.2114,5.1483,,,307.409,2.91856,,,40.6926,2.55716,,
95,8,0.005,78214,2851166,,,0.000892,8.69032,0.143641,5.42217,,,285.925,3.76602,,,27.7622,3.29742,,
96,8,0.005,78214,2851166,,,0.000657,5.20596,0.056024,6.05022,,,277.497,2.02174,,,18.5434,1.94968,,
97,8,0.005,78214,2851166,,,0.000815,4.34092,0.116268,0.983044,,,293.604,0.635512,,,30.3201,0.464061,,
98,8,0.005,78214,2851166,,,0.000926,5.2449,0.171649,4.99618,,,308.66,2.21167,,,31.5615,1.89752,,
99,8,0.005,108058,3029696,,,0.000804,5.7993,0.017004,1.32776,,,249.613,0.810644,,,7.28109,0.517823,,
100,8,0.005,108058,3029696,,,0.000822,6.08949,0.086977,1.2111,,,262.621,0.796334,,,17.2787,0.625264,,
101,8,0.005,108058,3029696,,,0.000573,5.69677,0.074565,1.60273,,,264.811,1.27069,,,17.7617,1.06713,,
102,8,0.005,108058,3029696,,,0.000817,6.09308,0.201671,1.40377,,,277.62,0.897092,,,34.4076,0.66834,,
103,8,0.005,108058,3029696,,,0.000557,6.03148,0.019273,1.40616,,,259.554,0.848886,,,8.55441,0.552825,,
104,8,0.005,108058,3029696,,,0.000592,5.7911,0.055791,0.885313,,,271.557,0.898913,,,13.1917,0.636421,,
105,8,0.005,108058,3029696,,,0.000405,6.1712,0.058609,1.00335,,,266.641,0.849733,,,12.4698,0.554142,,
106,8,0.005,108058,3029696,,,0.000474,5.86515,0.060005,1.15309,,,270.501,0.888931,,,13.6788,0.668042,,
107,8,0.005,108058,3029696,,,0.000383,5.91385,0.069941,1.38301,,,266.905,0.825207,,,13.4521,0.585559,,
108,8,0.005,108058,3029696,,,0.00044,6.12894,0.055785,0.928949,,,268.436,0.868846,,,13.623,0.688232,,
109,8,0.005,108058,3029696,,,0.000933,7.27168,0.111068,5.996,,,294.874,2.73737,,,26.8986,2.2124,,
110,8,0.005,108058,3029696,,,0.00094,6.0624,0.302111,1.16766,,,332.705,0.915517,,,119.771,0.697568,,
111,8,0.005,108058,3029696,,,0.000848,8.25956,0.066132,6.0339,,,280.306,2.82048,,,16.02,2.36677,,
112,8,0.005,108058,3029696,,,0.000837,6.93031,0.049723,5.95576,,,275.608,2.68059,,,16.0842,2.12279,,
113,8,0.005,108058,3029696,,,0.000796,7.86827,0.229844,4.72205,,,307.082,2.77853,,,28.8214,2.42587,,
114,8,0.005,108058,3029696,,,0.000701,8.12346,0.070901,5.61949,,,271.813,2.71019,,,15.6495,2.29952,,
115,8,0.005,108058,3029696,,,0.000763,6.93038,0.09854,6.19293,,,283.008,3.76126,,,23.9967,3.48462,,
116,8,0.005,108058,3029696,,,0.001267,7.46118,0.342784,2.95588,,,365.937,2.35886,,,56.9804,2.08979,,
117,8,0.005,108058,3029696,,,0.000785,9.0294,0.15156,5.49219,,,298.437,3.05766,,,26.5731,2.48956,,
118,8,0.005,108058,3029696,,,0.000754,8.03768,0.094558,5.81156,,,284.234,2.74517,,,20.8941,2.86746,,
39,8,0.01,735248,6173754,,,0.000823,29.6293,0.010878,6.26215,,,243.507,3.4241,,,4.63805,3.2054,,
40,8,0.01,735248,6173754,,,0.000584,30.3664,0.010229,8.11685,,,244.328,3.43815,,,4.41434,3.07277,,
41,8,0.01,735248,6173754,,,0.000735,29.0171,0.047942,7.91212,,,256.497,4.93834,,,12.676,3.37201,,
42,8,0.01,735248,6173754,,,0.000576,28.9438,0.016165,6.49374,,,250.066,5.06144,,,6.95743,3.12869,,
43,8,0.01,735248,6173754,,,0.000568,29.6554,0.013185,6.94392,,,259.313,5.18662,,,7.17154,3.52982,,
44,8,0.01,735248,6173754,,,0.000541,28.1524,0.054906,6.45676,,,265.419,5.39389,,,9.67066,3.80293,,
45,8,0.01,735248,6173754,,,0.000609,29.3277,0.069334,8.01436,,,267.262,5.09771,,,10.4676,3.61152,,
46,8,0.01,735248,6173754,,,0.000582,28.9611,0.067195,7.05434,,,262.513,5.12132,,,10.5571,3.62224,,
47,8,0.01,735248,6173754,,,0.000716,29.8873,0.055877,9.24736,,,266.077,7.22737,,,11.6022,5.96759,,
48,8,0.01,735248,6173754,,,0.00066,28.6642,0.045281,5.35298,,,265.195,5.21319,,,8.62079,3.37894,,
49,8,0.01,735248,6173754,,,0.001044,38.4832,0.056107,21.9829,,,280.728,15.1059,,,15.9518,12.9918,,
50,8,0.01,735248,6173754,,,0.00108,35.4891,0.09927,14.6315,,,289.859,12.6754,,,19.0139,10.8171,,
51,8,0.01,735248,6173754,,,0.001042,37.4716,0.047739,21.4,,,273.956,15.1411,,,15.5587,13.5982,,
52,8,0.01,735248,6173754,,,0.001251,34.1313,0.136485,9.51588,,,305.896,7.72936,,,28.8267,7.39772,,
53,8,0.01,735248,6173754,,,0.001577,37.4287,0.076057,21.2861,,,284.183,15.1407,,,19.2664,13.5021,,
54,8,0.01,735248,6173754,,,0.000912,38.0602,0.039161,21.9769,,,268.222,15.4667,,,15.3654,13.6006,,
55,8,0.01,735248,6173754,,,0.001276,31.6542,0.084712,15.8809,,,296.95,13.496,,,23.4702,12.097,,
56,8,0.01,735248,6173754,,,0.001166,34.4242,0.120865,14.7988,,,286.945,12.9264,,,22.6158,11.1274,,
57,8,0.01,735248,6173754,,,0.001203,39.7342,0.100164,18.9269,,,264.65,19.0052,,,16.4593,17.3316,,
58,8,0.01,735248,6173754,,,0.000945,40.0373,0.068529,22.2818,,,255.026,21.5802,,,12.2839,18.475,,
59,8,0.01,511014,5612800,,,0.000915,23.9568,0.008692,4.33898,,,245.353,2.30754,,,4.65957,2.0566,,
60,8,0.01,511014,5612800,,,0.000666,24.0959,0.010522,6.40338,,,244.833,2.51775,,,4.15456,2.14373,,
61,8,0.01,511014,5612800,,,0.000497,23.1625,0.022132,6.0698,,,255.556,4.64458,,,8.34444,4.06027,,
62,8,0.01,511014,5612800,,,0.00072,24.9643,0.013327,5.47979,,,253.835,3.77312,,,4.67391,3.32682,,
63,8,0.01,511014,5612800,,,0.000954,22.4329,0.159462,4.8858,,,281.52,3.44064,,,29.1135,3.20348,,
64,8,0.01,511014,5612800,,,0.001006,23.3268,0.207293,5.02454,,,296.058,5.07515,,,54.4174,4.24054,,
65,8,0.01,511014,5612800,,,0.001095,23.9276,0.051389,5.05475,,,267.22,3.85623,,,11.6923,2.58045,,
66,8,0.01,511014,5612800,,,0.001217,23.8955,0.055893,3.72897,,,265.266,3.75931,,,12.0746,2.64937,,
67,8,0.01,511014,5612800,,,0.000756,23.1575,0.049504,4.63931,,,267.336,4.42662,,,12.4072,3.31626,,
68,8,0.01,511014,5612800,,,0.00052,22.3876,0.072203,3.93186,,,266.706,4.13296,,,11.4204,3.18862,,
69,8,0.01,511014,5612800,,,0.001344,27.669,0.15353,8.94602,,,308.193,6.15777,,,24.822,5.76333,,
70,8,0.01,511014,5612800,,,0.002117,25.1699,0.127394,8.90386,,,302.322,6.44473,,,26.3069,5.87262,,
71,8,0.01,511014,5612800,,,0.001981,28.0047,0.089854,15.8163,,,298.372,10.0615,,,32.3506,8.9372,,
72,8,0.01,511014,5612800,,,0.001218,25.8926,0.069461,16.5939,,,275.672,10.2909,,,19.0157,8.86575,,
73,8,0.01,511014,5612800,,,0.001275,28.724,0.074054,16.455,,,288.32,13.1479,,,30.7038,12.0391,,
74,8,0.01,511014,5612800,,,0.000813,24.8142,0.048875,12.8901,,,268.466,9.03634,,,15.2399,7.55592,,
75,8,0.01,511014,5612800,,,0.001055,24.8752,0.053219,12.6095,,,275.421,8.67162,,,20.535,7.56355,,
76,8,0.01,511014,5612800,,,0.001103,25.9335,0.094314,14.1666,,,275.838,13.0211,,,21.4567,11.9467,,
77,8,0.01,511014,5612800,,,0.000659,23.7696,0.015214,17.2241,,,262.643,10.3365,,,12.8352,9.62501,,
78,8,0.01,511014,5612800,,,0.000916,26.3507,0.055158,15.9437,,,269.821,11.2472,,,15.6487,9.03509,,
79,8,0.01,155511,5592108,,,0.000959,8.68819,0.017665,1.80492,,,250.594,1.22872,,,8.18512,0.918611,,
80,8,0.01,155511,5592108,,,0.000665,8.62595,0.020827,1.70477,,,252.155,1.22189,,,8.64605,0.87945,,
81,8,0.01,155511,5592108,,,0.000429,8.81498,0.021152,1.42209,,,256.245,1.19537,,,9.50089,0.849066,,
82,8,0.01,155511,5592108,,,0.00044,9.05419,0.016003,1.7009,,,245.508,1.00406,,,4.75723,0.808215,,
83,8,0.01,155511,5592108,,,0.000542,9.15516,0.033393,1.60122,,,265.372,1.22256,,,9.38277,0.903415,,
84,8,0.01,155511,5592108,,,0.000615,9.07572,0.066613,2.04958,,,268.181,1.23309,,,13.114,0.835067,,
85,8,0.01,155511,5592108,,,0.000514,8.58355,0.054457,2.06314,,,265.41,1.2079,,,13.3421,0.868043,,
86,8,0.01,155511,5592108,,,0.000376,8.78975,0.067015,1.81226,,,270.293,1.22074,,,13.6481,0.855887,,
87,8,0.01,155511,5592108,,,0.001009,21.244,0.412308,10.1689,,,304.027,18.1875,,,90.768,17.1382,,
88,8,0.01,155511,5592108,,,0.000664,8.72099,0.062791,1.47539,,,270.783,1.21186,,,13.5571,0.942371,,
89,8,0.01,155511,5592108,,,0.001217,11.9884,0.075652,9.68067,,,283.511,3.47507,,,16.8179,2.84252,,
90,8,0.01,155511,5592108,,,0.001074,11.9703,0.09802,11.0231,,,300.38,6.69739,,,25.0749,5.79247,,
91,8,0.01,155511,5592108,,,0.001209,14.4606,0.129297,10.2445,,,300.964,3.89781,,,24.1227,3.50142,,
92,8,0.01,155511,5592108,,,0.000985,11.0866,0.102426,11.1643,,,291.125,5.24742,,,23.5884,4.67438,,
93,8,0.01,155511,5592108,,,0.000911,15.4453,0.219292,9.27928,,,323.04,5.3597,,,32.9703,5.09091,,
94,8,0.01,155511,5592108,,,0.001123,10.5197,0.253697,10.9247,,,308.145,5.68577,,,43.0877,5.39338,,
95,8,0.01,155511,5592108,,,0.000834,17.0078,0.157434,11.8496,,,290.942,6.54227,,,27.4011,5.70714,,
96,8,0.01,155511,5592108,,,0.000792,10.052,0.062718,12.4752,,,273.636,3.64878,,,17.3337,3.2499,,
97,8,0.01,155511,5592108,,,0.000886,8.55774,0.1185,1.73331,,,291.332,1.29266,,,32.7102,0.973358,,
98,8,0.01,155511,5592108,,,0.000852,9.88132,0.170839,10.0904,,,307.815,4.09185,,,32.7759,3.42761,,
99,8,0.01,216185,6059208,,,0.001012,11.6147,0.017013,1.76823,,,249.121,1.61939,,,7.72133,1.14578,,
100,8,0.01,216185,6059208,,,0.000988,12.0513,0.099768,2.35013,,,260.244,1.59325,,,18.2436,1.16242,,
101,8,0.01,216185,6059208,,,0.00083,11.9037,0.084503,3.0789,,,268.327,2.63867,,,17.0746,2.22031,,
102,8,0.01,216185,6059208,,,0.000759,11.8697,0.193261,2.47436,,,274.333,1.78568,,,41.743,1.27134,,
103,8,0.01,216185,6059208,,,0.000793,11.5445,0.01422,2.46792,,,251.262,1.63196,,,9.00641,1.21002,,
104,8,0.01,216185,6059208,,,0.000465,11.6768,0.053304,1.59744,,,262.696,1.73942,,,13.6107,1.37467,,
105,8,0.01,216185,6059208,,,0.000625,11.4381,0.055548,1.80032,,,261.932,1.64886,,,13.3317,1.13353,,
106,8,0.01,216185,6059208,,,0.000435,11.4431,0.060284,2.25332,,,269.143,1.74736,,,13.6035,1.36586,,
107,8,0.01,216185,6059208,,,0.000404,11.4826,0.062911,2.64914,,,266.156,1.66436,,,13.5161,1.24162,,
108,8,0.01,216185,6059208,,,0.000449,11.6127,0.06964,1.99409,,,273.784,1.7909,,,13.7418,1.31742,,
109,8,0.01,216185,6059208,,,0.001286,14.2333,0.122568,12.1098,,,300.335,5.14394,,,27.5395,4.4914,,
110,8,0.01,216185,6059208,,,0.00142,11.8298,0.266002,2.04677,,,318.637,1.76568,,,86.415,1.52278,,
111,8,0.01,216185,6059208,,,0.001189,15.8876,0.069563,12.0833,,,279.923,5.23679,,,16.2859,4.63604,,
112,8,0.01,216185,6059208,,,0.001107,13.5691,0.05102,11.9383,,,278.465,5.26297,,,16.0805,4.48795,,
113,8,0.01,216185,6059208,,,0.001294,15.3762,0.218975,9.83998,,,315.937,5.31256,,,30.1439,4.6979,,
114,8,0.01,216185,6059208,,,0.00094,16.0552,0.162373,12.4525,,,299.957,5.60572,,,21.7625,5.23149,,
115,8,0.01,216185,6059208,,,0.001298,13.8614,0.09238,12.5658,,,291.685,6.80569,,,21.5648,6.29934,,
116,8,0.01,216185,6059208,,,0.001434,15.6065,0.341312,6.60652,,,364.725,5.23423,,,56.3129,4.60297,,
117,8,0.01,216185,6059208,,,0.000971,17.2049,0.150127,10.5418,,,294.906,6.66136,,,27.4889,5.80079,,
118,8,0.01,216185,6059208,,,0.001038,15.7392,0.094334,11.8698,,,283.455,5.3988,,,20.7723,5.83301,,
39,8,0.05,3679419,30601953,,,0.001285,143.364,0.011025,29.0455,,,245.202,16.469,,,5.10373,16.7048,,
40,8,0.05,3679419,30601953,,,0.001169,141.619,0.010952,43.0481,,,242.717,17.198,,,4.59795,16.184,,
41,8,0.05,3679419,30601953,,,0.000885,141.608,0.056336,38.1608,,,256.26,24.8558,,,13.135,17.8455,,
42,8,0.05,3679419,30601953,,,0.000661,142.073,0.015209,35.629,,,250.762,25.675,,,7.20619,17.5064,,
43,8,0.05,3679419,30601953,,,0.000527,142.274,0.014574,37.0997,,,256.793,25.5557,,,7.89351,19.3627,,
44,8,0.05,3679419,30601953,,,0.0005,140.808,0.050917,30.4958,,,257.487,30.1704,,,11.5387,19.0637,,
45,8,0.05,3679419,30601953,,,0.000439,141.611,0.055915,40.6801,,,259.181,25.9938,,,11.5273,18.5468,,
46,8,0.05,3679419,30601953,,,0.000651,143.5,0.078671,29.5358,,,269.086,35.4607,,,9.70752,25.3536,,
47,8,0.05,3679419,30601953,,,0.000805,145.373,0.047275,34.5697,,,276.232,30.4626,,,11.8694,22.9834,,
48,8,0.05,3679419,30601953,,,0.000719,141.734,0.03807,25.1218,,,264.427,26.1442,,,9.23912,17.8691,,
49,8,0.05,3679419,30601953,,,0.001003,183.163,0.052278,104.001,,,279.127,72.7608,,,17.9584,65.5923,,
50,8,0.05,3679419,30601953,,,0.001046,175.76,0.098109,74.7777,,,290.894,62.2578,,,20.1436,56.248,,
51,8,0.05,3679419,30601953,,,0.000931,183.473,0.028811,101.498,,,271.264,71.5707,,,14.4609,66.7559,,
52,8,0.05,3679419,30601953,,,0.001815,172.789,0.112301,40.2348,,,298.134,28.7093,,,27.6531,26.9449,,
53,8,0.05,3679419,30601953,,,0.001261,188.834,0.070114,108.06,,,277.482,68.2793,,,17.8799,66.5915,,
54,8,0.05,3679419,30601953,,,0.001305,192.544,0.043693,114.885,,,274.812,78.9424,,,16.1979,70.1597,,
55,8,0.05,3679419,30601953,,,0.00138,160.868,0.084217,78.4164,,,286.387,61.931,,,23.0191,57.8498,,
56,8,0.05,3679419,30601953,,,0.001525,178.861,0.115673,93.2923,,,285.245,66.9719,,,22.1129,61.3115,,
57,8,0.05,3679419,30601953,,,0.00185,199.72,0.09428,107.654,,,258.251,101.061,,,15.0724,92.8143,,
58,8,0.05,3679419,30601953,,,0.001276,202.846,0.069597,115.461,,,255.721,95.4647,,,13.4096,93.1492,,
59,8,0.05,2555953,28112945,,,0.00156,111.208,0.008568,22.5519,,,242.008,10.9806,,,4.82055,11.3277,,
60,8,0.05,2555953,28112945,,,0.000709,114.56,0.010407,32.6097,,,246.029,12.5657,,,4.43207,11.084,,
61,8,0.05,2555953,28112945,,,0.000591,112.914,0.015041,31.8201,,,247.039,19.3077,,,5.13146,17.9812,,
62,8,0.05,2555953,28112945,,,0.000606,112.052,0.012987,28.236,,,245.693,18.9523,,,4.83742,16.9398,,
63,8,0.05,2555953,28112945,,,0.001427,110.51,0.184963,26.2631,,,282.964,16.8861,,,32.4231,15.7474,,
64,8,0.05,2555953,28112945,,,0.000962,111.896,0.243789,26.5659,,,294.856,23.2057,,,77.8023,21.262,,
65,8,0.05,2555953,28112945,,,0.00062,111.182,0.063387,24.0854,,,259.794,17.1909,,,11.7008,12.074,,
66,8,0.05,2555953,28112945,,,0.000924,112.521,0.061803,24.524,,,256.673,17.4311,,,11.1959,12.4448,,
67,8,0.05,2555953,28112945,,,0.001109,110.423,0.063497,22.0877,,,259.029,21.3005,,,12.9729,17.7549,,
68,8,0.05,2555953,28112945,,,0.000861,113.052,0.058812,20.8455,,,260.902,20.9301,,,12.3109,15.3312,,
69,8,0.05,2555953,28112945,,,0.001173,131.162,0.164859,45.6047,,,313.137,30.6583,,,25.6155,30.0544,,
70,8,0.05,2555953,28112945,,,0.001381,119.594,0.140275,44.8516,,,306.09,29.2881,,,29.4028,26.2451,,
71,8,0.05,2555953,28112945,,,0.001343,132.299,0.090994,82.4099,,,297.904,49.8111,,,32.329,46.2496,,
72,8,0.05,2555953,28112945,,,0.001491,135.406,0.07811,82.493,,,278.171,51.1961,,,19.2589,46.7977,,
73,8,0.05,2555953,28112945,,,0.001384,149.002,0.076494,89.655,,,295.247,61.3218,,,30.9983,56.5936,,
74,8,0.05,2555953,28112945,,,0.001229,131.448,0.06343,64.4847,,,281.04,41.1567,,,16.3992,37.9075,,
75,8,0.05,2555953,28112945,,,0.001307,130.038,0.082971,67.8193,,,290.263,43.7944,,,25.0391,39.4694,,
76,8,0.05,2555953,28112945,,,0.000995,132.685,0.100842,77.7343,,,288.654,63.8216,,,23.2097,54.0104,,
77,8,0.05,2555953,28112945,,,0.000757,120.046,0.021642,92.0937,,,261.315,49.8792,,,12.9261,45.2104,,
78,8,0.05,2555953,28112945,,,0.001158,135.667,0.058147,81.4092,,,284.068,52.8022,,,15.8524,47.3594,,
79,8,0.05,779692,28472448,,,0.001489,43.4686,0.020794,8.56908,,,250.927,5.71155,,,9.18458,4.26722,,
80,8,0.05,779692,28472448,,,0.000678,44.4862,0.026723,7.71754,,,252.954,6.09433,,,9.34151,4.28765,,
81,8,0.05,779692,28472448,,,0.0005,44.0498,0.025585,7.13805,,,255.427,5.98341,,,9.3984,4.63387,,
82,8,0.05,779692,28472448,,,0.000577,45.46,0.023861,8.26491,,,257.846,6.11666,,,8.78955,4.26423,,
83,8,0.05,779692,28472448,,,0.000459,43.5736,0.026398,8.71896,,,254.444,6.14236,,,9.18169,4.33139,,
84,8,0.05,779692,28472448,,,0.000539,44.0606,0.070576,8.40179,,,261.703,6.1393,,,13.1756,4.40218,,
85,8,0.05,779692,28472448,,,0.000468,44.3213,0.062092,6.07527,,,260.064,6.02071,,,12.6275,4.24922,,
86,8,0.05,779692,28472448,,,0.000769,46.2367,0.080241,9.83557,,,263.612,6.16377,,,13.5275,4.5211,,
87,8,0.05,779692,28472448,,,0.001298,107.253,0.418299,52.4732,,,307.337,87.9106,,,90.3379,78.1105,,
88,8,0.05,779692,28472448,,,0.000797,45.6518,0.077332,8.24711,,,272.004,5.9363,,,14.2393,4.34083,,
89,8,0.05,779692,28472448,,,0.001165,61.5782,0.088981,52.078,,,282.995,17.6348,,,17.2967,14.5937,,
90,8,0.05,779692,28472448,,,0.001334,54.3332,0.147063,59.9032,,,301.109,33.0986,,,29.6861,31.1874,,
91,8,0.05,779692,28472448,,,0.000973,66.553,0.187626,51.6236,,,310.179,21.2551,,,24.6694,20.4281,,
92,8,0.05,779692,28472448,,,0.000764,51.7923,0.11358,61.1611,,,293.261,23.2235,,,22.3532,20.5993,,
93,8,0.05,779692,28472448,,,0.001036,77.4832,0.284656,51.5548,,,320.474,27.3098,,,33.6719,23.5442,,
94,8,0.05,779692,28472448,,,0.00148,53.9506,0.268381,54.8964,,,320.804,31.2915,,,42.0195,28.6533,,
95,8,0.05,779692,28472448,,,0.000982,88.5416,0.20657,59.3474,,,312.512,35.1097,,,26.8148,28.587,,
96,8,0.05,779692,28472448,,,0.001241,51.3833,0.065009,64.1501,,,282.454,18.779,,,16.3702,16.821,,
97,8,0.05,779692,28472448,,,0.001074,44.2775,0.128103,9.68768,,,304.21,6.37121,,,31.1656,4.91576,,
98,8,0.05,779692,28472448,,,0.001434,52.9003,0.198582,54.3341,,,302.014,21.3362,,,31.2278,19.0794,,
99,8,0.05,1081746,30527720,,,0.001078,58.8102,0.023227,13.1662,,,253.212,8.06857,,,7.89163,5.86024,,
100,8,0.05,1081746,30527720,,,0.001302,58.7343,0.11131,11.2624,,,260.634,8.17037,,,18.0028,5.9702,,
101,8,0.05,1081746,30527720,,,0.001017,58.6095,0.096259,16.276,,,274.344,12.5756,,,21.4465,9.85744,,
102,8,0.05,1081746,30527720,,,0.000907,59.1753,0.187764,13.8877,,,274.385,8.82429,,,41.5622,6.33835,,
103,8,0.05,1081746,30527720,,,0.000564,60.7063,0.018471,13.1818,,,251.97,8.25179,,,8.41307,5.69201,,
104,8,0.05,1081746,30527720,,,0.000705,59.2841,0.058889,8.987,,,264.604,8.74354,,,12.8296,6.47007,,
105,8,0.05,1081746,30527720,,,0.000531,59.1259,0.060261,10.0929,,,258.126,8.29014,,,12.4406,5.68369,,
106,8,0.05,1081746,30527720,,,0.000554,59.3717,0.066346,10.8244,,,264.292,8.72016,,,13.0074,6.27384,,
107,8,0.05,1081746,30527720,,,0.000486,59.2533,0.063627,13.8129,,,261.475,8.23032,,,12.6685,6.0632,,
108,8,0.05,1081746,30527720,,,0.000556,59.6201,0.073064,9.71833,,,267.062,8.36915,,,13.2174,6.70824,,
109,8,0.05,1081746,30527720,,,0.001315,70.6198,0.137531,59.7951,,,286.833,25.6155,,,27.0066,21.7177,,
110,8,0.05,1081746,30527720,,,0.00133,59.0107,0.307816,10.778,,,324.835,9.32024,,,103.28,7.00366,,
111,8,0.05,1081746,30527720,,,0.000979,83.3576,0.083907,58.8367,,,285.223,25.9716,,,16.4125,21.7526,,
112,8,0.05,1081746,30527720,,,0.001369,68.4693,0.063043,62.7843,,,282.262,27.1755,,,15.9078,22.3392,,
113,8,0.05,1081746,30527720,,,0.000857,79.1879,0.227352,48.7754,,,324.257,26.5297,,,31.5058,23.4666,,
114,8,0.05,1081746,30527720,,,0.000773,81.5907,0.078053,58.573,,,279.072,29.4246,,,15.885,23.3051,,
115,8,0.05,1081746,30527720,,,0.000897,70.3911,0.095815,70.5286,,,289.49,36.5518,,,20.2892,29.0371,,
116,8,0.05,1081746,30527720,,,0.00172,76.2931,0.388555,35.0663,,,353.478,26.7934,,,50.879,22.7725,,
117,8,0.05,1081746,30527720,,,0.000798,87.9836,0.181907,57.6012,,,312.87,34.6821,,,28.0573,29.5449,,
118,8,0.05,1081746,30527720,,,0.001052,81.108,0.102865,62.4488,,,291.223,27.4708,,,20.0304,25.9928,,
39,8,0.1,7357847,61213573,,,0.001145,280.61,0.010322,60.6032,,,253.188,34.2112,,,4.6575,32.8084,,
40,8,0.1,7357847,61213573,,,0.000748,287.284,0.014837,80.7471,,,253.618,34.0573,,,6.64225,34.2321,,
41,8,0.1,7357847,61213573,,,0.000973,292.526,0.051365,86.0237,,,253.941,48.873,,,12.3252,35.1774,,
42,8,0.1,7357847,61213573,,,0.000751,293.163,0.018619,62.7622,,,250.034,52.243,,,7.29771,32.7636,,
43,8,0.1,7357847,61213573,,,0.00075,304.047,0.015017,79.7604,,,247.954,52.7617,,,7.80083,35.7911,,
44,8,0.1,7357847,61213573,,,0.001318,295.48,0.057215,69.4094,,,258.401,50.5366,,,11.2181,36.7846,,
45,8,0.1,7357847,61213573,,,0.000918,302.643,0.061161,79.4682,,,254.017,49.3104,,,11.1278,34.1828,,
46,8,0.1,7357847,61213573,,,0.001169,294.896,0.060315,82.6534,,,256.817,52.3215,,,10.6283,35.5398,,
47,8,0.1,7357847,61213573,,,0.001164,304.387,0.05125,69.8557,,,260.94,67.8186,,,12.0695,58.3711,,
48,8,0.1,7357847,61213573,,,0.00071,299.672,0.037786,50.433,,,253.982,49.5835,,,9.42866,34.5852,,
49,8,0.1,7357847,61213573,,,0.002047,373.614,0.057556,193.44,,,279.595,136.374,,,16.1949,128.175,,
50,8,0.1,7357847,61213573,,,0.001834,353.098,0.098174,161.549,,,293.108,121.784,,,20.413,115.359,,
51,8,0.1,7357847,61213573,,,0.001121,375.714,0.04041,242.629,,,268.125,139.627,,,14.2103,128.746,,
52,8,0.1,7357847,61213573,,,0.001383,333.449,0.155007,93.5846,,,310.614,72.7564,,,29.0498,72.8386,,
53,8,0.1,7357847,61213573,,,0.001244,366.109,0.106026,191.585,,,279.654,143.476,,,21.6975,140.819,,
54,8,0.1,7357847,61213573,,,0.001177,378.957,0.051782,221.02,,,267.396,155.478,,,15.7962,145.493,,
55,8,0.1,7357847,61213573,,,0.001251,311.63,0.092304,163.0,,,291.473,129.931,,,25.8886,123.852,,
56,8,0.1,7357847,61213573,,,0.001457,359.249,0.097712,205.1,,,282.887,133.553,,,21.6649,158.9,,
57,8,0.1,7357847,61213573,,,0.001136,406.475,0.093032,218.177,,,261.006,202.427,,,15.4971,196.377,,
58,8,0.1,7357847,61213573,,,0.001184,408.732,0.069926,227.907,,,257.641,210.067,,,13.2986,192.763,,
59,8,0.1,5113065,55849231,,,0.001242,230.451,0.011272,42.9344,,,244.524,23.5225,,,5.03599,22.3864,,
60,8,0.1,5113065,55849231,,,0.000787,230.406,0.010012,61.1405,,,246.728,24.8336,,,4.61224,23.2781,,
61,8,0.1,5113065,55849231,,,0.000841,225.179,0.014891,59.4348,,,246.113,38.4167,,,5.14632,37.4121,,
62,8,0.1,5113065,55849231,,,0.000729,227.248,0.01327,49.4658,,,256.266,34.6808,,,5.15519,33.6013,,
63,8,0.1,5113065,55849231,,,0.001621,227.815,0.168274,56.3968,,,274.533,36.8243,,,25.8516,35.242,,
64,8,0.1,5113065,55849231,,,0.001272,228.852,0.198059,46.3618,,,297.394,46.1044,,,43.8919,40.7702,,
65,8,0.1,5113065,55849231,,,0.001236,223.065,0.063905,42.3891,,,265.124,35.2619,,,12.2014,25.5625,,
66,8,0.1,5113065,55849231,,,0.000965,225.148,0.054033,48.2491,,,263.915,35.0487,,,11.0105,24.5851,,
67,8,0.1,5113065,55849231,,,0.000725,226.478,0.06215,52.5688,,,266.693,41.4901,,,12.0895,32.2403,,
68,8,0.1,5113065,55849231,,,0.000724,218.283,0.058316,42.4289,,,268.203,41.7314,,,11.8063,31.4617,,
69,8,0.1,5113065,55849231,,,0.001358,252.142,0.195305,92.0063,,,312.316,60.804,,,26.3639,56.593,,
70,8,0.1,5113065,55849231,,,0.001507,229.827,0.153004,106.235,,,297.595,68.1609,,,29.6955,67.562,,
71,8,0.1,5113065,55849231,,,0.001409,258.912,0.102012,153.423,,,294.857,93.4733,,,35.1308,88.0841,,
72,8,0.1,5113065,55849231,,,0.001416,261.671,0.069484,182.559,,,284.807,99.1209,,,23.576,103.421,,
73,8,0.1,5113065,55849231,,,0.001528,292.218,0.076379,176.607,,,282.712,120.424,,,32.0635,119.93,,
74,8,0.1,5113065,55849231,,,0.001589,252.021,0.063443,126.224,,,267.246,79.9302,,,15.7942,77.5987,,
75,8,0.1,5113065,55849231,,,0.001727,253.907,0.086817,133.206,,,282.643,83.4839,,,23.4857,82.0247,,
76,8,0.1,5113065,55849231,,,0.001476,264.456,0.089643,153.584,,,281.459,120.362,,,25.8399,118.003,,
77,8,0.1,5113065,55849231,,,0.001436,240.518,0.025341,184.62,,,259.093,99.8432,,,13.9829,90.5993,,
78,8,0.1,5113065,55849231,,,0.001495,265.302,0.0662,164.176,,,271.381,103.272,,,16.8111,97.1605,,
79,8,0.1,1559390,56828994,,,0.001678,92.2684,0.023497,14.4838,,,253.183,12.0987,,,9.48377,8.89701,,
80,8,0.1,1559390,56828994,,,0.000841,96.3763,0.019722,17.5909,,,252.376,12.1076,,,9.27873,9.76799,,
81,8,0.1,1559390,56828994,,,0.00123,97.0112,0.024843,15.4984,,,255.34,12.2851,,,10.4669,9.43439,,
82,8,0.1,1559390,56828994,,,0.005702,94.0704,0.028253,14.9014,,,262.129,13.1967,,,9.80266,9.39143,,
83,8,0.1,1559390,56828994,,,0.001116,95.1116,0.027931,17.251,,,262.783,12.3557,,,9.76197,8.84066,,
84,8,0.1,1559390,56828994,,,0.000789,96.4575,0.0608,20.0112,,,267.892,11.9552,,,13.855,9.20537,,
85,8,0.1,1559390,56828994,,,0.000728,94.2043,0.058994,19.7972,,,267.882,11.4946,,,12.6834,8.60667,,
86,8,0.1,1559390,56828994,,,0.00053,94.3249,0.073645,21.1306,,,273.034,12.2659,,,13.806,9.07743,,
87,8,0.1,1559390,56828994,,,0.001236,224.925,0.359241,107.127,,,303.25,172.618,,,73.3256,173.874,,
88,8,0.1,1559390,56828994,,,0.000799,95.0042,0.085926,14.3471,,,272.321,12.1766,,,15.7954,10.0164,,
89,8,0.1,1559390,56828994,,,0.001345,128.635,0.09283,106.08,,,283.553,35.8633,,,17.1796,30.3087,,
90,8,0.1,1559390,56828994,,,0.001473,116.363,0.138141,123.862,,,297.472,64.7285,,,29.5124,57.7658,,
91,8,0.1,1559390,56828994,,,0.001565,140.377,0.090888,106.025,,,273.359,39.8134,,,17.7607,38.2742,,
92,8,0.1,1559390,56828994,,,0.00117,111.774,0.1057,120.004,,,284.07,48.2067,,,20.7009,44.2204,,
93,8,0.1,1559390,56828994,,,0.001357,164.378,0.285084,93.2137,,,326.241,62.7936,,,39.4362,57.0682,,
94,8,0.1,1559390,56828994,,,0.001519,113.509,0.226787,115.182,,,308.043,63.7606,,,42.1017,55.1632,,
95,8,0.1,1559390,56828994,,,0.001294,182.006,0.165635,116.698,,,289.18,65.0548,,,27.2699,62.1882,,
96,8,0.1,1559390,56828994,,,0.001124,109.268,0.045614,125.238,,,266.549,45.3726,,,14.7251,37.2895,,
97,8,0.1,1559390,56828994,,,0.001248,93.0448,0.13243,20.3629,,,293.422,12.049,,,29.5939,9.61601,,
98,8,0.1,1559390,56828994,,,0.001228,106.845,0.129349,101.17,,,294.209,45.9865,,,27.2777,40.6685,,
99,8,0.1,2163974,60632560,,,0.001617,121.518,0.020866,16.4851,,,262.503,16.3137,,,7.57345,11.2901,,
100,8,0.1,2163974,60632560,,,0.001345,122.831,0.114733,20.8695,,,270.747,16.7472,,,20.7721,12.5918,,
101,8,0.1,2163974,60632560,,,0.000803,121.967,0.101115,27.2999,,,274.763,28.8658,,,15.918,23.6599,,
102,8,0.1,2163974,60632560,,,0.001144,122.221,0.179344,24.9351,,,282.252,18.0524,,,42.3888,13.908,,
103,8,0.1,2163974,60632560,,,0.000735,125.02,0.017651,23.917,,,258.663,16.4934,,,9.35022,12.2681,,
104,8,0.1,2163974,60632560,,,0.000904,123.783,0.063121,17.8981,,,268.406,17.5605,,,14.4003,13.3184,,
105,8,0.1,2163974,60632560,,,0.001112,122.981,0.056591,21.6221,,,264.334,16.7926,,,11.9225,12.0915,,
106,8,0.1,2163974,60632560,,,0.000784,123.85,0.068612,21.9347,,,270.408,17.82,,,13.2482,12.7667,,
107,8,0.1,2163974,60632560,,,0.000669,125.297,0.071456,24.8292,,,264.625,16.5751,,,12.3775,11.7045,,
108,8,0.1,2163974,60632560,,,0.000853,124.518,0.066113,19.4994,,,268.685,17.129,,,14.9042,12.9259,,
109,8,0.1,2163974,60632560,,,0.00161,143.555,0.108909,117.992,,,288.298,52.3892,,,25.7172,47.7965,,
110,8,0.1,2163974,60632560,,,0.001279,119.346,0.229704,21.8385,,,299.078,17.1159,,,61.412,13.3884,,
111,8,0.1,2163974,60632560,,,0.001763,162.235,0.075493,115.472,,,271.433,48.9555,,,15.9911,43.0969,,
112,8,0.1,2163974,60632560,,,0.001808,138.33,0.05824,120.939,,,266.621,49.7809,,,15.2456,42.805,,
113,8,0.1,2163974,60632560,,,0.001693,159.67,0.25973,91.5864,,,319.599,53.3772,,,36.0187,47.6134,,
114,8,0.1,2163974,60632560,,,0.001099,165.87,0.074035,113.056,,,268.574,53.0021,,,15.53,48.4042,,
115,8,0.1,2163974,60632560,,,0.001222,142.242,0.096846,132.051,,,284.475,56.9001,,,20.3023,51.9553,,
116,8,0.1,2163974,60632560,,,0.001887,155.846,0.345275,61.9484,,,369.861,46.4682,,,58.4225,43.045,,
117,8,0.1,2163974,60632560,,,0.001186,174.519,0.149446,110.743,,,310.972,63.1446,,,25.9885,51.1272,,
118,8,0.1,2163974,60632560,,,0.002178,161.548,0.103676,121.283,,,294.275,55.2176,,,20.6471,52.9988,,
39,8,0.2,14716948,122165475,,,0.001431,571.691,0.010178,119.452,,,249.824,67.1743,,,4.67263,63.7544,,
40,8,0.2,14716948,122165475,,,0.001101,572.679,0.012094,163.636,,,252.844,68.1265,,,4.61903,62.424,,
41,8,0.2,14716948,122165475,,,0.00113,569.952,0.066116,165.641,,,264.185,96.5068,,,14.2379,68.5248,,
42,8,0.2,14716948,122165475,,,0.001322,586.891,0.011996,139.012,,,249.021,71.3716,,,4.32872,64.0203,,
43,8,0.2,14716948,122165475,,,0.001149,594.325,0.018936,157.536,,,261.974,119.856,,,7.9378,92.2078,,
44,8,0.2,14716948,122165475,,,0.001258,597.435,0.059268,139.165,,,268.216,104.153,,,11.4939,71.899,,
45,8,0.2,14716948,122165475,,,0.001276,596.27,0.053617,155.767,,,268.755,102.382,,,11.1584,63.4641,,
46,8,0.2,14716948,122165475,,,0.000816,596.235,0.072738,136.099,,,264.698,95.9338,,,11.846,69.3989,,
47,8,0.2,14716948,122165475,,,0.001139,602.618,0.050513,126.216,,,259.616,116.898,,,11.37,91.617,,
48,8,0.2,14716948,122165475,,,0.00121,585.721,0.058263,99.6129,,,256.558,97.7952,,,8.95059,70.0249,,
49,8,0.2,14716948,122165475,,,0.001842,737.042,0.03561,453.393,,,257.553,268.675,,,13.3571,256.771,,
50,8,0.2,14716948,122165475,,,0.001231,706.622,0.053051,337.832,,,266.516,245.681,,,14.5111,224.795,,
51,8,0.2,14716948,122165475,,,0.002286,742.749,0.031874,427.084,,,263.067,267.88,,,14.9142,256.117,,
52,8,0.2,14716948,122165475,,,0.001645,684.477,0.113825,161.751,,,285.925,107.532,,,25.8454,111.807,,
53,8,0.2,14716948,122165475,,,0.001502,764.137,0.083594,429.753,,,272.183,273.315,,,19.6711,275.682,,
54,8,0.2,14716948,122165475,,,0.001406,783.608,0.043976,459.383,,,264.229,289.629,,,15.7134,268.661,,
55,8,0.2,14716948,122165475,,,0.002001,647.001,0.131503,287.673,,,300.791,235.547,,,27.7486,229.801,,
56,8,0.2,14716948,122165475,,,0.001294,701.96,0.078388,397.717,,,277.885,266.832,,,18.9173,263.482,,
57,8,0.2,14716948,122165475,,,0.001379,784.134,0.10262,413.142,,,269.835,391.764,,,15.3143,388.604,,
58,8,0.2,14716948,122165475,,,0.001669,790.231,0.071435,443.241,,,264.067,410.979,,,13.6689,383.173,,
59,8,0.2,10226421,111989334,,,0.001656,449.911,0.008739,89.3025,,,242.231,44.6785,,,4.75369,44.5176,,
60,8,0.2,10226421,111989334,,,0.00138,447.371,0.009376,124.293,,,244.826,48.9042,,,4.39656,45.5668,,
61,8,0.2,10226421,111989334,,,0.000982,445.806,0.017053,119.748,,,246.559,80.3074,,,4.5187,73.9009,,
62,8,0.2,10226421,111989334,,,0.001045,442.227,0.017197,124.318,,,243.086,70.2073,,,5.13203,71.1408,,
63,8,0.2,10226421,111989334,,,0.000981,436.146,0.17927,102.431,,,273.062,67.4627,,,30.5005,64.0518,,
64,8,0.2,10226421,111989334,,,0.001185,457.626,0.256006,97.7758,,,292.451,90.9567,,,62.5796,83.2361,,
65,8,0.2,10226421,111989334,,,0.00101,445.609,0.063698,87.9731,,,258.296,67.2962,,,11.6665,50.5622,,
66,8,0.2,10226421,111989334,,,0.001339,445.606,0.058086,73.1647,,,259.476,70.8417,,,12.0351,50.5162,,
67,8,0.2,10226421,111989334,,,0.001633,435.971,0.063997,96.6056,,,267.121,80.1892,,,13.1462,66.4332,,
68,8,0.2,10226421,111989334,,,0.000891,448.215,0.062444,87.2206,,,266.849,78.121,,,12.2012,63.932,,
69,8,0.2,10226421,111989334,,,0.001878,514.704,0.171317,178.547,,,316.08,118.187,,,26.1707,118.148,,
70,8,0.2,10226421,111989334,,,0.00122,454.318,0.147442,177.46,,,302.146,115.449,,,30.0842,105.516,,
71,8,0.2,10226421,111989334,,,0.001822,508.437,0.103531,311.639,,,300.191,197.517,,,31.5701,177.361,,
72,8,0.2,10226421,111989334,,,0.001188,518.084,0.100308,305.649,,,293.092,196.954,,,25.3458,178.898,,
73,8,0.2,10226421,111989334,,,0.001166,574.984,0.082436,360.151,,,290.595,230.292,,,30.8507,224.551,,
74,8,0.2,10226421,111989334,,,0.001434,509.964,0.070491,257.346,,,270.501,155.082,,,16.3502,143.977,,
75,8,0.2,10226421,111989334,,,0.001148,521.37,0.091771,269.248,,,279.517,161.058,,,22.6423,151.984,,
76,8,0.2,10226421,111989334,,,0.001623,543.152,0.08253,330.181,,,277.882,261.046,,,24.9469,249.713,,
77,8,0.2,10226421,111989334,,,0.001114,495.708,0.024664,364.112,,,280.044,191.38,,,14.0934,178.04,,
78,8,0.2,10226421,111989334,,,0.001593,546.889,0.062138,320.813,,,270.986,207.531,,,16.7479,184.578,,
79,8,0.2,3117975,113830909,,,0.001449,188.643,0.021161,33.7223,,,254.645,24.6052,,,8.76625,17.6009,,
80,8,0.2,3117975,113830909,,,0.001181,187.236,0.020628,34.7237,,,254.358,20.4112,,,4.85429,17.1736,,
81,8,0.2,3117975,113830909,,,0.0009,189.459,0.023193,27.9435,,,276.416,24.2777,,,8.81238,17.3247,,
82,8,0.2,3117975,113830909,,,0.000936,180.116,0.029055,32.7469,,,259.801,24.2438,,,8.81837,17.1151,,
83,8,0.2,3117975,113830909,,,0.000834,181.125,0.032236,33.9503,,,261.771,24.5195,,,9.73543,18.4275,,
84,8,0.2,3117975,113830909,,,0.000959,182.915,0.064734,40.0913,,,267.921,26.8337,,,12.3842,17.6812,,
85,8,0.2,3117975,113830909,,,0.000815,181.103,0.063447,40.2205,,,267.701,23.9713,,,12.3501,16.7859,,
86,8,0.2,3117975,113830909,,,0.000876,180.24,0.063467,37.9098,,,269.657,23.4763,,,12.9092,18.3562,,
87,8,0.2,3117975,113830909,,,0.001658,430.77,0.335406,212.331,,,303.64,351.865,,,70.7182,344.651,,
88,8,0.2,3117975,113830909,,,0.001163,181.92,0.103967,29.3088,,,262.079,24.2738,,,14.4543,19.2337,,
89,8,0.2,3117975,113830909,,,0.001144,249.706,0.093602,212.594,,,273.805,66.3833,,,19.476,61.6472,,
90,8,0.2,3117975,113830909,,,0.001336,223.528,0.139887,246.01,,,289.454,126.454,,,30.9945,129.125,,
91,8,0.2,3117975,113830909,,,0.001552,269.925,0.077104,220.646,,,271.447,69.7181,,,18.4122,64.5457,,
92,8,0.2,3117975,113830909,,,0.001243,212.541,0.117046,237.209,,,282.656,89.0082,,,22.9626,89.3111,,
93,8,0.2,3117975,113830909,,,0.001346,325.89,0.273312,193.515,,,316.828,138.73,,,40.6514,134.074,,
94,8,0.2,3117975,113830909,,,0.002568,219.355,0.225427,218.373,,,311.274,120.017,,,41.4177,113.254,,
95,8,0.2,3117975,113830909,,,0.001655,357.687,0.187463,225.478,,,308.006,143.672,,,31.0708,128.382,,
96,8,0.2,3117975,113830909,,,0.001258,215.742,0.043039,243.02,,,279.607,85.1034,,,15.2037,74.7504,,
97,8,0.2,3117975,113830909,,,0.00161,189.584,0.13492,36.6524,,,305.413,24.7675,,,31.3279,19.9926,,
98,8,0.2,3117975,113830909,,,0.001129,217.652,0.166306,214.226,,,314.195,77.4143,,,32.0631,72.0269,,
99,8,0.2,4330842,121206579,,,0.001246,247.023,0.024801,48.6494,,,257.71,33.0854,,,8.56985,23.0137,,
100,8,0.2,4330842,121206579,,,0.001778,246.329,0.114711,33.507,,,268.953,32.2687,,,21.2959,24.8269,,
101,8,0.2,4330842,121206579,,,0.001033,247.068,0.099016,65.0803,,,275.04,46.7266,,,17.9118,41.5931,,
102,8,0.2,4330842,121206579,,,0.001107,249.012,0.211057,50.0663,,,280.217,35.6327,,,37.2372,27.814,,
103,8,0.2,4330842,121206579,,,0.000818,248.069,0.018566,48.8342,,,256.536,32.6363,,,8.52805,23.3642,,
104,8,0.2,4330842,121206579,,,0.000774,247.296,0.074656,36.4662,,,266.555,34.9934,,,13.1545,26.3713,,
105,8,0.2,4330842,121206579,,,0.000795,241.029,0.060259,49.871,,,265.45,33.1948,,,13.3506,25.0588,,
106,8,0.2,4330842,121206579,,,0.0008,241.825,0.069103,50.3442,,,265.123,35.0011,,,12.6115,25.9526,,
107,8,0.2,4330842,121206579,,,0.000873,239.875,0.071933,53.3857,,,263.485,32.9536,,,12.9194,25.2986,,
108,8,0.2,4330842,121206579,,,0.00093,239.954,0.084842,38.151,,,257.156,33.6909,,,14.6142,26.5318,,
109,8,0.2,4330842,121206579,,,0.001506,288.1,0.105931,245.819,,,282.908,97.7227,,,25.4825,95.8676,,
110,8,0.2,4330842,121206579,,,0.001553,241.808,0.315537,39.535,,,317.138,36.1659,,,107.806,29.2195,,
111,8,0.2,4330842,121206579,,,0.00147,328.302,0.072351,244.775,,,266.247,96.6394,,,17.0981,91.9876,,
112,8,0.2,4330842,121206579,,,0.001478,278.193,0.060928,244.291,,,266.387,102.069,,,17.337,97.092,,
113,8,0.2,4330842,121206579,,,0.001659,331.032,0.231383,192.616,,,310.884,88.6236,,,30.7031,84.4236,,
114,8,0.2,4330842,121206579,,,0.001259,342.781,0.174335,226.746,,,291.462,107.354,,,24.4875,116.478,,
115,8,0.2,4330842,121206579,,,0.001927,296.068,0.094196,253.001,,,280.734,111.183,,,19.7434,106.191,,
116,8,0.2,4330842,121206579,,,0.0019,323.265,0.454131,140.823,,,354.031,97.1226,,,59.5767,94.9115,,
117,8,0.2,4330842,121206579,,,0.00164,370.58,0.166394,237.096,,,298.735,127.661,,,26.4812,119.798,,
118,8,0.2,4330842,121206579,,,0.001343,338.959,0.117144,244.789,,,296.855,103.965,,,22.3502,110.152,,
39,9,0.001,73492,612310,,,0.004857,2.96301,0.020341,0.643173,,,250.645,0.362324,,,6.62253,0.348298,,
40,9,0.001,73492,612310,,,0.000527,2.82592,0.011282,0.919403,,,250.361,0.365576,,,5.0637,0.346057,,
41,9,0.001,73492,612310,,,0.000818,3.00872,0.070963,0.914169,,,260.803,0.509413,,,13.8143,0.3804,,
42,9,0.001,73492,612310,,,0.000459,2.79929,0.014449,0.743206,,,257.274,0.525214,,,7.0482,0.31001,,
43,9,0.001,73492,612310,,,0.000349,3.03448,0.012619,0.736138,,,258.436,0.536236,,,7.11374,0.358773,,
44,9,0.001,73492,612310,,,0.000459,2.92132,0.060222,0.777082,,,259.654,0.535133,,,11.0006,0.349242,,
45,9,0.001,73492,612310,,,0.000439,2.89001,0.056025,0.829994,,,263.456,0.523701,,,11.5095,0.392023,,
46,9,0.001,73492,612310,,,0.000377,2.88724,0.06141,0.880135,,,258.761,0.57801,,,11.1139,0.413392,,
47,9,0.001,73492,612310,,,0.000374,2.97788,0.054011,0.694162,,,258.276,0.634488,,,11.7958,0.433847,,
48,9,0.001,73492,612310,,,0.000331,2.9029,0.037153,0.543962,,,257.171,0.527923,,,8.84586,0.368303,,
49,9,0.001,73492,612310,,,0.000654,3.65147,0.054075,2.08556,,,273.422,1.44385,,,17.8711,1.34584,,
50,9,0.001,73492,612310,,,0.000635,3.62783,0.11355,1.66559,,,281.685,1.28974,,,20.059,1.26464,,
51,9,0.001,73492,612310,,,0.00051,3.71034,0.025303,2.37704,,,263.617,1.46337,,,12.9538,1.27581,,
52,9,0.001,73492,612310,,,0.00094,3.42316,0.147857,0.826842,,,296.619,0.662026,,,31.4605,0.549191,,
53,9,0.001,73492,612310,,,0.000696,3.79088,0.075,2.26182,,,272.94,1.47796,,,20.733,1.44127,,
54,9,0.001,73492,612310,,,0.000544,3.70801,0.037185,2.38623,,,267.412,1.62772,,,16.1014,1.30595,,
55,9,0.001,73492,612310,,,0.000784,3.0758,0.111658,1.68175,,,285.429,1.33616,,,24.3819,1.0776,,
56,9,0.001,73492,612310,,,0.000571,3.46872,0.096502,2.08088,,,279.465,1.44189,,,22.4972,1.41382,,
57,9,0.001,73492,612310,,,0.000588,4.04288,0.096728,2.05479,,,270.371,2.09541,,,16.5921,1.96075,,
58,9,0.001,73492,612310,,,0.000507,4.26961,0.056461,2.32231,,,264.52,2.19236,,,13.1015,2.06845,,
59,9,0.001,51073,554946,,,0.00078,2.5015,0.006789,0.469384,,,250.154,0.262522,,,4.71218,0.234849,,
60,9,0.001,51073,554946,,,0.000503,2.51593,0.009913,0.759004,,,252.191,0.250731,,,4.51806,0.24119,,
61,9,0.001,51073,554946,,,0.000306,2.45754,0.014097,0.662944,,,252.82,0.453664,,,5.07872,0.424944,,
62,9,0.001,51073,554946,,,0.000253,2.43894,0.012877,0.660202,,,252.037,0.41831,,,4.51611,0.356405,,
63,9,0.001,51073,554946,,,0.000681,2.40332,0.164266,0.577939,,,280.998,0.387306,,,26.68,0.331102,,
64,9,0.001,51073,554946,,,0.000613,2.43752,0.182769,0.533501,,,295.06,0.536228,,,46.5313,0.482741,,
65,9,0.001,51073,554946,,,0.000337,2.45023,0.055223,0.499988,,,262.949,0.367767,,,11.6116,0.248238,,
66,9,0.001,51073,554946,,,0.000298,2.34877,0.047243,0.462274,,,261.053,0.391096,,,11.0496,0.245911,,
67,9,0.001,51073,554946,,,0.0003,2.4531,0.060911,0.475621,,,257.033,0.580204,,,11.3097,0.327517,,
68,9,0.001,51073,554946,,,0.000268,2.22674,0.04872,0.649395,,,258.225,0.488627,,,11.3306,0.368812,,
69,9,0.001,51073,554946,,,0.000529,2.88032,0.178129,0.948889,,,302.778,0.605662,,,24.9385,0.503765,,
70,9,0.001,51073,554946,,,0.000736,2.43361,0.135047,0.943342,,,290.289,0.6132,,,27.9686,0.57911,,
71,9,0.001,51073,554946,,,0.000764,2.93234,0.078797,1.68622,,,289.642,1.05391,,,29.5294,0.890948,,
72,9,0.001,51073,554946,,,0.000653,2.82377,0.083599,1.72198,,,278.831,1.09219,,,20.4607,0.92789,,
73,9,0.001,51073,554946,,,0.000753,3.04656,0.067464,1.85716,,,287.585,1.34318,,,30.1198,1.2003,,
74,9,0.001,51073,554946,,,0.000506,2.55636,0.04973,1.36457,,,267.406,0.966397,,,14.4012,0.859666,,
75,9,0.001,51073,554946,,,0.000624,2.76859,0.07058,1.27385,,,288.248,0.927668,,,23.3184,0.790045,,
76,9,0.001,51073,554946,,,0.00053,2.72075,0.087639,1.44733,,,286.738,1.39837,,,21.0599,1.15225,,
77,9,0.001,51073,554946,,,0.000429,2.59068,0.015263,1.75313,,,267.721,1.0837,,,12.3936,0.913148,,
78,9,0.001,51073,554946,,,0.000445,2.87433,0.047198,1.66107,,,280.717,1.19674,,,15.4811,0.943744,,
79,9,0.001,15633,565229,,,0.000645,0.988903,0.015842,0.178719,,,257.139,0.129312,,,8.56707,0.091167,,
80,9,0.001,15633,565229,,,0.000516,0.963506,0.016942,0.16316,,,253.908,0.10495,,,4.64365,0.092153,,
81,9,0.001,15633,565229,,,0.000326,0.863404,0.020935,0.14531,,,263.259,0.133493,,,9.75706,0.098748,,
82,9,0.001,15633,565229,,,0.000244,0.867943,0.019041,0.159727,,,265.193,0.13341,,,9.86376,0.095554,,
83,9,0.001,15633,565229,,,0.000209,0.94879,0.020859,0.186753,,,263.532,0.133447,,,10.3802,0.098605,,
84,9,0.001,15633,565229,,,0.000268,0.926412,0.05358,0.183427,,,266.289,0.124147,,,13.6206,0.096648,,
85,9,0.001,15633,565229,,,0.000244,0.874935,0.045298,0.178074,,,257.971,0.130634,,,11.5773,0.089612,,
86,9,0.001,15633,565229,,,0.000225,0.875582,0.053485,0.184005,,,261.376,0.133724,,,12.6471,0.094878,,
87,9,0.001,15633,565229,,,0.000553,2.08936,0.352467,0.975938,,,292.984,1.74722,,,71.3018,1.61984,,
88,9,0.001,15633,565229,,,0.000293,0.992607,0.06143,0.157978,,,261.908,0.128715,,,13.5217,0.091878,,
89,9,0.001,15633,565229,,,0.000493,1.27896,0.066606,0.989681,,,274.388,0.390984,,,16.3192,0.296046,,
90,9,0.001,15633,565229,,,0.000583,1.07437,0.123608,1.18961,,,289.954,0.726134,,,28.1869,0.694917,,
91,9,0.001,15633,565229,,,0.000524,1.33311,0.148895,0.938565,,,301.298,0.443452,,,25.9785,0.41126,,
92,9,0.001,15633,565229,,,0.000428,1.18678,0.086128,1.14935,,,287.784,0.555485,,,21.275,0.452628,,
93,9,0.001,15633,565229,,,0.000475,1.71849,0.231539,1.00188,,,320.375,0.7213,,,34.3095,0.614019,,
94,9,0.001,15633,565229,,,0.000768,1.15556,0.215391,1.17612,,,316.364,0.649175,,,40.1869,0.564183,,
95,9,0.001,15633,565229,,,0.000537,1.77633,0.138202,1.10403,,,292.304,0.793037,,,24.9171,0.664389,,
96,9,0.001,15633,565229,,,0.000433,1.14002,0.050999,1.18554,,,285.095,0.383716,,,16.4388,0.358319,,
97,9,0.001,15633,565229,,,0.000477,0.874734,0.149986,0.19774,,,309.761,0.146064,,,33.83,0.096096,,
98,9,0.001,15633,565229,,,0.000525,1.01482,0.186075,1.06401,,,319.747,0.466533,,,32.4681,0.387305,,
99,9,0.001,21794,614916,,,0.000498,1.25147,0.019398,0.195055,,,260.592,0.198202,,,7.28637,0.137409,,
100,9,0.001,21794,614916,,,0.000653,1.27065,0.127884,0.216907,,,270.475,0.177937,,,21.3433,0.148638,,
101,9,0.001,21794,614916,,,0.000362,1.15061,0.071127,0.190712,,,283.073,0.204508,,,23.5833,0.144729,,
102,9,0.001,21794,614916,,,0.000505,1.26038,0.183191,0.290443,,,284.069,0.200096,,,39.0468,0.137576,,
103,9,0.001,21794,614916,,,0.000231,1.16116,0.013425,0.269302,,,259.059,0.195313,,,8.09027,0.115863,,
104,9,0.001,21794,614916,,,0.000257,1.28962,0.052891,0.180925,,,270.899,0.184752,,,12.2121,0.127248,,
105,9,0.001,21794,614916,,,0.000221,1.30323,0.057301,0.206999,,,264.75,0.177659,,,12.2352,0.116406,,
106,9,0.001,21794,614916,,,0.000206,1.2032,0.055169,0.229362,,,263.505,0.209744,,,13.8266,0.156988,,
107,9,0.001,21794,614916,,,0.000188,1.26084,0.056616,0.250154,,,261.068,0.176552,,,13.1623,0.117099,,
108,9,0.001,21794,614916,,,0.000176,1.24031,0.056767,0.255228,,,260.987,0.184444,,,12.8403,0.123028,,
109,9,0.001,21794,614916,,,0.000614,1.43568,0.104881,1.14952,,,286.728,0.543946,,,27.9134,0.444452,,
110,9,0.001,21794,614916,,,0.000605,1.16392,0.28232,0.185866,,,322.728,0.217134,,,108.358,0.143708,,
111,9,0.001,21794,614916,,,0.000496,1.65511,0.052879,1.27483,,,267.799,0.52237,,,15.4408,0.43207,,
112,9,0.001,21794,614916,,,0.000476,1.50462,0.056618,1.30516,,,267.045,0.558233,,,14.6322,0.462327,,
113,9,0.001,21794,614916,,,0.000482,1.7129,0.227445,0.928151,,,312.251,0.543144,,,31.5246,0.439804,,
114,9,0.001,21794,614916,,,0.000442,1.80482,0.061276,1.20073,,,277.005,0.564687,,,16.0872,0.515017,,
115,9,0.001,21794,614916,,,0.00041,1.55105,0.086828,1.39249,,,291.348,0.646128,,,19.9193,0.514217,,
116,9,0.001,21794,614916,,,0.00082,1.65117,0.455641,0.70244,,,364.731,0.542898,,,47.8589,0.508273,,
117,9,0.001,21794,614916,,,0.00049,1.92425,0.138931,1.11288,,,305.074,0.744604,,,26.5492,0.584866,,
118,9,0.001,21794,614916,,,0.000446,1.7604,0.128759,1.26776,,,295.135,0.555226,,,21.456,0.518161,,
39,9,0.005,367628,3069856,,,0.000585,14.9933,0.010126,3.14996,,,252.465,1.73658,,,4.45266,1.54579,,
40,9,0.005,367628,3069856,,,0.000626,14.6384,0.011781,4.42731,,,254.23,1.72785,,,4.35283,1.54082,,
41,9,0.005,367628,3069856,,,0.000669,14.4182,0.05526,4.1608,,,263.81,2.50035,,,12.9927,1.77016,,
42,9,0.005,367628,3069856,,,0.0005,14.2705,0.015698,3.27322,,,258.207,2.56244,,,7.10617,1.64215,,
43,9,0.005,367628,3069856,,,0.000408,14.4819,0.013447,3.50378,,,257.587,2.67405,,,7.29335,1.78277,,
44,9,0.005,367628,3069856,,,0.000403,14.3733,0.058818,3.33639,,,264.553,2.77754,,,11.5159,1.86402,,
45,9,0.005,367628,3069856,,,0.000441,15.0061,0.052888,4.41839,,,262.999,2.61714,,,11.5052,1.96688,,
46,9,0.005,367628,3069856,,,0.000523,14.4194,0.077854,4.78323,,,259.306,2.69937,,,12.2251,2.1497,,
47,9,0.005,367628,3069856,,,0.000355,14.9831,0.050941,4.68935,,,260.263,3.52387,,,12.5542,2.85431,,
48,9,0.005,367628,3069856,,,0.000342,14.3215,0.047727,2.71434,,,254.015,2.61642,,,8.45581,1.69427,,
49,9,0.005,367628,3069856,,,0.000689,18.4839,0.049815,10.463,,,270.806,7.16083,,,15.4782,6.43403,,
50,9,0.005,367628,3069856,,,0.000686,17.3049,0.107146,7.50465,,,283.594,6.30234,,,19.192,5.48941,,
51,9,0.005,367628,3069856,,,0.000612,18.6622,0.02542,10.0088,,,259.77,7.28798,,,13.624,6.23975,,
52,9,0.005,367628,3069856,,,0.000862,17.4374,0.118216,5.78268,,,286.022,5.01181,,,25.8567,4.54845,,
53,9,0.005,367628,3069856,,,0.000693,19.2518,0.058327,9.9056,,,266.681,6.94613,,,17.1392,6.2335,,
54,9,0.005,367628,3069856,,,0.001117,18.7272,0.0337,11.1384,,,268.148,7.94312,,,15.2308,6.88403,,
55,9,0.005,367628,3069856,,,0.000883,15.7379,0.064504,8.04194,,,276.758,6.5392,,,21.5441,6.06878,,
56,9,0.005,367628,3069856,,,0.000698,16.7818,0.108202,8.97027,,,278.104,7.02932,,,23.2054,5.98475,,
57,9,0.005,367628,3069856,,,0.000699,19.732,0.105943,9.97655,,,274.738,9.9844,,,16.5348,8.93954,,
58,9,0.005,367628,3069856,,,0.000561,19.3429,0.070491,11.7819,,,263.813,10.5821,,,13.2151,8.66814,,
59,9,0.005,255453,2803555,,,0.000692,10.9666,0.007407,2.34734,,,252.229,1.18679,,,4.39085,1.05739,,
60,9,0.005,255453,2803555,,,0.000499,11.3917,0.009521,3.57345,,,249.636,1.23619,,,4.20878,1.12113,,
61,9,0.005,255453,2803555,,,0.000391,10.7782,0.016529,3.24217,,,254.716,2.18731,,,4.38598,1.92476,,
62,9,0.005,255453,2803555,,,0.000341,10.898,0.013569,2.49881,,,250.565,2.00705,,,4.67182,1.90254,,
63,9,0.005,255453,2803555,,,0.000796,10.6453,0.16116,2.35406,,,281.995,1.71856,,,30.6972,1.47093,,
64,9,0.005,255453,2803555,,,0.000642,10.9454,0.244903,2.00918,,,304.451,2.3581,,,70.6037,2.26634,,
65,9,0.005,255453,2803555,,,0.000421,11.989,0.049446,2.41455,,,266.292,1.77185,,,11.6659,1.31309,,
66,9,0.005,255453,2803555,,,0.000566,11.5719,0.050614,1.81388,,,267.912,2.14186,,,11.3564,1.21391,,
67,9,0.005,255453,2803555,,,0.000375,11.16,0.047798,2.3078,,,259.378,2.2375,,,11.8743,1.75461,,
68,9,0.005,255453,2803555,,,0.000343,10.8912,0.050706,2.05209,,,258.629,2.2329,,,11.5359,1.5805,,
69,9,0.005,255453,2803555,,,0.000746,12.7715,0.082564,4.38168,,,275.962,3.07702,,,17.5922,2.64877,,
70,9,0.005,255453,2803555,,,0.000872,11.5095,0.131561,4.23876,,,288.149,2.98442,,,27.824,2.76624,,
71,9,0.005,255453,2803555,,,0.001059,12.7816,0.079719,7.93162,,,286.02,5.23177,,,30.2427,4.40341,,
72,9,0.005,255453,2803555,,,0.000798,12.9539,0.074235,7.82149,,,277.873,5.18008,,,20.0374,4.66143,,
73,9,0.005,255453,2803555,,,0.000866,15.047,0.062627,8.37164,,,287.391,6.66793,,,29.7987,6.21565,,
74,9,0.005,255453,2803555,,,0.000922,12.7813,0.06994,6.8751,,,270.061,4.24989,,,15.8654,3.68159,,
75,9,0.005,255453,2803555,,,0.000945,12.9675,0.061129,7.24598,,,273.589,4.51632,,,20.0291,4.0374,,
76,9,0.005,255453,2803555,,,0.000757,13.3591,0.101399,8.07873,,,280.445,6.84831,,,24.3459,5.75314,,
77,9,0.005,255453,2803555,,,0.000647,11.8602,0.017763,9.46036,,,267.227,5.30079,,,12.7547,4.54305,,
78,9,0.005,255453,2803555,,,0.000654,13.309,0.063934,8.63887,,,279.371,5.7275,,,16.5752,4.82103,,
79,9,0.005,78214,2851166,,,0.000706,4.35272,0.022704,0.836478,,,259.018,0.611338,,,8.20712,0.417112,,
80,9,0.005,78214,2851166,,,0.000448,4.3181,0.0188,0.770444,,,275.835,0.643758,,,8.52594,0.431582,,
81,9,0.005,78214,2851166,,,0.000338,4.31496,0.021798,0.741284,,,262.697,0.615572,,,9.3787,0.421672,,
82,9,0.005,78214,2851166,,,0.000342,4.28041,0.016157,0.798215,,,253.623,0.498249,,,4.77076,0.400036,,
83,9,0.005,78214,2851166,,,0.000325,4.27343,0.023206,0.874553,,,263.885,0.611872,,,9.56234,0.416642,,
84,9,0.005,78214,2851166,,,0.000384,4.34725,0.065964,1.0032,,,271.153,0.637466,,,13.1841,0.43491,,
85,9,0.005,78214,2851166,,,0.000408,4.81108,0.058552,0.997761,,,267.65,0.594002,,,12.304,0.387801,,
86,9,0.005,78214,2851166,,,0.000403,4.67887,0.073864,1.02741,,,273.165,0.615359,,,13.0187,0.438284,,
87,9,0.005,78214,2851166,,,0.000847,10.5689,0.361548,5.4909,,,305.07,8.96105,,,73.2943,8.20256,,
88,9,0.005,78214,2851166,,,0.000439,4.32966,0.066419,0.909889,,,273.872,0.634166,,,13.8844,0.445531,,
89,9,0.005,78214,2851166,,,0.000676,6.09063,0.080029,4.97976,,,299.18,1.75852,,,18.2195,1.50967,,
90,9,0.005,78214,2851166,,,0.000899,5.44505,0.145013,5.95427,,,291.792,3.26157,,,30.0268,3.08914,,
91,9,0.005,78214,2851166,,,0.00079,6.44967,0.137592,5.46148,,,290.0,2.31538,,,24.527,1.90297,,
92,9,0.005,78214,2851166,,,0.000597,5.2325,0.132335,5.76144,,,280.207,2.56507,,,22.4498,2.28581,,
93,9,0.005,78214,2851166,,,0.011424,7.68635,0.218224,4.88153,,,308.715,2.91952,,,34.0297,2.44252,,
94,9,0.005,78214,2851166,,,0.000939,5.21607,0.22943,5.30643,,,301.504,2.97972,,,40.7362,2.56152,,
95,9,0.005,78214,2851166,,,0.000717,8.60862,0.125329,5.5745,,,284.387,3.73474,,,26.5005,3.64551,,
96,9,0.005,78214,2851166,,,0.000698,5.01149,0.06781,6.31564,,,272.516,1.9669,,,17.6228,1.75515,,
97,9,0.005,78214,2851166,,,0.000633,4.33162,0.115915,0.971563,,,292.008,0.62685,,,29.6503,0.440086,,
98,9,0.005,78214,2851166,,,0.00084,5.02585,0.188001,5.47516,,,309.074,2.14472,,,32.661,1.96076,,
99,9,0.005,108058,3029696,,,0.000686,6.145,0.017844,1.35039,,,247.813,0.791296,,,7.44192,0.595805,,
100,9,0.005,108058,3029696,,,0.000674,5.72954,0.112353,1.34634,,,257.246,0.821052,,,18.309,0.649168,,
101,9,0.005,108058,3029696,,,0.000553,5.92221,0.081694,1.70759,,,270.255,1.30166,,,17.0067,1.10893,,
102,9,0.005,108058,3029696,,,0.000691,5.9781,0.193975,1.39086,,,280.348,0.91235,,,37.1682,0.679119,,
103,9,0.005,108058,3029696,,,0.000391,6.06255,0.014499,1.29983,,,255.606,0.903803,,,8.84618,0.566196,,
104,9,0.005,108058,3029696,,,0.000461,5.70508,0.057694,0.877173,,,267.598,0.901166,,,13.5185,0.690874,,
105,9,0.005,108058,3029696,,,0.000404,6.03509,0.058014,1.01836,,,268.717,0.83839,,,13.7194,0.587536,,
106,9,0.005,108058,3029696,,,0.000373,6.05271,0.064738,1.15722,,,270.251,0.883797,,,13.3468,0.674366,,
107,9,0.005,108058,3029696,,,0.000334,5.78505,0.063466,1.4146,,,267.415,0.833773,,,12.8415,0.546307,,
108,9,0.005,108058,3029696,,,0.000289,5.70221,0.071234,0.952043,,,271.445,0.874857,,,13.6539,0.61038,,
109,9,0.005,108058,3029696,,,0.000807,7.3847,0.11469,5.9909,,,296.934,2.74674,,,26.7893,2.32896,,
110,9,0.005,108058,3029696,,,0.000926,6.21341,0.330552,1.29459,,,334.267,0.918209,,,125.112,0.757785,,
111,9,0.005,108058,3029696,,,0.001096,7.90361,0.067771,6.35144,,,279.513,2.58087,,,16.3191,2.19816,,
112,9,0.005,108058,3029696,,,0.00063,6.79159,0.056436,6.54922,,,276.646,2.67639,,,16.0159,2.26045,,
113,9,0.005,108058,3029696,,,0.000644,7.6537,0.251273,5.07086,,,305.214,2.74547,,,30.3422,2.61925,,
114,9,0.005,108058,3029696,,,0.000578,7.93842,0.085207,5.71336,,,270.159,2.73639,,,16.5258,2.3966,,
115,9,0.005,108058,3029696,,,0.000593,6.81391,0.107278,6.51471,,,282.341,3.54795,,,24.0071,3.36043,,
116,9,0.005,108058,3029696,,,0.001081,7.41343,0.407731,3.00884,,,361.038,2.36337,,,58.5812,2.28725,,
117,9,0.005,108058,3029696,,,0.000723,9.38737,0.164454,5.46141,,,296.842,3.05365,,,28.1828,2.7475,,
118,9,0.005,108058,3029696,,,0.000623,8.04931,0.093657,5.95287,,,282.054,2.71558,,,20.5779,2.79557,,
39,9,0.01,735248,6173754,,,0.000641,28.3131,0.010663,6.14818,,,244.641,3.26471,,,4.98863,3.25224,,
40,9,0.01,735248,6173754,,,0.000517,28.0166,0.010644,8.14898,,,244.891,3.40494,,,4.90013,3.43293,,
41,9,0.01,735248,6173754,,,0.000626,27.9637,0.046729,8.17258,,,256.043,4.94134,,,12.6396,3.51584,,
42,9,0.01,735248,6173754,,,0.000547,29.2913,0.015754,6.471,,,247.182,5.03434,,,7.39731,3.40889,,
43,9,0.01,735248,6173754,,,0.000453,27.6902,0.013872,7.03345,,,246.812,5.17144,,,7.38795,3.83018,,
44,9,0.01,735248,6173754,,,0.000449,28.2977,0.058878,6.6684,,,262.683,5.35123,,,10.3813,3.91204,,
45,9,0.01,735248,6173754,,,0.000429,29.0496,0.061135,7.63645,,,263.499,5.09795,,,11.3865,3.717,,
46,9,0.01,735248,6173754,,,0.000677,29.1542,0.059275,6.96195,,,261.671,5.15533,,,10.6694,3.69878,,
47,9,0.01,735248,6173754,,,0.000481,28.9309,0.053195,9.30278,,,267.26,7.21473,,,10.9766,6.23,,
48,9,0.01,735248,6173754,,,0.000395,27.6291,0.041896,5.314,,,259.552,5.22043,,,8.84241,3.58385,,
49,9,0.01,735248,6173754,,,0.001373,38.4334,0.057837,20.8187,,,275.258,15.2692,,,16.7693,13.3076,,
50,9,0.01,735248,6173754,,,0.001059,34.3651,0.091634,15.1314,,,287.507,12.7516,,,20.8717,11.7074,,
51,9,0.01,735248,6173754,,,0.00113,36.7224,0.047327,22.3076,,,275.412,14.9852,,,16.03,13.8259,,
52,9,0.01,735248,6173754,,,0.001321,33.895,0.161491,9.64872,,,301.675,7.6696,,,31.1651,7.58218,,
53,9,0.01,735248,6173754,,,0.001088,36.9372,0.079298,21.7809,,,280.028,14.8929,,,20.5949,13.7633,,
54,9,0.01,735248,6173754,,,0.001065,38.0566,0.042797,23.1704,,,275.474,15.6404,,,15.6482,13.5637,,
55,9,0.01,735248,6173754,,,0.001567,30.8301,0.085914,16.5939,,,289.191,13.594,,,25.1571,11.8158,,
56,9,0.01,735248,6173754,,,0.001148,33.6102,0.123795,15.4955,,,280.63,15.1017,,,24.6659,11.6037,,
57,9,0.01,735248,6173754,,,0.000945,38.9143,0.116137,20.0999,,,263.385,18.3828,,,16.5251,17.2625,,
58,9,0.01,735248,6173754,,,0.000869,39.0832,0.062965,23.1406,,,252.528,20.3835,,,12.6571,19.8141,,
59,9,0.01,511014,5612800,,,0.001066,22.0213,0.009079,4.87557,,,242.527,2.27112,,,4.79629,2.31032,,
60,9,0.01,511014,5612800,,,0.000713,22.3261,0.009822,7.19965,,,241.151,2.41834,,,4.60149,2.35038,,
61,9,0.01,511014,5612800,,,0.000595,23.0593,0.025172,6.80635,,,249.66,4.57893,,,8.69144,3.97006,,
62,9,0.01,511014,5612800,,,0.000472,21.3016,0.012501,5.95035,,,245.154,3.579,,,4.83913,3.54421,,
63,9,0.01,511014,5612800,,,0.001058,21.018,0.179863,5.48065,,,271.491,3.32079,,,29.4281,3.12038,,
64,9,0.01,511014,5612800,,,0.000968,21.2833,0.223304,5.33059,,,290.294,4.72379,,,57.4726,4.6325,,
65,9,0.01,511014,5612800,,,0.00047,22.1369,0.051586,4.85419,,,256.48,3.85855,,,11.9276,2.57654,,
66,9,0.01,511014,5612800,,,0.000411,22.1819,0.051408,3.92499,,,253.881,3.72436,,,11.8413,2.49298,,
67,9,0.01,511014,5612800,,,0.00044,21.2997,0.049925,4.97379,,,258.618,4.28635,,,12.3168,3.44593,,
68,9,0.01,511014,5612800,,,0.000418,21.521,0.072557,4.35089,,,260.534,4.09586,,,12.2151,3.31331,,
69,9,0.01,511014,5612800,,,0.001111,24.8667,0.156051,9.17847,,,310.445,6.14077,,,26.6741,6.55078,,
70,9,0.01,511014,5612800,,,0.001206,24.3007,0.129317,9.43376,,,296.352,6.49617,,,28.4359,6.01955,,
71,9,0.01,511014,5612800,,,0.001389,26.1449,0.10023,15.7398,,,294.812,10.0988,,,32.8628,9.07167,,
72,9,0.01,511014,5612800,,,0.001075,26.3938,0.074935,16.5831,,,280.632,10.2988,,,20.8247,9.19221,,
73,9,0.01,511014,5612800,,,0.001361,28.921,0.075868,17.033,,,294.941,13.4055,,,31.876,12.0459,,
74,9,0.01,511014,5612800,,,0.001199,25.7026,0.049679,12.8219,,,286.243,9.18564,,,15.4578,7.88282,,
75,9,0.01,511014,5612800,,,0.001015,24.7577,0.056746,12.7608,,,279.745,8.7509,,,21.8433,8.5598,,
76,9,0.01,511014,5612800,,,0.000913,26.0838,0.086627,14.3409,,,284.422,12.8706,,,22.8243,11.8956,,
77,9,0.01,511014,5612800,,,0.00062,23.7799,0.015694,17.8974,,,268.148,10.4852,,,12.9069,9.40853,,
78,9,0.01,511014,5612800,,,0.00095,27.8671,0.056746,16.4112,,,282.293,11.2209,,,15.998,10.0776,,
79,9,0.01,155511,5592108,,,0.000881,8.98847,0.018127,1.78487,,,248.091,1.2049,,,8.8794,0.939916,,
80,9,0.01,155511,5592108,,,0.000483,8.56356,0.02123,1.71168,,,250.369,1.18643,,,9.07655,0.931672,,
81,9,0.01,155511,5592108,,,0.000321,8.77975,0.020381,1.37381,,,265.96,1.48773,,,9.33123,0.848618,,
82,9,0.01,155511,5592108,,,0.000321,8.87075,0.017444,1.78027,,,246.232,0.956353,,,4.98139,0.925195,,
83,9,0.01,155511,5592108,,,0.000466,8.54986,0.024538,1.6544,,,255.199,1.23584,,,10.0447,0.882612,,
84,9,0.01,155511,5592108,,,0.00044,8.58188,0.065293,2.08489,,,262.299,1.23037,,,13.5391,0.835078,,
85,9,0.01,155511,5592108,,,0.000409,8.99499,0.057164,2.02172,,,265.136,1.26321,,,13.0967,0.797217,,
86,9,0.01,155511,5592108,,,0.000378,9.68384,0.079699,1.93944,,,261.098,1.22464,,,13.5447,0.838646,,
87,9,0.01,155511,5592108,,,0.001345,21.8151,0.401518,10.0306,,,292.749,18.1567,,,94.8693,17.6709,,
88,9,0.01,155511,5592108,,,0.000395,8.74281,0.065148,1.55144,,,263.353,1.21772,,,14.116,0.857022,,
89,9,0.01,155511,5592108,,,0.000889,12.0869,0.076367,9.74247,,,272.305,3.55722,,,17.6483,3.08398,,
90,9,0.01,155511,5592108,,,0.001261,10.7481,0.10432,11.1491,,,291.741,6.48933,,,26.9557,6.3381,,
91,9,0.01,155511,5592108,,,0.001012,12.928,0.139036,10.2388,,,303.68,3.96294,,,23.0172,3.71305,,
92,9,0.01,155511,5592108,,,0.000731,10.082,0.111925,11.5912,,,293.817,5.38289,,,24.0487,4.5181,,
93,9,0.01,155511,5592108,,,0.000649,15.0077,0.261095,9.26711,,,320.094,5.59892,,,32.9085,4.9222,,
94,9,0.01,155511,5592108,,,0.000956,10.6803,0.231398,10.6924,,,314.989,5.77627,,,41.7406,5.55388,,
95,9,0.01,155511,5592108,,,0.000999,17.5311,0.141604,11.2234,,,300.774,6.58527,,,25.991,5.93493,,
96,9,0.01,155511,5592108,,,0.000707,10.2811,0.060368,12.9932,,,281.21,3.90064,,,17.2889,3.18125,,
97,9,0.01,155511,5592108,,,0.000709,8.95084,0.130565,1.81339,,,303.689,1.33399,,,31.32,0.954069,,
98,9,0.01,155511,5592108,,,0.000784,10.1424,0.184676,10.0599,,,318.614,4.10189,,,32.0735,3.61896,,
99,9,0.01,216185,6059208,,,0.000823,11.7189,0.018045,1.79054,,,257.132,1.59437,,,7.821,1.24628,,
100,9,0.01,216185,6059208,,,0.000844,11.4829,0.104313,2.29138,,,262.898,1.56983,,,18.0573,1.33423,,
101,9,0.01,216185,6059208,,,0.000635,11.5453,0.082981,3.08971,,,267.466,2.62216,,,16.5168,2.229,,
102,9,0.01,216185,6059208,,,0.000783,11.5162,0.189593,2.49873,,,276.725,1.78011,,,41.6739,1.30293,,
103,9,0.01,216185,6059208,,,0.000433,12.4865,0.014916,2.66431,,,252.741,1.67453,,,8.58793,1.22158,,
104,9,0.01,216185,6059208,,,0.000803,12.3605,0.053764,1.60934,,,264.857,1.78181,,,13.7212,1.27697,,
105,9,0.01,216185,6059208,,,0.00049,11.7594,0.055705,1.79491,,,259.591,1.59269,,,12.9836,1.2277,,
106,9,0.01,216185,6059208,,,0.00041,12.2002,0.067593,2.26731,,,265.123,1.75497,,,13.1321,1.32876,,
107,9,0.01,216185,6059208,,,0.000396,12.5411,0.064045,2.71665,,,259.61,1.6716,,,12.5401,1.13082,,
108,9,0.01,216185,6059208,,,0.000679,12.4303,0.069514,1.99009,,,267.59,1.75915,,,14.6252,1.37396,,
109,9,0.01,216185,6059208,,,0.001406,13.7346,0.116934,11.1496,,,293.589,5.12758,,,27.6408,4.56575,,
110,9,0.01,216185,6059208,,,0.001155,11.4195,0.220717,1.80835,,,310.086,1.74855,,,84.9882,1.47399,,
111,9,0.01,216185,6059208,,,0.001058,16.6954,0.060999,11.819,,,278.633,5.14999,,,16.6429,4.81775,,
112,9,0.01,216185,6059208,,,0.001039,13.7445,0.051702,12.189,,,278.747,5.24209,,,15.8994,4.56898,,
113,9,0.01,216185,6059208,,,0.000834,15.9351,0.260896,9.86807,,,315.581,5.18752,,,28.5677,4.80542,,
114,9,0.01,216185,6059208,,,0.000823,15.9355,0.119759,12.5966,,,296.885,5.55902,,,22.5589,4.94703,,
115,9,0.01,216185,6059208,,,0.000756,13.641,0.093303,13.0271,,,293.433,6.7056,,,21.1426,5.96977,,
116,9,0.01,216185,6059208,,,0.001178,14.8209,0.510465,6.97348,,,372.998,5.33164,,,54.6808,4.69329,,
117,9,0.01,216185,6059208,,,0.000748,17.0754,0.153418,10.853,,,306.423,6.76286,,,27.6971,5.8378,,
118,9,0.01,216185,6059208,,,0.000704,16.7393,0.097894,11.9254,,,293.631,5.40948,,,20.4523,5.40328,,
39,9,0.05,3679419,30601953,,,0.001457,142.226,0.011088,30.3845,,,248.952,16.911,,,4.8084,15.9229,,
40,9,0.05,3679419,30601953,,,0.000649,146.09,0.0125,44.3585,,,243.423,17.2615,,,4.93052,17.156,,
41,9,0.05,3679419,30601953,,,0.000832,149.358,0.061603,39.1117,,,254.022,24.592,,,13.6208,18.1566,,
42,9,0.05,3679419,30601953,,,0.00054,146.847,0.020955,37.5648,,,249.562,25.0434,,,7.31207,17.1728,,
43,9,0.05,3679419,30601953,,,0.000646,148.231,0.016304,37.5163,,,252.279,25.427,,,7.26072,18.5147,,
44,9,0.05,3679419,30601953,,,0.000685,149.611,0.052412,31.8506,,,254.411,26.0287,,,11.7883,18.7398,,
45,9,0.05,3679419,30601953,,,0.000897,149.937,0.050937,42.2011,,,258.264,25.0044,,,11.8566,19.437,,
46,9,0.05,3679419,30601953,,,0.000663,147.379,0.070157,30.1848,,,255.845,34.0375,,,10.2409,23.4877,,
47,9,0.05,3679419,30601953,,,0.000723,154.155,0.049336,35.8489,,,256.928,30.3292,,,12.1888,24.1173,,
48,9,0.05,3679419,30601953,,,0.000681,147.609,0.043632,26.1587,,,258.373,26.0835,,,9.1369,17.6157,,
49,9,0.05,3679419,30601953,,,0.001378,190.721,0.058406,104.356,,,278.356,73.6839,,,17.5065,64.9844,,
50,9,0.05,3679419,30601953,,,0.00107,184.468,0.091251,78.1845,,,288.788,62.9092,,,19.9571,56.906,,
51,9,0.05,3679419,30601953,,,0.00132,193.457,0.029759,107.293,,,269.901,73.0778,,,14.8812,65.4667,,
52,9,0.05,3679419,30601953,,,0.001361,172.595,0.153203,40.7271,,,300.986,28.6419,,,28.7012,27.1591,,
53,9,0.05,3679419,30601953,,,0.001231,192.136,0.066821,107.038,,,275.832,69.8451,,,18.1271,65.1586,,
54,9,0.05,3679419,30601953,,,0.001123,193.862,0.04605,113.474,,,279.572,79.5175,,,15.6358,69.1818,,
55,9,0.05,3679419,30601953,,,0.001126,159.243,0.085174,79.6396,,,285.21,62.5007,,,22.7241,54.8582,,
56,9,0.05,3679419,30601953,,,0.001068,182.634,0.108721,93.9584,,,289.387,67.4875,,,21.9311,59.0798,,
57,9,0.05,3679419,30601953,,,0.001539,202.259,0.093889,103.648,,,260.282,101.897,,,15.4803,92.1033,,
58,9,0.05,3679419,30601953,,,0.00088,205.029,0.064907,111.326,,,256.981,97.0693,,,12.3111,90.6584,,
59,9,0.05,2555953,28112945,,,0.001667,113.653,0.008882,21.8409,,,242.205,11.6986,,,4.41734,11.1407,,
60,9,0.05,2555953,28112945,,,0.000718,113.588,0.009249,31.3491,,,243.309,12.4444,,,4.65804,11.4723,,
61,9,0.05,2555953,28112945,,,0.000631,108.157,0.014929,30.7162,,,246.672,19.1507,,,4.78803,18.7088,,
62,9,0.05,2555953,28112945,,,0.000665,108.618,0.024568,26.7889,,,245.019,18.1695,,,5.13195,17.8272,,
63,9,0.05,2555953,28112945,,,0.001416,108.494,0.185807,25.6088,,,272.116,17.1425,,,30.1275,16.4948,,
64,9,0.05,2555953,28112945,,,0.001068,110.521,0.250491,25.6887,,,299.054,22.4682,,,72.2003,20.8242,,
65,9,0.05,2555953,28112945,,,0.00064,109.551,0.059793,23.576,,,257.218,17.539,,,11.6202,12.1288,,
66,9,0.05,2555953,28112945,,,0.000709,109.768,0.052664,23.5613,,,256.92,17.5878,,,10.5174,12.3078,,
67,9,0.05,2555953,28112945,,,0.000742,109.811,0.061523,21.7664,,,267.129,21.3514,,,11.6849,16.4404,,
68,9,0.05,2555953,28112945,,,0.000834,110.469,0.064838,20.6305,,,267.068,20.7379,,,11.7752,15.4811,,
69,9,0.05,2555953,28112945,,,0.001631,127.38,0.180613,47.9671,,,310.282,30.22,,,25.8569,28.2819,,
70,9,0.05,2555953,28112945,,,0.00121,114.838,0.1445,44.3803,,,296.116,29.1349,,,27.2721,26.623,,
71,9,0.05,2555953,28112945,,,0.001196,130.299,0.097418,78.8219,,,294.887,50.0886,,,31.6958,44.169,,
72,9,0.05,2555953,28112945,,,0.001071,133.503,0.071593,79.4001,,,278.067,51.0702,,,19.6845,46.2879,,
73,9,0.05,2555953,28112945,,,0.001315,147.632,0.076525,85.5215,,,293.577,62.8522,,,30.226,57.9796,,
74,9,0.05,2555953,28112945,,,0.000907,127.638,0.059732,61.1197,,,280.133,41.1343,,,15.2448,36.1133,,
75,9,0.05,2555953,28112945,,,0.000987,126.127,0.082001,66.3278,,,290.07,43.0526,,,23.6419,38.2214,,
76,9,0.05,2555953,28112945,,,0.000965,131.349,0.105616,75.1308,,,280.338,63.9152,,,21.6353,55.3161,,
77,9,0.05,2555953,28112945,,,0.000717,119.308,0.021995,89.2996,,,258.131,51.1103,,,12.3999,44.5516,,
78,9,0.05,2555953,28112945,,,0.001642,133.289,0.059093,78.218,,,270.301,52.6462,,,15.9706,47.2538,,
79,9,0.05,779692,28472448,,,0.000956,44.3649,0.021355,8.39394,,,251.935,6.08078,,,8.3879,4.14387,,
80,9,0.05,779692,28472448,,,0.000645,45.5875,0.029583,7.64276,,,254.959,6.18389,,,8.93149,4.38498,,
81,9,0.05,779692,28472448,,,0.000553,44.9677,0.025016,6.9893,,,268.317,6.06759,,,9.60637,4.586,,
82,9,0.05,779692,28472448,,,0.00046,44.3289,0.022962,7.83219,,,253.041,6.11076,,,8.85872,4.67826,,
83,9,0.05,779692,28472448,,,0.000529,43.8091,0.022602,8.19197,,,254.828,6.04698,,,9.67694,4.54008,,
84,9,0.05,779692,28472448,,,0.000485,43.9584,0.068974,7.61113,,,263.281,6.11504,,,12.6849,4.4584,,
85,9,0.05,779692,28472448,,,0.000521,45.7542,0.066072,5.99425,,,263.829,6.05645,,,13.083,4.26983,,
86,9,0.05,779692,28472448,,,0.000497,43.9161,0.084691,10.2283,,,276.094,6.1349,,,13.3157,4.49929,,
87,9,0.05,779692,28472448,,,0.001104,106.341,0.374183,49.4105,,,311.814,88.2822,,,89.5215,79.8857,,
88,9,0.05,779692,28472448,,,0.000566,45.3737,0.084621,8.17721,,,269.875,6.06633,,,14.0968,4.27111,,
89,9,0.05,779692,28472448,,,0.000871,61.6806,0.0867,50.73,,,284.207,17.5893,,,17.4165,14.2902,,
90,9,0.05,779692,28472448,,,0.001182,55.2537,0.131159,58.5926,,,304.002,32.8777,,,32.11,30.0776,,
91,9,0.05,779692,28472448,,,0.001213,66.5033,0.187517,51.0749,,,307.751,21.162,,,24.3448,20.3084,,
92,9,0.05,779692,28472448,,,0.000981,52.2166,0.119608,59.9624,,,293.73,22.9999,,,23.223,20.6489,,
93,9,0.05,779692,28472448,,,0.000822,78.3664,0.21894,48.4976,,,319.32,27.7931,,,32.4695,23.9134,,
94,9,0.05,779692,28472448,,,0.001123,53.1103,0.267759,53.2681,,,319.688,31.3898,,,45.2056,27.4763,,
95,9,0.05,779692,28472448,,,0.000943,85.525,0.161025,56.1245,,,300.754,33.8527,,,26.3964,29.7794,,
96,9,0.05,779692,28472448,,,0.001191,52.4346,0.072699,62.1182,,,275.549,18.6162,,,16.8193,15.9425,,
97,9,0.05,779692,28472448,,,0.000855,44.3871,0.133876,9.59562,,,296.485,6.26544,,,29.3791,4.45252,,
98,9,0.05,779692,28472448,,,0.001037,54.3557,0.154674,50.6489,,,302.478,22.0547,,,31.5483,19.1057,,
99,9,0.05,1081746,30527720,,,0.001081,60.8578,0.02192,12.0739,,,249.022,8.19086,,,7.57422,5.65165,,
100,9,0.05,1081746,30527720,,,0.001038,62.056,0.100493,10.7573,,,259.067,8.02258,,,17.2532,6.13825,,
101,9,0.05,1081746,30527720,,,0.00065,61.5589,0.092806,15.621,,,274.584,12.5623,,,21.2416,10.7672,,
102,9,0.05,1081746,30527720,,,0.000851,61.1203,0.20696,12.8702,,,275.082,8.84071,,,40.9596,6.28327,,
103,9,0.05,1081746,30527720,,,0.00052,62.0015,0.017457,12.4665,,,252.823,8.24399,,,8.33518,5.68712,,
104,9,0.05,1081746,30527720,,,0.000518,61.6198,0.060198,8.83315,,,262.5,8.62618,,,12.7635,6.32528,,
105,9,0.05,1081746,30527720,,,0.000467,62.774,0.058878,9.49326,,,269.428,8.28319,,,12.6142,6.15289,,
106,9,0.05,1081746,30527720,,,0.000498,63.4051,0.060818,11.1645,,,270.414,8.71984,,,14.119,6.88725,,
107,9,0.05,1081746,30527720,,,0.000441,61.5937,0.074781,13.729,,,269.413,8.20784,,,12.8634,5.52539,,
108,9,0.05,1081746,30527720,,,0.000568,61.9783,0.06674,9.22935,,,270.585,8.68441,,,13.119,6.65904,,
109,9,0.05,1081746,30527720,,,0.001217,75.524,0.131423,58.6173,,,297.904,25.7542,,,27.3555,23.1613,,
110,9,0.05,1081746,30527720,,,0.001357,61.1511,0.287514,10.3174,,,326.733,9.1329,,,104.092,6.92998,,
111,9,0.05,1081746,30527720,,,0.000971,84.8667,0.070796,57.2885,,,277.606,26.1613,,,16.1718,20.874,,
112,9,0.05,1081746,30527720,,,0.000964,72.0068,0.055298,61.2994,,,279.062,26.877,,,15.4756,22.5666,,
113,9,0.05,1081746,30527720,,,0.000951,84.7976,0.210698,45.8754,,,319.117,26.7209,,,32.2255,22.5358,,
114,9,0.05,1081746,30527720,,,0.001449,84.9719,0.070335,57.3555,,,279.041,27.0152,,,15.7935,23.2959,,
115,9,0.05,1081746,30527720,,,0.000982,73.2344,0.101117,65.8106,,,303.74,33.9841,,,20.9155,28.7837,,
116,9,0.05,1081746,30527720,,,0.001443,80.3842,0.429771,34.6798,,,349.728,26.5781,,,49.187,23.7709,,
117,9,0.05,1081746,30527720,,,0.001271,91.4938,0.188081,54.4452,,,293.392,33.3578,,,27.4156,28.7858,,
118,9,0.05,1081746,30527720,,,0.000972,83.7974,0.100985,62.4722,,,285.948,26.2725,,,19.9723,27.0858,,
39,9,0.1,7357847,61213573,,,0.00087,297.419,0.010746,63.6169,,,246.451,34.5115,,,4.89869,30.9686,,
40,9,0.1,7357847,61213573,,,0.00091,295.874,0.015717,83.9632,,,248.02,33.8365,,,6.4705,34.4051,,
41,9,0.1,7357847,61213573,,,0.001168,295.382,0.052337,89.152,,,256.44,47.1852,,,13.0576,34.3652,,
42,9,0.1,7357847,61213573,,,0.000719,299.236,0.020661,65.7066,,,249.024,48.3112,,,6.91391,32.6822,,
43,9,0.1,7357847,61213573,,,0.000857,296.455,0.01657,82.3118,,,251.984,52.3579,,,7.75877,38.7889,,
44,9,0.1,7357847,61213573,,,0.000715,300.4,0.062432,72.8391,,,256.82,50.4641,,,11.424,37.342,,
45,9,0.1,7357847,61213573,,,0.001028,293.961,0.061135,82.0419,,,257.893,49.0395,,,11.619,37.1003,,
46,9,0.1,7357847,61213573,,,0.001055,285.948,0.05478,88.0263,,,256.073,47.4023,,,11.3985,35.3327,,
47,9,0.1,7357847,61213573,,,0.000672,294.67,0.059006,74.0368,,,256.883,70.9866,,,12.3253,61.7051,,
48,9,0.1,7357847,61213573,,,0.000604,284.699,0.041593,51.3832,,,263.944,51.3164,,,9.10815,36.1942,,
49,9,0.1,7357847,61213573,,,0.001419,370.206,0.059207,200.599,,,276.788,139.272,,,17.7866,134.72,,
50,9,0.1,7357847,61213573,,,0.001206,350.74,0.117696,159.02,,,288.973,124.271,,,20.1697,118.122,,
51,9,0.1,7357847,61213573,,,0.001313,371.689,0.034576,213.44,,,267.259,141.527,,,15.186,134.202,,
52,9,0.1,7357847,61213573,,,0.001727,331.624,0.15029,98.0272,,,303.738,74.0054,,,30.7112,75.5142,,
53,9,0.1,7357847,61213573,,,0.00122,365.682,0.100841,200.992,,,285.112,140.011,,,22.0945,139.179,,
54,9,0.1,7357847,61213573,,,0.000985,374.581,0.062327,227.436,,,273.508,152.927,,,15.4263,145.145,,
55,9,0.1,7357847,61213573,,,0.001575,316.497,0.085498,172.291,,,292.53,129.397,,,24.7507,121.833,,
56,9,0.1,7357847,61213573,,,0.001305,359.907,0.100328,215.49,,,277.739,130.619,,,22.4502,157.617,,
57,9,0.1,7357847,61213573,,,0.001354,405.594,0.090718,214.325,,,258.779,213.575,,,14.6396,195.629,,
58,9,0.1,7357847,61213573,,,0.001604,412.795,0.076971,228.806,,,255.564,202.37,,,13.2477,193.942,,
59,9,0.1,5113065,55849231,,,0.001231,229.273,0.009139,45.9397,,,242.574,23.0417,,,4.87084,23.1199,,
60,9,0.1,5113065,55849231,,,0.000749,229.724,0.009784,62.985,,,243.755,24.9613,,,4.40016,22.4691,,
61,9,0.1,5113065,55849231,,,0.000759,224.132,0.014955,61.2862,,,244.589,37.0891,,,4.97952,35.5653,,
62,9,0.1,5113065,55849231,,,0.000815,223.342,0.011794,50.5995,,,246.701,35.2738,,,4.7325,34.432,,
63,9,0.1,5113065,55849231,,,0.00145,224.62,0.173202,57.8924,,,271.175,36.8417,,,26.1556,33.6973,,
64,9,0.1,5113065,55849231,,,0.001506,228.247,0.205105,45.897,,,286.389,45.5202,,,45.695,40.5227,,
65,9,0.1,5113065,55849231,,,0.001216,224.419,0.057887,43.6879,,,258.164,35.1631,,,11.4728,25.0693,,
66,9,0.1,5113065,55849231,,,0.001224,223.005,0.050983,46.7918,,,264.651,35.0789,,,11.4539,24.7134,,
67,9,0.1,5113065,55849231,,,0.000879,225.756,0.0638,52.6848,,,267.161,41.2265,,,11.7581,31.3967,,
68,9,0.1,5113065,55849231,,,0.000925,224.33,0.054463,41.0305,,,269.197,41.3566,,,11.9353,32.7148,,
69,9,0.1,5113065,55849231,,,0.001311,254.988,0.184927,91.9282,,,311.209,60.334,,,26.4185,55.3774,,
70,9,0.1,5113065,55849231,,,0.001463,229.892,0.134012,105.472,,,304.06,68.4063,,,27.9046,64.8862,,
71,9,0.1,5113065,55849231,,,0.0016,256.934,0.106613,149.798,,,296.236,92.5009,,,33.0589,87.7076,,
72,9,0.1,5113065,55849231,,,0.001671,260.425,0.066271,174.679,,,282.2,102.269,,,23.7255,99.1058,,
73,9,0.1,5113065,55849231,,,0.001733,288.528,0.077204,168.615,,,295.011,124.651,,,30.6767,117.047,,
74,9,0.1,5113065,55849231,,,0.001438,250.341,0.067323,123.328,,,278.403,81.0291,,,16.1168,74.7181,,
75,9,0.1,5113065,55849231,,,0.001094,252.966,0.101543,130.505,,,281.554,79.4948,,,24.3848,79.9698,,
76,9,0.1,5113065,55849231,,,0.001697,262.88,0.089577,149.661,,,280.081,120.181,,,26.6758,118.298,,
77,9,0.1,5113065,55849231,,,0.001017,245.48,0.027541,187.499,,,262.063,100.039,,,14.1382,92.3236,,
78,9,0.1,5113065,55849231,,,0.00155,265.802,0.063439,155.504,,,271.533,101.554,,,16.5983,94.0333,,
79,9,0.1,1559390,56828994,,,0.00132,91.1851,0.022685,13.8345,,,265.584,12.0456,,,8.46146,8.63744,,
80,9,0.1,1559390,56828994,,,0.000625,91.6171,0.024743,16.2585,,,251.045,11.9511,,,8.41103,8.96347,,
81,9,0.1,1559390,56828994,,,0.000604,91.2718,0.024449,14.3977,,,256.3,12.0143,,,9.23528,8.80534,,
82,9,0.1,1559390,56828994,,,0.000564,89.3575,0.025885,13.6613,,,253.43,12.0317,,,9.71055,9.07838,,
83,9,0.1,1559390,56828994,,,0.000558,92.388,0.026335,17.5408,,,257.427,12.2268,,,9.79929,8.9191,,
84,9,0.1,1559390,56828994,,,0.000586,90.0997,0.071734,19.6904,,,257.968,11.5977,,,12.6926,8.99627,,
85,9,0.1,1559390,56828994,,,0.000655,91.5822,0.063476,19.4367,,,259.594,11.855,,,12.2422,8.54543,,
86,9,0.1,1559390,56828994,,,0.000824,91.0174,0.074943,19.2325,,,269.87,12.2161,,,13.3353,8.68243,,
87,9,0.1,1559390,56828994,,,0.001316,222.548,0.340711,101.324,,,300.411,174.0,,,71.1257,169.426,,
88,9,0.1,1559390,56828994,,,0.000658,93.4625,0.07147,13.5856,,,272.832,12.4409,,,14.062,9.14775,,
89,9,0.1,1559390,56828994,,,0.001722,129.982,0.084255,100.682,,,280.119,34.8091,,,16.7783,30.0246,,
90,9,0.1,1559390,56828994,,,0.001163,116.028,0.118039,119.196,,,296.358,64.9927,,,27.9879,56.224,,
91,9,0.1,1559390,56828994,,,0.001164,140.631,0.090782,100.39,,,285.175,41.5784,,,17.9043,36.2403,,
92,9,0.1,1559390,56828994,,,0.001011,110.615,0.095834,116.556,,,288.755,48.9171,,,20.2729,43.8552,,
93,9,0.1,1559390,56828994,,,0.00102,168.932,0.254923,89.1463,,,326.197,64.5763,,,39.292,57.687,,
94,9,0.1,1559390,56828994,,,0.001296,113.392,0.256296,110.363,,,312.916,61.1683,,,41.8496,57.2937,,
95,9,0.1,1559390,56828994,,,0.00113,180.606,0.160343,111.791,,,304.126,63.3801,,,26.347,62.3333,,
96,9,0.1,1559390,56828994,,,0.000854,109.438,0.04113,120.881,,,263.711,44.9377,,,15.0286,36.416,,
97,9,0.1,1559390,56828994,,,0.00101,95.6391,0.147701,18.8872,,,293.615,12.3576,,,30.2747,9.04796,,
98,9,0.1,1559390,56828994,,,0.001051,109.207,0.126213,101.375,,,295.876,43.2766,,,28.1619,39.903,,
99,9,0.1,2163974,60632560,,,0.000953,123.816,0.020451,17.0173,,,247.043,15.9267,,,8.05293,11.6253,,
100,9,0.1,2163974,60632560,,,0.000914,123.609,0.128545,21.9833,,,262.232,16.1807,,,20.1029,12.7176,,
101,9,0.1,2163974,60632560,,,0.000761,123.761,0.108801,27.391,,,264.031,28.1898,,,15.9539,21.7977,,
102,9,0.1,2163974,60632560,,,0.001042,122.068,0.176943,24.661,,,275.363,17.6266,,,42.8286,13.5886,,
103,9,0.1,2163974,60632560,,,0.000613,123.023,0.017639,23.8402,,,254.797,16.5043,,,8.7575,11.4837,,
104,9,0.1,2163974,60632560,,,0.000589,123.894,0.059802,18.0149,,,267.719,17.6639,,,12.9853,13.4077,,
105,9,0.1,2163974,60632560,,,0.000651,125.212,0.059426,21.3793,,,268.085,16.5144,,,11.8577,12.9814,,
106,9,0.1,2163974,60632560,,,0.000749,120.437,0.06495,22.8753,,,270.626,17.6146,,,13.5958,12.5623,,
107,9,0.1,2163974,60632560,,,0.000637,119.491,0.064871,24.8923,,,269.523,16.6539,,,12.704,12.4194,,
108,9,0.1,2163974,60632560,,,0.000642,120.251,0.065673,19.335,,,269.635,17.5372,,,14.2421,13.6758,,
109,9,0.1,2163974,60632560,,,0.001569,145.673,0.115839,116.462,,,293.298,52.4941,,,25.6394,46.6244,,
110,9,0.1,2163974,60632560,,,0.001443,118.553,0.233305,21.8738,,,309.865,17.171,,,62.2646,12.9169,,
111,9,0.1,2163974,60632560,,,0.001517,161.487,0.071019,114.624,,,281.56,50.9936,,,16.5802,42.7577,,
112,9,0.1,2163974,60632560,,,0.000941,137.739,0.057958,120.692,,,276.727,52.159,,,15.9401,43.7588,,
113,9,0.1,2163974,60632560,,,0.001078,160.864,0.309646,91.9885,,,326.458,56.4019,,,36.2521,47.188,,
114,9,0.1,2163974,60632560,,,0.000906,163.149,0.072554,115.458,,,274.506,53.0529,,,16.7472,47.5926,,
115,9,0.1,2163974,60632560,,,0.000894,144.213,0.118417,128.023,,,283.877,59.3248,,,20.7618,52.5287,,
116,9,0.1,2163974,60632560,,,0.001412,154.885,0.373608,61.5001,,,360.995,45.7437,,,56.8938,42.7319,,
117,9,0.1,2163974,60632560,,,0.001793,175.493,0.146639,111.061,,,293.625,58.547,,,25.4105,51.6985,,
118,9,0.1,2163974,60632560,,,0.001038,160.751,0.134045,127.702,,,283.036,51.5451,,,21.8461,52.9058,,
39,9,0.2,14716948,122165475,,,0.001162,573.023,0.012138,122.16,,,245.086,65.5559,,,4.67968,63.721,,
40,9,0.2,14716948,122165475,,,0.000904,590.44,0.011242,168.932,,,242.55,66.4713,,,4.70712,63.7541,,
41,9,0.2,14716948,122165475,,,0.000936,591.954,0.075955,173.991,,,255.203,94.5078,,,13.8298,68.4394,,
42,9,0.2,14716948,122165475,,,0.000774,592.662,0.01208,146.305,,,245.087,68.9015,,,4.70282,64.5153,,
43,9,0.2,14716948,122165475,,,0.000885,592.792,0.021032,163.866,,,249.916,115.896,,,8.10266,90.8552,,
44,9,0.2,14716948,122165475,,,0.000605,596.762,0.060072,146.714,,,263.385,102.307,,,11.4244,71.6526,,
45,9,0.2,14716948,122165475,,,0.00075,576.637,0.062927,163.36,,,263.429,98.0984,,,11.422,63.1874,,
46,9,0.2,14716948,122165475,,,0.000704,571.112,0.067126,141.722,,,265.987,95.7047,,,10.8941,68.3119,,
47,9,0.2,14716948,122165475,,,0.000824,587.484,0.05969,132.242,,,261.837,120.307,,,12.4041,91.5213,,
48,9,0.2,14716948,122165475,,,0.000939,576.577,0.041394,103.807,,,263.088,102.895,,,9.30413,68.2527,,
49,9,0.2,14716948,122165475,,,0.00133,739.793,0.034194,450.618,,,269.571,278.547,,,13.285,253.041,,
50,9,0.2,14716948,122165475,,,0.001196,727.99,0.053789,339.622,,,274.374,250.162,,,14.6419,230.333,,
51,9,0.2,14716948,122165475,,,0.001273,767.079,0.036761,427.195,,,264.492,271.426,,,14.6308,265.759,,
52,9,0.2,14716948,122165475,,,0.001369,691.346,0.114331,161.268,,,285.22,107.536,,,26.585,118.355,,
53,9,0.2,14716948,122165475,,,0.001321,757.017,0.087707,416.85,,,271.579,272.355,,,21.0422,279.831,,
54,9,0.2,14716948,122165475,,,0.00103,752.712,0.046157,438.089,,,264.209,282.112,,,15.9899,266.609,,
55,9,0.2,14716948,122165475,,,0.001386,621.104,0.12602,281.612,,,289.333,235.08,,,27.255,228.583,,
56,9,0.2,14716948,122165475,,,0.001011,694.919,0.074162,383.801,,,275.263,272.73,,,19.0485,261.116,,
57,9,0.2,14716948,122165475,,,0.001383,795.001,0.094419,409.755,,,281.006,395.978,,,15.4762,388.865,,
58,9,0.2,14716948,122165475,,,0.001448,822.873,0.070924,442.859,,,264.222,411.706,,,13.6367,381.617,,
59,9,0.2,10226421,111989334,,,0.001336,453.028,0.010845,86.3382,,,249.596,46.4155,,,4.80218,45.735,,
60,9,0.2,10226421,111989334,,,0.000917,456.023,0.01043,120.815,,,249.536,50.3282,,,4.72225,45.8767,,
61,9,0.2,10226421,111989334,,,0.000728,445.107,0.016433,112.624,,,251.865,74.788,,,4.74652,72.3111,,
62,9,0.2,10226421,111989334,,,0.000706,429.717,0.01774,115.285,,,253.583,70.4319,,,5.06071,70.7893,,
63,9,0.2,10226421,111989334,,,0.01188,429.587,0.177411,101.159,,,268.917,66.5568,,,30.2153,67.2127,,
64,9,0.2,10226421,111989334,,,0.001749,434.898,0.219434,101.448,,,289.735,89.2349,,,64.2896,84.7356,,
65,9,0.2,10226421,111989334,,,0.000832,430.076,0.061268,91.484,,,256.682,68.4119,,,12.459,49.5007,,
66,9,0.2,10226421,111989334,,,0.000673,434.915,0.06118,73.5995,,,255.964,73.1431,,,11.5128,52.4757,,
67,9,0.2,10226421,111989334,,,0.000886,440.424,0.060293,97.5058,,,258.452,77.8426,,,12.7845,65.4143,,
68,9,0.2,10226421,111989334,,,0.000913,450.445,0.064468,87.1411,,,258.094,77.4167,,,12.8063,62.3014,,
69,9,0.2,10226421,111989334,,,0.001573,520.131,0.167032,180.512,,,303.107,114.94,,,26.7891,116.777,,
70,9,0.2,10226421,111989334,,,0.001542,466.185,0.134341,180.906,,,305.26,110.194,,,28.0583,107.225,,
71,9,0.2,10226421,111989334,,,0.001984,527.98,0.103847,321.752,,,295.548,196.134,,,31.6862,176.652,,
72,9,0.2,10226421,111989334,,,0.001382,535.717,0.123815,308.381,,,293.165,205.511,,,25.9975,178.724,,
73,9,0.2,10226421,111989334,,,0.001969,574.324,0.084335,351.008,,,295.018,244.375,,,31.447,225.847,,
74,9,0.2,10226421,111989334,,,0.001427,499.299,0.066594,254.064,,,274.271,163.318,,,15.2469,144.886,,
75,9,0.2,10226421,111989334,,,0.001675,499.821,0.095263,268.575,,,288.585,163.583,,,24.143,152.94,,
76,9,0.2,10226421,111989334,,,0.001439,541.294,0.087294,324.078,,,285.063,259.961,,,25.0027,249.62,,
77,9,0.2,10226421,111989334,,,0.00126,475.123,0.025428,364.024,,,259.298,188.754,,,12.6161,179.242,,
78,9,0.2,10226421,111989334,,,0.001433,540.4,0.063358,320.396,,,272.095,203.147,,,15.5707,185.279,,
79,9,0.2,3117975,113830909,,,0.001197,187.038,0.026128,32.1963,,,251.27,23.2763,,,8.50184,16.8724,,
80,9,0.2,3117975,113830909,,,0.000742,188.271,0.019225,33.8067,,,245.13,19.058,,,4.79009,17.1276,,
81,9,0.2,3117975,113830909,,,0.000673,186.717,0.021915,26.7246,,,255.301,24.5937,,,8.92274,17.7339,,
82,9,0.2,3117975,113830909,,,0.000676,188.091,0.026572,32.0039,,,253.768,24.1583,,,9.84963,17.5315,,
83,9,0.2,3117975,113830909,,,0.001057,188.169,0.029206,32.2401,,,261.495,24.6203,,,9.36682,17.557,,
84,9,0.2,3117975,113830909,,,0.000764,189.366,0.060194,38.5069,,,269.345,24.2436,,,12.5497,18.104,,
85,9,0.2,3117975,113830909,,,0.000776,192.127,0.055692,39.1953,,,265.678,23.998,,,12.4345,17.3858,,
86,9,0.2,3117975,113830909,,,0.001333,189.267,0.060681,36.5755,,,269.896,24.6572,,,13.1868,17.9458,,
87,9,0.2,3117975,113830909,,,0.001575,450.017,0.340238,203.382,,,305.238,364.28,,,72.1175,345.447,,
88,9,0.2,3117975,113830909,,,0.001291,189.453,0.082464,26.79,,,283.124,25.7023,,,13.6601,17.8381,,
89,9,0.2,3117975,113830909,,,0.001474,261.588,0.084714,202.398,,,282.291,66.1318,,,18.2714,58.1667,,
90,9,0.2,3117975,113830909,,,0.00201,230.045,0.133128,238.151,,,292.518,127.464,,,29.1528,122.418,,
91,9,0.2,3117975,113830909,,,0.001444,280.471,0.075414,212.517,,,274.921,70.2732,,,16.3331,60.2138,,
92,9,0.2,3117975,113830909,,,0.001298,222.925,0.108335,236.602,,,284.771,91.6569,,,22.8831,83.0864,,
93,9,0.2,3117975,113830909,,,0.001271,319.794,0.23609,193.562,,,313.489,139.058,,,38.0811,128.587,,
94,9,0.2,3117975,113830909,,,0.001822,219.686,0.249976,219.838,,,310.66,115.964,,,40.1076,111.382,,
95,9,0.2,3117975,113830909,,,0.001533,349.881,0.211645,226.515,,,296.155,143.795,,,29.3418,128.835,,
96,9,0.2,3117975,113830909,,,0.001356,211.855,0.043632,242.317,,,272.497,83.4124,,,15.0172,73.691,,
97,9,0.2,3117975,113830909,,,0.001358,183.225,0.128077,36.7336,,,298.766,25.0516,,,29.7972,19.4865,,
98,9,0.2,3117975,113830909,,,0.001613,210.792,0.154202,215.95,,,308.832,73.1769,,,32.0417,72.5455,,
99,9,0.2,4330842,121206579,,,0.001195,239.373,0.026244,49.0059,,,257.341,33.0832,,,8.89503,23.1805,,
100,9,0.2,4330842,121206579,,,0.001056,240.656,0.124881,32.8069,,,271.467,31.8013,,,21.0051,24.7011,,
101,9,0.2,4330842,121206579,,,0.001211,237.238,0.09466,63.77,,,274.351,46.2002,,,17.1306,40.3836,,
102,9,0.2,4330842,121206579,,,0.00163,238.743,0.187648,49.7005,,,280.937,35.2032,,,37.6428,27.2712,,
103,9,0.2,4330842,121206579,,,0.000715,238.822,0.021276,49.0666,,,258.224,32.7505,,,9.12564,22.6823,,
104,9,0.2,4330842,121206579,,,0.00088,240.183,0.066004,36.0377,,,269.403,35.0558,,,13.254,27.1173,,
105,9,0.2,4330842,121206579,,,0.000726,241.987,0.068174,52.3755,,,261.618,32.2556,,,13.4337,24.7381,,
106,9,0.2,4330842,121206579,,,0.000748,238.821,0.067096,50.7743,,,261.033,33.8856,,,12.7012,26.4983,,
107,9,0.2,4330842,121206579,,,0.000622,243.607,0.078803,56.0486,,,262.754,32.7766,,,13.1619,24.8725,,
108,9,0.2,4330842,121206579,,,0.000663,250.694,0.070363,38.1762,,,262.703,33.7882,,,14.42,27.4528,,
109,9,0.2,4330842,121206579,,,0.001564,297.039,0.11773,254.753,,,285.776,99.3052,,,25.9536,97.8379,,
110,9,0.2,4330842,121206579,,,0.001701,245.689,0.298927,40.4314,,,319.251,35.5875,,,107.892,28.9752,,
111,9,0.2,4330842,121206579,,,0.001944,339.817,0.076708,255.805,,,271.295,97.4269,,,16.8761,93.654,,
112,9,0.2,4330842,121206579,,,0.001753,286.327,0.060806,254.614,,,267.623,104.56,,,16.4939,95.1915,,
113,9,0.2,4330842,121206579,,,0.001422,332.95,0.20322,201.489,,,309.061,94.0042,,,30.8801,84.1647,,
114,9,0.2,4330842,121206579,,,0.001426,341.015,0.145792,231.762,,,301.843,112.71,,,24.0731,114.421,,
115,9,0.2,4330842,121206579,,,0.001302,298.506,0.122138,261.199,,,291.649,117.216,,,19.5855,107.303,,
116,9,0.2,4330842,121206579,,,0.001964,322.617,0.403609,141.889,,,373.238,102.027,,,60.3395,94.2849,,
117,9,0.2,4330842,121206579,,,0.002039,357.451,0.16324,238.249,,,303.814,130.401,,,26.6792,119.041,,
118,9,0.2,4330842,121206579,,,0.001655,322.884,0.155964,247.546,,,296.624,106.05,,,23.1018,111.383,,
39,10,0.001,73492,612310,,,0.00116,3.10774,0.015264,0.599597,,,247.224,0.355329,,,6.53744,0.339559,,
40,10,0.001,73492,612310,,,0.000614,3.06279,0.0118,0.859655,,,245.412,0.363831,,,4.8335,0.310492,,
41,10,0.001,73492,612310,,,0.000896,3.06001,0.055421,0.904,,,257.276,0.506578,,,12.8563,0.372321,,
42,10,0.001,73492,612310,,,0.000515,3.07306,0.014458,0.728018,,,252.564,0.523386,,,7.43924,0.338208,,
43,10,0.001,73492,612310,,,0.000427,3.07836,0.011921,0.726303,,,250.358,0.534031,,,7.54687,0.349264,,
44,10,0.001,73492,612310,,,0.000453,3.13344,0.058981,0.763722,,,261.5,0.552902,,,10.8678,0.35953,,
45,10,0.001,73492,612310,,,0.000773,3.08531,0.055485,0.806153,,,265.233,0.537008,,,11.0395,0.349441,,
46,10,0.001,73492,612310,,,0.000517,3.03807,0.064826,0.893058,,,267.3,0.575133,,,11.0711,0.421778,,
47,10,0.001,73492,612310,,,0.000495,3.03512,0.052297,0.682604,,,267.028,0.614104,,,12.3795,0.489587,,
48,10,0.001,73492,612310,,,0.000422,2.84046,0.03585,0.555231,,,263.227,0.543662,,,8.83858,0.335675,,
49,10,0.001,73492,612310,,,0.00079,3.57727,0.056997,2.11499,,,277.428,1.44829,,,16.0636,1.28918,,
50,10,0.001,73492,612310,,,0.000755,3.54169,0.113395,1.50995,,,290.132,1.31993,,,19.7599,1.24693,,
51,10,0.001,73492,612310,,,0.000633,3.68543,0.023909,2.2316,,,272.426,1.47986,,,13.521,1.34219,,
52,10,0.001,73492,612310,,,0.000858,3.19618,0.146118,0.833869,,,308.635,0.594729,,,30.906,0.521984,,
53,10,0.001,73492,612310,,,0.000783,3.54359,0.081452,2.07568,,,281.291,1.51073,,,20.1759,1.34921,,
54,10,0.001,73492,612310,,,0.000622,3.69653,0.034986,2.1437,,,275.576,1.6029,,,15.4722,1.34735,,
55,10,0.001,73492,612310,,,0.000809,3.00045,0.09135,1.45572,,,286.355,1.32388,,,25.5569,1.22114,,
56,10,0.001,73492,612310,,,0.000789,3.46057,0.087124,1.84047,,,278.813,1.42982,,,21.4064,1.25489,,
57,10,0.001,73492,612310,,,0.000616,3.9344,0.089174,1.84493,,,263.723,2.13831,,,16.0142,1.77117,,
58,10,0.001,73492,612310,,,0.000708,3.94135,0.05353,2.31875,,,257.764,2.17954,,,12.2274,1.83882,,
59,10,0.001,51073,554946,,,0.000732,2.47437,0.007404,0.430938,,,243.664,0.433194,,,4.24647,0.218686,,
60,10,0.001,51073,554946,,,0.000558,2.26333,0.009051,0.681785,,,246.052,0.837187,,,4.12254,0.221157,,
61,10,0.001,51073,554946,,,0.00045,2.18256,0.014173,0.632856,,,244.536,0.452999,,,4.88318,0.435333,,
62,10,0.001,51073,554946,,,0.000297,2.27709,0.012991,0.636136,,,246.991,0.408365,,,4.60558,0.36891,,
63,10,0.001,51073,554946,,,0.000752,2.36472,0.168692,0.533581,,,272.158,0.371411,,,28.6651,0.328438,,
64,10,0.001,51073,554946,,,0.001044,2.55748,0.173603,0.487486,,,287.201,0.562735,,,46.2612,0.443929,,
65,10,0.001,51073,554946,,,0.00078,2.50571,0.050431,0.428092,,,257.211,0.402188,,,10.8287,0.237138,,
66,10,0.001,51073,554946,,,0.000529,2.38729,0.042509,0.35952,,,265.259,0.391893,,,11.2274,0.246258,,
67,10,0.001,51073,554946,,,0.000358,2.43626,0.049001,0.430527,,,265.253,0.439626,,,11.491,0.349064,,
68,10,0.001,51073,554946,,,0.000444,2.48497,0.042158,0.565934,,,266.84,0.48863,,,12.4676,0.363623,,
69,10,0.001,51073,554946,,,0.000896,2.88685,0.15745,0.890004,,,315.127,0.605406,,,25.853,0.510014,,
70,10,0.001,51073,554946,,,0.000948,2.53688,0.131862,1.09579,,,301.112,0.608426,,,27.9796,0.524593,,
71,10,0.001,51073,554946,,,0.000916,2.91587,0.080612,1.58127,,,293.567,1.05696,,,30.3473,1.00575,,
72,10,0.001,51073,554946,,,0.000694,2.92263,0.083586,1.78143,,,285.842,1.08736,,,22.6448,0.926101,,
73,10,0.001,51073,554946,,,0.00082,3.2027,0.06906,1.88132,,,296.445,1.33734,,,29.9685,1.13899,,
74,10,0.001,51073,554946,,,0.000692,2.78398,0.050496,1.39721,,,277.424,0.934602,,,14.575,0.783394,,
75,10,0.001,51073,554946,,,0.000649,2.73256,0.078347,1.48073,,,282.291,0.934045,,,23.3954,0.780124,,
76,10,0.001,51073,554946,,,0.000546,2.75045,0.097621,1.67578,,,279.622,1.41362,,,23.0506,1.28496,,
77,10,0.001,51073,554946,,,0.000411,2.41372,0.015648,1.94113,,,258.999,1.08631,,,13.6169,1.03022,,
78,10,0.001,51073,554946,,,0.000541,2.68277,0.053528,1.72694,,,271.152,1.1159,,,16.3328,0.948475,,
79,10,0.001,15633,565229,,,0.000661,1.00586,0.013491,0.174658,,,249.797,0.163013,,,8.10274,0.117699,,
80,10,0.001,15633,565229,,,0.000469,0.91999,0.016934,0.199003,,,248.501,0.107103,,,4.80905,0.106966,,
81,10,0.001,15633,565229,,,0.000312,0.869369,0.0207,0.131881,,,255.81,0.134592,,,9.24893,0.091576,,
82,10,0.001,15633,565229,,,0.000301,0.868091,0.019791,0.158997,,,254.332,0.135967,,,8.74384,0.086261,,
83,10,0.001,15633,565229,,,0.000289,0.868315,0.02099,0.169719,,,253.582,0.135411,,,9.44682,0.103214,,
84,10,0.001,15633,565229,,,0.000316,0.876427,0.058645,0.199446,,,263.446,0.12712,,,13.013,0.096326,,
85,10,0.001,15633,565229,,,0.000335,0.960121,0.057046,0.199394,,,256.875,0.129992,,,12.7642,0.09072,,
86,10,0.001,15633,565229,,,0.000299,0.957296,0.054673,0.183845,,,268.472,0.136979,,,13.1923,0.085923,,
87,10,0.001,15633,565229,,,0.000584,2.10388,0.347396,0.976018,,,301.038,1.79245,,,70.9709,1.76424,,
88,10,0.001,15633,565229,,,0.000311,0.942939,0.062002,0.179796,,,269.967,0.131249,,,14.2587,0.105544,,
89,10,0.001,15633,565229,,,0.000634,1.27231,0.073237,1.05104,,,279.057,0.377151,,,16.3992,0.325389,,
90,10,0.001,15633,565229,,,0.000692,1.07065,0.125686,1.27226,,,299.443,0.723951,,,28.6073,0.650395,,
91,10,0.001,15633,565229,,,0.000608,1.29905,0.16509,1.03371,,,315.329,0.445334,,,24.8966,0.409394,,
92,10,0.001,15633,565229,,,0.000481,1.02605,0.09465,1.24294,,,294.018,0.552661,,,22.0721,0.509618,,
93,10,0.001,15633,565229,,,0.000482,1.57792,0.234722,1.00629,,,318.153,0.740997,,,35.1217,0.676322,,
94,10,0.001,15633,565229,,,0.000901,1.15487,0.215572,1.15086,,,315.465,0.653748,,,39.1152,0.642571,,
95,10,0.001,15633,565229,,,0.000584,1.66532,0.160835,1.09802,,,294.126,0.782718,,,26.1224,0.752379,,
96,10,0.001,15633,565229,,,0.000435,1.08097,0.073295,1.28349,,,280.464,0.387374,,,17.1311,0.327231,,
97,10,0.001,15633,565229,,,0.000609,0.945257,0.129807,0.178995,,,308.299,0.137767,,,32.5007,0.090365,,
98,10,0.001,15633,565229,,,0.000558,1.0129,0.151501,0.969654,,,307.03,0.459457,,,31.0602,0.395895,,
99,10,0.001,21794,614916,,,0.000503,1.18628,0.023229,0.314657,,,252.373,0.172695,,,7.38048,0.15498,,
100,10,0.001,21794,614916,,,0.000655,1.15791,0.140598,0.240209,,,268.153,0.203577,,,22.4934,0.134363,,
101,10,0.001,21794,614916,,,0.000419,1.15447,0.08451,0.218044,,,273.596,0.242419,,,21.95,0.159291,,
102,10,0.001,21794,614916,,,0.000514,1.1553,0.201601,0.271255,,,276.086,0.187362,,,38.9318,0.149607,,
103,10,0.001,21794,614916,,,0.000293,1.15707,0.012027,0.244357,,,252.258,0.195025,,,8.30089,0.118342,,
104,10,0.001,21794,614916,,,0.000277,1.16277,0.048983,0.164833,,,260.761,0.194548,,,12.8537,0.124975,,
105,10,0.001,21794,614916,,,0.00023,1.24836,0.060621,0.189336,,,262.826,0.181452,,,12.5795,0.126287,,
106,10,0.001,21794,614916,,,0.000251,1.22277,0.053587,0.208618,,,263.345,0.183225,,,13.613,0.126268,,
107,10,0.001,21794,614916,,,0.000252,1.16818,0.056274,0.250518,,,264.38,0.180627,,,12.6377,0.117463,,
108,10,0.001,21794,614916,,,0.000218,1.17305,0.062945,0.262898,,,261.794,0.183719,,,12.9772,0.126046,,
109,10,0.001,21794,614916,,,0.000595,1.38753,0.12924,1.15376,,,292.663,0.510703,,,27.0129,0.461376,,
110,10,0.001,21794,614916,,,0.000627,1.1649,0.287386,0.356392,,,324.545,0.239647,,,108.365,0.143218,,
111,10,0.001,21794,614916,,,0.000486,1.68336,0.059835,1.2698,,,277.485,0.545509,,,16.4751,0.466796,,
112,10,0.001,21794,614916,,,0.000431,1.33282,0.052519,1.18912,,,280.392,0.556213,,,15.2714,0.510441,,
113,10,0.001,21794,614916,,,0.000439,1.70034,0.203412,0.875052,,,332.514,0.927087,,,31.2708,0.445306,,
114,10,0.001,21794,614916,,,0.000471,1.658,0.063639,1.11686,,,279.932,0.565339,,,15.4413,0.461711,,
115,10,0.001,21794,614916,,,0.00041,1.37676,0.082885,1.38984,,,290.494,0.64059,,,19.3569,0.515123,,
116,10,0.001,21794,614916,,,0.000691,1.60313,0.343671,0.729044,,,358.183,0.548985,,,49.4004,0.445935,,
117,10,0.001,21794,614916,,,0.000491,1.87224,0.1557,1.28869,,,301.451,0.725353,,,26.1709,0.586348,,
118,10,0.001,21794,614916,,,0.000391,1.73151,0.124626,1.32427,,,297.916,0.585112,,,20.3213,0.515601,,
39,10,0.005,367628,3069856,,,0.000473,15.0286,0.011376,3.20135,,,248.327,1.71853,,,4.46714,1.54266,,
40,10,0.005,367628,3069856,,,0.000589,15.1839,0.011779,4.43896,,,244.601,1.71152,,,4.58821,1.7405,,
41,10,0.005,367628,3069856,,,0.000747,14.6697,0.056429,3.91847,,,253.112,2.46601,,,13.4255,1.67856,,
42,10,0.005,367628,3069856,,,0.000581,14.2874,0.016411,3.11824,,,250.586,2.59057,,,6.89647,1.58815,,
43,10,0.005,367628,3069856,,,0.00054,14.0115,0.013863,3.56682,,,250.648,2.71318,,,7.39491,1.85363,,
44,10,0.005,367628,3069856,,,0.000419,14.1382,0.0539,2.97246,,,260.602,2.76858,,,11.1566,1.89405,,
45,10,0.005,367628,3069856,,,0.000459,14.3545,0.047976,4.0329,,,260.268,2.64996,,,11.133,1.75178,,
46,10,0.005,367628,3069856,,,0.000445,14.6209,0.068044,4.59515,,,258.104,2.72891,,,10.9405,1.90697,,
47,10,0.005,367628,3069856,,,0.000675,15.1603,0.06473,4.25449,,,258.62,3.67462,,,12.0132,2.84746,,
48,10,0.005,367628,3069856,,,0.000575,14.7066,0.039927,2.63475,,,255.49,2.62865,,,8.49381,1.8241,,
49,10,0.005,367628,3069856,,,0.001021,20.0212,0.045262,10.0284,,,278.41,7.19311,,,17.2714,6.0628,,
50,10,0.005,367628,3069856,,,0.000851,18.3571,0.085283,7.25633,,,291.389,6.31372,,,19.2593,5.62927,,
51,10,0.005,367628,3069856,,,0.000748,18.9414,0.025551,10.9783,,,270.606,7.41653,,,13.8647,6.07706,,
52,10,0.005,367628,3069856,,,0.001266,17.655,0.184159,6.31177,,,299.407,5.18442,,,26.6078,4.55637,,
53,10,0.005,367628,3069856,,,0.000987,19.2361,0.080114,10.7119,,,272.959,7.01901,,,18.7153,6.40736,,
54,10,0.005,367628,3069856,,,0.000841,19.3064,0.038121,11.3137,,,277.465,7.92845,,,15.8767,6.62639,,
55,10,0.005,367628,3069856,,,0.000957,15.9265,0.063638,8.61416,,,287.156,6.69848,,,22.0428,5.52219,,
56,10,0.005,367628,3069856,,,0.000899,17.7473,0.101523,9.395,,,290.135,6.98646,,,20.556,5.91347,,
57,10,0.005,367628,3069856,,,0.000824,20.1861,0.108814,9.91696,,,275.561,9.99217,,,17.8018,8.80262,,
58,10,0.005,367628,3069856,,,0.000771,21.2572,0.067425,11.784,,,261.795,10.3874,,,12.5548,8.70105,,
59,10,0.005,255453,2803555,,,0.000799,11.9633,0.007768,2.45409,,,241.551,1.18385,,,4.38043,1.06379,,
60,10,0.005,255453,2803555,,,0.000719,11.6875,0.009521,3.61746,,,242.66,1.23838,,,4.12056,1.09489,,
61,10,0.005,255453,2803555,,,0.000579,11.296,0.016042,3.39137,,,248.834,2.18973,,,4.50786,1.90754,,
62,10,0.005,255453,2803555,,,0.000487,11.1696,0.012862,2.70749,,,246.288,2.05311,,,4.55394,1.74485,,
63,10,0.005,255453,2803555,,,0.001073,11.177,0.201965,2.68078,,,274.47,1.71152,,,29.5236,1.62157,,
64,10,0.005,255453,2803555,,,0.000867,11.5325,0.272035,2.14711,,,296.183,2.38505,,,70.7009,2.06791,,
65,10,0.005,255453,2803555,,,0.000605,11.7284,0.054981,2.41351,,,260.128,1.76801,,,11.1885,1.2107,,
66,10,0.005,255453,2803555,,,0.000558,11.9915,0.04599,1.75347,,,257.35,1.88656,,,11.1441,1.21847,,
67,10,0.005,255453,2803555,,,0.000555,12.0845,0.052707,2.58084,,,258.2,2.31689,,,13.0213,1.91368,,
68,10,0.005,255453,2803555,,,0.000536,11.4401,0.061396,2.31776,,,261.568,2.21553,,,11.7502,1.74504,,
69,10,0.005,255453,2803555,,,0.000847,13.352,0.093302,4.70768,,,281.811,3.06332,,,17.4963,2.99337,,
70,10,0.005,255453,2803555,,,0.000815,11.8134,0.149029,4.76533,,,299.824,3.04265,,,28.9358,2.66757,,
71,10,0.005,255453,2803555,,,0.000992,13.5715,0.083376,8.27482,,,294.314,5.22539,,,30.5376,4.75491,,
72,10,0.005,255453,2803555,,,0.000715,13.5995,0.085471,8.63768,,,282.297,5.21361,,,20.1321,4.47097,,
73,10,0.005,255453,2803555,,,0.001,15.4258,0.070288,9.0489,,,294.055,6.51444,,,29.617,5.84028,,
74,10,0.005,255453,2803555,,,0.000944,14.0708,0.051487,6.64895,,,277.47,4.26647,,,15.0142,3.68001,,
75,10,0.005,255453,2803555,,,0.000883,13.5249,0.055074,7.02887,,,281.257,4.53595,,,21.2717,3.84539,,
76,10,0.005,255453,2803555,,,0.00083,14.013,0.084405,7.946,,,287.974,7.10129,,,24.3804,6.38081,,
77,10,0.005,255453,2803555,,,0.00062,12.4324,0.017594,9.80587,,,260.162,5.49568,,,12.1562,4.53087,,
78,10,0.005,255453,2803555,,,0.000752,13.7601,0.05514,8.17585,,,271.081,5.63039,,,15.4529,4.81452,,
79,10,0.005,78214,2851166,,,0.000679,4.73627,0.013818,0.856274,,,250.991,0.594669,,,8.1504,0.417981,,
80,10,0.005,78214,2851166,,,0.000556,4.55841,0.029489,0.780486,,,252.297,0.609568,,,8.95933,0.487074,,
81,10,0.005,78214,2851166,,,0.000444,4.61589,0.031917,0.6869,,,255.326,0.607821,,,10.1722,0.421559,,
82,10,0.005,78214,2851166,,,0.000497,4.48201,0.015711,0.708424,,,248.673,0.522738,,,4.8109,0.41064,,
83,10,0.005,78214,2851166,,,0.000435,4.36348,0.021629,0.768688,,,257.876,0.613467,,,9.71469,0.422228,,
84,10,0.005,78214,2851166,,,0.000488,4.90844,0.052403,0.977125,,,259.024,0.647266,,,12.8009,0.403703,,
85,10,0.005,78214,2851166,,,0.000584,4.88465,0.055347,0.923008,,,260.5,0.60366,,,12.0411,0.410523,,
86,10,0.005,78214,2851166,,,0.000415,4.91371,0.077881,0.977469,,,268.022,0.652495,,,13.182,0.403785,,
87,10,0.005,78214,2851166,,,0.001095,11.3338,0.35159,5.21549,,,301.044,9.09538,,,73.3535,8.3488,,
88,10,0.005,78214,2851166,,,0.000481,4.40244,0.066693,0.907529,,,272.647,0.658789,,,14.8678,0.498377,,
89,10,0.005,78214,2851166,,,0.000846,6.41561,0.078486,5.05565,,,286.064,1.77939,,,18.0386,1.57538,,
90,10,0.005,78214,2851166,,,0.000917,5.51102,0.140689,6.03301,,,299.281,3.37392,,,31.832,3.27756,,
91,10,0.005,78214,2851166,,,0.000874,6.61664,0.154444,5.60661,,,307.409,2.41467,,,25.9941,1.97909,,
92,10,0.005,78214,2851166,,,0.00073,5.61785,0.132529,6.16139,,,288.825,2.48893,,,21.7707,2.3565,,
93,10,0.005,78214,2851166,,,0.00084,8.22816,0.283562,4.80929,,,321.743,2.94265,,,35.1626,2.6939,,
94,10,0.005,78214,2851166,,,0.000996,5.69351,0.253617,5.38122,,,314.335,2.90635,,,42.2937,2.62703,,
95,10,0.005,78214,2851166,,,0.000878,9.33888,0.126334,5.71555,,,284.839,3.75072,,,27.1497,3.42293,,
96,10,0.005,78214,2851166,,,0.000645,5.55213,0.05558,6.107,,,275.038,1.99564,,,18.1047,1.93577,,
97,10,0.005,78214,2851166,,,0.000752,4.67473,0.113017,0.886946,,,290.265,0.606393,,,32.0837,0.495868,,
98,10,0.005,78214,2851166,,,0.000736,5.23211,0.155645,5.3667,,,307.188,2.11848,,,32.3521,1.86236,,
99,10,0.005,108058,3029696,,,0.000657,6.01796,0.018342,1.38168,,,249.576,0.799632,,,7.31107,0.598319,,
100,10,0.005,108058,3029696,,,0.000771,6.33056,0.112793,1.22127,,,262.988,0.89122,,,17.6882,0.597539,,
101,10,0.005,108058,3029696,,,0.000748,6.31014,0.075628,1.50803,,,269.22,1.30584,,,17.7085,1.12139,,
102,10,0.005,108058,3029696,,,0.000906,6.26805,0.200602,1.39067,,,272.938,0.881312,,,36.0421,0.71221,,
103,10,0.005,108058,3029696,,,0.000619,6.46515,0.014855,1.42494,,,253.297,0.833553,,,8.61031,0.591017,,
104,10,0.005,108058,3029696,,,0.000533,6.35429,0.060506,0.810576,,,267.875,0.897176,,,13.7122,0.643892,,
105,10,0.005,108058,3029696,,,0.00055,6.3654,0.064298,1.00859,,,268.885,0.852467,,,12.8931,0.586582,,
106,10,0.005,108058,3029696,,,0.000434,6.20246,0.063142,1.17968,,,269.121,0.96743,,,13.7557,0.675689,,
107,10,0.005,108058,3029696,,,0.000435,6.02132,0.070544,1.34037,,,268.694,0.844333,,,13.5709,0.622715,,
108,10,0.005,108058,3029696,,,0.000495,6.12002,0.056056,0.907848,,,273.194,0.87965,,,13.6198,0.661193,,
109,10,0.005,108058,3029696,,,0.001007,7.09903,0.127955,6.01879,,,293.68,2.76589,,,26.5487,2.20323,,
110,10,0.005,108058,3029696,,,0.001082,6.1113,0.317493,1.18911,,,335.416,0.892063,,,125.282,0.693326,,
111,10,0.005,108058,3029696,,,0.000825,8.08207,0.067636,6.07695,,,279.065,2.63151,,,16.4079,2.40743,,
112,10,0.005,108058,3029696,,,0.000715,6.82068,0.05465,6.06669,,,276.585,2.64082,,,17.0538,2.18221,,
113,10,0.005,108058,3029696,,,0.000883,8.15777,0.18652,4.79457,,,316.48,2.82388,,,30.0884,2.47256,,
114,10,0.005,108058,3029696,,,0.000839,8.33978,0.062929,5.5685,,,280.573,2.73208,,,16.0231,2.37619,,
115,10,0.005,108058,3029696,,,0.000798,7.54625,0.098552,6.51059,,,290.546,3.72341,,,23.709,3.52633,,
116,10,0.005,108058,3029696,,,0.001349,8.35584,0.403336,3.04897,,,371.218,2.42028,,,59.1144,2.13092,,
117,10,0.005,108058,3029696,,,0.000875,9.28849,0.182864,5.84232,,,296.997,3.04409,,,27.8057,2.61304,,
118,10,0.005,108058,3029696,,,0.000688,8.10363,0.1035,6.32932,,,282.885,2.68925,,,21.6017,2.92167,,
39,10,0.01,735248,6173754,,,0.000769,29.4972,0.011016,6.44799,,,245.016,3.30218,,,4.95397,3.40693,,
40,10,0.01,735248,6173754,,,0.000575,29.1544,0.010618,8.70508,,,244.844,3.32087,,,4.53317,3.11269,,
41,10,0.01,735248,6173754,,,0.000822,30.3416,0.049322,8.42525,,,254.48,4.86055,,,12.8443,3.66872,,
42,10,0.01,735248,6173754,,,0.000678,28.8912,0.015778,6.2245,,,251.685,5.18582,,,7.24173,3.24433,,
43,10,0.01,735248,6173754,,,0.000503,28.9019,0.012373,7.53671,,,250.926,5.11414,,,7.38933,3.65981,,
44,10,0.01,735248,6173754,,,0.000579,29.9804,0.059184,6.45563,,,259.543,5.3556,,,10.1893,3.58007,,
45,10,0.01,735248,6173754,,,0.000578,29.5304,0.060775,7.49669,,,257.943,5.04508,,,11.5692,3.81705,,
46,10,0.01,735248,6173754,,,0.000525,29.1005,0.091594,6.71252,,,256.592,5.06633,,,11.5302,3.76295,,
47,10,0.01,735248,6173754,,,0.000498,29.8167,0.047756,8.80845,,,259.993,7.26557,,,11.4663,6.18746,,
48,10,0.01,735248,6173754,,,0.000368,30.1305,0.044465,5.18705,,,257.187,5.5423,,,9.09013,3.50833,,
49,10,0.01,735248,6173754,,,0.002031,37.3035,0.055066,20.9373,,,277.932,14.9702,,,16.7991,13.1978,,
50,10,0.01,735248,6173754,,,0.001,36.0855,0.099434,16.2913,,,292.441,12.6061,,,19.9316,11.8141,,
51,10,0.01,735248,6173754,,,0.000959,38.5808,0.052783,22.377,,,276.445,15.2139,,,16.3835,13.9484,,
52,10,0.01,735248,6173754,,,0.00159,34.2812,0.145291,9.76902,,,306.772,7.74861,,,29.4372,7.48009,,
53,10,0.01,735248,6173754,,,0.001475,37.6757,0.078115,21.8548,,,278.959,15.2621,,,20.1365,14.6923,,
54,10,0.01,735248,6173754,,,0.001396,38.9792,0.039967,22.1782,,,274.192,15.6305,,,16.0265,13.8594,,
55,10,0.01,735248,6173754,,,0.001125,31.6494,0.07761,17.5791,,,290.599,13.5271,,,24.5121,12.1277,,
56,10,0.01,735248,6173754,,,0.001108,35.9894,0.125433,15.8327,,,294.964,13.2799,,,23.6275,12.4,,
57,10,0.01,735248,6173754,,,0.001471,40.8655,0.107393,19.6713,,,271.62,19.324,,,16.2656,17.0688,,
58,10,0.01,735248,6173754,,,0.001004,40.5459,0.057581,22.6967,,,260.551,21.7592,,,13.3066,20.1085,,
59,10,0.01,511014,5612800,,,0.00131,23.8543,0.008127,4.84447,,,245.751,2.36869,,,4.5175,2.24126,,
60,10,0.01,511014,5612800,,,0.000825,23.414,0.009407,7.21802,,,241.922,2.46993,,,4.4222,2.2686,,
61,10,0.01,511014,5612800,,,0.000737,22.4188,0.022535,6.60796,,,253.431,4.42484,,,8.70918,4.09307,,
62,10,0.01,511014,5612800,,,0.000606,21.9418,0.013545,5.60208,,,246.584,3.70892,,,5.02609,3.62984,,
63,10,0.01,511014,5612800,,,0.001518,22.8183,0.177286,5.36406,,,273.086,3.38733,,,29.2009,2.99858,,
64,10,0.01,511014,5612800,,,0.001128,22.9965,0.228311,5.63138,,,291.896,4.80534,,,55.6688,4.65606,,
65,10,0.01,511014,5612800,,,0.00063,22.0154,0.061685,5.4883,,,257.66,3.86917,,,12.6324,2.54756,,
66,10,0.01,511014,5612800,,,0.000443,23.3399,0.058466,4.10394,,,255.303,3.53871,,,11.8025,2.40497,,
67,10,0.01,511014,5612800,,,0.000785,22.8058,0.059867,5.08662,,,258.943,4.39327,,,11.9326,3.42982,,
68,10,0.01,511014,5612800,,,0.000575,23.7925,0.079057,4.4491,,,259.329,4.14786,,,11.7063,3.20601,,
69,10,0.01,511014,5612800,,,0.001297,26.5153,0.18247,10.0996,,,308.753,6.13786,,,25.9652,6.12793,,
70,10,0.01,511014,5612800,,,0.00108,23.4252,0.156962,9.99957,,,304.498,6.45304,,,29.012,6.40059,,
71,10,0.01,511014,5612800,,,0.001351,26.0779,0.100174,15.9792,,,300.769,10.0476,,,33.1007,9.07491,,
72,10,0.01,511014,5612800,,,0.001004,28.0649,0.0766,15.8931,,,280.497,10.2919,,,20.6735,9.82024,,
73,10,0.01,511014,5612800,,,0.001529,29.729,0.068638,16.9074,,,298.594,13.5175,,,33.0375,11.9433,,
74,10,0.01,511014,5612800,,,0.000898,25.3439,0.054318,13.837,,,277.954,9.21927,,,15.2078,7.66735,,
75,10,0.01,511014,5612800,,,0.001003,26.004,0.062295,13.9327,,,283.286,8.78865,,,21.1496,8.16299,,
76,10,0.01,511014,5612800,,,0.001214,27.9245,0.108517,15.2912,,,288.158,12.857,,,23.6453,12.055,,
77,10,0.01,511014,5612800,,,0.000609,24.917,0.015629,18.1585,,,267.837,10.2647,,,12.7053,9.24878,,
78,10,0.01,511014,5612800,,,0.001173,27.7113,0.060657,16.1286,,,273.392,11.0061,,,16.0545,9.46287,,
79,10,0.01,155511,5592108,,,0.00069,9.32597,0.017295,1.71881,,,252.076,1.22616,,,8.77517,0.893049,,
80,10,0.01,155511,5592108,,,0.00066,9.19472,0.017769,1.58802,,,254.27,1.21635,,,9.3862,0.943037,,
81,10,0.01,155511,5592108,,,0.00073,9.70019,0.021597,1.39974,,,257.672,1.22251,,,9.96646,0.922818,,
82,10,0.01,155511,5592108,,,0.016257,9.21585,0.016272,1.56985,,,244.709,0.989445,,,5.23097,0.902965,,
83,10,0.01,155511,5592108,,,0.000457,8.86552,0.021619,1.45806,,,254.561,1.22545,,,10.3001,0.841981,,
84,10,0.01,155511,5592108,,,0.000522,9.21059,0.060798,1.95866,,,259.439,1.23639,,,13.6553,0.843008,,
85,10,0.01,155511,5592108,,,0.000523,9.45647,0.05342,1.94963,,,258.589,1.17653,,,13.0138,0.820992,,
86,10,0.01,155511,5592108,,,0.000561,9.39573,0.065933,1.66032,,,263.966,1.25052,,,13.5164,0.927123,,
87,10,0.01,155511,5592108,,,0.001232,22.1092,0.409143,10.0879,,,297.912,18.2786,,,95.8094,17.1629,,
88,10,0.01,155511,5592108,,,0.000615,9.30243,0.070264,1.6729,,,279.65,1.33232,,,14.1573,0.923927,,
89,10,0.01,155511,5592108,,,0.000922,12.5046,0.0853,10.7555,,,282.778,3.56263,,,18.5928,3.07912,,
90,10,0.01,155511,5592108,,,0.000956,11.8989,0.122391,12.195,,,294.401,6.56853,,,26.0413,5.93993,,
91,10,0.01,155511,5592108,,,0.000992,14.2068,0.139504,11.2904,,,305.086,3.76345,,,23.3252,3.48073,,
92,10,0.01,155511,5592108,,,0.000901,10.4529,0.114565,12.2805,,,295.399,5.32321,,,23.782,4.98321,,
93,10,0.01,155511,5592108,,,0.000822,15.9042,0.251574,9.61527,,,317.379,5.69403,,,33.6896,5.03806,,
94,10,0.01,155511,5592108,,,0.001273,11.0863,0.229088,10.9107,,,317.33,5.81879,,,41.9926,5.24398,,
95,10,0.01,155511,5592108,,,0.000884,17.2583,0.162266,11.0121,,,303.411,6.61261,,,28.0963,6.11871,,
96,10,0.01,155511,5592108,,,0.000777,10.5355,0.059964,12.2723,,,279.149,3.91737,,,17.5595,3.25904,,
97,10,0.01,155511,5592108,,,0.000827,9.5095,0.119145,1.76901,,,301.736,1.28572,,,30.8864,0.957992,,
98,10,0.01,155511,5592108,,,0.000962,11.1845,0.185351,10.5505,,,313.027,4.07782,,,32.7483,3.89198,,
99,10,0.01,216185,6059208,,,0.000608,12.7297,0.018538,1.79504,,,249.58,1.62455,,,7.82753,1.24442,,
100,10,0.01,216185,6059208,,,0.00145,12.7088,0.097845,2.45992,,,259.53,1.57928,,,18.0679,1.26768,,
101,10,0.01,216185,6059208,,,0.000942,12.1455,0.091826,3.33473,,,267.746,2.70249,,,16.8054,2.0228,,
102,10,0.01,216185,6059208,,,0.00094,12.0948,0.20328,2.55523,,,275.865,1.78475,,,41.4369,1.41214,,
103,10,0.01,216185,6059208,,,0.000609,12.4805,0.014526,2.51549,,,250.479,1.69038,,,9.18877,1.21873,,
104,10,0.01,216185,6059208,,,0.000469,12.1397,0.054039,1.60275,,,261.52,1.75286,,,13.8616,1.32827,,
105,10,0.01,216185,6059208,,,0.000456,12.0643,0.056469,2.05013,,,262.373,1.66288,,,12.7866,1.18546,,
106,10,0.01,216185,6059208,,,0.000428,12.7082,0.071289,2.3123,,,264.946,1.73948,,,13.0941,1.25347,,
107,10,0.01,216185,6059208,,,0.000736,12.769,0.064444,2.78355,,,263.101,1.67507,,,13.1262,1.22944,,
108,10,0.01,216185,6059208,,,0.000865,11.898,0.060855,1.81154,,,265.867,1.7871,,,14.4015,1.26431,,
109,10,0.01,216185,6059208,,,0.001499,14.45,0.111837,11.4531,,,293.003,5.15417,,,29.2762,4.73641,,
110,10,0.01,216185,6059208,,,0.001199,12.8531,0.25011,2.07095,,,310.723,1.78615,,,85.431,1.48778,,
111,10,0.01,216185,6059208,,,0.001235,17.0442,0.068945,12.0723,,,270.546,5.10938,,,16.7512,4.58752,,
112,10,0.01,216185,6059208,,,0.00111,13.6634,0.055657,12.8568,,,276.552,5.24245,,,16.0427,4.6376,,
113,10,0.01,216185,6059208,,,0.00102,16.7451,0.219001,9.82822,,,316.779,5.21654,,,29.1109,4.52671,,
114,10,0.01,216185,6059208,,,0.001266,17.5619,0.132704,11.775,,,295.667,5.54547,,,22.9322,5.29528,,
115,10,0.01,216185,6059208,,,0.001214,14.0863,0.08437,13.552,,,288.882,6.83259,,,21.6685,6.12361,,
116,10,0.01,216185,6059208,,,0.001615,16.0932,0.381774,7.23661,,,373.711,5.37442,,,55.1589,5.01925,,
117,10,0.01,216185,6059208,,,0.000957,17.9208,0.163025,11.654,,,305.963,6.7231,,,28.077,5.56081,,
118,10,0.01,216185,6059208,,,0.001207,16.2522,0.102629,12.3253,,,291.164,5.5537,,,19.5282,5.18635,,
39,10,0.05,3679419,30601953,,,0.001061,148.733,0.009821,31.018,,,253.812,17.0743,,,4.60008,15.8959,,
40,10,0.05,3679419,30601953,,,0.000768,148.049,0.010621,44.1979,,,252.585,17.1601,,,4.43569,16.127,,
41,10,0.05,3679419,30601953,,,0.001037,142.72,0.056301,41.2984,,,255.136,23.8272,,,13.2499,16.9305,,
42,10,0.05,3679419,30601953,,,0.003781,142.835,0.015968,36.7803,,,251.151,25.2263,,,7.15895,16.3539,,
43,10,0.05,3679419,30601953,,,0.000696,144.614,0.012494,37.372,,,250.68,25.7893,,,7.1563,18.4626,,
44,10,0.05,3679419,30601953,,,0.000559,142.976,0.053998,32.5899,,,254.735,25.7039,,,10.6749,19.1616,,
45,10,0.05,3679419,30601953,,,0.000711,143.02,0.049867,41.2875,,,257.625,25.0813,,,11.1851,17.6322,,
46,10,0.05,3679419,30601953,,,0.000655,144.109,0.077621,30.9788,,,257.948,33.2301,,,9.107,22.7981,,
47,10,0.05,3679419,30601953,,,0.00071,148.523,0.049792,36.4306,,,255.836,29.4863,,,11.4092,22.8971,,
48,10,0.05,3679419,30601953,,,0.000686,145.984,0.046221,26.3981,,,255.742,25.82,,,9.18853,16.9889,,
49,10,0.05,3679419,30601953,,,0.001221,185.197,0.053949,107.745,,,273.151,72.1242,,,16.9424,63.1302,,
50,10,0.05,3679419,30601953,,,0.001308,176.906,0.092699,79.5414,,,286.04,62.2742,,,19.9153,52.9651,,
51,10,0.05,3679419,30601953,,,0.000957,188.199,0.032868,106.165,,,266.611,71.4465,,,13.7347,64.399,,
52,10,0.05,3679419,30601953,,,0.001404,168.092,0.136342,41.1086,,,297.803,28.7867,,,26.7973,28.3233,,
53,10,0.05,3679419,30601953,,,0.001317,185.931,0.072199,106.468,,,271.631,68.6494,,,17.1177,63.8424,,
54,10,0.05,3679419,30601953,,,0.001055,187.683,0.045565,114.242,,,275.064,78.1948,,,16.9668,68.6141,,
55,10,0.05,3679419,30601953,,,0.001474,157.696,0.082461,77.5122,,,285.999,63.4404,,,22.9431,55.1489,,
56,10,0.05,3679419,30601953,,,0.001085,173.927,0.096552,94.0125,,,285.632,67.1795,,,21.107,59.6242,,
57,10,0.05,3679419,30601953,,,0.001195,194.997,0.090564,106.432,,,266.191,106.006,,,14.06,91.9691,,
58,10,0.05,3679419,30601953,,,0.000747,200.111,0.067966,114.886,,,263.849,98.4707,,,12.193,94.0818,,
59,10,0.05,2555953,28112945,,,0.001163,109.219,0.009115,23.0327,,,249.12,11.6632,,,4.48083,10.7896,,
60,10,0.05,2555953,28112945,,,0.000729,111.436,0.010441,31.994,,,244.887,12.5738,,,4.47381,10.767,,
61,10,0.05,2555953,28112945,,,0.000648,108.764,0.014334,31.2656,,,246.762,19.1914,,,5.01972,17.9424,,
62,10,0.05,2555953,28112945,,,0.000763,113.704,0.013761,28.0896,,,250.42,17.8655,,,5.03591,16.2771,,
63,10,0.05,2555953,28112945,,,0.001281,111.804,0.191556,26.7122,,,269.91,17.2286,,,29.3633,15.4959,,
64,10,0.05,2555953,28112945,,,0.001045,115.138,0.248508,26.2962,,,295.024,23.7338,,,74.3182,20.6955,,
65,10,0.05,2555953,28112945,,,0.00068,113.466,0.065062,24.157,,,258.617,17.4994,,,11.6216,12.626,,
66,10,0.05,2555953,28112945,,,0.000646,114.881,0.062372,25.2679,,,256.928,16.9988,,,10.888,12.9769,,
67,10,0.05,2555953,28112945,,,0.000698,117.58,0.061008,22.1421,,,258.824,20.4947,,,11.7577,15.9353,,
68,10,0.05,2555953,28112945,,,0.000588,116.613,0.05797,20.5738,,,257.791,20.8516,,,11.4918,15.0709,,
69,10,0.05,2555953,28112945,,,0.001253,131.178,0.185215,46.479,,,302.136,30.0847,,,25.7076,29.5217,,
70,10,0.05,2555953,28112945,,,0.001263,122.044,0.163909,45.1287,,,290.567,28.6636,,,27.3269,25.6005,,
71,10,0.05,2555953,28112945,,,0.001672,138.597,0.116599,80.2289,,,296.865,48.9248,,,31.4192,45.122,,
72,10,0.05,2555953,28112945,,,0.000928,136.049,0.072343,78.5103,,,279.126,50.516,,,19.2604,46.946,,
73,10,0.05,2555953,28112945,,,0.001636,151.162,0.070208,84.8489,,,295.15,63.4362,,,30.1773,55.7912,,
74,10,0.05,2555953,28112945,,,0.000965,134.514,0.057723,60.6725,,,276.559,42.1966,,,16.2976,36.0355,,
75,10,0.05,2555953,28112945,,,0.001349,132.649,0.098171,66.291,,,287.171,43.708,,,23.2689,38.9,,
76,10,0.05,2555953,28112945,,,0.001173,137.647,0.115908,75.6948,,,288.102,63.3797,,,21.5042,53.98,,
77,10,0.05,2555953,28112945,,,0.000808,126.278,0.021498,88.6255,,,267.216,51.7336,,,12.9182,45.4841,,
78,10,0.05,2555953,28112945,,,0.001133,139.644,0.055811,77.1226,,,279.225,54.7926,,,15.8634,47.422,,
79,10,0.05,779692,28472448,,,0.000941,47.5659,0.019766,7.87706,,,261.167,6.01824,,,8.67214,4.18455,,
80,10,0.05,779692,28472448,,,0.000738,44.9775,0.027849,7.87469,,,255.512,6.12234,,,8.7911,4.27933,,
81,10,0.05,779692,28472448,,,0.000493,46.2358,0.024626,7.01799,,,256.961,6.12857,,,9.26327,4.68098,,
82,10,0.05,779692,28472448,,,0.000472,45.4785,0.023887,7.82155,,,264.695,6.11544,,,9.10237,4.28684,,
83,10,0.05,779692,28472448,,,0.000576,47.0867,0.025144,8.32795,,,265.942,5.82948,,,9.27063,4.52446,,
84,10,0.05,779692,28472448,,,0.00067,45.9312,0.071992,7.59961,,,261.616,6.11276,,,12.6138,4.5199,,
85,10,0.05,779692,28472448,,,0.000618,46.9441,0.057313,5.85149,,,259.349,6.12435,,,13.0692,4.471,,
86,10,0.05,779692,28472448,,,0.000487,46.8995,0.076273,9.61649,,,262.129,6.07889,,,13.5354,4.3082,,
87,10,0.05,779692,28472448,,,0.001083,112.149,0.346567,48.6156,,,305.935,84.4766,,,90.2163,78.3714,,
88,10,0.05,779692,28472448,,,0.000575,47.0929,0.074005,8.31394,,,264.705,6.13093,,,14.7845,4.26439,,
89,10,0.05,779692,28472448,,,0.001194,63.4726,0.087566,50.4198,,,272.978,17.4711,,,16.7903,14.1598,,
90,10,0.05,779692,28472448,,,0.001244,58.4333,0.149853,57.8479,,,290.018,33.4205,,,30.2302,30.5118,,
91,10,0.05,779692,28472448,,,0.001048,68.8809,0.184586,49.8914,,,307.948,20.9985,,,24.42,20.0031,,
92,10,0.05,779692,28472448,,,0.000833,55.1665,0.100988,59.151,,,291.54,23.6696,,,22.2695,20.3028,,
93,10,0.05,779692,28472448,,,0.000833,82.9033,0.277008,48.1703,,,317.042,27.6316,,,34.5891,23.3444,,
94,10,0.05,779692,28472448,,,0.001622,57.6599,0.243369,54.2448,,,320.586,31.5733,,,43.5122,29.1137,,
95,10,0.05,779692,28472448,,,0.001009,90.3292,0.169394,55.5109,,,307.685,33.3725,,,26.5287,29.0913,,
96,10,0.05,779692,28472448,,,0.000911,53.5653,0.060763,61.9891,,,278.389,18.9413,,,16.7606,16.6749,,
97,10,0.05,779692,28472448,,,0.001192,44.0454,0.135332,8.98955,,,303.072,6.29405,,,30.0458,4.53435,,
98,10,0.05,779692,28472448,,,0.001161,54.4636,0.175129,49.6805,,,311.62,22.1538,,,30.9745,19.2383,,
99,10,0.05,1081746,30527720,,,0.000846,60.4375,0.020568,13.1632,,,257.311,7.86358,,,8.28815,6.23069,,
100,10,0.05,1081746,30527720,,,0.001154,59.5399,0.108492,11.3506,,,258.48,8.12076,,,18.8049,6.48766,,
101,10,0.05,1081746,30527720,,,0.000829,59.5257,0.092494,15.8563,,,277.74,12.564,,,22.9009,10.5294,,
102,10,0.05,1081746,30527720,,,0.000895,58.5156,0.187547,12.5776,,,274.114,8.86167,,,43.2306,6.73111,,
103,10,0.05,1081746,30527720,,,0.000545,61.1982,0.016057,12.057,,,250.004,8.23241,,,8.74414,5.72415,,
104,10,0.05,1081746,30527720,,,0.00089,60.6517,0.061411,8.57925,,,259.893,8.65042,,,13.3971,6.61451,,
105,10,0.05,1081746,30527720,,,0.000545,62.1695,0.056513,9.56504,,,262.238,8.30326,,,13.4856,5.76194,,
106,10,0.05,1081746,30527720,,,0.000547,59.8418,0.067452,10.8191,,,261.963,8.78843,,,13.7497,6.58324,,
107,10,0.05,1081746,30527720,,,0.00055,58.8478,0.06808,14.039,,,256.927,8.16326,,,13.0626,6.10924,,
108,10,0.05,1081746,30527720,,,0.000561,60.4451,0.065537,9.51229,,,263.554,8.5693,,,13.6372,6.84372,,
109,10,0.05,1081746,30527720,,,0.001065,71.33,0.154573,57.1496,,,287.079,25.2869,,,28.2761,22.771,,
110,10,0.05,1081746,30527720,,,0.001178,59.8121,0.270067,10.2876,,,326.871,8.97943,,,107.156,7.36776,,
111,10,0.05,1081746,30527720,,,0.001059,81.485,0.070919,57.9682,,,281.351,25.8802,,,17.5837,23.3712,,
112,10,0.05,1081746,30527720,,,0.00095,68.8202,0.055955,60.1799,,,278.642,26.8509,,,16.6347,23.3052,,
113,10,0.05,1081746,30527720,,,0.000851,79.2194,0.279801,47.2929,,,322.606,27.0313,,,34.0555,24.2636,,
114,10,0.05,1081746,30527720,,,0.000736,82.7095,0.070815,56.8433,,,281.732,27.0705,,,16.5506,24.9101,,
115,10,0.05,1081746,30527720,,,0.000771,71.568,0.092765,65.9801,,,292.82,33.6711,,,20.9848,31.204,,
116,10,0.05,1081746,30527720,,,0.001142,79.1043,0.335467,34.5535,,,353.959,25.7069,,,52.293,24.1419,,
117,10,0.05,1081746,30527720,,,0.001053,88.6062,0.184052,55.8162,,,305.155,32.2754,,,30.277,30.544,,
118,10,0.05,1081746,30527720,,,0.001052,81.2194,0.100285,61.0454,,,289.058,27.0732,,,21.2108,28.9967,,
39,10,0.1,7357847,61213573,,,0.00071,284.54,0.009442,60.1339,,,246.701,33.4674,,,5.12532,33.0097,,
40,10,0.1,7357847,61213573,,,0.000722,285.686,0.013738,79.7094,,,248.693,34.2279,,,7.09305,35.8397,,
41,10,0.1,7357847,61213573,,,0.000932,284.434,0.049092,86.4623,,,255.774,51.0574,,,13.6051,35.6943,,
42,10,0.1,7357847,61213573,,,0.000713,286.19,0.017711,64.2463,,,248.545,48.5753,,,7.18253,33.1856,,
43,10,0.1,7357847,61213573,,,0.000737,286.561,0.0132,78.3543,,,250.384,53.4764,,,7.68692,38.1586,,
44,10,0.1,7357847,61213573,,,0.000743,292.176,0.057816,69.9318,,,256.84,50.1234,,,11.5427,37.392,,
45,10,0.1,7357847,61213573,,,0.000706,300.799,0.058587,80.8487,,,257.216,48.4741,,,11.4583,37.661,,
46,10,0.1,7357847,61213573,,,0.000729,297.079,0.056264,86.4887,,,259.171,47.9055,,,11.2076,36.0561,,
47,10,0.1,7357847,61213573,,,0.000901,304.02,0.054202,69.0483,,,257.776,71.0334,,,12.3849,61.1522,,
48,10,0.1,7357847,61213573,,,0.000712,298.099,0.040365,50.1344,,,271.987,51.6537,,,9.04336,36.1532,,
49,10,0.1,7357847,61213573,,,0.001121,383.453,0.059352,190.577,,,277.054,140.128,,,18.1073,134.582,,
50,10,0.1,7357847,61213573,,,0.001312,365.97,0.096783,152.634,,,289.724,120.397,,,20.602,118.852,,
51,10,0.1,7357847,61213573,,,0.00148,389.452,0.035479,206.562,,,269.27,138.567,,,14.1633,133.784,,
52,10,0.1,7357847,61213573,,,0.001656,347.349,0.138013,93.6098,,,303.265,73.4169,,,30.1244,76.0511,,
53,10,0.1,7357847,61213573,,,0.001268,370.275,0.109011,198.86,,,284.005,140.39,,,21.4259,140.34,,
54,10,0.1,7357847,61213573,,,0.000994,379.633,0.049844,228.726,,,269.443,153.357,,,15.9077,146.337,,
55,10,0.1,7357847,61213573,,,0.001903,314.566,0.097609,173.076,,,287.101,124.542,,,25.4889,125.41,,
56,10,0.1,7357847,61213573,,,0.001024,345.77,0.107556,214.805,,,274.457,130.609,,,21.5741,157.841,,
57,10,0.1,7357847,61213573,,,0.001443,392.495,0.0938,216.237,,,257.54,204.094,,,15.0348,192.252,,
58,10,0.1,7357847,61213573,,,0.00149,395.925,0.071468,228.787,,,255.188,203.845,,,13.1441,188.048,,
59,10,0.1,5113065,55849231,,,0.000821,220.091,0.010001,44.4339,,,241.96,23.3763,,,4.66214,22.6066,,
60,10,0.1,5113065,55849231,,,0.000829,223.954,0.008996,63.7112,,,246.473,25.1848,,,4.25698,22.1227,,
61,10,0.1,5113065,55849231,,,0.000686,218.94,0.014348,60.2951,,,245.788,37.4111,,,4.81196,34.4316,,
62,10,0.1,5113065,55849231,,,0.000619,224.256,0.013241,51.0586,,,244.904,35.0539,,,4.56512,32.8268,,
63,10,0.1,5113065,55849231,,,0.001107,223.784,0.184351,59.8455,,,272.858,36.679,,,25.1934,32.1331,,
64,10,0.1,5113065,55849231,,,0.001231,229.382,0.205722,44.8195,,,296.164,46.5692,,,44.4827,39.3194,,
65,10,0.1,5113065,55849231,,,0.000618,227.858,0.058822,43.4534,,,265.905,34.9622,,,11.7519,23.846,,
66,10,0.1,5113065,55849231,,,0.000613,228.112,0.057218,46.1007,,,264.548,34.9521,,,11.8159,24.8453,,
67,10,0.1,5113065,55849231,,,0.000691,227.616,0.059004,52.0792,,,267.539,41.3604,,,11.7037,30.096,,
68,10,0.1,5113065,55849231,,,0.00065,229.458,0.063936,40.9269,,,266.527,41.5547,,,11.1942,31.3793,,
69,10,0.1,5113065,55849231,,,0.000904,267.224,0.181237,91.9463,,,309.035,58.7248,,,25.4443,52.3594,,
70,10,0.1,5113065,55849231,,,0.001379,239.614,0.139042,103.852,,,303.464,67.6691,,,27.7233,62.2844,,
71,10,0.1,5113065,55849231,,,0.001378,270.288,0.092226,151.254,,,299.041,93.3218,,,33.1594,83.6444,,
72,10,0.1,5113065,55849231,,,0.001089,274.449,0.066311,181.444,,,281.786,103.884,,,23.1616,95.4378,,
73,10,0.1,5113065,55849231,,,0.001531,302.662,0.076084,174.514,,,294.56,120.734,,,29.6008,114.387,,
74,10,0.1,5113065,55849231,,,0.001345,262.732,0.066457,122.234,,,268.662,76.8221,,,15.2443,72.8262,,
75,10,0.1,5113065,55849231,,,0.001067,258.243,0.090772,129.99,,,280.811,80.997,,,23.39,78.3627,,
76,10,0.1,5113065,55849231,,,0.001186,264.919,0.094463,148.398,,,282.35,121.055,,,25.4947,115.293,,
77,10,0.1,5113065,55849231,,,0.000946,241.64,0.024576,177.066,,,259.726,99.905,,,13.538,87.1015,,
78,10,0.1,5113065,55849231,,,0.00134,266.572,0.064636,157.134,,,274.493,102.864,,,16.4883,92.7171,,
79,10,0.1,1559390,56828994,,,0.001201,90.7189,0.020625,13.9197,,,252.587,11.9251,,,9.18765,9.00561,,
80,10,0.1,1559390,56828994,,,0.000802,89.4633,0.02077,16.8297,,,251.064,12.1705,,,8.63746,8.89684,,
81,10,0.1,1559390,56828994,,,0.000657,90.3533,0.025615,15.182,,,254.515,12.2464,,,9.60045,8.73182,,
82,10,0.1,1559390,56828994,,,0.000607,90.8828,0.025391,13.6742,,,252.536,11.7527,,,8.89556,8.97799,,
83,10,0.1,1559390,56828994,,,0.000574,92.1991,0.025889,16.572,,,253.501,12.1371,,,9.5198,8.65117,,
84,10,0.1,1559390,56828994,,,0.000551,91.2388,0.057986,19.0777,,,260.879,12.0955,,,12.6107,9.36516,,
85,10,0.1,1559390,56828994,,,0.00067,91.1025,0.055578,18.9637,,,267.081,11.8742,,,12.2343,8.59124,,
86,10,0.1,1559390,56828994,,,0.000641,90.9436,0.07412,19.7999,,,273.69,12.1458,,,13.3154,8.74474,,
87,10,0.1,1559390,56828994,,,0.001222,215.123,0.362024,101.821,,,300.502,168.696,,,69.9558,169.928,,
88,10,0.1,1559390,56828994,,,0.000582,91.3334,0.081919,14.7746,,,271.997,12.2155,,,14.8262,9.76486,,
89,10,0.1,1559390,56828994,,,0.001142,126.281,0.091137,102.485,,,282.036,35.6529,,,16.8859,28.7134,,
90,10,0.1,1559390,56828994,,,0.001304,110.879,0.115973,118.434,,,296.925,65.9699,,,27.7832,56.4141,,
91,10,0.1,1559390,56828994,,,0.001229,136.249,0.098764,102.202,,,281.158,41.8832,,,17.1002,35.6813,,
92,10,0.1,1559390,56828994,,,0.001215,108.151,0.094758,117.151,,,289.68,50.1413,,,21.528,42.8391,,
93,10,0.1,1559390,56828994,,,0.001134,156.935,0.249255,90.2173,,,332.89,64.2357,,,37.6309,61.6907,,
94,10,0.1,1559390,56828994,,,0.001848,108.434,0.226633,110.415,,,319.149,64.1432,,,43.6525,58.6043,,
95,10,0.1,1559390,56828994,,,0.001058,173.551,0.145613,116.772,,,296.936,63.5924,,,27.356,66.038,,
96,10,0.1,1559390,56828994,,,0.001449,105.845,0.043353,120.618,,,263.505,44.6993,,,15.2219,38.3201,,
97,10,0.1,1559390,56828994,,,0.001035,90.781,0.128906,20.6924,,,293.619,12.194,,,32.2619,9.67359,,
98,10,0.1,1559390,56828994,,,0.000997,106.67,0.140871,102.727,,,292.021,43.2987,,,29.0857,41.4442,,
99,10,0.1,2163974,60632560,,,0.001004,118.016,0.020745,16.92,,,252.194,16.081,,,8.26975,11.6328,,
100,10,0.1,2163974,60632560,,,0.001194,121.761,0.114802,20.9487,,,263.743,16.7822,,,21.5693,12.786,,
101,10,0.1,2163974,60632560,,,0.000919,124.068,0.104643,25.3338,,,266.106,28.5739,,,16.0251,23.1379,,
102,10,0.1,2163974,60632560,,,0.001311,120.9,0.178123,26.0083,,,274.248,17.7516,,,44.6304,14.6093,,
103,10,0.1,2163974,60632560,,,0.000708,122.449,0.019566,24.0819,,,250.678,16.5389,,,8.53156,11.6348,,
104,10,0.1,2163974,60632560,,,0.000641,122.972,0.064912,17.996,,,264.106,17.5202,,,14.3025,14.2888,,
105,10,0.1,2163974,60632560,,,0.000621,122.605,0.054755,20.4763,,,259.746,16.8204,,,13.0686,13.5786,,
106,10,0.1,2163974,60632560,,,0.000622,121.951,0.066477,21.6126,,,265.779,17.5323,,,14.5237,13.7252,,
107,10,0.1,2163974,60632560,,,0.000839,123.085,0.071207,25.4247,,,262.632,16.5924,,,12.9228,12.5242,,
108,10,0.1,2163974,60632560,,,0.000938,124.696,0.069417,18.9907,,,269.902,17.6323,,,15.3849,13.2106,,
109,10,0.1,2163974,60632560,,,0.001397,148.206,0.105408,118.187,,,297.925,52.1368,,,26.824,46.9106,,
110,10,0.1,2163974,60632560,,,0.001049,123.042,0.220553,20.0064,,,313.75,16.9311,,,65.0231,13.0757,,
111,10,0.1,2163974,60632560,,,0.001214,169.378,0.072747,116.03,,,277.598,51.7187,,,15.9902,46.4023,,
112,10,0.1,2163974,60632560,,,0.001062,142.029,0.056256,126.513,,,274.074,51.6862,,,15.9985,45.4577,,
113,10,0.1,2163974,60632560,,,0.001163,165.025,0.285913,96.2695,,,329.895,56.6372,,,37.6407,49.0691,,
114,10,0.1,2163974,60632560,,,0.001027,168.475,0.081737,119.244,,,280.474,54.0897,,,17.2133,49.6421,,
115,10,0.1,2163974,60632560,,,0.001063,148.732,0.096441,137.767,,,293.187,60.138,,,21.7443,53.3098,,
116,10,0.1,2163974,60632560,,,0.001433,164.169,0.382458,67.1456,,,383.873,48.0586,,,57.905,44.5068,,
117,10,0.1,2163974,60632560,,,0.001192,182.609,0.168271,120.185,,,294.641,57.6681,,,27.0538,54.3644,,
118,10,0.1,2163974,60632560,,,0.001173,166.568,0.116594,127.209,,,281.876,52.987,,,21.0577,53.9562,,
39,10,0.2,14716948,122165475,,,0.000941,567.568,0.00949,123.38,,,241.537,64.7525,,,4.76668,66.4998,,
40,10,0.2,14716948,122165475,,,0.000938,571.074,0.011611,166.586,,,242.351,66.0431,,,4.94934,66.9565,,
41,10,0.2,14716948,122165475,,,0.001048,567.44,0.066072,173.4,,,254.776,95.8975,,,14.9195,71.9507,,
42,10,0.2,14716948,122165475,,,0.00078,564.679,0.012618,141.955,,,244.637,66.8552,,,4.8402,65.0913,,
43,10,0.2,14716948,122165475,,,0.000818,576.637,0.02081,160.279,,,251.997,114.361,,,8.55927,92.5414,,
44,10,0.2,14716948,122165475,,,0.000864,592.154,0.065962,145.397,,,257.347,101.668,,,11.9081,75.2623,,
45,10,0.2,14716948,122165475,,,0.001217,592.706,0.063332,162.011,,,256.169,96.3721,,,11.6151,66.4173,,
46,10,0.2,14716948,122165475,,,0.000997,594.538,0.069394,139.652,,,259.388,96.5447,,,11.7122,72.5082,,
47,10,0.2,14716948,122165475,,,0.001064,607.808,0.059224,130.444,,,267.442,119.252,,,12.1184,93.9976,,
48,10,0.2,14716948,122165475,,,0.001356,594.05,0.045924,105.35,,,261.633,103.124,,,9.11604,73.3546,,
49,10,0.2,14716948,122165475,,,0.001836,735.99,0.032375,451.419,,,269.34,279.331,,,14.2849,260.658,,
50,10,0.2,14716948,122165475,,,0.001329,703.167,0.051338,337.848,,,275.001,255.982,,,16.011,233.385,,
51,10,0.2,14716948,122165475,,,0.001464,744.927,0.031835,419.607,,,268.345,279.535,,,14.0196,264.826,,
52,10,0.2,14716948,122165475,,,0.001482,666.169,0.126662,154.919,,,287.046,107.902,,,26.7252,117.115,,
53,10,0.2,14716948,122165475,,,0.001372,757.353,0.100562,414.552,,,276.678,274.523,,,20.0748,272.666,,
54,10,0.2,14716948,122165475,,,0.001227,779.887,0.042038,440.911,,,266.538,280.943,,,14.9598,258.953,,
55,10,0.2,14716948,122165475,,,0.001489,648.072,0.116793,275.807,,,289.773,227.441,,,25.2611,219.364,,
56,10,0.2,14716948,122165475,,,0.00121,715.309,0.083325,382.762,,,271.049,262.525,,,17.9192,251.876,,
57,10,0.2,14716948,122165475,,,0.001457,782.0,0.091464,411.136,,,265.001,398.311,,,14.92,375.651,,
58,10,0.2,14716948,122165475,,,0.001253,783.412,0.071251,438.903,,,263.858,405.585,,,12.6639,366.534,,
59,10,0.2,10226421,111989334,,,0.001344,435.314,0.008628,85.7548,,,249.387,46.2127,,,4.96787,44.5237,,
60,10,0.2,10226421,111989334,,,0.000912,435.366,0.009178,121.162,,,250.324,49.3567,,,4.32153,44.1552,,
61,10,0.2,10226421,111989334,,,0.000738,430.716,0.016705,114.446,,,249.519,76.8366,,,4.8076,70.7697,,
62,10,0.2,10226421,111989334,,,0.000671,443.674,0.014164,114.089,,,254.499,71.8414,,,4.83487,70.5341,,
63,10,0.2,10226421,111989334,,,0.00126,443.021,0.161368,101.864,,,280.165,67.2312,,,29.5468,63.8982,,
64,10,0.2,10226421,111989334,,,0.001197,451.069,0.233623,99.8126,,,297.977,92.5163,,,60.6332,80.1989,,
65,10,0.2,10226421,111989334,,,0.000944,446.597,0.060865,91.617,,,261.197,67.2888,,,11.2872,50.3684,,
66,10,0.2,10226421,111989334,,,0.0007,448.663,0.068352,73.7891,,,255.878,70.8556,,,11.2155,49.1533,,
67,10,0.2,10226421,111989334,,,0.000969,451.398,0.065958,97.5569,,,257.257,79.5074,,,13.01,63.3576,,
68,10,0.2,10226421,111989334,,,0.001594,452.878,0.072631,88.3457,,,260.879,74.7733,,,12.0448,60.8938,,
69,10,0.2,10226421,111989334,,,0.002127,513.152,0.176049,180.603,,,299.409,116.316,,,25.1575,114.075,,
70,10,0.2,10226421,111989334,,,0.001936,453.587,0.14476,182.819,,,288.863,112.442,,,29.4999,106.57,,
71,10,0.2,10226421,111989334,,,0.001613,517.437,0.10708,324.01,,,287.577,189.441,,,31.4543,179.348,,
72,10,0.2,10226421,111989334,,,0.00135,514.391,0.129655,302.416,,,285.647,195.346,,,24.9896,183.957,,
73,10,0.2,10226421,111989334,,,0.00142,570.898,0.100598,350.623,,,286.545,234.976,,,32.3183,234.311,,
74,10,0.2,10226421,111989334,,,0.001334,499.026,0.073966,251.292,,,274.566,163.159,,,16.9097,150.307,,
75,10,0.2,10226421,111989334,,,0.001448,497.635,0.08892,271.655,,,287.456,163.836,,,24.648,158.868,,
76,10,0.2,10226421,111989334,,,0.001209,534.114,0.084484,323.855,,,290.17,282.55,,,25.9996,256.933,,
77,10,0.2,10226421,111989334,,,0.000841,497.045,0.022842,353.048,,,268.307,197.684,,,12.8667,184.253,,
78,10,0.2,10226421,111989334,,,0.00134,550.71,0.062876,309.981,,,279.833,210.039,,,16.3292,186.275,,
79,10,0.2,3117975,113830909,,,0.000981,188.37,0.019538,32.2286,,,258.407,23.6924,,,8.69195,17.6172,,
80,10,0.2,3117975,113830909,,,0.001012,187.256,0.017933,33.9773,,,250.769,19.6502,,,5.00507,17.7865,,
81,10,0.2,3117975,113830909,,,0.000681,187.765,0.023125,28.5508,,,253.296,23.8034,,,8.9879,17.8988,,
82,10,0.2,3117975,113830909,,,0.000587,190.47,0.025715,30.7725,,,256.32,23.6481,,,9.83234,18.3057,,
83,10,0.2,3117975,113830909,,,0.000582,194.497,0.027796,32.1786,,,252.138,23.7722,,,9.67316,18.5065,,
84,10,0.2,3117975,113830909,,,0.001555,198.476,0.063187,39.2522,,,258.434,24.4594,,,13.114,18.4703,,
85,10,0.2,3117975,113830909,,,0.000959,190.821,0.061756,37.6336,,,259.592,23.5598,,,12.3952,18.2824,,
86,10,0.2,3117975,113830909,,,0.000875,189.677,0.056044,36.0411,,,261.187,23.6907,,,13.2741,18.7443,,
87,10,0.2,3117975,113830909,,,0.001337,446.69,0.318982,207.787,,,297.651,335.575,,,74.1293,357.096,,
88,10,0.2,3117975,113830909,,,0.001059,182.261,0.078272,27.5069,,,273.69,25.2265,,,14.6001,18.3398,,
89,10,0.2,3117975,113830909,,,0.001286,248.404,0.152099,203.61,,,281.0,67.9942,,,18.1259,62.0925,,
90,10,0.2,3117975,113830909,,,0.001154,225.111,0.133154,236.233,,,301.087,131.655,,,30.6916,126.013,,
91,10,0.2,3117975,113830909,,,0.001253,269.707,0.074166,214.323,,,279.421,72.3191,,,17.1432,64.2063,,
92,10,0.2,3117975,113830909,,,0.001087,213.171,0.139162,238.205,,,293.487,93.1027,,,22.8723,88.646,,
93,10,0.2,3117975,113830909,,,0.001089,314.49,0.272114,191.681,,,322.756,144.114,,,39.3033,132.462,,
94,10,0.2,3117975,113830909,,,0.001369,217.132,0.228229,220.455,,,325.557,118.995,,,41.753,112.801,,
95,10,0.2,3117975,113830909,,,0.000994,348.255,0.185806,235.465,,,295.391,135.843,,,30.664,127.63,,
96,10,0.2,3117975,113830909,,,0.001492,212.704,0.045922,256.088,,,264.035,81.6446,,,15.0777,75.524,,
97,10,0.2,3117975,113830909,,,0.001141,183.819,0.123422,38.2023,,,289.447,24.6119,,,30.5966,20.0146,,
98,10,0.2,3117975,113830909,,,0.001222,211.708,0.17482,223.19,,,300.313,74.0119,,,31.43,70.3047,,
99,10,0.2,4330842,121206579,,,0.000699,239.99,0.024647,50.5269,,,250.552,31.133,,,8.10904,22.7772,,
100,10,0.2,4330842,121206579,,,0.001268,239.868,0.122214,34.1198,,,263.921,32.1415,,,20.5785,23.3184,,
101,10,0.2,4330842,121206579,,,0.000768,238.774,0.092401,67.2413,,,267.341,47.3305,,,16.4377,38.9364,,
102,10,0.2,4330842,121206579,,,0.001168,247.757,0.193878,51.9218,,,283.108,35.6352,,,38.7283,25.9268,,
103,10,0.2,4330842,121206579,,,0.000596,247.674,0.019043,51.9774,,,261.039,33.478,,,8.48196,22.8966,,
104,10,0.2,4330842,121206579,,,0.000742,249.7,0.07157,37.3124,,,272.242,35.1201,,,13.1302,26.6998,,
105,10,0.2,4330842,121206579,,,0.000791,253.195,0.071859,52.8038,,,269.714,33.1277,,,12.5091,23.3097,,
106,10,0.2,4330842,121206579,,,0.000963,250.009,0.074408,50.4344,,,266.452,34.099,,,12.2406,25.5181,,
107,10,0.2,4330842,121206579,,,0.000744,251.297,0.071776,55.9371,,,271.957,33.6908,,,13.9665,24.7329,,
108,10,0.2,4330842,121206579,,,0.000871,248.964,0.067577,37.9704,,,272.277,34.1097,,,13.048,25.5736,,
109,10,0.2,4330842,121206579,,,0.001632,296.024,0.131682,255.245,,,292.779,104.33,,,24.7818,92.7536,,
110,10,0.2,4330842,121206579,,,0.00132,248.237,0.353407,40.7352,,,335.552,35.8087,,,104.416,29.3365,,
111,10,0.2,4330842,121206579,,,0.001108,337.871,0.078614,256.383,,,273.212,97.4361,,,15.6244,89.8986,,
112,10,0.2,4330842,121206579,,,0.001021,288.712,0.066803,253.797,,,268.948,102.219,,,16.5113,91.1298,,
113,10,0.2,4330842,121206579,,,0.001216,333.481,0.29029,201.764,,,306.295,91.2606,,,31.2851,83.5597,,
114,10,0.2,4330842,121206579,,,0.001163,343.047,0.16063,231.034,,,296.149,107.704,,,23.2143,110.24,,
115,10,0.2,4330842,121206579,,,0.001168,284.038,0.092883,265.466,,,280.525,111.869,,,19.2979,102.775,,
116,10,0.2,4330842,121206579,,,0.001363,310.472,0.462944,139.912,,,358.252,96.5064,,,57.389,91.3909,,
117,10,0.2,4330842,121206579,,,0.001304,354.068,0.188558,236.703,,,293.669,125.95,,,25.1309,112.976,,
118,10,0.2,4330842,121206579,,,0.001395,322.926,0.124705,236.694,,,295.28,105.501,,,22.0781,106.117,,
119,1,0.0,140953,3386034,,,0.00177,10.2735,0.044251,9.59727,,,252.875,1.59229,,,11.6635,3.67913,,
120,1,0.0,140953,3386034,,,0.001081,7.63238,0.060453,1.14294,,,252.373,0.623125,,,4.41913,0.637112,,
121,1,0.0,140953,3386034,,,0.001023,11.9921,0.166905,7.52414,,,298.2,4.6573,,,31.7545,4.17019,,
122,1,0.0,140953,3386034,,,0.00106,9.95993,0.171857,7.23161,,,302.533,5.1453,,,33.1329,4.61515,,
123,1,0.0,140953,3386034,,,0.00107,9.05336,0.032444,5.12956,,,256.588,1.63769,,,9.53568,2.77387,,
124,1,0.0,140953,3386034,,,0.000789,7.07142,0.051958,1.01128,,,253.586,0.652437,,,4.32368,0.627576,,
125,1,0.0,140953,3386034,,,0.000885,8.81876,0.148793,7.45477,,,287.133,4.37275,,,27.2006,3.88579,,
126,1,0.0,140953,3386034,,,0.000774,8.54838,0.076104,8.02066,,,293.841,4.07287,,,26.0854,3.32197,,
127,1,0.0,140953,3386034,,,0.000843,8.32801,0.025305,9.04131,,,260.531,1.6095,,,8.88475,3.53848,,
128,1,0.0,140953,3386034,,,0.000703,7.12331,0.058583,1.05938,,,260.551,0.658577,,,4.18392,0.597381,,
129,1,0.0,140953,3386034,,,0.000855,8.10981,0.124921,6.89895,,,304.335,3.87072,,,32.3934,3.4347,,
130,1,0.0,140953,3386034,,,0.000851,9.25401,0.196727,5.64963,,,326.215,3.68226,,,39.0054,3.03895,,
131,1,0.0,140953,3386034,,,0.000848,8.68445,0.109407,7.52973,,,295.4,5.40984,,,30.8557,5.02118,,
132,1,0.0,140953,3386034,,,0.000808,10.0382,0.11638,6.13291,,,297.801,3.10045,,,28.4906,2.7189,,
133,1,0.0,140953,3386034,,,0.00081,8.94623,0.138904,6.27816,,,304.937,3.47388,,,29.0376,3.0243,,
134,1,0.0,140953,3386034,,,0.000752,8.40774,0.092198,6.60242,,,294.055,3.83801,,,26.4546,3.39947,,
135,1,0.0,402119,15889185,,,0.001007,28.1685,0.081323,4.97096,,,259.054,3.35023,,,17.4372,2.78964,,
136,1,0.0,402119,15889185,,,0.000881,28.0696,0.150223,3.57954,,,281.482,3.41353,,,40.779,2.83929,,
137,1,0.0,402119,15889185,,,0.001063,35.0903,0.06376,32.6009,,,274.797,16.513,,,22.6004,16.2368,,
138,1,0.0,402119,15889185,,,0.001025,34.1362,0.089818,32.9594,,,278.388,17.003,,,26.0681,15.248,,
139,1,0.0,402119,15889185,,,0.000962,27.347,0.158573,3.60377,,,282.487,3.70264,,,35.1755,3.32943,,
140,1,0.0,402119,15889185,,,0.000847,27.7874,0.142542,4.25938,,,276.521,3.37386,,,34.3362,2.79709,,
141,1,0.0,402119,15889185,,,0.001028,34.251,0.081331,32.6493,,,280.085,12.5506,,,24.9039,11.1245,,
142,1,0.0,402119,15889185,,,0.000864,31.8285,0.126873,31.7869,,,296.261,12.0506,,,27.2329,11.7738,,
143,1,0.0,402119,15889185,,,0.000849,27.1053,0.162999,3.39672,,,285.147,4.36858,,,36.4179,3.52542,,
144,1,0.0,402119,15889185,,,0.000783,28.4906,0.182977,3.14909,,,293.791,3.49933,,,56.8165,2.80516,,
145,1,0.0,402119,15889185,,,0.001321,30.2397,0.133985,31.0378,,,307.816,12.5735,,,32.7372,11.9077,,
146,1,0.0,402119,15889185,,,0.000994,33.9258,0.141681,30.3126,,,294.647,21.5501,,,28.9599,19.7641,,
147,1,0.0,402119,15889185,,,0.001114,32.9235,0.159385,28.4335,,,315.324,13.3873,,,33.7134,12.1773,,
148,1,0.0,402119,15889185,,,0.001221,34.0417,0.124672,28.9176,,,296.561,20.0774,,,27.9644,18.0515,,
149,1,0.0,402119,15889185,,,0.001477,32.0796,0.058786,34.6395,,,277.576,12.2515,,,21.5538,11.0856,,
150,1,0.0,402119,15889185,,,0.001054,34.6311,0.155231,29.6529,,,305.993,16.5086,,,32.6887,16.0918,,
151,1,0.0,1715,3813,,,0.001341,0.061807,0.065628,0.014126,,,264.196,0.024069,,,14.4016,0.017946,,
152,1,0.0,1715,3813,,,0.000375,0.082199,0.058332,0.012841,,,272.557,0.014535,,,14.3527,0.008751,,
153,1,0.0,1715,3813,,,0.000337,0.070227,0.072285,0.018338,,,265.075,0.026108,,,18.0366,0.018636,,
154,1,0.0,1715,3813,,,0.000189,0.069079,0.047952,0.019129,,,265.569,0.027403,,,18.4971,0.020414,,
155,1,0.0,1715,3813,,,0.000276,0.066993,0.0625,0.015305,,,258.78,0.025584,,,15.5016,0.019704,,
156,1,0.0,1715,3813,,,0.000295,0.062315,0.064749,0.013526,,,263.97,0.008756,,,6.41077,0.007268,,
157,1,0.0,1715,3813,,,0.000205,0.068756,0.064783,0.019591,,,265.003,0.025851,,,18.3493,0.019372,,
158,1,0.0,1715,3813,,,0.000195,0.067343,0.036702,0.018625,,,265.964,0.025498,,,17.3938,0.019092,,
159,1,0.0,1715,3813,,,0.00023,0.068081,0.035667,0.014052,,,263.227,0.025286,,,18.3203,0.019158,,
160,1,0.0,1715,3813,,,0.000252,0.062413,0.060549,0.014168,,,267.442,0.009024,,,6.74599,0.007911,,
161,1,0.0,1715,3813,,,0.000189,0.068857,0.065846,0.018923,,,263.541,0.024878,,,19.2134,0.018481,,
162,1,0.0,1715,3813,,,0.000187,0.067999,0.057723,0.019076,,,261.749,0.024479,,,18.4954,0.017235,,
163,1,0.0,1715,3813,,,0.000186,0.06956,0.063354,0.019247,,,265.765,0.024161,,,18.0528,0.019444,,
164,1,0.0,1715,3813,,,0.000191,0.067714,0.035694,0.018515,,,262.866,0.024551,,,17.4468,0.018148,,
165,1,0.0,1715,3813,,,0.000186,0.06867,0.064362,0.019257,,,274.376,0.025406,,,18.8949,0.018471,,
166,1,0.0,1715,3813,,,0.000184,0.074659,0.051999,0.019221,,,264.456,0.027621,,,14.6408,0.021037,,
167,1,0.0,411161,6594772,,,0.000694,19.0579,0.116237,4.82215,,,287.106,3.57609,,,29.1211,2.75739,,
168,1,0.0,411161,6594772,,,0.000568,19.7617,0.103427,5.21691,,,275.633,5.70241,,,23.6515,4.45907,,
169,1,0.0,411161,6594772,,,0.00088,22.2654,0.144003,18.6344,,,293.571,13.0258,,,25.9881,12.9133,,
170,1,0.0,411161,6594772,,,0.000926,23.8069,0.126986,17.4167,,,303.178,12.4309,,,29.3598,10.6462,,
171,1,0.0,411161,6594772,,,0.001437,20.0366,0.128015,4.03363,,,285.021,3.50034,,,28.767,2.94199,,
172,1,0.0,411161,6594772,,,0.000806,20.3223,0.124014,4.73965,,,280.055,6.57573,,,24.0439,5.55991,,
173,1,0.0,411161,6594772,,,0.001715,23.6447,0.163014,16.2272,,,289.676,12.1534,,,26.1196,11.2982,,
174,1,0.0,411161,6594772,,,0.00086,22.0561,0.155988,14.1064,,,311.364,9.66983,,,32.6431,8.95714,,
175,1,0.0,411161,6594772,,,0.000997,19.8788,0.117731,3.99984,,,285.847,3.36004,,,29.7555,2.6274,,
176,1,0.0,411161,6594772,,,0.000989,19.0076,0.127894,3.29671,,,273.427,4.26773,,,24.5053,2.96601,,
177,1,0.0,411161,6594772,,,0.000879,23.5253,0.135635,16.3804,,,275.18,12.765,,,21.4842,11.817,,
178,1,0.0,411161,6594772,,,0.000976,23.19,0.114284,15.9058,,,285.393,10.0606,,,28.1857,9.71941,,
179,1,0.0,411161,6594772,,,0.000906,34.4855,0.153467,16.0142,,,278.084,13.1378,,,22.0459,11.8939,,
180,1,0.0,411161,6594772,,,0.001313,32.1868,0.228677,16.3208,,,286.858,11.4976,,,24.3526,10.7102,,
181,1,0.0,411161,6594772,,,0.001426,23.6928,0.157642,11.4505,,,302.899,8.53742,,,37.4545,8.09653,,
182,1,0.0,411161,6594772,,,0.000973,22.1066,0.145793,12.6104,,,302.341,10.0218,,,34.0382,9.32955,,
183,1,0.0,494564,24152953,,,0.00103,39.5061,0.080262,6.63724,,,270.045,4.35196,,,22.323,3.61846,,
184,1,0.0,494564,24152953,,,0.000843,37.8586,0.146294,7.526,,,275.039,6.28122,,,27.1851,5.27167,,
185,1,0.0,494564,24152953,,,0.00087,46.0469,0.059118,53.2377,,,270.982,21.772,,,21.9241,18.4572,,
186,1,0.0,494564,24152953,,,0.00115,56.5682,0.117185,48.2985,,,288.132,17.258,,,27.1713,17.098,,
187,1,0.0,494564,24152953,,,0.001062,38.9121,0.163477,6.32954,,,267.319,4.39254,,,26.2967,3.54879,,
188,1,0.0,494564,24152953,,,0.000931,39.4165,0.112062,7.95546,,,279.246,10.8403,,,22.1331,8.75339,,
189,1,0.0,494564,24152953,,,0.001009,44.5366,0.152855,47.6612,,,305.066,23.0355,,,32.0564,20.3076,,
190,1,0.0,494564,24152953,,,0.001148,46.1028,0.105902,47.1884,,,298.982,23.5904,,,28.7815,21.6185,,
191,1,0.0,494564,24152953,,,0.001018,36.9589,0.122792,4.6824,,,271.365,4.0785,,,21.8369,3.50944,,
192,1,0.0,494564,24152953,,,0.000957,38.9107,0.202427,5.75487,,,294.598,4.42833,,,45.9652,3.3063,,
193,1,0.0,494564,24152953,,,0.000981,56.5736,0.173054,45.9955,,,322.421,23.0267,,,34.4662,19.7378,,
194,1,0.0,494564,24152953,,,0.000943,47.1073,0.092733,49.9565,,,291.955,25.3636,,,25.095,22.0076,,
195,1,0.0,494564,24152953,,,0.001215,48.6703,0.175008,50.6274,,,311.345,24.6393,,,33.045,21.7286,,
196,1,0.0,494564,24152953,,,0.001141,57.4513,0.158854,46.8149,,,302.163,19.0319,,,28.3326,17.2264,,
197,1,0.0,494564,24152953,,,0.001107,55.105,0.169031,45.9662,,,317.739,21.7103,,,34.4058,19.0272,,
198,1,0.0,494564,24152953,,,0.000951,48.8912,0.06449,51.552,,,280.535,18.416,,,22.2941,16.1259,,
199,1,0.0,56749,663585,,,0.001371,2.58208,0.096401,0.547927,,,259.827,0.409769,,,15.1844,0.303933,,
200,1,0.0,56749,663585,,,0.000703,2.61085,0.102957,0.47074,,,267.376,0.41841,,,22.4086,0.308831,,
201,1,0.0,56749,663585,,,0.000749,3.10157,0.091796,1.9421,,,269.509,1.25449,,,22.085,1.1747,,
202,1,0.0,56749,663585,,,0.000988,3.56589,0.111847,2.11067,,,264.075,2.29989,,,20.6105,2.0479,,
203,1,0.0,56749,663585,,,0.000727,2.41319,0.114945,0.539954,,,262.279,0.433873,,,15.9006,0.321656,,
204,1,0.0,56749,663585,,,0.000587,2.4331,0.102582,0.666702,,,274.222,0.437934,,,23.1995,0.327803,,
205,1,0.0,56749,663585,,,0.00101,3.75672,0.115449,1.9784,,,268.52,2.42672,,,19.2433,2.10813,,
206,1,0.0,56749,663585,,,0.000889,3.62624,0.147419,1.96489,,,269.092,2.37563,,,21.7813,2.17547,,
207,1,0.0,56749,663585,,,0.000747,2.52198,0.086462,0.669631,,,266.878,0.567611,,,16.6257,0.490055,,
208,1,0.0,56749,663585,,,0.000659,2.61413,0.101541,0.659775,,,274.781,0.443223,,,23.1944,0.303514,,
209,1,0.0,56749,663585,,,0.000911,2.72651,0.261722,1.58584,,,281.764,1.71543,,,25.7294,1.43868,,
210,1,0.0,56749,663585,,,0.000907,2.71397,0.256946,1.26448,,,289.691,1.28389,,,31.7931,1.07289,,
211,1,0.0,56749,663585,,,0.000701,2.96091,0.203096,1.81701,,,298.357,2.43447,,,26.5138,2.03589,,
212,1,0.0,56749,663585,,,0.000816,2.78827,0.20297,1.46708,,,291.327,1.25199,,,26.7856,1.0751,,
213,1,0.0,56749,663585,,,0.000733,3.52682,0.144783,1.91536,,,280.863,2.04727,,,19.7294,1.73273,,
214,1,0.0,56749,663585,,,0.000984,3.51019,0.172457,1.91638,,,276.443,2.3158,,,21.3826,1.99451,,
119,2,0.0,140953,3386034,,,0.001671,10.1107,0.044584,9.59038,,,253.7,1.63372,,,11.165,3.41364,,
120,2,0.0,140953,3386034,,,0.0011,7.60422,0.061437,1.09549,,,253.82,0.646604,,,4.24373,0.583773,,
121,2,0.0,140953,3386034,,,0.00115,11.9838,0.152287,7.00044,,,292.814,4.73089,,,32.0242,4.32281,,
122,2,0.0,140953,3386034,,,0.001028,10.0553,0.16855,7.04541,,,302.625,5.24702,,,33.7421,4.69709,,
123,2,0.0,140953,3386034,,,0.000855,8.90183,0.035138,5.15031,,,254.457,1.64488,,,9.60502,2.76653,,
124,2,0.0,140953,3386034,,,0.000874,6.96698,0.050444,1.00699,,,255.9,0.631515,,,4.09506,0.598703,,
125,2,0.0,140953,3386034,,,0.000964,8.86451,0.149314,7.70162,,,284.64,4.35165,,,26.2307,4.01114,,
126,2,0.0,140953,3386034,,,0.00069,8.81638,0.083534,8.63421,,,282.738,3.8966,,,27.622,3.53411,,
127,2,0.0,140953,3386034,,,0.000787,8.44905,0.027889,9.03562,,,261.823,1.61266,,,9.16254,3.47116,,
128,2,0.0,140953,3386034,,,0.000722,7.432,0.049194,0.993209,,,263.471,0.655664,,,4.12444,0.569095,,
129,2,0.0,140953,3386034,,,0.000812,8.78679,0.131021,6.40484,,,305.944,3.8982,,,31.4086,3.58134,,
130,2,0.0,140953,3386034,,,0.000852,9.53194,0.197685,5.77991,,,328.673,3.63304,,,40.7915,3.3958,,
131,2,0.0,140953,3386034,,,0.000938,8.32571,0.116386,6.88104,,,296.664,5.39767,,,30.9625,5.12974,,
132,2,0.0,140953,3386034,,,0.00072,9.48265,0.125506,5.64048,,,295.965,3.0351,,,27.3123,2.8086,,
133,2,0.0,140953,3386034,,,0.000798,9.03257,0.140619,6.37927,,,304.835,3.4451,,,30.8687,3.17979,,
134,2,0.0,140953,3386034,,,0.00084,8.51228,0.113937,6.43998,,,294.282,3.88906,,,27.7931,3.50531,,
135,2,0.0,402119,15889185,,,0.001681,27.8715,0.089949,4.99282,,,264.298,3.35899,,,16.6423,2.75287,,
136,2,0.0,402119,15889185,,,0.000902,27.121,0.154409,3.67801,,,282.26,3.37255,,,41.7559,3.00358,,
137,2,0.0,402119,15889185,,,0.001072,34.1027,0.062773,33.0431,,,275.083,16.6125,,,22.7488,16.0062,,
138,2,0.0,402119,15889185,,,0.001152,35.2319,0.098958,34.1883,,,278.78,17.0231,,,24.3262,15.4839,,
139,2,0.0,402119,15889185,,,0.00092,28.9966,0.137156,3.36141,,,282.805,3.72833,,,36.5336,3.43696,,
140,2,0.0,402119,15889185,,,0.001414,32.1801,0.128187,3.86821,,,276.432,3.35062,,,33.4451,2.56103,,
141,2,0.0,402119,15889185,,,0.001246,36.7183,0.074497,32.0585,,,279.122,12.6284,,,24.9478,11.8368,,
142,2,0.0,402119,15889185,,,0.001304,34.6726,0.126108,32.1231,,,287.97,12.0944,,,27.641,11.7968,,
143,2,0.0,402119,15889185,,,0.001061,29.0378,0.184991,3.65309,,,276.142,4.37795,,,36.2536,3.58987,,
144,2,0.0,402119,15889185,,,0.000966,29.0767,0.207911,3.4499,,,284.906,3.49366,,,57.1779,2.92335,,
145,2,0.0,402119,15889185,,,0.001189,32.6074,0.150466,29.9366,,,303.79,12.517,,,32.316,11.4621,,
146,2,0.0,402119,15889185,,,0.001079,36.0819,0.112486,30.4431,,,292.023,21.3268,,,30.4921,19.8236,,
147,2,0.0,402119,15889185,,,0.000982,33.6489,0.157864,28.5179,,,314.573,13.5648,,,33.3501,11.7055,,
148,2,0.0,402119,15889185,,,0.001319,34.8633,0.131953,30.5151,,,304.34,20.3085,,,29.3604,18.7853,,
149,2,0.0,402119,15889185,,,0.001066,32.7484,0.062118,32.7846,,,280.152,12.4695,,,21.1924,11.0287,,
150,2,0.0,402119,15889185,,,0.001252,35.9465,0.152893,30.9588,,,302.846,16.4285,,,31.0243,16.5117,,
151,2,0.0,1715,3813,,,0.001233,0.062944,0.065769,0.014011,,,266.895,0.024605,,,14.897,0.018316,,
152,2,0.0,1715,3813,,,0.000378,0.056893,0.060861,0.011628,,,272.273,0.014562,,,14.4946,0.00875,,
153,2,0.0,1715,3813,,,0.000235,0.062802,0.06528,0.026827,,,270.022,0.024589,,,18.5652,0.01965,,
154,2,0.0,1715,3813,,,0.000183,0.069936,0.066254,0.021213,,,273.051,0.027021,,,19.0577,0.021265,,
155,2,0.0,1715,3813,,,0.00029,0.081917,0.065926,0.01435,,,260.999,0.024722,,,15.9629,0.02099,,
156,2,0.0,1715,3813,,,0.000314,0.062649,0.070882,0.014794,,,265.694,0.009477,,,6.80823,0.008222,,
157,2,0.0,1715,3813,,,0.000197,0.068909,0.067684,0.021861,,,265.569,0.025688,,,19.3194,0.019883,,
158,2,0.0,1715,3813,,,0.000189,0.067913,0.040367,0.020494,,,268.214,0.025411,,,18.2434,0.019833,,
159,2,0.0,1715,3813,,,0.000232,0.067556,0.037151,0.015902,,,264.159,0.024805,,,17.572,0.019446,,
160,2,0.0,1715,3813,,,0.000257,0.06231,0.063583,0.015631,,,263.485,0.009157,,,6.53892,0.007652,,
161,2,0.0,1715,3813,,,0.000186,0.068644,0.063777,0.020653,,,264.092,0.025361,,,19.8064,0.01997,,
162,2,0.0,1715,3813,,,0.000184,0.068054,0.051716,0.020766,,,263.588,0.025193,,,19.265,0.020608,,
163,2,0.0,1715,3813,,,0.000181,0.069499,0.081288,0.02164,,,265.603,0.025159,,,19.4621,0.020992,,
164,2,0.0,1715,3813,,,0.000183,0.067324,0.050785,0.021169,,,263.399,0.023712,,,18.5013,0.019728,,
165,2,0.0,1715,3813,,,0.000183,0.068694,0.063901,0.021846,,,267.324,0.025468,,,18.3705,0.019951,,
166,2,0.0,1715,3813,,,0.000185,0.070704,0.058201,0.021774,,,252.918,0.034798,,,13.4734,0.019225,,
167,2,0.0,411161,6594772,,,0.000868,18.7724,0.12694,5.21505,,,287.815,3.57356,,,29.614,3.00342,,
168,2,0.0,411161,6594772,,,0.000799,20.301,0.132334,5.92289,,,278.734,5.76433,,,24.3837,4.60732,,
169,2,0.0,411161,6594772,,,0.000945,23.2264,0.155685,19.8837,,,293.244,13.2373,,,25.7494,12.2647,,
170,2,0.0,411161,6594772,,,0.000999,23.9856,0.151088,17.9567,,,298.111,12.6614,,,28.664,11.3402,,
171,2,0.0,411161,6594772,,,0.001099,18.796,0.133185,3.94416,,,285.452,3.58406,,,28.7225,2.97882,,
172,2,0.0,411161,6594772,,,0.000699,19.5848,0.120832,4.54744,,,278.917,6.60581,,,23.4718,5.1564,,
173,2,0.0,411161,6594772,,,0.001136,23.8058,0.161443,16.4243,,,291.012,12.5016,,,25.9429,12.1468,,
174,2,0.0,411161,6594772,,,0.000982,22.295,0.190759,14.9039,,,312.543,9.70389,,,33.5865,8.86587,,
175,2,0.0,411161,6594772,,,0.001056,19.5209,0.118367,3.93847,,,284.986,3.34995,,,28.4146,2.76573,,
176,2,0.0,411161,6594772,,,0.000739,18.7664,0.135944,3.42382,,,278.44,4.2254,,,26.0347,3.1958,,
177,2,0.0,411161,6594772,,,0.000941,22.6808,0.133899,17.5575,,,272.56,13.0448,,,22.2228,11.8003,,
178,2,0.0,411161,6594772,,,0.000857,23.7487,0.139396,16.6984,,,283.743,9.9155,,,27.566,8.84239,,
179,2,0.0,411161,6594772,,,0.001004,34.7057,0.165496,16.5342,,,275.399,12.9487,,,22.056,12.7492,,
180,2,0.0,411161,6594772,,,0.000971,30.2077,0.207765,15.467,,,286.443,11.6505,,,25.8041,10.2458,,
181,2,0.0,411161,6594772,,,0.00099,23.2738,0.17291,12.4985,,,303.948,8.55421,,,35.233,7.78198,,
182,2,0.0,411161,6594772,,,0.000882,20.6153,0.164571,14.231,,,300.549,10.0382,,,35.3498,9.32022,,
183,2,0.0,494564,24152953,,,0.000926,39.6639,0.108201,7.23917,,,270.139,4.27981,,,21.4343,3.57902,,
184,2,0.0,494564,24152953,,,0.000837,40.9655,0.146408,7.99868,,,289.638,6.26647,,,25.696,5.47945,,
185,2,0.0,494564,24152953,,,0.00087,45.5543,0.065615,55.268,,,270.559,21.4068,,,23.4238,18.1927,,
186,2,0.0,494564,24152953,,,0.000967,56.1494,0.113655,50.6957,,,288.799,17.8127,,,27.3557,15.7452,,
187,2,0.0,494564,24152953,,,0.000866,39.1589,0.152587,7.00782,,,277.645,4.40211,,,25.9652,3.79922,,
188,2,0.0,494564,24152953,,,0.000881,39.7758,0.136553,8.77896,,,280.391,10.7237,,,23.2365,8.68541,,
189,2,0.0,494564,24152953,,,0.001084,45.3765,0.173398,48.4289,,,302.342,23.2653,,,31.0882,20.5021,,
190,2,0.0,494564,24152953,,,0.001258,48.3759,0.133315,49.5501,,,295.708,23.6243,,,29.9294,20.5886,,
191,2,0.0,494564,24152953,,,0.001306,37.0793,0.138745,4.87407,,,272.725,4.1839,,,20.0449,3.18446,,
192,2,0.0,494564,24152953,,,0.000982,38.1451,0.206683,5.61158,,,290.324,4.3238,,,45.6141,3.4562,,
193,2,0.0,494564,24152953,,,0.000964,60.3313,0.175098,46.5315,,,310.331,22.6185,,,33.5782,18.3412,,
194,2,0.0,494564,24152953,,,0.001766,46.9941,0.097628,54.1252,,,292.872,25.3703,,,25.9406,23.6933,,
195,2,0.0,494564,24152953,,,0.001285,45.4512,0.193133,50.8807,,,312.482,24.8728,,,33.4931,20.7882,,
196,2,0.0,494564,24152953,,,0.000942,55.6171,0.153937,49.0834,,,301.565,19.06,,,28.8983,17.8048,,
197,2,0.0,494564,24152953,,,0.000987,54.2539,0.167507,44.4595,,,315.04,21.7789,,,33.8505,18.1501,,
198,2,0.0,494564,24152953,,,0.000946,48.6724,0.059387,53.4527,,,274.757,18.8088,,,22.6053,16.9866,,
199,2,0.0,56749,663585,,,0.001261,2.63671,0.10639,0.567532,,,259.455,0.418283,,,15.3421,0.301574,,
200,2,0.0,56749,663585,,,0.000813,2.71722,0.096509,0.489982,,,268.018,0.420572,,,22.4593,0.283932,,
201,2,0.0,56749,663585,,,0.001037,3.12993,0.083456,2.01297,,,272.367,1.25513,,,21.2521,1.03974,,
202,2,0.0,56749,663585,,,0.001008,3.4836,0.111337,2.0845,,,261.72,2.37182,,,19.1903,2.10964,,
203,2,0.0,56749,663585,,,0.000865,2.41618,0.109769,0.563938,,,263.406,0.432377,,,16.5174,0.350268,,
204,2,0.0,56749,663585,,,0.000616,2.40788,0.090751,0.706244,,,271.15,0.456182,,,24.0693,0.290992,,
205,2,0.0,56749,663585,,,0.000848,3.4919,0.121204,2.04315,,,261.74,2.45662,,,18.9665,2.11422,,
206,2,0.0,56749,663585,,,0.000789,3.47896,0.157368,2.00777,,,267.836,2.39472,,,20.4782,1.99835,,
207,2,0.0,56749,663585,,,0.000746,2.41799,0.097829,0.664011,,,265.582,0.594582,,,17.2615,0.489167,,
208,2,0.0,56749,663585,,,0.000538,2.71098,0.121856,0.681109,,,273.378,0.460464,,,24.8327,0.301826,,
209,2,0.0,56749,663585,,,0.000903,2.91873,0.304078,1.40318,,,280.699,1.69424,,,25.7256,1.43529,,
210,2,0.0,56749,663585,,,0.000892,2.85965,0.229987,1.3561,,,288.395,1.30925,,,30.5295,1.06133,,
211,2,0.0,56749,663585,,,0.000809,3.09948,0.240874,1.81805,,,294.997,2.40198,,,27.2879,2.19567,,
212,2,0.0,56749,663585,,,0.000786,2.97345,0.202475,1.39851,,,292.161,1.29745,,,26.7185,1.07886,,
213,2,0.0,56749,663585,,,0.000809,3.48049,0.146792,1.73828,,,277.342,2.02361,,,19.5222,1.73679,,
214,2,0.0,56749,663585,,,0.000869,3.45363,0.145048,1.91602,,,271.172,2.32518,,,20.8139,1.925,,
119,3,0.0,140953,3386034,,,0.001477,10.0151,0.043104,9.81601,,,260.071,1.58556,,,11.3561,3.52563,,
120,3,0.0,140953,3386034,,,0.001096,7.46899,0.063227,1.12013,,,264.526,0.618607,,,4.33483,0.634508,,
121,3,0.0,140953,3386034,,,0.001132,11.9321,0.166715,7.58346,,,299.262,4.76208,,,32.869,4.22379,,
122,3,0.0,140953,3386034,,,0.001005,10.0307,0.185495,7.88269,,,310.25,5.19296,,,32.5687,4.45151,,
123,3,0.0,140953,3386034,,,0.000885,8.29193,0.034683,5.76432,,,261.887,1.66759,,,9.10851,2.48064,,
124,3,0.0,140953,3386034,,,0.000901,6.81486,0.055557,1.07206,,,259.526,0.662758,,,3.87555,0.575893,,
125,3,0.0,140953,3386034,,,0.000779,8.27832,0.167887,8.12707,,,291.437,4.33114,,,25.018,4.15367,,
126,3,0.0,140953,3386034,,,0.000704,8.79111,0.08425,8.58645,,,290.963,3.84567,,,27.0529,3.33385,,
127,3,0.0,140953,3386034,,,0.000757,7.925,0.025613,9.35042,,,254.876,1.59649,,,8.68002,3.61209,,
128,3,0.0,140953,3386034,,,0.00064,7.33636,0.053936,1.02989,,,256.295,0.617234,,,3.99554,0.565555,,
129,3,0.0,140953,3386034,,,0.00075,8.71341,0.130329,6.61748,,,298.387,3.882,,,29.9709,3.23718,,
130,3,0.0,140953,3386034,,,0.000789,9.85962,0.198393,6.00756,,,321.451,3.64938,,,38.5243,3.05995,,
131,3,0.0,140953,3386034,,,0.000711,8.32319,0.129903,7.29961,,,288.118,5.3844,,,29.5786,4.86939,,
132,3,0.0,140953,3386034,,,0.000638,9.37181,0.125927,5.87935,,,288.885,3.02505,,,26.9266,2.5795,,
133,3,0.0,140953,3386034,,,0.000822,8.91871,0.142861,6.46535,,,296.597,3.43392,,,29.7277,3.03751,,
134,3,0.0,140953,3386034,,,0.000678,7.8574,0.13964,7.00241,,,292.753,4.00773,,,25.7655,3.40117,,
135,3,0.0,402119,15889185,,,0.000997,26.3459,0.08064,5.1549,,,267.02,3.41277,,,15.9023,2.57168,,
136,3,0.0,402119,15889185,,,0.000802,26.5341,0.14888,3.79164,,,288.45,3.45097,,,42.384,2.70935,,
137,3,0.0,402119,15889185,,,0.000831,32.4595,0.064314,35.7491,,,283.352,16.6168,,,22.1074,15.1242,,
138,3,0.0,402119,15889185,,,0.000867,32.4223,0.100303,34.2978,,,284.119,17.3626,,,23.5489,14.457,,
139,3,0.0,402119,15889185,,,0.00084,26.1552,0.138241,3.46168,,,289.559,3.76136,,,34.9696,3.44615,,
140,3,0.0,402119,15889185,,,0.00079,26.1426,0.141501,3.92134,,,283.268,3.3654,,,32.1585,2.5527,,
141,3,0.0,402119,15889185,,,0.000913,33.4768,0.074899,33.5819,,,289.4,12.6762,,,23.0499,10.8495,,
142,3,0.0,402119,15889185,,,0.000853,31.1146,0.139383,34.4636,,,297.241,12.0271,,,27.1004,11.5962,,
143,3,0.0,402119,15889185,,,0.000837,25.6973,0.182248,3.59347,,,285.775,4.43784,,,36.0888,3.27133,,
144,3,0.0,402119,15889185,,,0.000874,26.3879,0.20176,3.49198,,,295.931,3.46372,,,56.6367,2.70625,,
145,3,0.0,402119,15889185,,,0.001177,29.7456,0.144056,31.1939,,,300.36,12.5314,,,30.31,10.984,,
146,3,0.0,402119,15889185,,,0.001004,32.51,0.132387,31.8799,,,285.768,21.3802,,,28.3333,19.6491,,
147,3,0.0,402119,15889185,,,0.000889,30.0569,0.177277,29.6834,,,307.18,13.097,,,32.2253,11.401,,
148,3,0.0,402119,15889185,,,0.000891,34.2893,0.147128,29.0064,,,284.891,19.8678,,,26.5709,18.4502,,
149,3,0.0,402119,15889185,,,0.001149,31.8854,0.056029,31.849,,,269.125,12.4785,,,20.5476,10.6965,,
150,3,0.0,402119,15889185,,,0.001092,32.0814,0.157917,30.9479,,,295.429,16.4391,,,29.3075,14.8738,,
151,3,0.0,1715,3813,,,0.001158,0.062187,0.068681,0.015472,,,257.704,0.025099,,,13.9014,0.018694,,
152,3,0.0,1715,3813,,,0.000373,0.056888,0.065923,0.013685,,,264.652,0.014296,,,14.9914,0.008995,,
153,3,0.0,1715,3813,,,0.00025,0.062511,0.070336,0.020022,,,262.351,0.025129,,,17.6492,0.018706,,
154,3,0.0,1715,3813,,,0.000219,0.062261,0.052449,0.021084,,,263.751,0.027406,,,16.7518,0.019025,,
155,3,0.0,1715,3813,,,0.000248,0.060076,0.067135,0.014375,,,257.634,0.025441,,,13.9032,0.018416,,
156,3,0.0,1715,3813,,,0.000258,0.056823,0.071,0.014794,,,266.405,0.008776,,,6.02138,0.007147,,
157,3,0.0,1715,3813,,,0.000188,0.063788,0.068482,0.021464,,,269.45,0.025045,,,17.1889,0.018291,,
158,3,0.0,1715,3813,,,0.000173,0.061313,0.040681,0.020389,,,270.198,0.026021,,,17.2434,0.01942,,
159,3,0.0,1715,3813,,,0.000214,0.06154,0.03753,0.017551,,,268.418,0.026326,,,18.6549,0.020992,,
160,3,0.0,1715,3813,,,0.00023,0.05644,0.066419,0.015678,,,270.616,0.009167,,,6.21161,0.007078,,
161,3,0.0,1715,3813,,,0.000181,0.062648,0.074038,0.025816,,,270.946,0.030033,,,17.8094,0.018663,,
162,3,0.0,1715,3813,,,0.000169,0.062075,0.051732,0.020932,,,276.047,0.02438,,,16.8309,0.017272,,
163,3,0.0,1715,3813,,,0.000169,0.069657,0.066939,0.021382,,,270.646,0.025866,,,17.2438,0.018143,,
164,3,0.0,1715,3813,,,0.000181,0.061517,0.037901,0.020726,,,273.38,0.025221,,,16.589,0.018002,,
165,3,0.0,1715,3813,,,0.000165,0.062715,0.066383,0.021111,,,272.799,0.025719,,,18.8707,0.017981,,
166,3,0.0,1715,3813,,,0.000168,0.064189,0.053586,0.02111,,,261.205,0.027815,,,13.3907,0.019368,,
167,3,0.0,411161,6594772,,,0.000851,19.4075,0.140162,5.1332,,,277.203,3.54123,,,28.0963,3.05832,,
168,3,0.0,411161,6594772,,,0.000782,20.0812,0.101737,5.21836,,,267.302,5.78932,,,22.6749,4.21337,,
169,3,0.0,411161,6594772,,,0.000838,22.0693,0.143048,19.1394,,,285.579,12.9128,,,26.3284,12.3416,,
170,3,0.0,411161,6594772,,,0.0008,22.2644,0.148206,17.0467,,,285.984,12.4361,,,27.0183,10.2653,,
171,3,0.0,411161,6594772,,,0.000749,17.8496,0.124188,3.57747,,,276.869,3.50948,,,27.1103,2.74827,,
172,3,0.0,411161,6594772,,,0.000655,20.2634,0.109864,4.23815,,,269.066,6.51978,,,24.6961,5.38443,,
173,3,0.0,411161,6594772,,,0.001421,24.5742,0.156952,16.213,,,283.506,12.1985,,,25.364,10.8737,,
174,3,0.0,411161,6594772,,,0.001053,21.1291,0.191367,15.7536,,,305.407,9.64526,,,30.6747,8.51929,,
175,3,0.0,411161,6594772,,,0.000947,18.4607,0.128699,3.90697,,,275.875,3.34786,,,30.066,2.69285,,
176,3,0.0,411161,6594772,,,0.00077,18.1338,0.136441,3.30361,,,281.066,4.21964,,,23.7547,2.84955,,
177,3,0.0,411161,6594772,,,0.000715,24.0126,0.137879,16.9323,,,282.692,12.8807,,,20.2284,10.8482,,
178,3,0.0,411161,6594772,,,0.000988,23.03,0.110005,15.7902,,,294.23,10.0389,,,27.821,8.87717,,
179,3,0.0,411161,6594772,,,0.00085,31.5,0.164303,16.0413,,,286.141,13.3803,,,21.4646,11.7419,,
180,3,0.0,411161,6594772,,,0.000836,29.8238,0.191,14.8307,,,291.431,11.8063,,,23.0814,9.74994,,
181,3,0.0,411161,6594772,,,0.001226,24.8011,0.15747,11.7112,,,316.166,8.6231,,,35.8525,7.34037,,
182,3,0.0,411161,6594772,,,0.000867,20.634,0.164335,13.234,,,310.938,10.0083,,,32.3551,8.69801,,
183,3,0.0,494564,24152953,,,0.001355,36.1894,0.093336,6.65732,,,277.522,4.33169,,,20.3222,3.60528,,
184,3,0.0,494564,24152953,,,0.000816,39.388,0.138275,7.37221,,,283.622,6.37463,,,26.1342,5.01387,,
185,3,0.0,494564,24152953,,,0.000949,45.2473,0.064302,51.3523,,,276.413,22.4842,,,21.0243,17.1934,,
186,3,0.0,494564,24152953,,,0.000945,55.301,0.109621,49.115,,,286.799,17.6217,,,25.9666,16.9981,,
187,3,0.0,494564,24152953,,,0.000982,36.3973,0.154049,6.55888,,,268.636,4.33333,,,24.9611,3.47366,,
188,3,0.0,494564,24152953,,,0.000749,37.059,0.125445,7.90409,,,268.91,10.6135,,,21.3036,8.2544,,
189,3,0.0,494564,24152953,,,0.000814,44.1512,0.158957,46.7045,,,293.915,21.9128,,,29.9809,20.5624,,
190,3,0.0,494564,24152953,,,0.000857,43.2036,0.122128,48.6084,,,287.211,22.7736,,,29.7461,21.177,,
191,3,0.0,494564,24152953,,,0.000896,37.0681,0.12311,4.48669,,,263.45,4.46195,,,20.3208,3.47042,,
192,3,0.0,494564,24152953,,,0.000955,36.5457,0.186491,5.33494,,,285.673,4.51753,,,48.2727,3.2404,,
193,3,0.0,494564,24152953,,,0.000832,54.5079,0.171138,44.06,,,301.4,21.5283,,,33.8145,19.3641,,
194,3,0.0,494564,24152953,,,0.000766,44.028,0.089525,52.2798,,,283.215,25.151,,,27.7206,22.9941,,
195,3,0.0,494564,24152953,,,0.000899,44.0039,0.158696,49.0386,,,302.375,24.38,,,34.4299,22.6917,,
196,3,0.0,494564,24152953,,,0.00097,57.1609,0.137682,47.7378,,,300.314,19.2712,,,30.8553,17.856,,
197,3,0.0,494564,24152953,,,0.001017,54.254,0.167003,42.3725,,,319.018,22.0383,,,35.3063,19.6035,,
198,3,0.0,494564,24152953,,,0.000879,46.5106,0.05802,51.7499,,,282.617,19.0799,,,24.1604,16.7676,,
199,3,0.0,56749,663585,,,0.001529,2.69796,0.097074,0.502572,,,269.875,0.433573,,,15.5093,0.298821,,
200,3,0.0,56749,663585,,,0.000705,2.58241,0.087075,0.44357,,,279.64,0.452394,,,22.8665,0.310505,,
201,3,0.0,56749,663585,,,0.000764,2.85369,0.083011,2.02828,,,280.395,1.35581,,,23.0406,1.17016,,
202,3,0.0,56749,663585,,,0.000965,3.66281,0.116056,1.92117,,,286.1,2.35514,,,20.8228,2.04276,,
203,3,0.0,56749,663585,,,0.000665,2.46835,0.097295,0.491054,,,271.985,0.431006,,,16.6529,0.330413,,
204,3,0.0,56749,663585,,,0.000606,2.46207,0.087639,0.662325,,,278.475,0.424622,,,23.0212,0.286559,,
205,3,0.0,56749,663585,,,0.000898,3.59264,0.119702,1.9125,,,272.194,2.44936,,,19.6996,2.10751,,
206,3,0.0,56749,663585,,,0.000914,3.54494,0.129975,1.91614,,,277.472,2.40388,,,22.5656,2.25625,,
207,3,0.0,56749,663585,,,0.000719,2.48522,0.097483,0.668937,,,272.721,0.581247,,,18.4612,0.49473,,
208,3,0.0,56749,663585,,,0.000529,2.4203,0.095404,0.656806,,,281.2,0.433007,,,23.8027,0.33245,,
209,3,0.0,56749,663585,,,0.000754,2.84186,0.274348,1.58502,,,279.429,1.69814,,,25.9185,1.46839,,
210,3,0.0,56749,663585,,,0.00074,2.72851,0.231552,1.15541,,,288.93,1.28652,,,33.586,1.16955,,
211,3,0.0,56749,663585,,,0.000684,2.99695,0.212154,1.81699,,,289.793,2.44195,,,27.4184,2.082,,
212,3,0.0,56749,663585,,,0.000615,2.8908,0.20292,1.32524,,,280.97,1.36667,,,26.9069,1.07636,,
213,3,0.0,56749,663585,,,0.000666,3.77711,0.134158,1.70192,,,273.703,2.02963,,,21.1588,1.92335,,
214,3,0.0,56749,663585,,,0.00099,3.89377,0.149133,1.91355,,,266.707,2.29011,,,21.881,2.17977,,
119,4,0.0,140953,3386034,,,0.001694,10.0569,0.03836,9.3909,,,253.357,1.6087,,,11.855,3.67329,,
120,4,0.0,140953,3386034,,,0.001091,7.52657,0.063571,1.04694,,,252.224,0.620719,,,4.36001,0.667427,,
121,4,0.0,140953,3386034,,,0.001192,11.9369,0.154562,7.25303,,,292.719,4.71279,,,33.2948,4.2167,,
122,4,0.0,140953,3386034,,,0.000997,9.98496,0.188933,7.17583,,,302.423,4.96085,,,34.45,4.81001,,
123,4,0.0,140953,3386034,,,0.000947,8.64288,0.032242,5.15701,,,256.23,1.70903,,,9.77566,3.54419,,
124,4,0.0,140953,3386034,,,0.000804,6.98643,0.05052,1.09033,,,256.498,0.636856,,,4.35941,0.650334,,
125,4,0.0,140953,3386034,,,0.000898,8.48341,0.16264,7.47866,,,280.695,4.30262,,,26.4184,3.88934,,
126,4,0.0,140953,3386034,,,0.000832,8.65425,0.076091,8.24878,,,284.331,3.84991,,,26.5509,3.65244,,
127,4,0.0,140953,3386034,,,0.000805,8.35211,0.027315,8.74608,,,255.513,4.13138,,,9.36669,3.60468,,
128,4,0.0,140953,3386034,,,0.000756,7.22542,0.047669,1.00768,,,253.502,0.657055,,,3.88063,0.573407,,
129,4,0.0,140953,3386034,,,0.000837,8.92497,0.125729,6.43529,,,297.197,3.90823,,,31.5595,3.6406,,
130,4,0.0,140953,3386034,,,0.000859,9.70705,0.199608,5.83678,,,329.322,3.59876,,,38.9875,3.37148,,
131,4,0.0,140953,3386034,,,0.000753,8.42888,0.119284,7.09362,,,296.065,5.39556,,,31.6126,5.07935,,
132,4,0.0,140953,3386034,,,0.000708,9.36094,0.137497,6.34455,,,297.776,3.04674,,,28.2877,2.75785,,
133,4,0.0,140953,3386034,,,0.000795,8.60355,0.154782,6.48323,,,306.73,3.3906,,,30.2179,3.25199,,
134,4,0.0,140953,3386034,,,0.000649,8.13682,0.115505,6.43975,,,292.113,3.85449,,,27.6353,3.59318,,
135,4,0.0,402119,15889185,,,0.000937,27.4975,0.08199,4.85542,,,264.419,3.38869,,,16.6523,2.7989,,
136,4,0.0,402119,15889185,,,0.000849,28.1221,0.149081,3.53627,,,290.542,3.39001,,,40.8281,2.99396,,
137,4,0.0,402119,15889185,,,0.001058,35.1338,0.062826,33.3847,,,285.229,16.7291,,,23.7127,15.6222,,
138,4,0.0,402119,15889185,,,0.000921,33.5238,0.092653,35.4717,,,288.524,17.1372,,,25.4158,15.1541,,
139,4,0.0,402119,15889185,,,0.000977,28.05,0.157818,3.74008,,,281.042,3.75189,,,35.1898,3.18215,,
140,4,0.0,402119,15889185,,,0.000892,28.1994,0.146511,4.29045,,,275.069,3.52293,,,33.4165,2.66096,,
141,4,0.0,402119,15889185,,,0.000953,34.2608,0.084478,34.2305,,,277.35,12.481,,,24.0154,10.9707,,
142,4,0.0,402119,15889185,,,0.000969,33.9277,0.140147,34.1115,,,286.435,12.0481,,,27.3008,11.6335,,
143,4,0.0,402119,15889185,,,0.00113,28.7573,0.163157,3.58159,,,278.862,4.37675,,,35.0831,3.48104,,
144,4,0.0,402119,15889185,,,0.000968,28.3022,0.208557,3.48094,,,285.669,3.503,,,57.1542,2.92123,,
145,4,0.0,402119,15889185,,,0.001192,31.0131,0.151757,31.9177,,,296.053,12.1193,,,31.6961,11.7767,,
146,4,0.0,402119,15889185,,,0.000828,34.8831,0.124579,31.054,,,290.619,21.4385,,,29.7849,20.9339,,
147,4,0.0,402119,15889185,,,0.001014,32.1926,0.158341,30.0673,,,306.904,13.0466,,,33.3862,12.0603,,
148,4,0.0,402119,15889185,,,0.001207,33.8543,0.145418,29.8777,,,299.403,20.1978,,,29.1909,19.7055,,
149,4,0.0,402119,15889185,,,0.001044,33.4774,0.062358,33.8959,,,284.272,12.4101,,,21.7112,11.2613,,
150,4,0.0,402119,15889185,,,0.001297,34.1425,0.141903,31.5068,,,301.642,17.2501,,,31.5612,15.1158,,
151,4,0.0,1715,3813,,,0.001005,0.06878,0.071097,0.014901,,,264.612,0.025141,,,15.2312,0.01988,,
152,4,0.0,1715,3813,,,0.000435,0.062295,0.067078,0.012691,,,268.315,0.015036,,,14.9305,0.008811,,
153,4,0.0,1715,3813,,,0.000303,0.068663,0.079757,0.037102,,,274.924,0.024707,,,17.5145,0.017879,,
154,4,0.0,1715,3813,,,0.000195,0.068404,0.089898,0.021756,,,270.606,0.026407,,,17.3837,0.020387,,
155,4,0.0,1715,3813,,,0.000275,0.073207,0.071536,0.014763,,,267.321,0.025233,,,14.2651,0.021247,,
156,4,0.0,1715,3813,,,0.000341,0.06179,0.070306,0.015788,,,272.277,0.009591,,,6.22684,0.007747,,
157,4,0.0,1715,3813,,,0.000221,0.068723,0.070061,0.022497,,,273.406,0.026717,,,17.7203,0.01945,,
158,4,0.0,1715,3813,,,0.000193,0.067319,0.042274,0.021045,,,268.576,0.026123,,,18.3507,0.019976,,
159,4,0.0,1715,3813,,,0.000237,0.067435,0.038905,0.017966,,,271.417,0.025418,,,18.3561,0.019218,,
160,4,0.0,1715,3813,,,0.000265,0.062304,0.065859,0.015947,,,271.353,0.009499,,,6.74949,0.007958,,
161,4,0.0,1715,3813,,,0.000209,0.06864,0.063392,0.021718,,,263.1,0.024964,,,18.2666,0.017194,,
162,4,0.0,1715,3813,,,0.000199,0.068009,0.05332,0.021776,,,266.164,0.025284,,,17.9978,0.018892,,
163,4,0.0,1715,3813,,,0.000191,0.069263,0.066081,0.021893,,,261.495,0.025554,,,17.7675,0.01782,,
164,4,0.0,1715,3813,,,0.000197,0.067737,0.038917,0.021173,,,265.133,0.024812,,,18.1356,0.019959,,
165,4,0.0,1715,3813,,,0.000192,0.068409,0.064754,0.021594,,,264.314,0.025263,,,18.0955,0.02076,,
166,4,0.0,1715,3813,,,0.000199,0.070237,0.069654,0.021298,,,256.138,0.027865,,,13.5853,0.020885,,
167,4,0.0,411161,6594772,,,0.00121,19.1132,0.115298,4.94349,,,277.687,3.53901,,,29.1111,3.12384,,
168,4,0.0,411161,6594772,,,0.000947,20.6622,0.112604,5.49412,,,270.517,5.80856,,,25.6632,4.69519,,
169,4,0.0,411161,6594772,,,0.00122,23.3646,0.143106,19.1468,,,282.7,12.5473,,,27.6282,13.2585,,
170,4,0.0,411161,6594772,,,0.000877,23.4213,0.150146,18.1454,,,286.223,11.8054,,,29.3224,10.6367,,
171,4,0.0,411161,6594772,,,0.001012,19.0859,0.139843,3.80691,,,279.273,3.55596,,,30.9133,3.08921,,
172,4,0.0,411161,6594772,,,0.000841,19.426,0.114862,4.36522,,,267.354,6.45639,,,26.0551,5.59666,,
173,4,0.0,411161,6594772,,,0.000955,24.5107,0.159087,16.4275,,,286.417,12.3652,,,26.5151,11.2522,,
174,4,0.0,411161,6594772,,,0.001161,22.672,0.176767,14.9533,,,312.928,9.69146,,,33.8324,8.94077,,
175,4,0.0,411161,6594772,,,0.000885,18.9541,0.118364,4.22853,,,283.127,3.36242,,,28.7802,2.81802,,
176,4,0.0,411161,6594772,,,0.000637,19.426,0.154565,3.68877,,,286.396,4.23195,,,24.7218,3.042,,
177,4,0.0,411161,6594772,,,0.001088,24.0175,0.135927,17.5329,,,281.745,12.691,,,21.7385,11.3282,,
178,4,0.0,411161,6594772,,,0.000954,24.7625,0.121982,17.1114,,,293.96,10.0079,,,27.1934,9.05273,,
179,4,0.0,411161,6594772,,,0.001375,34.5093,0.166989,17.3371,,,284.072,13.4302,,,20.9043,11.5082,,
180,4,0.0,411161,6594772,,,0.001131,31.439,0.192841,15.4916,,,293.995,11.5814,,,25.2274,9.92083,,
181,4,0.0,411161,6594772,,,0.000858,23.987,0.159648,12.068,,,311.817,8.52848,,,34.5966,7.91475,,
182,4,0.0,411161,6594772,,,0.000933,22.3083,0.14882,13.4784,,,305.037,9.82491,,,33.7967,9.29163,,
183,4,0.0,494564,24152953,,,0.000984,38.2807,0.115812,7.1411,,,273.887,4.23001,,,21.5969,3.44073,,
184,4,0.0,494564,24152953,,,0.001044,39.2585,0.159183,7.8907,,,273.167,6.19235,,,26.1069,5.48831,,
185,4,0.0,494564,24152953,,,0.000948,45.8697,0.064725,54.8201,,,282.205,20.3271,,,22.4915,18.4513,,
186,4,0.0,494564,24152953,,,0.001025,56.9087,0.111627,50.8411,,,285.195,17.5608,,,27.6232,15.91,,
187,4,0.0,494564,24152953,,,0.001119,39.386,0.141722,6.75258,,,266.024,4.37849,,,26.4395,3.59338,,
188,4,0.0,494564,24152953,,,0.000872,39.1896,0.132606,8.15262,,,272.959,10.8243,,,22.8663,8.94739,,
189,4,0.0,494564,24152953,,,0.000998,45.8471,0.153417,48.1904,,,292.029,22.4969,,,31.3556,20.053,,
190,4,0.0,494564,24152953,,,0.000967,45.7129,0.136693,49.5641,,,288.685,23.1264,,,28.3768,22.1507,,
191,4,0.0,494564,24152953,,,0.000889,39.9037,0.152512,4.77224,,,268.697,4.16307,,,21.728,3.32504,,
192,4,0.0,494564,24152953,,,0.001091,38.4521,0.205066,5.68111,,,292.631,4.3585,,,45.6176,3.4089,,
193,4,0.0,494564,24152953,,,0.000948,57.261,0.176743,46.0334,,,309.57,22.44,,,35.7597,19.4578,,
194,4,0.0,494564,24152953,,,0.000897,46.1388,0.092843,53.1636,,,290.347,24.2784,,,26.4792,22.6513,,
195,4,0.0,494564,24152953,,,0.000973,47.2107,0.17914,51.8772,,,310.169,24.7578,,,35.4099,22.102,,
196,4,0.0,494564,24152953,,,0.000952,59.9727,0.142212,48.9926,,,302.354,19.3307,,,29.9992,17.07,,
197,4,0.0,494564,24152953,,,0.002143,59.0753,0.187999,45.4829,,,308.759,22.1669,,,35.5471,18.5538,,
198,4,0.0,494564,24152953,,,0.001388,50.4151,0.059707,53.9249,,,286.151,18.8877,,,22.2999,16.083,,
199,4,0.0,56749,663585,,,0.002303,2.7484,0.11916,0.550023,,,267.507,0.414241,,,15.5492,0.326641,,
200,4,0.0,56749,663585,,,0.000755,2.71258,0.097157,0.503784,,,275.708,0.443664,,,22.8927,0.330604,,
201,4,0.0,56749,663585,,,0.000875,3.20491,0.092069,2.12577,,,280.377,1.24677,,,21.2396,1.1683,,
202,4,0.0,56749,663585,,,0.000922,3.88641,0.122882,2.14761,,,269.921,2.33521,,,18.7492,2.0441,,
203,4,0.0,56749,663585,,,0.00077,2.71264,0.107548,0.542571,,,261.207,0.432366,,,15.5784,0.310466,,
204,4,0.0,56749,663585,,,0.000593,2.70413,0.094079,0.754765,,,269.813,0.454941,,,23.3243,0.288602,,
205,4,0.0,56749,663585,,,0.000976,3.87745,0.13362,2.12682,,,265.2,2.44848,,,18.617,2.10944,,
206,4,0.0,56749,663585,,,0.000916,3.87239,0.144322,2.1375,,,267.719,2.40239,,,20.6341,1.98524,,
207,4,0.0,56749,663585,,,0.000773,2.70805,0.109164,0.699,,,265.089,0.576928,,,16.7073,0.495274,,
208,4,0.0,56749,663585,,,0.000664,2.71382,0.102083,0.620503,,,270.267,0.450198,,,22.8598,0.303247,,
209,4,0.0,56749,663585,,,0.00088,2.9889,0.252395,1.5415,,,281.981,1.70243,,,25.9692,1.43563,,
210,4,0.0,56749,663585,,,0.000827,3.00328,0.272878,1.27533,,,289.544,1.32273,,,30.7292,1.06329,,
211,4,0.0,56749,663585,,,0.000735,3.22339,0.237768,1.82583,,,285.935,2.45558,,,26.1126,1.97903,,
212,4,0.0,56749,663585,,,0.000726,3.05943,0.22633,1.4506,,,283.654,1.29336,,,28.0135,1.17173,,
213,4,0.0,56749,663585,,,0.000687,3.8093,0.146982,1.75218,,,269.501,2.0069,,,20.1276,1.73356,,
214,4,0.0,56749,663585,,,0.000901,3.87919,0.145951,2.08767,,,268.734,2.31511,,,21.0233,2.13297,,
119,5,0.0,140953,3386034,,,0.001573,9.9543,0.04781,9.61283,,,254.124,1.59612,,,11.6059,3.45943,,
120,5,0.0,140953,3386034,,,0.001063,7.32787,0.058272,1.03428,,,255.884,0.653285,,,4.30637,0.565445,,
121,5,0.0,140953,3386034,,,0.00117,11.9713,0.159514,7.5111,,,292.855,4.66481,,,33.59,4.42301,,
122,5,0.0,140953,3386034,,,0.001092,9.86669,0.176566,7.39281,,,303.432,5.20591,,,34.9199,4.50666,,
123,5,0.0,140953,3386034,,,0.000974,8.46934,0.033152,5.54842,,,255.748,1.6926,,,9.81745,2.71464,,
124,5,0.0,140953,3386034,,,0.000799,7.00145,0.056701,1.08445,,,256.706,0.632449,,,4.27568,0.621548,,
125,5,0.0,140953,3386034,,,0.000975,8.36889,0.166409,7.49143,,,291.358,4.36077,,,26.0848,3.96164,,
126,5,0.0,140953,3386034,,,0.00078,8.48436,0.077572,8.24747,,,293.162,3.82873,,,27.1237,3.56634,,
127,5,0.0,140953,3386034,,,0.00087,8.15845,0.025927,8.67359,,,259.312,1.59796,,,8.92502,3.35147,,
128,5,0.0,140953,3386034,,,0.000762,6.64127,0.049676,0.957364,,,264.01,0.650202,,,4.11343,0.573739,,
129,5,0.0,140953,3386034,,,0.000799,8.17727,0.124659,6.65068,,,306.966,3.88892,,,31.4775,3.57868,,
130,5,0.0,140953,3386034,,,0.000913,8.80377,0.222066,6.22818,,,323.962,3.65953,,,39.2721,3.43052,,
131,5,0.0,140953,3386034,,,0.000846,8.04752,0.126649,7.74789,,,297.676,5.42215,,,32.5758,5.17843,,
132,5,0.0,140953,3386034,,,0.001024,9.53229,0.140735,6.34566,,,292.451,3.07619,,,27.7221,2.75359,,
133,5,0.0,140953,3386034,,,0.001081,8.82926,0.158361,6.8561,,,303.538,3.38254,,,29.6915,3.24642,,
134,5,0.0,140953,3386034,,,0.000859,8.37265,0.125593,7.13736,,,290.261,3.90823,,,27.6723,3.55658,,
135,5,0.0,402119,15889185,,,0.00104,28.1274,0.088683,5.17797,,,262.26,3.34417,,,16.7669,2.64735,,
136,5,0.0,402119,15889185,,,0.000916,26.4623,0.172266,3.73151,,,281.025,3.33826,,,41.2726,2.97033,,
137,5,0.0,402119,15889185,,,0.001012,33.3338,0.069613,34.6935,,,272.11,15.9816,,,23.6726,16.0187,,
138,5,0.0,402119,15889185,,,0.001112,32.8143,0.090893,34.9771,,,278.061,17.0966,,,25.7733,15.2871,,
139,5,0.0,402119,15889185,,,0.000808,25.8606,0.157498,3.73085,,,278.517,3.75534,,,37.2829,3.41086,,
140,5,0.0,402119,15889185,,,0.00077,26.1317,0.1431,4.3018,,,274.118,3.32322,,,34.4008,2.73663,,
141,5,0.0,402119,15889185,,,0.000995,33.7911,0.081918,33.8332,,,277.057,12.5899,,,24.1268,11.2564,,
142,5,0.0,402119,15889185,,,0.001044,31.3217,0.128235,33.8934,,,287.41,12.0298,,,28.3029,11.8863,,
143,5,0.0,402119,15889185,,,0.001056,25.9916,0.178744,3.75351,,,279.698,4.38564,,,34.9101,3.26081,,
144,5,0.0,402119,15889185,,,0.000869,28.1143,0.209634,3.51766,,,282.82,3.33166,,,58.6045,2.79236,,
145,5,0.0,402119,15889185,,,0.002489,32.0236,0.161104,32.2957,,,297.571,12.0835,,,31.5845,11.5286,,
146,5,0.0,402119,15889185,,,0.001192,32.8323,0.114901,31.775,,,288.364,21.6364,,,30.1948,20.4723,,
147,5,0.0,402119,15889185,,,0.00086,30.6472,0.191413,29.6264,,,316.385,13.4004,,,33.4076,11.7861,,
148,5,0.0,402119,15889185,,,0.001098,33.7855,0.133667,30.8835,,,297.326,20.1049,,,27.9757,19.2283,,
149,5,0.0,402119,15889185,,,0.000897,33.017,0.062575,33.6708,,,280.448,12.2096,,,21.0005,11.0354,,
150,5,0.0,402119,15889185,,,0.001073,34.4036,0.143695,30.9848,,,301.917,16.9633,,,31.6386,16.212,,
151,5,0.0,1715,3813,,,0.001801,0.069512,0.066447,0.014219,,,263.702,0.031705,,,15.3478,0.018947,,
152,5,0.0,1715,3813,,,0.000514,0.063588,0.058174,0.011476,,,273.143,0.014406,,,14.8495,0.010259,,
153,5,0.0,1715,3813,,,0.000304,0.070529,0.06738,0.018357,,,279.207,0.025478,,,17.7812,0.020269,,
154,5,0.0,1715,3813,,,0.000218,0.070004,0.047646,0.019139,,,270.383,0.027978,,,17.0639,0.020671,,
155,5,0.0,1715,3813,,,0.000261,0.067258,0.061505,0.012869,,,263.315,0.025419,,,14.7315,0.018474,,
156,5,0.0,1715,3813,,,0.00027,0.063194,0.061998,0.013567,,,272.61,0.01,,,6.03024,0.007274,,
157,5,0.0,1715,3813,,,0.000211,0.070867,0.065602,0.019627,,,272.688,0.025318,,,18.6287,0.020026,,
158,5,0.0,1715,3813,,,0.000199,0.06864,0.037149,0.01875,,,269.111,0.02603,,,17.8513,0.017929,,
159,5,0.0,1715,3813,,,0.000224,0.068618,0.034033,0.016021,,,268.61,0.025857,,,17.7176,0.019481,,
160,5,0.0,1715,3813,,,0.000246,0.063251,0.05808,0.014293,,,263.992,0.009284,,,6.22709,0.007252,,
161,5,0.0,1715,3813,,,0.000204,0.070609,0.083071,0.020567,,,268.235,0.025815,,,17.5568,0.019037,,
162,5,0.0,1715,3813,,,0.000191,0.069766,0.051468,0.020562,,,265.904,0.025698,,,17.4951,0.017851,,
163,5,0.0,1715,3813,,,0.000194,0.076074,0.06496,0.021062,,,266.47,0.025988,,,18.0174,0.020546,,
164,5,0.0,1715,3813,,,0.0002,0.069156,0.037994,0.020514,,,262.098,0.025266,,,18.3332,0.0198,,
165,5,0.0,1715,3813,,,0.000191,0.071553,0.064687,0.021114,,,265.336,0.025391,,,18.3475,0.017931,,
166,5,0.0,1715,3813,,,0.000192,0.072636,0.053393,0.02084,,,257.495,0.028131,,,13.7726,0.019122,,
167,5,0.0,411161,6594772,,,0.000758,20.2251,0.125712,5.00411,,,277.712,3.52704,,,28.0407,2.92767,,
168,5,0.0,411161,6594772,,,0.000699,19.8745,0.114942,5.51251,,,270.428,5.74587,,,23.9784,4.7016,,
169,5,0.0,411161,6594772,,,0.001091,23.0442,0.142146,19.4059,,,282.701,12.5507,,,26.1342,12.2027,,
170,5,0.0,411161,6594772,,,0.000943,23.6201,0.133558,17.5842,,,287.0,12.3119,,,27.7167,10.4976,,
171,5,0.0,411161,6594772,,,0.00095,19.7786,0.125402,3.87817,,,274.055,3.52253,,,29.3104,3.04757,,
172,5,0.0,411161,6594772,,,0.000857,19.7293,0.118482,4.61029,,,275.704,6.62344,,,24.5991,5.37486,,
173,5,0.0,411161,6594772,,,0.001213,23.8478,0.171113,16.6049,,,295.427,12.4671,,,25.8226,11.7505,,
174,5,0.0,411161,6594772,,,0.000964,21.7567,0.171768,15.1209,,,307.685,9.55829,,,33.9423,9.03451,,
175,5,0.0,411161,6594772,,,0.000852,18.9031,0.133827,3.89373,,,284.548,3.3228,,,28.7316,2.80928,,
176,5,0.0,411161,6594772,,,0.000785,19.9538,0.131386,3.45785,,,288.671,4.25035,,,24.6055,2.83507,,
177,5,0.0,411161,6594772,,,0.001345,23.0557,0.145915,17.0777,,,283.289,12.5963,,,21.8729,11.3695,,
178,5,0.0,411161,6594772,,,0.000915,24.2905,0.106627,17.2018,,,292.106,10.1587,,,27.5734,8.72837,,
179,5,0.0,411161,6594772,,,0.001077,34.6064,0.145162,17.01,,,282.283,13.7521,,,21.4776,11.3143,,
180,5,0.0,411161,6594772,,,0.001517,32.9037,0.226018,15.8184,,,298.808,11.5217,,,24.5299,9.81261,,
181,5,0.0,411161,6594772,,,0.001112,23.8104,0.157981,11.7729,,,313.768,8.5491,,,33.8934,7.46909,,
182,5,0.0,411161,6594772,,,0.000982,21.353,0.147487,14.1119,,,313.927,10.1015,,,32.4553,9.72931,,
183,5,0.0,494564,24152953,,,0.000888,38.8954,0.095068,7.14518,,,272.327,4.11245,,,20.7724,3.39222,,
184,5,0.0,494564,24152953,,,0.00082,39.3101,0.14731,7.74577,,,275.607,6.0416,,,25.0087,5.12582,,
185,5,0.0,494564,24152953,,,0.001105,44.8129,0.065546,55.0761,,,273.694,20.7669,,,21.0971,17.972,,
186,5,0.0,494564,24152953,,,0.001019,57.8798,0.121064,50.6048,,,285.048,18.2813,,,27.8751,15.6941,,
187,5,0.0,494564,24152953,,,0.001,37.6174,0.163822,6.52267,,,266.322,4.2765,,,25.2202,3.71064,,
188,5,0.0,494564,24152953,,,0.000791,40.0695,0.138018,8.82166,,,272.706,10.9819,,,21.6078,8.724,,
189,5,0.0,494564,24152953,,,0.001018,44.0935,0.181168,48.3299,,,309.306,22.899,,,32.0782,19.0297,,
190,5,0.0,494564,24152953,,,0.000983,46.3352,0.124737,49.2806,,,288.057,25.2933,,,27.7311,21.0406,,
191,5,0.0,494564,24152953,,,0.001048,37.7629,0.140813,4.88483,,,264.128,4.13321,,,20.1,3.24329,,
192,5,0.0,494564,24152953,,,0.001043,39.4725,0.22163,5.65045,,,286.453,4.27003,,,43.915,3.18842,,
193,5,0.0,494564,24152953,,,0.001461,57.8438,0.176472,46.2365,,,304.608,22.1356,,,33.6207,18.9738,,
194,5,0.0,494564,24152953,,,0.001129,45.101,0.092869,53.2175,,,294.179,25.1897,,,25.4634,21.8641,,
195,5,0.0,494564,24152953,,,0.001253,47.7176,0.174119,51.8392,,,317.533,24.7154,,,34.2868,21.9657,,
196,5,0.0,494564,24152953,,,0.001074,56.0234,0.141032,48.9006,,,309.296,19.1277,,,29.1699,16.89,,
197,5,0.0,494564,24152953,,,0.001131,56.6642,0.190262,44.9529,,,314.472,21.4236,,,34.8572,20.3894,,
198,5,0.0,494564,24152953,,,0.001023,47.5654,0.064304,53.7051,,,282.72,18.4438,,,23.0917,17.4347,,
199,5,0.0,56749,663585,,,0.001215,2.74199,0.11525,0.554555,,,267.0,0.415173,,,17.2815,0.354342,,
200,5,0.0,56749,663585,,,0.000712,2.73145,0.098867,0.514436,,,277.18,0.442197,,,24.7984,0.317352,,
201,5,0.0,56749,663585,,,0.000867,3.23277,0.095066,2.15335,,,281.284,1.32579,,,23.5604,1.15206,,
202,5,0.0,56749,663585,,,0.001106,3.60591,0.120912,2.06112,,,271.195,2.35326,,,19.9068,2.04815,,
203,5,0.0,56749,663585,,,0.00074,2.65681,0.09777,0.540538,,,269.963,0.440992,,,15.9782,0.315136,,
204,5,0.0,56749,663585,,,0.000616,2.65128,0.09458,0.74143,,,279.268,0.441881,,,24.9116,0.343675,,
205,5,0.0,56749,663585,,,0.000975,3.7439,0.11915,1.92088,,,264.28,2.47207,,,21.2669,2.40545,,
206,5,0.0,56749,663585,,,0.000894,3.7543,0.130918,1.92065,,,269.075,2.38667,,,22.6207,2.04348,,
207,5,0.0,56749,663585,,,0.000727,2.3998,0.097079,0.763077,,,268.881,0.587024,,,16.888,0.501331,,
208,5,0.0,56749,663585,,,0.000499,2.54963,0.108237,0.688865,,,271.562,0.442879,,,23.3203,0.346863,,
209,5,0.0,56749,663585,,,0.000885,2.71502,0.2819,1.40313,,,281.308,1.7481,,,26.518,1.53959,,
210,5,0.0,56749,663585,,,0.000782,2.92281,0.230238,1.27703,,,288.263,1.32298,,,30.8521,1.06256,,
211,5,0.0,56749,663585,,,0.000866,3.03885,0.234543,1.89247,,,287.244,2.38931,,,26.7869,1.96644,,
212,5,0.0,56749,663585,,,0.000668,3.00084,0.202639,1.34445,,,281.303,1.31935,,,27.0038,1.11962,,
213,5,0.0,56749,663585,,,0.000635,3.67487,0.147233,1.90125,,,269.671,2.02219,,,20.5441,1.74362,,
214,5,0.0,56749,663585,,,0.000861,3.59762,0.166976,2.07357,,,268.255,2.296,,,20.5088,1.9866,,
119,6,0.0,140953,3386034,,,0.002419,11.5863,0.035731,9.34341,,,252.406,1.60532,,,11.833,3.6865,,
120,6,0.0,140953,3386034,,,0.001109,7.43668,0.056662,0.995916,,,253.399,0.648492,,,4.64489,0.637425,,
121,6,0.0,140953,3386034,,,0.001008,11.6502,0.153201,7.27275,,,294.389,4.75019,,,33.3948,4.11195,,
122,6,0.0,140953,3386034,,,0.000779,9.675,0.19168,7.18145,,,303.848,5.08476,,,34.0814,4.60112,,
123,6,0.0,140953,3386034,,,0.000825,8.40508,0.035318,5.26475,,,251.707,1.69456,,,9.79546,2.54083,,
124,6,0.0,140953,3386034,,,0.00077,7.34801,0.050639,1.00883,,,253.735,0.63833,,,3.90437,0.574937,,
125,6,0.0,140953,3386034,,,0.000915,8.64387,0.149317,7.4617,,,282.266,4.39537,,,25.6777,4.04073,,
126,6,0.0,140953,3386034,,,0.000732,8.49404,0.075755,8.03696,,,281.401,3.8895,,,27.0624,3.56403,,
127,6,0.0,140953,3386034,,,0.000685,7.95613,0.025213,8.65602,,,251.368,1.64974,,,9.21297,3.63559,,
128,6,0.0,140953,3386034,,,0.000711,6.88226,0.047578,1.0103,,,253.119,0.634393,,,4.21245,0.612637,,
129,6,0.0,140953,3386034,,,0.000712,8.14912,0.125431,6.68883,,,308.866,3.91961,,,31.8189,3.60323,,
130,6,0.0,140953,3386034,,,0.000717,9.79217,0.195905,5.66671,,,326.684,3.68285,,,40.6092,3.35686,,
131,6,0.0,140953,3386034,,,0.00108,9.07634,0.121239,7.13825,,,295.211,5.46153,,,31.7699,5.03949,,
132,6,0.0,140953,3386034,,,0.001448,10.2433,0.137748,6.08429,,,297.253,3.07247,,,27.7613,2.88403,,
133,6,0.0,140953,3386034,,,0.001344,9.0804,0.141502,6.16803,,,311.486,3.44334,,,29.5373,3.21193,,
134,6,0.0,140953,3386034,,,0.001037,8.49499,0.115062,6.44421,,,300.009,3.89563,,,26.8777,3.51552,,
135,6,0.0,402119,15889185,,,0.001091,28.9308,0.0814,5.1588,,,264.638,3.45056,,,16.8579,2.62083,,
136,6,0.0,402119,15889185,,,0.000944,27.7961,0.148828,3.54779,,,292.29,3.40006,,,42.3257,2.90981,,
137,6,0.0,402119,15889185,,,0.000951,35.1302,0.063287,32.9928,,,284.693,16.6529,,,23.1841,15.1903,,
138,6,0.0,402119,15889185,,,0.001658,35.6335,0.090019,32.9912,,,285.437,17.3844,,,24.2926,14.8399,,
139,6,0.0,402119,15889185,,,0.001349,27.1208,0.148691,3.64836,,,289.308,3.76609,,,35.0538,3.42754,,
140,6,0.0,402119,15889185,,,0.000917,26.0214,0.138199,4.20395,,,274.331,3.36586,,,33.076,2.56796,,
141,6,0.0,402119,15889185,,,0.000955,32.8179,0.074444,32.1099,,,278.824,12.6588,,,24.2361,11.2036,,
142,6,0.0,402119,15889185,,,0.001007,31.782,0.129198,31.7836,,,285.918,12.0535,,,26.8939,11.3089,,
143,6,0.0,402119,15889185,,,0.001095,26.3276,0.161343,3.38287,,,277.712,4.40306,,,35.2918,3.22643,,
144,6,0.0,402119,15889185,,,0.000887,25.8927,0.18463,3.16363,,,293.452,3.44713,,,57.5146,2.72781,,
145,6,0.0,402119,15889185,,,0.0009,30.4691,0.13848,30.9448,,,295.108,12.5723,,,32.0677,11.5207,,
146,6,0.0,402119,15889185,,,0.001125,32.8692,0.118841,29.8315,,,286.639,21.1718,,,28.6568,20.5448,,
147,6,0.0,402119,15889185,,,0.001051,30.4501,0.163945,28.6639,,,307.248,13.9218,,,33.503,12.0757,,
148,6,0.0,402119,15889185,,,0.000984,33.6382,0.146143,28.9835,,,287.864,20.0689,,,27.8874,18.6862,,
149,6,0.0,402119,15889185,,,0.001163,31.8721,0.057331,32.7398,,,272.542,12.3597,,,20.7569,10.9779,,
150,6,0.0,402119,15889185,,,0.001212,33.2963,0.143721,29.7249,,,296.95,16.7368,,,30.8392,15.47,,
151,6,0.0,1715,3813,,,0.001185,0.067886,0.065975,0.014177,,,263.748,0.099319,,,14.9488,0.0193,,
152,6,0.0,1715,3813,,,0.000497,0.06255,0.06019,0.021038,,,273.231,0.01482,,,14.7965,0.008427,,
153,6,0.0,1715,3813,,,0.00031,0.069254,0.0651,0.018936,,,273.804,0.02572,,,17.8072,0.017298,,
154,6,0.0,1715,3813,,,0.000254,0.068154,0.047906,0.019242,,,272.027,0.027195,,,17.4257,0.020153,,
155,6,0.0,1715,3813,,,0.000235,0.066525,0.063408,0.013267,,,263.855,0.025618,,,14.9419,0.017969,,
156,6,0.0,1715,3813,,,0.000296,0.061988,0.061852,0.013507,,,276.475,0.008857,,,6.55685,0.007071,,
157,6,0.0,1715,3813,,,0.000215,0.06882,0.075721,0.019449,,,273.697,0.025011,,,18.3382,0.02065,,
158,6,0.0,1715,3813,,,0.000181,0.066839,0.041995,0.01878,,,271.263,0.025125,,,17.5436,0.017491,,
159,6,0.0,1715,3813,,,0.000235,0.067104,0.034648,0.013825,,,270.484,0.025728,,,18.0959,0.020815,,
160,6,0.0,1715,3813,,,0.000256,0.062403,0.058424,0.014218,,,274.456,0.009993,,,6.26919,0.007069,,
161,6,0.0,1715,3813,,,0.000199,0.06879,0.061867,0.018795,,,273.665,0.025523,,,19.1986,0.019714,,
162,6,0.0,1715,3813,,,0.00019,0.067736,0.051739,0.018966,,,272.355,0.025085,,,18.4772,0.019347,,
163,6,0.0,1715,3813,,,0.000185,0.069088,0.066585,0.019441,,,272.422,0.026531,,,18.3018,0.019956,,
164,6,0.0,1715,3813,,,0.000193,0.067618,0.035532,0.01873,,,265.051,0.024837,,,17.7108,0.020466,,
165,6,0.0,1715,3813,,,0.000191,0.076966,0.063555,0.019404,,,264.238,0.026528,,,18.3879,0.019711,,
166,6,0.0,1715,3813,,,0.000168,0.063768,0.051251,0.022656,,,253.965,0.027824,,,13.6646,0.0192,,
167,6,0.0,411161,6594772,,,0.000813,19.0919,0.113905,4.89962,,,275.747,3.56807,,,28.4595,2.89097,,
168,6,0.0,411161,6594772,,,0.00083,20.619,0.102478,5.33158,,,268.519,5.51446,,,24.2118,4.49185,,
169,6,0.0,411161,6594772,,,0.001127,23.1594,0.160225,18.0881,,,282.823,13.1408,,,26.7812,12.7789,,
170,6,0.0,411161,6594772,,,0.00101,23.0782,0.151705,17.0915,,,285.377,12.4179,,,27.8831,11.2489,,
171,6,0.0,411161,6594772,,,0.000848,18.9806,0.116324,3.60122,,,275.527,3.50599,,,28.8124,2.87001,,
172,6,0.0,411161,6594772,,,0.000714,20.0046,0.118014,4.22833,,,270.62,6.46683,,,23.873,5.26857,,
173,6,0.0,411161,6594772,,,0.001381,24.5532,0.155886,15.8681,,,284.443,12.2038,,,25.0241,11.5242,,
174,6,0.0,411161,6594772,,,0.00086,22.3886,0.173097,14.1035,,,302.999,9.68714,,,33.2227,8.78383,,
175,6,0.0,411161,6594772,,,0.000883,18.8844,0.124484,3.73011,,,275.497,3.35025,,,28.623,2.66647,,
176,6,0.0,411161,6594772,,,0.000661,18.9655,0.124292,3.30304,,,287.623,4.25499,,,24.2474,2.87894,,
177,6,0.0,411161,6594772,,,0.00099,23.9965,0.132022,16.5239,,,282.347,12.857,,,21.1344,11.7539,,
178,6,0.0,411161,6594772,,,0.001052,23.6499,0.10637,16.695,,,295.61,10.0911,,,28.4524,8.80143,,
179,6,0.0,411161,6594772,,,0.00104,34.1061,0.160088,16.8144,,,286.885,13.4339,,,20.725,11.8806,,
180,6,0.0,411161,6594772,,,0.000977,31.1523,0.195976,15.6531,,,302.857,11.7093,,,24.7729,10.5694,,
181,6,0.0,411161,6594772,,,0.001372,24.6431,0.158866,11.9564,,,311.65,8.56403,,,35.3717,7.44867,,
182,6,0.0,411161,6594772,,,0.001026,21.5495,0.176866,13.1246,,,314.714,10.0116,,,33.8047,9.63844,,
183,6,0.0,494564,24152953,,,0.000811,38.8318,0.085193,6.91707,,,277.82,4.40003,,,21.447,3.55323,,
184,6,0.0,494564,24152953,,,0.000871,40.058,0.144127,7.69877,,,281.544,6.38822,,,24.9986,4.98065,,
185,6,0.0,494564,24152953,,,0.000892,46.6369,0.059827,53.7675,,,282.308,21.4737,,,21.6129,18.038,,
186,6,0.0,494564,24152953,,,0.001019,57.9965,0.111096,49.835,,,293.782,17.6903,,,28.3887,16.4166,,
187,6,0.0,494564,24152953,,,0.000888,38.7969,0.154392,6.66097,,,270.597,4.39342,,,25.3042,3.61767,,
188,6,0.0,494564,24152953,,,0.000856,39.8169,0.125407,8.05299,,,269.894,10.8074,,,22.8324,8.8687,,
189,6,0.0,494564,24152953,,,0.001043,46.3141,0.153628,47.7249,,,293.397,22.8477,,,31.519,19.5341,,
190,6,0.0,494564,24152953,,,0.00094,44.7891,0.136274,49.7027,,,287.547,23.2297,,,28.7256,22.5795,,
191,6,0.0,494564,24152953,,,0.00101,39.8467,0.135109,4.94025,,,265.61,4.03383,,,21.2524,3.1902,,
192,6,0.0,494564,24152953,,,0.001037,39.0295,0.212239,5.44737,,,285.019,4.34699,,,45.0928,3.24042,,
193,6,0.0,494564,24152953,,,0.000819,58.2269,0.157968,46.6773,,,298.964,21.3189,,,34.7887,18.9219,,
194,6,0.0,494564,24152953,,,0.000935,46.7415,0.091665,52.8216,,,282.943,24.2768,,,25.386,22.5047,,
195,6,0.0,494564,24152953,,,0.001033,48.9227,0.164708,51.9794,,,299.055,24.8427,,,34.289,21.7961,,
196,6,0.0,494564,24152953,,,0.001106,57.1357,0.143279,50.8265,,,295.578,18.9923,,,28.9615,17.6951,,
197,6,0.0,494564,24152953,,,0.001068,57.1512,0.202285,47.3196,,,303.115,20.403,,,35.7132,18.4817,,
198,6,0.0,494564,24152953,,,0.001028,47.3933,0.06649,54.2417,,,280.787,18.8638,,,22.1831,16.2982,,
199,6,0.0,56749,663585,,,0.00115,2.69114,0.123165,0.585634,,,268.075,0.433258,,,15.6369,0.303321,,
200,6,0.0,56749,663585,,,0.000712,2.56431,0.105362,0.508242,,,275.864,0.426742,,,23.2698,0.284933,,
201,6,0.0,56749,663585,,,0.000853,3.22338,0.095392,2.14635,,,279.047,1.26255,,,21.1792,1.03377,,
202,6,0.0,56749,663585,,,0.001027,3.85186,0.124811,2.15349,,,270.364,2.34936,,,18.5635,2.04248,,
203,6,0.0,56749,663585,,,0.000759,2.72133,0.109211,0.566475,,,270.158,0.430166,,,15.6934,0.342105,,
204,6,0.0,56749,663585,,,0.000637,2.64971,0.096788,0.771255,,,275.928,0.452592,,,23.2019,0.316406,,
205,6,0.0,56749,663585,,,0.000902,3.79571,0.135287,2.1535,,,272.346,2.464,,,20.261,2.37941,,
206,6,0.0,56749,663585,,,0.00083,3.89415,0.148375,2.15021,,,274.425,2.42485,,,20.6236,2.01738,,
207,6,0.0,56749,663585,,,0.000718,2.67783,0.113296,0.746499,,,272.554,0.597554,,,17.0597,0.490871,,
208,6,0.0,56749,663585,,,0.000529,2.6487,0.114977,0.70385,,,271.593,0.442259,,,23.3297,0.330881,,
209,6,0.0,56749,663585,,,0.000811,2.88528,0.286154,1.58663,,,282.466,1.70931,,,26.4607,1.59268,,
210,6,0.0,56749,663585,,,0.000681,2.72909,0.262078,1.31025,,,290.926,1.31389,,,30.6792,1.07019,,
211,6,0.0,56749,663585,,,0.000774,3.10108,0.240681,2.03958,,,288.669,2.45486,,,26.2996,2.04485,,
212,6,0.0,56749,663585,,,0.000606,2.85489,0.229562,1.48792,,,281.067,1.26899,,,26.5755,1.16527,,
213,6,0.0,56749,663585,,,0.000633,3.74844,0.150205,1.91738,,,270.74,1.98896,,,19.7663,1.85148,,
214,6,0.0,56749,663585,,,0.000813,3.59008,0.163362,2.15733,,,268.129,2.34214,,,20.4029,1.93808,,
119,7,0.0,140953,3386034,,,0.00153,10.1143,0.037342,9.23237,,,251.296,1.67077,,,11.7069,3.65487,,
120,7,0.0,140953,3386034,,,0.001071,7.56841,0.057255,1.15371,,,260.572,0.637235,,,4.44071,0.643789,,
121,7,0.0,140953,3386034,,,0.000979,11.8939,0.167094,7.52052,,,306.365,4.78586,,,31.998,4.24362,,
122,7,0.0,140953,3386034,,,0.000954,10.046,0.185955,7.65352,,,313.993,5.17371,,,34.4684,4.41395,,
123,7,0.0,140953,3386034,,,0.000956,8.9592,0.035068,5.41694,,,262.149,1.68573,,,9.59781,2.66036,,
124,7,0.0,140953,3386034,,,0.000741,7.29847,0.050625,1.08274,,,259.571,0.638979,,,4.2544,0.580622,,
125,7,0.0,140953,3386034,,,0.00093,9.12926,0.162726,7.98469,,,292.247,4.3597,,,25.61,3.79179,,
126,7,0.0,140953,3386034,,,0.00078,9.24068,0.08542,8.26458,,,290.897,3.87602,,,26.5435,3.58795,,
127,7,0.0,140953,3386034,,,0.00091,8.57906,0.026107,9.01357,,,259.169,1.61531,,,9.51126,3.6517,,
128,7,0.0,140953,3386034,,,0.000792,7.33085,0.049364,1.00935,,,259.727,0.635173,,,4.28362,0.613008,,
129,7,0.0,140953,3386034,,,0.000854,8.68093,0.126675,6.8493,,,305.159,3.86019,,,31.5232,3.36286,,
130,7,0.0,140953,3386034,,,0.000865,9.4319,0.199949,6.00825,,,312.418,3.60764,,,39.1449,3.31891,,
131,7,0.0,140953,3386034,,,0.000739,8.98189,0.116267,7.10051,,,289.557,5.39512,,,31.6399,5.02623,,
132,7,0.0,140953,3386034,,,0.000732,9.92256,0.144829,6.372,,,286.653,3.07532,,,28.0693,2.72692,,
133,7,0.0,140953,3386034,,,0.000734,8.17584,0.161215,6.93572,,,298.428,3.41206,,,30.6851,3.24852,,
134,7,0.0,140953,3386034,,,0.000889,7.64717,0.126054,7.09252,,,287.009,3.6978,,,27.9804,3.62516,,
135,7,0.0,402119,15889185,,,0.001027,26.0943,0.102545,5.02648,,,258.461,3.3953,,,17.3179,2.73719,,
136,7,0.0,402119,15889185,,,0.000855,26.0549,0.149708,3.74731,,,284.072,3.40409,,,41.8051,2.83532,,
137,7,0.0,402119,15889185,,,0.000969,33.3658,0.068213,35.3911,,,274.497,16.5316,,,23.5767,15.8045,,
138,7,0.0,402119,15889185,,,0.000959,33.0709,0.104365,34.3223,,,284.024,17.2745,,,24.7187,15.185,,
139,7,0.0,402119,15889185,,,0.000978,25.8535,0.171679,3.72286,,,293.252,3.73998,,,35.7259,3.48258,,
140,7,0.0,402119,15889185,,,0.001031,26.5191,0.143966,4.30032,,,281.835,3.34879,,,34.2971,2.59557,,
141,7,0.0,402119,15889185,,,0.000995,33.099,0.081651,34.4425,,,288.859,12.7887,,,22.8938,10.6023,,
142,7,0.0,402119,15889185,,,0.000854,33.2077,0.140618,34.8655,,,293.781,12.0321,,,26.9911,11.329,,
143,7,0.0,402119,15889185,,,0.001096,26.1405,0.17413,3.71867,,,286.512,4.45314,,,33.3146,3.32099,,
144,7,0.0,402119,15889185,,,0.000968,27.7484,0.205002,3.40506,,,291.735,3.5509,,,56.1414,2.75292,,
145,7,0.0,402119,15889185,,,0.001249,29.1545,0.138391,31.8905,,,305.369,12.619,,,30.3232,11.0911,,
146,7,0.0,402119,15889185,,,0.000973,32.0705,0.127813,32.0103,,,297.19,21.5936,,,27.7668,19.9342,,
147,7,0.0,402119,15889185,,,0.000972,31.607,0.15901,29.1829,,,316.136,13.6582,,,33.6419,11.7532,,
148,7,0.0,402119,15889185,,,0.001063,32.364,0.145723,30.8965,,,288.525,19.8547,,,27.1749,17.3666,,
149,7,0.0,402119,15889185,,,0.001045,31.1065,0.06211,34.3083,,,273.483,12.3857,,,22.2383,10.7345,,
150,7,0.0,402119,15889185,,,0.000912,33.5885,0.142591,30.9399,,,293.466,16.6743,,,29.8368,15.0256,,
151,7,0.0,1715,3813,,,0.001339,0.069064,0.071376,0.015938,,,258.931,0.025085,,,13.8368,0.016415,,
152,7,0.0,1715,3813,,,0.000414,0.063895,0.064211,0.012624,,,266.549,0.015562,,,14.1296,0.009866,,
153,7,0.0,1715,3813,,,0.000297,0.06909,0.07486,0.020635,,,265.487,0.024719,,,18.6673,0.017954,,
154,7,0.0,1715,3813,,,0.000275,0.068373,0.091194,0.021662,,,263.912,0.02772,,,16.8175,0.018853,,
155,7,0.0,1715,3813,,,0.000276,0.082593,0.06943,0.014794,,,259.815,0.026687,,,13.8212,0.017972,,
156,7,0.0,1715,3813,,,0.000296,0.063992,0.0696,0.015221,,,262.728,0.008778,,,6.06461,0.007441,,
157,7,0.0,1715,3813,,,0.000241,0.07067,0.070061,0.021768,,,270.542,0.038266,,,17.465,0.018382,,
158,7,0.0,1715,3813,,,0.00024,0.069035,0.04178,0.021089,,,274.204,0.025255,,,16.8039,0.018795,,
159,7,0.0,1715,3813,,,0.000271,0.069026,0.038863,0.01582,,,269.073,0.02641,,,18.6964,0.021686,,
160,7,0.0,1715,3813,,,0.000251,0.079994,0.065326,0.015993,,,272.021,0.009548,,,6.28414,0.007406,,
161,7,0.0,1715,3813,,,0.000234,0.085898,0.063703,0.021634,,,273.063,0.025412,,,17.5528,0.017347,,
162,7,0.0,1715,3813,,,0.000224,0.069945,0.062081,0.020844,,,273.158,0.024975,,,16.8932,0.018046,,
163,7,0.0,1715,3813,,,0.000223,0.071318,0.065172,0.021378,,,273.525,0.025288,,,17.0871,0.01817,,
164,7,0.0,1715,3813,,,0.000218,0.070804,0.037978,0.020699,,,273.897,0.025075,,,16.9185,0.018731,,
165,7,0.0,1715,3813,,,0.000198,0.070675,0.064081,0.021203,,,274.888,0.025008,,,17.9998,0.020221,,
166,7,0.0,1715,3813,,,0.000211,0.071981,0.057319,0.021247,,,263.919,0.02751,,,14.0133,0.01906,,
167,7,0.0,411161,6594772,,,0.000867,18.7503,0.115159,4.97912,,,285.867,3.57677,,,30.4727,2.93354,,
168,7,0.0,411161,6594772,,,0.00075,19.5957,0.116709,5.59569,,,278.714,5.78939,,,22.5129,4.22119,,
169,7,0.0,411161,6594772,,,0.000965,21.7004,0.142157,19.0639,,,294.492,13.1902,,,25.4351,12.8907,,
170,7,0.0,411161,6594772,,,0.000917,22.2407,0.14764,18.042,,,288.754,12.2758,,,27.6158,11.3989,,
171,7,0.0,411161,6594772,,,0.000825,19.0404,0.127545,3.95691,,,282.599,3.5599,,,29.619,2.74973,,
172,7,0.0,411161,6594772,,,0.000771,18.6556,0.12477,4.62119,,,272.448,6.52218,,,24.3457,5.40535,,
173,7,0.0,411161,6594772,,,0.001041,23.4469,0.175768,16.7493,,,285.649,12.3167,,,25.8512,10.9427,,
174,7,0.0,411161,6594772,,,0.001145,21.727,0.194333,15.0819,,,302.938,9.6943,,,31.7405,8.77296,,
175,7,0.0,411161,6594772,,,0.000969,17.9783,0.134664,4.08197,,,279.725,3.34666,,,29.3087,2.53469,,
176,7,0.0,411161,6594772,,,0.000782,19.3726,0.137389,3.55376,,,273.054,3.97433,,,23.7054,2.84295,,
177,7,0.0,411161,6594772,,,0.000964,22.8479,0.133451,17.3192,,,277.967,12.88,,,21.4015,11.1726,,
178,7,0.0,411161,6594772,,,0.001,22.5651,0.115874,16.8394,,,288.663,10.0227,,,27.5837,9.01911,,
179,7,0.0,411161,6594772,,,0.000935,32.4084,0.165486,16.9495,,,274.78,13.3192,,,20.4232,11.3649,,
180,7,0.0,411161,6594772,,,0.001349,31.3361,0.191856,16.0384,,,284.399,11.6328,,,23.1571,9.71365,,
181,7,0.0,411161,6594772,,,0.001559,22.7925,0.161589,12.2453,,,303.612,8.57217,,,35.8708,7.58859,,
182,7,0.0,411161,6594772,,,0.001349,20.9727,0.17821,13.2061,,,307.033,10.0649,,,32.531,8.69328,,
183,7,0.0,494564,24152953,,,0.001147,38.54,0.096022,6.87018,,,280.252,4.30405,,,21.2058,3.43429,,
184,7,0.0,494564,24152953,,,0.001133,37.7821,0.134733,7.50914,,,283.667,6.34808,,,26.3176,5.36168,,
185,7,0.0,494564,24152953,,,0.001113,42.6546,0.066936,54.6251,,,279.118,21.2942,,,21.9498,17.1881,,
186,7,0.0,494564,24152953,,,0.000994,55.4729,0.111582,50.0427,,,296.012,18.1122,,,26.825,16.5365,,
187,7,0.0,494564,24152953,,,0.001034,35.7721,0.142592,6.69457,,,273.403,4.33129,,,24.618,3.47951,,
188,7,0.0,494564,24152953,,,0.000833,39.112,0.134768,8.36002,,,279.967,10.9222,,,21.1714,8.05884,,
189,7,0.0,494564,24152953,,,0.000935,45.9976,0.156113,48.588,,,303.006,23.0191,,,30.0316,20.5517,,
190,7,0.0,494564,24152953,,,0.001353,46.2448,0.13435,48.5629,,,295.175,23.5906,,,27.8696,20.3392,,
191,7,0.0,494564,24152953,,,0.000978,37.5111,0.123592,4.74969,,,274.401,4.08219,,,19.645,3.26401,,
192,7,0.0,494564,24152953,,,0.000939,35.9624,0.216821,5.7352,,,289.809,4.39026,,,46.8569,3.17051,,
193,7,0.0,494564,24152953,,,0.000982,55.8743,0.175591,46.3526,,,301.333,22.0595,,,33.0577,18.9239,,
194,7,0.0,494564,24152953,,,0.000868,43.1931,0.092877,52.164,,,280.305,25.1612,,,26.3774,22.6873,,
195,7,0.0,494564,24152953,,,0.000893,45.7921,0.178514,52.2205,,,300.74,24.6715,,,32.8229,21.5144,,
196,7,0.0,494564,24152953,,,0.000898,54.2724,0.14272,48.1831,,,295.773,17.9984,,,29.735,17.9516,,
197,7,0.0,494564,24152953,,,0.000812,55.0436,0.192863,45.8584,,,305.37,21.6096,,,33.9845,18.5976,,
198,7,0.0,494564,24152953,,,0.000906,45.7218,0.066364,54.7756,,,277.927,18.1853,,,23.9582,18.3727,,
199,7,0.0,56749,663585,,,0.001084,2.53932,0.110261,0.563728,,,262.076,0.415043,,,15.2978,0.302195,,
200,7,0.0,56749,663585,,,0.000652,2.4048,0.102375,0.514452,,,268.965,0.455435,,,22.006,0.323552,,
201,7,0.0,56749,663585,,,0.000791,2.85814,0.092913,2.14963,,,272.537,1.264,,,21.6558,1.03623,,
202,7,0.0,56749,663585,,,0.000951,3.67792,0.125905,2.16506,,,261.104,2.33625,,,20.5663,2.27381,,
203,7,0.0,56749,663585,,,0.000716,2.61158,0.111988,0.552533,,,269.989,0.444123,,,16.6353,0.313749,,
204,7,0.0,56749,663585,,,0.000529,2.3953,0.096038,0.763243,,,277.05,0.435175,,,22.4024,0.287224,,
205,7,0.0,56749,663585,,,0.000767,3.58086,0.133934,2.15047,,,272.73,2.47029,,,18.6746,2.11635,,
206,7,0.0,56749,663585,,,0.000785,3.73457,0.144836,2.10653,,,276.132,2.43947,,,20.3579,2.16502,,
207,7,0.0,56749,663585,,,0.0007,2.62263,0.108984,0.727893,,,275.239,0.578261,,,18.5365,0.548873,,
208,7,0.0,56749,663585,,,0.000538,2.63842,0.109054,0.660255,,,279.643,0.467007,,,23.2303,0.311051,,
209,7,0.0,56749,663585,,,0.000818,2.77985,0.282119,1.54688,,,293.43,1.71228,,,24.8072,1.43059,,
210,7,0.0,56749,663585,,,0.000708,2.85864,0.260785,1.29549,,,302.228,1.33799,,,30.6936,1.10932,,
211,7,0.0,56749,663585,,,0.00078,3.07156,0.240038,1.90758,,,295.377,2.43575,,,27.7643,1.99531,,
212,7,0.0,56749,663585,,,0.000656,2.8928,0.224356,1.47289,,,293.152,1.27377,,,26.6977,1.08526,,
213,7,0.0,56749,663585,,,0.000632,3.43297,0.154854,1.846,,,277.25,2.03036,,,19.8939,1.73371,,
214,7,0.0,56749,663585,,,0.000743,3.44747,0.149115,1.91301,,,274.637,2.30835,,,20.6195,2.0661,,
119,8,0.0,140953,3386034,,,0.001973,10.0065,0.040011,8.82031,,,254.777,1.63651,,,11.5453,3.69653,,
120,8,0.0,140953,3386034,,,0.001297,7.50284,0.05726,1.0463,,,254.056,0.658361,,,4.36558,0.631352,,
121,8,0.0,140953,3386034,,,0.000987,11.9346,0.152504,6.93786,,,291.573,4.71573,,,33.255,4.46203,,
122,8,0.0,140953,3386034,,,0.001318,10.0244,0.169915,7.24189,,,301.1,5.29714,,,35.4923,4.54695,,
123,8,0.0,140953,3386034,,,0.000924,8.6152,0.032271,5.33766,,,257.481,1.63327,,,9.40075,2.61881,,
124,8,0.0,140953,3386034,,,0.000843,6.64087,0.050534,1.00938,,,254.634,0.639332,,,3.93578,0.587064,,
125,8,0.0,140953,3386034,,,0.000849,8.60601,0.150726,7.45417,,,284.148,4.35724,,,26.1992,3.93183,,
126,8,0.0,140953,3386034,,,0.000732,8.2662,0.075997,8.20736,,,283.642,3.80467,,,28.2041,3.46915,,
127,8,0.0,140953,3386034,,,0.000739,8.04913,0.025134,9.3629,,,253.535,1.62525,,,8.86424,3.48546,,
128,8,0.0,140953,3386034,,,0.00068,6.64024,0.052661,1.11918,,,258.435,0.658731,,,4.03583,0.556812,,
129,8,0.0,140953,3386034,,,0.000788,7.91039,0.153647,6.79114,,,312.384,3.86959,,,31.4313,3.44772,,
130,8,0.0,140953,3386034,,,0.000768,8.87161,0.1974,5.77624,,,333.711,3.63111,,,41.0829,3.33831,,
131,8,0.0,140953,3386034,,,0.000651,7.9722,0.115863,6.88377,,,297.111,5.29746,,,30.1977,4.98159,,
132,8,0.0,140953,3386034,,,0.00064,9.10235,0.125311,5.77698,,,298.58,3.00945,,,27.9248,2.90032,,
133,8,0.0,140953,3386034,,,0.000767,8.43221,0.163438,6.1565,,,309.653,3.41926,,,31.1877,3.28709,,
134,8,0.0,140953,3386034,,,0.000712,8.2597,0.115428,6.43934,,,295.433,3.86833,,,26.4434,3.45463,,
135,8,0.0,402119,15889185,,,0.000839,26.5407,0.082517,4.88705,,,263.564,3.2881,,,16.6689,2.70269,,
136,8,0.0,402119,15889185,,,0.000735,26.0017,0.1452,3.53246,,,289.172,3.37781,,,41.4285,2.96679,,
137,8,0.0,402119,15889185,,,0.000875,32.1564,0.068653,33.1095,,,283.313,16.6062,,,23.2222,15.4688,,
138,8,0.0,402119,15889185,,,0.000903,33.6079,0.098442,33.7222,,,282.509,17.2891,,,24.9468,15.3584,,
139,8,0.0,402119,15889185,,,0.00084,25.7427,0.137839,3.3666,,,282.627,3.60355,,,36.0374,3.21635,,
140,8,0.0,402119,15889185,,,0.000725,26.5189,0.135348,3.86647,,,277.85,3.35339,,,33.1414,2.69389,,
141,8,0.0,402119,15889185,,,0.000853,33.0412,0.089064,31.8417,,,279.113,12.6313,,,24.1662,11.9783,,
142,8,0.0,402119,15889185,,,0.000914,31.1849,0.117875,32.4662,,,291.519,11.9659,,,27.0499,11.2549,,
143,8,0.0,402119,15889185,,,0.000946,25.7736,0.194156,3.55171,,,280.237,4.46354,,,34.9846,3.52934,,
144,8,0.0,402119,15889185,,,0.000831,26.2323,0.217394,3.33675,,,285.175,3.50379,,,57.2367,2.82585,,
145,8,0.0,402119,15889185,,,0.001109,30.4005,0.145696,31.4233,,,295.077,12.5474,,,31.7558,11.54,,
146,8,0.0,402119,15889185,,,0.001138,33.3842,0.15905,31.769,,,285.912,21.7756,,,30.3436,20.2114,,
147,8,0.0,402119,15889185,,,0.001081,29.8572,0.185439,29.2572,,,308.414,13.0605,,,33.6853,12.4318,,
148,8,0.0,402119,15889185,,,0.001003,33.3847,0.136561,29.9804,,,288.033,20.1168,,,29.1165,18.2725,,
149,8,0.0,402119,15889185,,,0.001,31.2894,0.063464,32.016,,,276.379,12.4404,,,21.1662,11.249,,
150,8,0.0,402119,15889185,,,0.000906,31.7502,0.177779,29.9648,,,304.249,16.613,,,30.993,16.702,,
151,8,0.0,1715,3813,,,0.001423,0.089701,0.063251,0.013533,,,265.314,0.026186,,,15.8388,0.01938,,
152,8,0.0,1715,3813,,,0.000423,0.056683,0.056785,0.012483,,,271.701,0.01471,,,15.0429,0.009008,,
153,8,0.0,1715,3813,,,0.000257,0.063016,0.072974,0.01862,,,273.277,0.025246,,,18.0729,0.017474,,
154,8,0.0,1715,3813,,,0.000218,0.062357,0.047134,0.019196,,,272.263,0.026808,,,17.2329,0.020827,,
155,8,0.0,1715,3813,,,0.000254,0.060979,0.061628,0.013011,,,265.473,0.026138,,,14.9067,0.017939,,
156,8,0.0,1715,3813,,,0.000264,0.057201,0.062402,0.013643,,,272.601,0.009437,,,6.48722,0.008008,,
157,8,0.0,1715,3813,,,0.000185,0.062565,0.064371,0.019568,,,272.946,0.025796,,,19.2894,0.01978,,
158,8,0.0,1715,3813,,,0.000175,0.06121,0.037852,0.018657,,,268.425,0.026445,,,17.1132,0.01801,,
159,8,0.0,1715,3813,,,0.000199,0.061433,0.037462,0.013872,,,270.741,0.026525,,,18.2577,0.020987,,
160,8,0.0,1715,3813,,,0.000228,0.05634,0.061374,0.014205,,,274.378,0.027876,,,6.39044,0.007641,,
161,8,0.0,1715,3813,,,0.000175,0.063595,0.062704,0.019189,,,266.726,0.025691,,,17.7665,0.018581,,
162,8,0.0,1715,3813,,,0.000167,0.062078,0.051222,0.019003,,,264.024,0.025352,,,18.2035,0.020142,,
163,8,0.0,1715,3813,,,0.000167,0.062877,0.066186,0.019448,,,264.503,0.025672,,,18.9462,0.020022,,
164,8,0.0,1715,3813,,,0.000177,0.061363,0.038429,0.018701,,,262.616,0.024978,,,17.7788,0.01804,,
165,8,0.0,1715,3813,,,0.000165,0.062685,0.064248,0.019416,,,263.053,0.025541,,,17.9294,0.017981,,
166,8,0.0,1715,3813,,,0.000167,0.06383,0.052567,0.022901,,,254.49,0.02792,,,13.2114,0.019142,,
167,8,0.0,411161,6594772,,,0.000665,18.8863,0.110272,4.84776,,,276.233,3.48021,,,29.1571,2.99614,,
168,8,0.0,411161,6594772,,,0.000617,21.4171,0.116606,5.63187,,,271.134,5.65179,,,24.8869,4.71703,,
169,8,0.0,411161,6594772,,,0.000868,22.3282,0.17394,20.0947,,,283.015,12.9757,,,25.6499,12.4236,,
170,8,0.0,411161,6594772,,,0.001303,22.1765,0.141747,17.2308,,,286.068,12.4378,,,28.222,10.7925,,
171,8,0.0,411161,6594772,,,0.000748,18.1118,0.121588,3.75042,,,274.712,3.39037,,,30.7083,2.82682,,
172,8,0.0,411161,6594772,,,0.000643,19.4309,0.120166,4.44534,,,272.767,6.6403,,,23.666,5.14606,,
173,8,0.0,411161,6594772,,,0.000914,24.3822,0.157546,16.187,,,292.59,12.23,,,25.9106,11.7333,,
174,8,0.0,411161,6594772,,,0.000837,21.0556,0.187584,14.7484,,,307.581,9.55657,,,33.6619,8.66196,,
175,8,0.0,411161,6594772,,,0.000704,18.0559,0.125725,3.97974,,,287.241,3.36158,,,29.2244,2.76221,,
176,8,0.0,411161,6594772,,,0.00062,18.2994,0.137085,3.50887,,,287.256,4.44316,,,24.3195,3.15697,,
177,8,0.0,411161,6594772,,,0.000947,23.3636,0.154534,17.4651,,,279.764,12.8958,,,21.9505,11.1681,,
178,8,0.0,411161,6594772,,,0.001066,23.2445,0.148883,17.4683,,,294.223,10.0469,,,27.2908,9.50595,,
179,8,0.0,411161,6594772,,,0.000744,31.6261,0.168617,16.982,,,283.775,13.0441,,,21.8698,12.1591,,
180,8,0.0,411161,6594772,,,0.000815,29.596,0.231674,15.422,,,292.378,11.6981,,,25.6664,10.0943,,
181,8,0.0,411161,6594772,,,0.000723,24.0448,0.174772,11.9669,,,308.6,8.70799,,,35.457,7.87007,,
182,8,0.0,411161,6594772,,,0.00076,20.9689,0.147662,13.6371,,,316.117,9.99665,,,35.5156,9.60882,,
183,8,0.0,494564,24152953,,,0.001098,35.6317,0.09308,7.00932,,,277.262,4.30969,,,21.631,3.64852,,
184,8,0.0,494564,24152953,,,0.000928,37.8873,0.152942,7.57455,,,277.954,6.45322,,,25.9786,5.20674,,
185,8,0.0,494564,24152953,,,0.000899,43.0294,0.064798,55.0394,,,274.423,20.6878,,,22.7738,18.7185,,
186,8,0.0,494564,24152953,,,0.00088,54.6878,0.108197,51.3241,,,283.639,17.2609,,,27.4187,16.7263,,
187,8,0.0,494564,24152953,,,0.000999,37.5455,0.205858,6.99265,,,271.479,4.27851,,,25.5464,3.66147,,
188,8,0.0,494564,24152953,,,0.00081,37.0954,0.135279,8.78424,,,270.038,10.9058,,,23.2146,9.00039,,
189,8,0.0,494564,24152953,,,0.000967,44.4567,0.174281,47.3978,,,292.013,23.206,,,32.1364,20.4695,,
190,8,0.0,494564,24152953,,,0.000839,42.3555,0.116753,50.47,,,287.472,23.6688,,,29.7115,21.3554,,
191,8,0.0,494564,24152953,,,0.000863,36.0086,0.140437,4.86299,,,262.654,3.96828,,,20.7157,3.34616,,
192,8,0.0,494564,24152953,,,0.001012,37.802,0.215525,5.58805,,,285.232,4.40698,,,45.7901,3.49312,,
193,8,0.0,494564,24152953,,,0.000836,53.9341,0.169024,46.4266,,,301.624,22.1515,,,35.147,19.229,,
194,8,0.0,494564,24152953,,,0.000939,46.9422,0.106288,54.059,,,284.128,25.1005,,,26.796,23.7903,,
195,8,0.0,494564,24152953,,,0.001063,45.1106,0.174711,51.4874,,,304.991,24.7785,,,34.8596,21.931,,
196,8,0.0,494564,24152953,,,0.000924,57.951,0.179257,49.7346,,,301.582,19.0328,,,28.991,18.6246,,
197,8,0.0,494564,24152953,,,0.000925,54.9922,0.170349,44.5525,,,318.63,21.8365,,,33.6387,18.9886,,
198,8,0.0,494564,24152953,,,0.001392,48.9639,0.059414,54.2117,,,285.971,18.9451,,,22.4178,16.9666,,
199,8,0.0,56749,663585,,,0.001274,2.6962,0.097437,0.569205,,,267.844,0.430406,,,15.263,0.330567,,
200,8,0.0,56749,663585,,,0.000619,2.56161,0.101223,0.494468,,,276.32,0.441141,,,22.9607,0.310025,,
201,8,0.0,56749,663585,,,0.000833,3.17541,0.095943,2.12281,,,276.775,1.25917,,,22.2042,1.03731,,
202,8,0.0,56749,663585,,,0.000966,3.79226,0.136963,2.14612,,,272.603,2.37359,,,18.9209,2.0415,,
203,8,0.0,56749,663585,,,0.000711,2.6628,0.105745,0.550062,,,266.802,0.430735,,,16.3321,0.357176,,
204,8,0.0,56749,663585,,,0.000503,2.61527,0.103175,0.743205,,,275.922,0.451098,,,23.0972,0.287876,,
205,8,0.0,56749,663585,,,0.000937,3.68681,0.12741,1.9407,,,271.158,2.47469,,,18.6604,2.29191,,
206,8,0.0,56749,663585,,,0.000791,3.61429,0.150561,2.02487,,,272.561,2.42063,,,21.2257,2.02859,,
207,8,0.0,56749,663585,,,0.000795,2.684,0.10099,0.663241,,,272.681,0.576188,,,16.857,0.489428,,
208,8,0.0,56749,663585,,,0.000562,2.72124,0.097074,0.624285,,,272.169,0.430706,,,24.6492,0.302247,,
209,8,0.0,56749,663585,,,0.000748,2.98812,0.23524,1.60238,,,284.797,1.71918,,,24.8102,1.43204,,
210,8,0.0,56749,663585,,,0.000792,3.00995,0.268471,1.209,,,287.325,1.31193,,,31.1478,1.06092,,
211,8,0.0,56749,663585,,,0.000662,3.23786,0.209788,1.81294,,,284.181,2.4444,,,26.7922,2.21641,,
212,8,0.0,56749,663585,,,0.000741,3.04516,0.23573,1.41705,,,285.621,1.27251,,,28.2117,1.07398,,
213,8,0.0,56749,663585,,,0.000653,3.84314,0.162592,1.70617,,,267.254,2.02959,,,19.2939,1.72738,,
214,8,0.0,56749,663585,,,0.000871,3.85637,0.135278,1.91505,,,267.938,2.27887,,,20.639,1.92289,,
119,9,0.0,140953,3386034,,,0.002075,9.96097,0.043617,9.56637,,,262.346,1.59351,,,11.0465,3.46244,,
120,9,0.0,140953,3386034,,,0.001006,7.38767,0.06361,1.13671,,,260.649,0.681243,,,4.14203,0.645245,,
121,9,0.0,140953,3386034,,,0.001211,11.4992,0.170804,7.80366,,,304.761,4.75003,,,32.018,3.91868,,
122,9,0.0,140953,3386034,,,0.00111,9.2474,0.192451,7.78938,,,312.816,5.30923,,,31.8066,4.3101,,
123,9,0.0,140953,3386034,,,0.000945,8.33126,0.035437,5.34348,,,263.504,2.0321,,,9.70735,2.73599,,
124,9,0.0,140953,3386034,,,0.000743,6.90287,0.050816,1.0088,,,256.496,0.661217,,,4.00547,0.563117,,
125,9,0.0,140953,3386034,,,0.000878,8.24911,0.149596,7.64804,,,283.441,4.30837,,,25.8822,3.93522,,
126,9,0.0,140953,3386034,,,0.000844,8.40373,0.076625,8.0274,,,284.446,3.87329,,,26.0092,3.19126,,
127,9,0.0,140953,3386034,,,0.000759,7.91331,0.027553,8.67232,,,252.011,1.60795,,,8.71155,3.54537,,
128,9,0.0,140953,3386034,,,0.000764,7.3634,0.052257,0.985676,,,254.801,0.643027,,,3.8663,0.555782,,
129,9,0.0,140953,3386034,,,0.001116,8.41925,0.124285,6.61585,,,295.561,3.88998,,,29.7929,3.42663,,
130,9,0.0,140953,3386034,,,0.000996,8.97595,0.198267,5.65313,,,319.77,3.61303,,,39.5659,3.04575,,
131,9,0.0,140953,3386034,,,0.000646,7.94048,0.119195,6.88658,,,289.941,5.41959,,,29.4428,4.92204,,
132,9,0.0,140953,3386034,,,0.0007,9.14965,0.171465,5.98355,,,287.289,3.02833,,,26.6879,2.56814,,
133,9,0.0,140953,3386034,,,0.000774,7.96145,0.141203,6.15511,,,298.948,3.42576,,,29.2998,2.89547,,
134,9,0.0,140953,3386034,,,0.000764,7.71064,0.115385,6.87555,,,292.916,3.8878,,,25.5774,3.26563,,
135,9,0.0,402119,15889185,,,0.000911,26.1554,0.089465,5.0451,,,267.57,3.32898,,,16.3921,2.55255,,
136,9,0.0,402119,15889185,,,0.000937,28.1563,0.149229,3.79464,,,290.194,3.43309,,,39.7611,2.74187,,
137,9,0.0,402119,15889185,,,0.000889,32.3301,0.072984,33.639,,,284.327,16.6373,,,21.9289,15.242,,
138,9,0.0,402119,15889185,,,0.000986,32.5739,0.090664,34.577,,,286.735,17.2532,,,24.0831,16.0493,,
139,9,0.0,402119,15889185,,,0.000917,26.1476,0.137198,3.59818,,,288.309,3.74379,,,34.9522,3.35405,,
140,9,0.0,402119,15889185,,,0.00097,28.0696,0.126566,4.07633,,,283.421,3.37752,,,32.511,2.56502,,
141,9,0.0,402119,15889185,,,0.000922,33.3634,0.074408,33.6025,,,289.57,12.6755,,,23.3377,10.6406,,
142,9,0.0,402119,15889185,,,0.001164,32.6284,0.147722,32.911,,,310.561,12.5454,,,27.2804,10.8041,,
143,9,0.0,402119,15889185,,,0.001093,27.2787,0.161201,3.42911,,,284.519,4.38252,,,33.2935,3.25429,,
144,9,0.0,402119,15889185,,,0.000931,26.3709,0.182499,3.218,,,281.364,3.37103,,,56.0675,2.80279,,
145,9,0.0,402119,15889185,,,0.000953,29.2212,0.144159,30.7426,,,297.977,12.009,,,30.9257,11.1186,,
146,9,0.0,402119,15889185,,,0.000968,32.7598,0.138765,31.276,,,290.977,21.3638,,,28.0412,20.4848,,
147,9,0.0,402119,15889185,,,0.001266,30.5961,0.174974,29.3981,,,307.109,13.6149,,,32.0954,11.5979,,
148,9,0.0,402119,15889185,,,0.001209,32.9617,0.149971,29.0741,,,284.347,20.1257,,,26.9893,18.5109,,
149,9,0.0,402119,15889185,,,0.000967,30.9209,0.060813,32.7272,,,268.949,12.5391,,,20.6887,10.8943,,
150,9,0.0,402119,15889185,,,0.00122,34.1915,0.160351,31.0124,,,293.21,16.2729,,,29.8807,15.218,,
151,9,0.0,1715,3813,,,0.001196,0.062602,0.074148,0.014004,,,256.797,0.023729,,,14.0592,0.01828,,
152,9,0.0,1715,3813,,,0.000407,0.056522,0.058773,0.011587,,,261.611,0.014592,,,14.2361,0.008739,,
153,9,0.0,1715,3813,,,0.000248,0.062686,0.064586,0.019356,,,268.144,0.025566,,,17.2149,0.017758,,
154,9,0.0,1715,3813,,,0.000184,0.062292,0.048916,0.019723,,,269.188,0.026559,,,16.9076,0.018674,,
155,9,0.0,1715,3813,,,0.000226,0.059894,0.062576,0.013084,,,264.422,0.025725,,,14.9623,0.01951,,
156,9,0.0,1715,3813,,,0.000266,0.056586,0.062009,0.013449,,,271.7,0.010033,,,6.57157,0.007661,,
157,9,0.0,1715,3813,,,0.000199,0.069566,0.067518,0.019917,,,270.425,0.025632,,,18.4974,0.020505,,
158,9,0.0,1715,3813,,,0.000208,0.082692,0.04523,0.019134,,,268.945,0.026113,,,18.627,0.019725,,
159,9,0.0,1715,3813,,,0.000241,0.067175,0.033905,0.015157,,,268.072,0.02501,,,17.4787,0.019225,,
160,9,0.0,1715,3813,,,0.000227,0.062449,0.060599,0.014347,,,271.897,0.009303,,,6.1602,0.007385,,
161,9,0.0,1715,3813,,,0.000184,0.068696,0.0624,0.019277,,,277.891,0.026173,,,17.5613,0.018881,,
162,9,0.0,1715,3813,,,0.000192,0.068448,0.051258,0.01975,,,276.124,0.024226,,,17.0276,0.017791,,
163,9,0.0,1715,3813,,,0.000192,0.069139,0.066258,0.019796,,,272.096,0.024782,,,18.3638,0.018403,,
164,9,0.0,1715,3813,,,0.000183,0.067715,0.035678,0.019225,,,270.481,0.025054,,,16.806,0.020369,,
165,9,0.0,1715,3813,,,0.000186,0.068465,0.065077,0.019554,,,264.202,0.024478,,,18.2855,0.018104,,
166,9,0.0,1715,3813,,,0.000185,0.070505,0.052208,0.019359,,,255.552,0.0278,,,13.2803,0.021605,,
167,9,0.0,411161,6594772,,,0.00085,18.6211,0.114481,4.8303,,,275.959,3.47242,,,28.9928,2.99652,,
168,9,0.0,411161,6594772,,,0.000652,19.3394,0.103084,5.22666,,,266.566,8.24249,,,23.4636,4.46405,,
169,9,0.0,411161,6594772,,,0.000928,21.6992,0.143912,18.0218,,,283.735,12.4961,,,26.4247,12.3774,,
170,9,0.0,411161,6594772,,,0.000881,23.2215,0.135635,16.5376,,,285.45,12.2437,,,29.2652,10.8495,,
171,9,0.0,411161,6594772,,,0.000916,17.8043,0.121065,3.56233,,,274.928,3.5772,,,28.5287,3.09248,,
172,9,0.0,411161,6594772,,,0.00072,18.6992,0.119604,4.41583,,,268.638,6.60173,,,24.9097,5.28224,,
173,9,0.0,411161,6594772,,,0.000822,22.8723,0.196492,16.4195,,,281.997,12.1577,,,26.4637,11.8674,,
174,9,0.0,411161,6594772,,,0.000828,21.1054,0.187806,14.8154,,,299.353,9.64606,,,34.0043,9.38491,,
175,9,0.0,411161,6594772,,,0.000788,20.1306,0.125838,3.77207,,,274.518,3.332,,,29.1327,2.5441,,
176,9,0.0,411161,6594772,,,0.001398,17.9941,0.135278,3.29814,,,284.187,4.21298,,,25.0811,2.97722,,
177,9,0.0,411161,6594772,,,0.001256,22.4907,0.132983,16.5235,,,277.452,13.9108,,,21.1229,11.7823,,
178,9,0.0,411161,6594772,,,0.000959,22.8587,0.105891,15.6921,,,297.12,9.98585,,,28.1914,9.00976,,
179,9,0.0,411161,6594772,,,0.001048,33.287,0.148243,15.8013,,,280.818,13.1447,,,21.3753,12.0181,,
180,9,0.0,411161,6594772,,,0.001075,30.091,0.194502,15.2029,,,291.816,11.8786,,,24.7078,10.6328,,
181,9,0.0,411161,6594772,,,0.000967,23.1987,0.172962,11.908,,,310.768,8.60932,,,35.9082,7.83384,,
182,9,0.0,411161,6594772,,,0.000878,22.0055,0.161182,13.5938,,,315.907,10.0214,,,33.9673,9.39349,,
183,9,0.0,494564,24152953,,,0.00131,37.1338,0.087636,6.60344,,,276.812,4.33191,,,22.5194,3.66939,,
184,9,0.0,494564,24152953,,,0.001133,37.5231,0.143703,7.28973,,,281.421,6.3704,,,25.6779,5.23306,,
185,9,0.0,494564,24152953,,,0.000977,43.7642,0.064003,52.0012,,,278.016,21.2409,,,22.1926,18.0946,,
186,9,0.0,494564,24152953,,,0.001208,55.795,0.110292,50.6965,,,292.332,17.7624,,,28.8363,16.2897,,
187,9,0.0,494564,24152953,,,0.000923,36.0863,0.143638,6.43014,,,270.138,4.24559,,,25.7791,3.75386,,
188,9,0.0,494564,24152953,,,0.000921,38.4811,0.125157,7.93333,,,272.073,10.2694,,,22.0462,8.49968,,
189,9,0.0,494564,24152953,,,0.001036,43.2793,0.155638,45.8034,,,295.3,22.812,,,32.5815,19.8821,,
190,9,0.0,494564,24152953,,,0.001337,44.6854,0.12178,48.3264,,,285.898,22.4408,,,29.7193,21.255,,
191,9,0.0,494564,24152953,,,0.000997,36.3028,0.123001,4.51588,,,271.488,4.12578,,,20.6581,3.43173,,
192,9,0.0,494564,24152953,,,0.000904,36.7361,0.18933,5.32966,,,282.07,4.36876,,,45.8674,3.37937,,
193,9,0.0,494564,24152953,,,0.000995,56.9425,0.155567,43.6567,,,300.455,21.8251,,,35.3314,19.5153,,
194,9,0.0,494564,24152953,,,0.000975,45.1023,0.093346,52.505,,,279.771,24.2483,,,26.3831,22.775,,
195,9,0.0,494564,24152953,,,0.000978,47.6252,0.158573,49.5416,,,301.374,25.1691,,,35.0305,23.0605,,
196,9,0.0,494564,24152953,,,0.001381,57.2538,0.137609,47.8174,,,295.346,18.5411,,,29.56,17.7033,,
197,9,0.0,494564,24152953,,,0.001015,58.2581,0.167225,43.1118,,,301.488,21.7662,,,35.8001,19.1857,,
198,9,0.0,494564,24152953,,,0.000959,47.8789,0.06185,51.9631,,,272.079,18.4795,,,24.0866,17.8624,,
199,9,0.0,56749,663585,,,0.001004,2.77565,0.122955,0.558131,,,260.529,0.415711,,,15.9042,0.319497,,
200,9,0.0,56749,663585,,,0.00084,2.74214,0.097056,0.503758,,,274.93,0.451863,,,24.2485,0.284096,,
201,9,0.0,56749,663585,,,0.001018,3.11494,0.091718,1.97435,,,281.033,1.25669,,,21.7308,1.23531,,
202,9,0.0,56749,663585,,,0.000983,3.79794,0.10993,1.92204,,,270.101,2.33799,,,19.1695,2.22939,,
203,9,0.0,56749,663585,,,0.000825,2.6454,0.096764,0.491922,,,269.606,0.441847,,,16.1782,0.362437,,
204,9,0.0,56749,663585,,,0.000698,2.49674,0.090285,0.660864,,,278.022,0.443791,,,24.7798,0.333315,,
205,9,0.0,56749,663585,,,0.000894,3.61902,0.120025,2.0702,,,267.716,2.43733,,,20.6619,2.25263,,
206,9,0.0,56749,663585,,,0.001,3.45497,0.146503,1.94913,,,274.51,2.43185,,,21.0154,2.00534,,
207,9,0.0,56749,663585,,,0.000832,2.63592,0.096862,0.663998,,,274.951,0.589653,,,17.522,0.493855,,
208,9,0.0,56749,663585,,,0.00083,2.51839,0.09584,0.609647,,,276.589,0.464289,,,23.9208,0.335809,,
209,9,0.0,56749,663585,,,0.001108,2.76502,0.25226,1.40733,,,287.962,1.71049,,,26.8975,1.58496,,
210,9,0.0,56749,663585,,,0.000895,2.67793,0.231458,1.15847,,,284.918,1.308,,,33.4032,1.1885,,
211,9,0.0,56749,663585,,,0.000865,3.08093,0.214088,1.81845,,,284.906,2.42916,,,27.7955,2.17888,,
212,9,0.0,56749,663585,,,0.000972,3.04071,0.2036,1.32665,,,289.274,1.27772,,,28.4037,1.21405,,
213,9,0.0,56749,663585,,,0.000888,3.6432,0.133293,1.70396,,,273.667,2.01468,,,21.4591,1.83803,,
214,9,0.0,56749,663585,,,0.000927,3.53603,0.149199,1.91494,,,267.722,2.31311,,,21.5745,1.95623,,
119,10,0.0,140953,3386034,,,0.001744,10.0204,0.039795,9.7616,,,259.741,1.60639,,,11.5146,3.65413,,
120,10,0.0,140953,3386034,,,0.001056,7.40502,0.074435,1.15667,,,263.061,0.635547,,,4.15855,0.585903,,
121,10,0.0,140953,3386034,,,0.001157,11.9324,0.174914,7.77461,,,305.268,4.67651,,,31.813,3.94657,,
122,10,0.0,140953,3386034,,,0.001031,9.56812,0.195501,7.33374,,,305.354,5.06558,,,31.8575,4.32633,,
123,10,0.0,140953,3386034,,,0.000862,8.03283,0.032557,5.25988,,,254.836,1.70453,,,8.96886,2.46584,,
124,10,0.0,140953,3386034,,,0.000749,6.78216,0.051093,1.00342,,,253.759,0.659562,,,3.87448,0.559948,,
125,10,0.0,140953,3386034,,,0.000843,8.32486,0.154503,8.02394,,,282.18,4.3528,,,24.8928,3.72072,,
126,10,0.0,140953,3386034,,,0.000823,8.31038,0.084667,8.60447,,,287.837,3.87324,,,26.4019,3.19247,,
127,10,0.0,140953,3386034,,,0.000761,7.86055,0.025499,8.67586,,,253.925,1.5925,,,8.61758,3.27266,,
128,10,0.0,140953,3386034,,,0.000766,6.84347,0.049302,0.988598,,,256.835,0.658111,,,3.90312,0.556449,,
129,10,0.0,140953,3386034,,,0.000771,8.37802,0.123353,6.4069,,,297.62,3.87124,,,29.6229,3.32099,,
130,10,0.0,140953,3386034,,,0.000837,9.70581,0.199645,5.64973,,,318.461,3.61536,,,39.2419,3.40638,,
131,10,0.0,140953,3386034,,,0.000743,7.98039,0.120626,7.05997,,,291.197,5.41519,,,29.0619,4.77154,,
132,10,0.0,140953,3386034,,,0.000689,9.28892,0.139511,5.75029,,,289.519,3.05894,,,26.9895,2.74129,,
133,10,0.0,140953,3386034,,,0.001034,8.23851,0.145952,6.14912,,,300.551,3.41623,,,30.7962,3.3036,,
134,10,0.0,140953,3386034,,,0.000712,7.58663,0.115662,6.74001,,,296.239,3.87276,,,26.5583,3.42329,,
135,10,0.0,402119,15889185,,,0.00088,25.8543,0.08175,5.02004,,,265.179,3.39022,,,16.7987,2.69488,,
136,10,0.0,402119,15889185,,,0.000818,25.9465,0.148819,3.7506,,,291.391,3.36605,,,41.9636,2.99324,,
137,10,0.0,402119,15889185,,,0.000839,34.2148,0.071745,35.7289,,,283.471,16.6481,,,23.6903,15.6448,,
138,10,0.0,402119,15889185,,,0.000938,31.5709,0.099003,33.1173,,,284.88,17.2727,,,24.8226,15.3741,,
139,10,0.0,402119,15889185,,,0.000807,26.1456,0.137199,3.41246,,,287.744,3.73238,,,36.3942,3.29818,,
140,10,0.0,402119,15889185,,,0.000745,27.2795,0.128338,3.89764,,,282.648,3.38618,,,33.029,2.58519,,
141,10,0.0,402119,15889185,,,0.000719,34.2289,0.075134,33.4461,,,288.229,12.6885,,,24.1037,11.4107,,
142,10,0.0,402119,15889185,,,0.000939,30.674,0.143832,32.3547,,,292.792,12.1807,,,27.6996,11.0389,,
143,10,0.0,402119,15889185,,,0.000762,26.8755,0.15992,3.41048,,,286.494,4.48362,,,34.6356,3.54652,,
144,10,0.0,402119,15889185,,,0.000959,26.342,0.185923,3.19659,,,291.45,3.44979,,,57.8675,2.82385,,
145,10,0.0,402119,15889185,,,0.001072,31.2611,0.145708,29.7134,,,304.253,12.4003,,,31.4518,11.6392,,
146,10,0.0,402119,15889185,,,0.00114,31.9192,0.114466,30.6522,,,289.165,21.781,,,29.632,20.03,,
147,10,0.0,402119,15889185,,,0.000921,31.4667,0.181125,29.3914,,,306.988,13.0751,,,33.2378,12.0595,,
148,10,0.0,402119,15889185,,,0.00112,32.4101,0.134688,28.4051,,,285.483,19.7408,,,28.366,19.3586,,
149,10,0.0,402119,15889185,,,0.001067,31.1724,0.055445,32.0696,,,271.793,12.4508,,,21.8365,11.2655,,
150,10,0.0,402119,15889185,,,0.001101,33.3086,0.139781,31.8705,,,293.119,17.0316,,,31.4028,16.0365,,
151,10,0.0,1715,3813,,,0.001277,0.067816,0.069324,0.014212,,,258.133,0.025576,,,15.5771,0.017913,,
152,10,0.0,1715,3813,,,0.000457,0.085008,0.059622,0.012235,,,262.487,0.015183,,,14.5764,0.009657,,
153,10,0.0,1715,3813,,,0.000322,0.070783,0.065007,0.018792,,,266.58,0.0246,,,18.1627,0.017402,,
154,10,0.0,1715,3813,,,0.000191,0.070095,0.047966,0.019481,,,264.513,0.026727,,,17.7476,0.020072,,
155,10,0.0,1715,3813,,,0.000279,0.06899,0.061684,0.014189,,,259.278,0.027311,,,14.6436,0.038247,,
156,10,0.0,1715,3813,,,0.000253,0.063387,0.061969,0.013464,,,266.364,0.046062,,,6.37859,0.008218,,
157,10,0.0,1715,3813,,,0.00021,0.070393,0.065226,0.019586,,,265.089,0.025802,,,18.9659,0.020044,,
158,10,0.0,1715,3813,,,0.000195,0.068554,0.036935,0.0263,,,272.149,0.025929,,,17.6927,0.017756,,
159,10,0.0,1715,3813,,,0.000225,0.068825,0.034304,0.014073,,,273.189,0.027346,,,17.7505,0.021323,,
160,10,0.0,1715,3813,,,0.000254,0.063033,0.058316,0.014369,,,272.274,0.008986,,,6.31496,0.007276,,
161,10,0.0,1715,3813,,,0.000195,0.071665,0.063464,0.018846,,,272.739,0.032672,,,18.2624,0.019016,,
162,10,0.0,1715,3813,,,0.000199,0.069875,0.050516,0.018874,,,273.093,0.025487,,,18.505,0.017162,,
163,10,0.0,1715,3813,,,0.000199,0.070634,0.066043,0.019525,,,270.368,0.026608,,,18.9631,0.019707,,
164,10,0.0,1715,3813,,,0.000189,0.068926,0.03743,0.018673,,,274.679,0.024916,,,18.0801,0.020184,,
165,10,0.0,1715,3813,,,0.000191,0.070229,0.063807,0.019446,,,273.664,0.026274,,,18.005,0.017854,,
166,10,0.0,1715,3813,,,0.000188,0.085646,0.05228,0.019175,,,264.619,0.027882,,,13.5586,0.021008,,
167,10,0.0,411161,6594772,,,0.000809,18.5268,0.114176,4.77205,,,284.704,3.7788,,,29.0699,3.081,,
168,10,0.0,411161,6594772,,,0.000726,19.3834,0.108426,5.23063,,,278.664,5.92279,,,24.2927,4.68597,,
169,10,0.0,411161,6594772,,,0.000878,21.4187,0.143859,18.0633,,,292.759,13.1836,,,25.4379,12.6164,,
170,10,0.0,411161,6594772,,,0.000803,23.0825,0.134588,16.3636,,,287.533,11.892,,,28.5748,10.9469,,
171,10,0.0,411161,6594772,,,0.001376,18.571,0.115948,3.55607,,,277.904,3.71546,,,29.7732,2.97368,,
172,10,0.0,411161,6594772,,,0.000861,18.5731,0.109429,4.23515,,,268.174,6.73109,,,24.0085,5.11401,,
173,10,0.0,411161,6594772,,,0.000858,22.8641,0.157386,16.1655,,,282.775,12.6529,,,26.1097,11.4827,,
174,10,0.0,411161,6594772,,,0.000839,21.7068,0.195012,15.864,,,300.015,9.73631,,,33.8586,8.70786,,
175,10,0.0,411161,6594772,,,0.000808,18.934,0.132488,4.22459,,,277.043,3.51857,,,29.1378,2.84943,,
176,10,0.0,411161,6594772,,,0.000928,19.3012,0.137167,3.59423,,,270.567,4.21638,,,25.8808,3.03742,,
177,10,0.0,411161,6594772,,,0.00092,22.3151,0.160359,16.5217,,,273.703,11.969,,,22.6067,11.9047,,
178,10,0.0,411161,6594772,,,0.000984,24.3747,0.10696,15.7455,,,288.723,10.1134,,,28.8695,9.01677,,
179,10,0.0,411161,6594772,,,0.00139,32.4173,0.145738,15.8148,,,274.618,13.2768,,,21.5643,11.9477,,
180,10,0.0,411161,6594772,,,0.001307,32.6088,0.190793,15.3073,,,285.184,11.5092,,,25.407,10.0661,,
181,10,0.0,411161,6594772,,,0.001244,22.7661,0.15938,11.581,,,312.379,8.50882,,,35.0488,7.70269,,
182,10,0.0,411161,6594772,,,0.000973,20.6806,0.160942,13.9576,,,313.33,9.99492,,,34.7641,9.18141,,
183,10,0.0,494564,24152953,,,0.001087,38.6012,0.094817,7.02794,,,276.795,4.34685,,,21.3525,3.73978,,
184,10,0.0,494564,24152953,,,0.001065,37.1096,0.133649,7.57381,,,283.241,6.28179,,,26.0547,5.19452,,
185,10,0.0,494564,24152953,,,0.001007,42.8852,0.059528,51.1596,,,283.644,21.3462,,,22.6752,19.3033,,
186,10,0.0,494564,24152953,,,0.000906,55.2276,0.111367,50.0823,,,293.55,18.1682,,,27.3843,16.2348,,
187,10,0.0,494564,24152953,,,0.000903,35.9333,0.139603,6.31664,,,277.256,4.41035,,,25.3298,3.61619,,
188,10,0.0,494564,24152953,,,0.000813,38.6555,0.125047,7.94089,,,279.275,10.9339,,,23.6457,8.97717,,
189,10,0.0,494564,24152953,,,0.000878,42.7801,0.154551,45.4529,,,301.135,22.4152,,,31.3776,19.9121,,
190,10,0.0,494564,24152953,,,0.00098,46.4315,0.121669,48.4686,,,296.876,23.6277,,,28.9886,21.2287,,
191,10,0.0,494564,24152953,,,0.000969,37.515,0.123855,4.50253,,,271.872,4.01075,,,20.3248,3.24788,,
192,10,0.0,494564,24152953,,,0.000878,36.2578,0.190733,5.18447,,,288.368,4.34204,,,46.4275,3.51974,,
193,10,0.0,494564,24152953,,,0.000877,56.4006,0.154765,43.4204,,,307.335,22.1959,,,34.802,19.1847,,
194,10,0.0,494564,24152953,,,0.001033,43.273,0.089357,51.5488,,,281.591,24.7399,,,26.2946,23.2991,,
195,10,0.0,494564,24152953,,,0.001031,46.1718,0.158006,48.9145,,,302.355,24.2332,,,35.5115,22.5611,,
196,10,0.0,494564,24152953,,,0.001194,53.7545,0.138614,47.7452,,,297.073,19.179,,,30.1013,18.6559,,
197,10,0.0,494564,24152953,,,0.000948,54.842,0.167541,43.0539,,,302.068,21.0552,,,36.0836,19.4181,,
198,10,0.0,494564,24152953,,,0.001101,45.1358,0.058114,52.9894,,,275.071,18.5235,,,23.2793,17.5395,,
199,10,0.0,56749,663585,,,0.001116,2.69186,0.105308,0.548162,,,259.882,0.435905,,,16.2472,0.30262,,
200,10,0.0,56749,663585,,,0.000703,2.44243,0.098696,0.505696,,,269.635,0.461575,,,23.1349,0.337752,,
201,10,0.0,56749,663585,,,0.00076,2.9406,0.091753,2.05624,,,270.185,1.24794,,,21.7682,1.08727,,
202,10,0.0,56749,663585,,,0.000928,3.70904,0.109923,1.91477,,,263.883,2.36144,,,19.6188,2.15734,,
203,10,0.0,56749,663585,,,0.000689,2.45479,0.098944,0.49829,,,269.069,0.439469,,,17.2299,0.351773,,
204,10,0.0,56749,663585,,,0.000656,2.69873,0.085898,0.676212,,,276.414,0.83742,,,23.6736,0.289315,,
205,10,0.0,56749,663585,,,0.000989,3.90227,0.126854,1.91523,,,272.815,2.47781,,,19.8604,2.21545,,
206,10,0.0,56749,663585,,,0.000917,3.80414,0.129913,1.9138,,,273.66,2.4144,,,21.4046,2.13118,,
207,10,0.0,56749,663585,,,0.000823,2.70918,0.096844,0.663298,,,271.684,0.612497,,,17.5126,0.542169,,
208,10,0.0,56749,663585,,,0.000606,2.62656,0.095346,0.612066,,,277.057,0.484528,,,25.2914,0.337414,,
209,10,0.0,56749,663585,,,0.000785,2.65641,0.256709,1.42524,,,290.544,1.72547,,,25.6346,1.55724,,
210,10,0.0,56749,663585,,,0.000788,2.66953,0.234032,1.2803,,,297.556,1.31329,,,32.1859,1.14608,,
211,10,0.0,56749,663585,,,0.000734,2.8631,0.233776,1.86518,,,293.955,2.39628,,,28.0285,2.24757,,
212,10,0.0,56749,663585,,,0.000665,2.70862,0.208177,1.32007,,,290.937,1.30562,,,28.2757,1.22178,,
213,10,0.0,56749,663585,,,0.00073,3.58296,0.133817,1.70808,,,275.667,2.03436,,,20.4744,1.87861,,
214,10,0.0,56749,663585,,,0.000855,3.448,0.14548,2.01344,,,268.437,2.30154,,,21.3976,2.03693,,
