runNumber,scaleFactor,numLines,numBytes,queryNum,table,column,pattern,algorithm,preprocessTime,compileTime,runTime,numMatches
1,1,1500000,22694323,Q13,orders,o_comment,"%special%requests%",InMemory,0.114684,0.000133,475.24,16082
1,1,1500000,22694323,,orders,o_comment,"%regular%deposits%",InMemory,0.06402,3.8e-05,425.261,39737
1,1,1500000,22694323,,orders,o_comment,"%unusual%packages%",InMemory,0.053951,4.3e-05,412.867,16213
1,1,1500000,22694323,,orders,o_comment,"%pending%",InMemory,0.028578,4.5e-05,429.118,139166
1,1,200000,2237473,Q9,part,p_name,"%green%",InMemory,0.026081,4.1e-05,25.5149,10664
1,1,200000,2237473,Q20,part,p_name,"%forest%",InMemory,0.02066,4.6e-05,32.8523,10737
1,1,200000,2237473,,part,p_name,"%blue%",InMemory,0.017904,4.1e-05,30.6951,10871
1,1,200000,2237473,,part,p_name,"dark %",InMemory,0.006127,3.5e-05,1.51031,2157
1,1,200000,2237473,,part,p_name,"%sky%blue%",InMemory,0.042507,2.1e-05,42.9935,250
1,1,200000,2237473,,part,p_name,"%firebrick%",InMemory,0.025203,4.3e-05,30.1038,10904
1,1,200000,821034,Q2,part,p_type,"%BRASS%",InMemory,0.020649,4.4e-05,14.7463,40058
1,1,200000,821034,Q14,part,p_type,"%PROMO%",InMemory,0.008428,3.9e-05,10.9104,33174
1,1,200000,821034,Q16,part,p_type,"MEDIUM POLISHED%",InMemory,0.009212,2.3e-05,2.16811,6710
1,1,200000,821034,,part,p_type,"%BRASS",InMemory,0.006562,1.5e-05,5.18437,40058
1,1,200000,821034,,part,p_type,"%STEEL%",InMemory,0.02159,2e-05,14.5357,39683
1,1,200000,821034,,part,p_type,"PROMO %",InMemory,0.003105,4.5e-05,2.51298,33174
1,1,200000,821034,,part,p_type,"%NICKEL",InMemory,0.00603,1.6e-05,4.96895,40048
1,1,200000,821034,,part,p_type,"STANDARD %",InMemory,0.005641,1.7e-05,3.35949,33434
1,1,10000,194749,Q16,supplier,s_comment,"%Customer%Complaints",InMemory,0.0273,3.7e-05,0.078523,1
1,1,10000,194749,,supplier,s_comment,"Customer%Complaints%",InMemory,0.025724,2.2e-05,0.069416,2
1,1,10000,194749,,supplier,s_comment,"%usual%packages%",InMemory,0.0636,2e-05,4.72888,180
1,1,10000,194749,,supplier,s_comment,"%Recommends%",InMemory,0.019405,2.2e-05,1.09979,5
1,1,10000,194749,,supplier,s_comment,"Customer%Account%",InMemory,0.010632,1.6e-05,0.070524,0
1,10,15000000,229667600,Q13,orders,o_comment,"%special%requests%",InMemory,0.082516,4.1e-05,4350.94,162417
1,10,15000000,229667600,,orders,o_comment,"%regular%deposits%",InMemory,0.070932,0.000101,4917,397086
1,10,15000000,229667600,,orders,o_comment,"%unusual%packages%",InMemory,0.074002,0.000101,4498.08,162134
1,10,15000000,229667600,,orders,o_comment,"%pending%",InMemory,0.033972,0.0001,3755.37,1390407
1,10,2000000,22019783,Q9,part,p_name,"%green%",InMemory,0.034691,9.7e-05,319.336,108782
1,10,2000000,22019783,Q20,part,p_name,"%forest%",InMemory,0.021462,3.6e-05,344.253,108543
1,10,2000000,22019783,,part,p_name,"%blue%",InMemory,0.026518,2.9e-05,318.407,109206
1,10,2000000,22019783,,part,p_name,"dark %",InMemory,0.015549,4.1e-05,21.7322,21499
1,10,2000000,22019783,,part,p_name,"%sky%blue%",InMemory,0.050017,3.6e-05,409.317,2402
1,10,2000000,22019783,,part,p_name,"%firebrick%",InMemory,0.032308,4.4e-05,320.344,108930
1,10,2000000,8213633,Q2,part,p_type,"%BRASS%",InMemory,0.026504,4.7e-05,133.112,399587
1,10,2000000,8213633,Q14,part,p_type,"%PROMO%",InMemory,0.0109,4.1e-05,104.516,332975
1,10,2000000,8213633,Q16,part,p_type,"MEDIUM POLISHED%",InMemory,0.010837,3.8e-05,19.3449,66879
1,10,2000000,8213633,,part,p_type,"%BRASS",InMemory,0.008208,3e-05,52.8763,399587
1,10,2000000,8213633,,part,p_type,"%STEEL%",InMemory,0.025309,3.7e-05,140.253,399621
1,10,2000000,8213633,,part,p_type,"PROMO %",InMemory,0.004371,4.3e-05,17.5523,332975
1,10,2000000,8213633,,part,p_type,"%NICKEL",InMemory,0.008956,3.2e-05,48.61,400819
1,10,2000000,8213633,,part,p_type,"STANDARD %",InMemory,0.007491,3.3e-05,29.3901,332405
1,10,100000,1960972,Q16,supplier,s_comment,"%Customer%Complaints",InMemory,0.028222,3.5e-05,0.651246,9
1,10,100000,1960972,,supplier,s_comment,"Customer%Complaints%",InMemory,0.025754,1.5e-05,0.664845,8
1,10,100000,1960972,,supplier,s_comment,"%usual%packages%",InMemory,0.053787,1.5e-05,42.2836,1804
1,10,100000,1960972,,supplier,s_comment,"%Recommends%",InMemory,0.021227,3.6e-05,10.7634,51
1,10,100000,1960972,,supplier,s_comment,"Customer%Account%",InMemory,0.013821,1.5e-05,0.645371,0
1,100,150000000,2346793956,Q13,orders,o_comment,"%special%requests%",InMemory,0.068259,3.4e-05,49806.2,1617637
1,100,150000000,2346793956,,orders,o_comment,"%regular%deposits%",InMemory,0.075102,9.9e-05,49304,3973055
1,100,150000000,2346793956,,orders,o_comment,"%unusual%packages%",InMemory,0.079476,0.000104,48600.7,1614963
1,100,150000000,2346793956,,orders,o_comment,"%pending%",InMemory,0.047519,0.000103,35317.7,13904481
1,100,20000000,228698483,Q9,part,p_name,"%green%",InMemory,0.029323,9.5e-05,3139.15,1087982
1,100,20000000,228698483,Q20,part,p_name,"%forest%",InMemory,0.030461,9.7e-05,2979.33,1086559
1,100,20000000,228698483,,part,p_name,"%blue%",InMemory,0.028226,1.9e-05,2769.67,1087619
1,100,20000000,228698483,,part,p_name,"dark %",InMemory,0.018823,0.000101,197.549,217370
1,100,20000000,228698483,,part,p_name,"%sky%blue%",InMemory,0.046948,3.8e-05,3498.46,23871
1,100,20000000,228698483,,part,p_name,"%firebrick%",InMemory,0.03096,0.000156,3073.59,1088629
1,100,20000000,66531845,Q2,part,p_type,"%BRASS%",InMemory,0.029269,0.00035,1093.76,3998906
1,100,20000000,66531845,Q14,part,p_type,"%PROMO%",InMemory,0.017486,7e-05,909.809,3330760
1,100,20000000,66531845,Q16,part,p_type,"MEDIUM POLISHED%",InMemory,0.008472,7.2e-05,279.425,668356
1,100,20000000,66531845,,part,p_type,"%BRASS",InMemory,0.012557,0.000106,512.541,3998906
1,100,20000000,66531845,,part,p_type,"%STEEL%",InMemory,0.033691,7.9e-05,1172.85,4001362
1,100,20000000,66531845,,part,p_type,"PROMO %",InMemory,0.00775,3.8e-05,178.677,3330760
1,100,20000000,66531845,,part,p_type,"%NICKEL",InMemory,0.011141,1.9e-05,464.396,3999978
1,100,20000000,66531845,,part,p_type,"STANDARD %",InMemory,0.009464,1.5e-05,267.128,3333255
1,100,1000000,19710547,Q16,supplier,s_comment,"%Customer%Complaints",InMemory,0.033548,4.1e-05,7.26056,63
1,100,1000000,19710547,,supplier,s_comment,"Customer%Complaints%",InMemory,0.033342,2.1e-05,7.36544,63
1,100,1000000,19710547,,supplier,s_comment,"%usual%packages%",InMemory,0.059698,2.1e-05,434.547,18481
1,100,1000000,19710547,,supplier,s_comment,"%Recommends%",InMemory,0.022907,1.5e-05,109.951,480
1,100,1000000,19710547,,supplier,s_comment,"Customer%Account%",InMemory,0.018003,1.6e-05,6.92381,0
1,1,1500000,22694323,Q13,orders,o_comment,"%special%requests%",SSELLVMCompiled,0.129813,37.2217,61.3481,16082
1,1,1500000,22694323,,orders,o_comment,"%regular%deposits%",SSELLVMCompiled,0.067959,34.5954,48.1852,39737
1,1,1500000,22694323,,orders,o_comment,"%unusual%packages%",SSELLVMCompiled,0.068217,32.4331,52.3336,16213
1,1,1500000,22694323,,orders,o_comment,"%pending%",SSELLVMCompiled,0.040843,19.8399,39.9055,139166
1,1,200000,2237473,Q9,part,p_name,"%green%",SSELLVMCompiled,0.032976,19.8326,4.23139,10664
1,1,200000,2237473,Q20,part,p_name,"%forest%",SSELLVMCompiled,0.030466,19.1438,4.191,10737
1,1,200000,2237473,,part,p_name,"%blue%",SSELLVMCompiled,0.031324,17.7283,4.37172,10871
1,1,200000,2237473,,part,p_name,"dark %",SSELLVMCompiled,0.008235,5.01562,0.806126,2157
1,1,200000,2237473,,part,p_name,"%sky%blue%",SSELLVMCompiled,0.054293,29.9246,5.31148,250
1,1,200000,2237473,,part,p_name,"%firebrick%",SSELLVMCompiled,0.043385,21.1461,4.25024,10904
1,1,200000,821034,Q2,part,p_type,"%BRASS%",SSELLVMCompiled,0.030635,18.6318,3.14549,40058
1,1,200000,821034,Q14,part,p_type,"%PROMO%",SSELLVMCompiled,0.012006,12.5517,2.49375,33174
1,1,200000,821034,Q16,part,p_type,"MEDIUM POLISHED%",SSELLVMCompiled,0.014399,8.69527,1.12932,6710
1,1,200000,821034,,part,p_type,"%BRASS",SSELLVMCompiled,0.008194,9.53326,1.87613,40058
1,1,200000,821034,,part,p_type,"%STEEL%",SSELLVMCompiled,0.031881,18.9419,3.60249,39683
1,1,200000,821034,,part,p_type,"PROMO %",SSELLVMCompiled,0.005011,4.68114,0.716703,33174
1,1,200000,821034,,part,p_type,"%NICKEL",SSELLVMCompiled,0.007876,9.72851,1.85634,40048
1,1,200000,821034,,part,p_type,"STANDARD %",SSELLVMCompiled,0.007381,6.83514,1.27914,33434
1,1,10000,194749,Q16,supplier,s_comment,"%Customer%Complaints",SSELLVMCompiled,0.031696,26.4619,0.095896,1
1,1,10000,194749,,supplier,s_comment,"Customer%Complaints%",SSELLVMCompiled,0.042903,22.2976,0.09085,2
1,1,10000,194749,,supplier,s_comment,"%usual%packages%",SSELLVMCompiled,0.091051,34.7053,0.434816,180
1,1,10000,194749,,supplier,s_comment,"%Recommends%",SSELLVMCompiled,0.0362,16.6238,0.188261,5
1,1,10000,194749,,supplier,s_comment,"Customer%Account%",SSELLVMCompiled,0.028938,12.5834,0.052094,0
1,10,15000000,229667600,Q13,orders,o_comment,"%special%requests%",SSELLVMCompiled,0.094408,35.0192,524.328,162417
1,10,15000000,229667600,,orders,o_comment,"%regular%deposits%",SSELLVMCompiled,0.08735,35.9059,463.286,397086
1,10,15000000,229667600,,orders,o_comment,"%unusual%packages%",SSELLVMCompiled,0.102158,38.6665,457.456,162134
1,10,15000000,229667600,,orders,o_comment,"%pending%",SSELLVMCompiled,0.04856,22.7837,337.652,1390407
1,10,2000000,22019783,Q9,part,p_name,"%green%",SSELLVMCompiled,0.03081,17.6924,42.2956,108782
1,10,2000000,22019783,Q20,part,p_name,"%forest%",SSELLVMCompiled,0.02803,16.7254,37.3233,108543
1,10,2000000,22019783,,part,p_name,"%blue%",SSELLVMCompiled,0.029877,16.1085,41.6677,109206
1,10,2000000,22019783,,part,p_name,"dark %",SSELLVMCompiled,0.018662,6.91354,7.9799,21499
1,10,2000000,22019783,,part,p_name,"%sky%blue%",SSELLVMCompiled,0.050003,27.1564,46.8657,2402
1,10,2000000,22019783,,part,p_name,"%firebrick%",SSELLVMCompiled,0.040811,20.1393,37.7619,108930
1,10,2000000,8213633,Q2,part,p_type,"%BRASS%",SSELLVMCompiled,0.027026,16.9984,29.0829,399587
1,10,2000000,8213633,Q14,part,p_type,"%PROMO%",SSELLVMCompiled,0.01455,13.2062,24.7298,332975
1,10,2000000,8213633,Q16,part,p_type,"MEDIUM POLISHED%",SSELLVMCompiled,0.014471,9.07467,11.4578,66879
1,10,2000000,8213633,,part,p_type,"%BRASS",SSELLVMCompiled,0.012396,10.3093,18.5968,399587
1,10,2000000,8213633,,part,p_type,"%STEEL%",SSELLVMCompiled,0.037175,19.3968,35.5444,399621
1,10,2000000,8213633,,part,p_type,"PROMO %",SSELLVMCompiled,0.007427,4.6054,6.39695,332975
1,10,2000000,8213633,,part,p_type,"%NICKEL",SSELLVMCompiled,0.007627,9.37052,17.9562,400819
1,10,2000000,8213633,,part,p_type,"STANDARD %",SSELLVMCompiled,0.011224,7.59769,12.5437,332405
1,10,100000,1960972,Q16,supplier,s_comment,"%Customer%Complaints",SSELLVMCompiled,0.033678,26.6639,0.830243,9
1,10,100000,1960972,,supplier,s_comment,"Customer%Complaints%",SSELLVMCompiled,0.039913,20.5423,0.691881,8
1,10,100000,1960972,,supplier,s_comment,"%usual%packages%",SSELLVMCompiled,0.067227,30.4181,3.65036,1804
1,10,100000,1960972,,supplier,s_comment,"%Recommends%",SSELLVMCompiled,0.026803,15.7121,1.87777,51
1,10,100000,1960972,,supplier,s_comment,"Customer%Account%",SSELLVMCompiled,0.021601,12.0437,0.463843,0
1,100,150000000,2346793956,Q13,orders,o_comment,"%special%requests%",SSELLVMCompiled,0.073532,28.1439,5945.66,1617637
1,100,150000000,2346793956,,orders,o_comment,"%regular%deposits%",SSELLVMCompiled,0.088104,36.6091,4912.75,3973055
1,100,150000000,2346793956,,orders,o_comment,"%unusual%packages%",SSELLVMCompiled,0.097357,36.8238,5631.08,1614963
1,100,150000000,2346793956,,orders,o_comment,"%pending%",SSELLVMCompiled,0.049257,22.1058,3573.91,13904481
1,100,20000000,228698483,Q9,part,p_name,"%green%",SSELLVMCompiled,0.034833,18.5399,425.354,1087982
1,100,20000000,228698483,Q20,part,p_name,"%forest%",SSELLVMCompiled,0.036608,18.9456,406.585,1086559
1,100,20000000,228698483,,part,p_name,"%blue%",SSELLVMCompiled,0.034503,17.2849,450.498,1087619
1,100,20000000,228698483,,part,p_name,"dark %",SSELLVMCompiled,0.01979,7.49366,86.3686,217370
1,100,20000000,228698483,,part,p_name,"%sky%blue%",SSELLVMCompiled,0.052019,30.0093,480.085,23871
1,100,20000000,228698483,,part,p_name,"%firebrick%",SSELLVMCompiled,0.024893,18.3151,394.183,1088629
1,100,20000000,66531845,Q2,part,p_type,"%BRASS%",SSELLVMCompiled,0.030225,18.8517,241.885,3998906
1,100,20000000,66531845,Q14,part,p_type,"%PROMO%",SSELLVMCompiled,0.014802,12.7558,194.088,3330760
1,100,20000000,66531845,Q16,part,p_type,"MEDIUM POLISHED%",SSELLVMCompiled,0.007068,4.88692,75.1222,668356
1,100,20000000,66531845,,part,p_type,"%BRASS",SSELLVMCompiled,0.009865,9.34077,186.22,3998906
1,100,20000000,66531845,,part,p_type,"%STEEL%",SSELLVMCompiled,0.036111,18.5504,296.696,4001362
1,100,20000000,66531845,,part,p_type,"PROMO %",SSELLVMCompiled,0.006475,4.50218,65.725,3330760
1,100,20000000,66531845,,part,p_type,"%NICKEL",SSELLVMCompiled,0.009031,9.64347,164.793,3999978
1,100,20000000,66531845,,part,p_type,"STANDARD %",SSELLVMCompiled,0.008389,6.50469,115.508,3333255
1,100,1000000,19710547,Q16,supplier,s_comment,"%Customer%Complaints",SSELLVMCompiled,0.032416,25.4584,7.51889,63
1,100,1000000,19710547,,supplier,s_comment,"Customer%Complaints%",SSELLVMCompiled,0.039184,19.9575,7.36633,63
1,100,1000000,19710547,,supplier,s_comment,"%usual%packages%",SSELLVMCompiled,0.065862,33.2407,45.1364,18481
1,100,1000000,19710547,,supplier,s_comment,"%Recommends%",SSELLVMCompiled,0.032961,17.1048,18.831,480
1,100,1000000,19710547,,supplier,s_comment,"Customer%Account%",SSELLVMCompiled,0.020789,11.9442,4.70541,0
1,1,1500000,22694323,Q13,orders,o_comment,"%special%requests%",SSECppCompiled,0.119986,329.561,65.1384,16082
1,1,1500000,22694323,,orders,o_comment,"%regular%deposits%",SSECppCompiled,0.076984,333.834,49.4646,39737
1,1,1500000,22694323,,orders,o_comment,"%unusual%packages%",SSECppCompiled,0.066556,323.12,55.8716,16213
1,1,1500000,22694323,,orders,o_comment,"%pending%",SSECppCompiled,0.03795,302.592,42.4676,139166
1,1,200000,2237473,Q9,part,p_name,"%green%",SSECppCompiled,0.034268,299.947,4.64642,10664
1,1,200000,2237473,Q20,part,p_name,"%forest%",SSECppCompiled,0.030958,304.423,4.43596,10737
1,1,200000,2237473,,part,p_name,"%blue%",SSECppCompiled,0.031238,309.489,4.45088,10871
1,1,200000,2237473,,part,p_name,"dark %",SSECppCompiled,0.011664,284.082,0.830861,2157
1,1,200000,2237473,,part,p_name,"%sky%blue%",SSECppCompiled,0.05911,330.638,5.32118,250
1,1,200000,2237473,,part,p_name,"%firebrick%",SSECppCompiled,0.042032,320.75,4.34982,10904
1,1,200000,821034,Q2,part,p_type,"%BRASS%",SSECppCompiled,0.032156,313.65,3.38456,40058
1,1,200000,821034,Q14,part,p_type,"%PROMO%",SSECppCompiled,0.017476,297.71,2.84563,33174
1,1,200000,821034,Q16,part,p_type,"MEDIUM POLISHED%",SSECppCompiled,0.018478,290.75,1.26144,6710
1,1,200000,821034,,part,p_type,"%BRASS",SSECppCompiled,0.01272,295.325,2.26815,40058
1,1,200000,821034,,part,p_type,"%STEEL%",SSECppCompiled,0.036891,305.958,3.78743,39683
1,1,200000,821034,,part,p_type,"PROMO %",SSECppCompiled,0.009016,270.819,0.738969,33174
1,1,200000,821034,,part,p_type,"%NICKEL",SSECppCompiled,0.023557,283.628,2.04203,40048
1,1,200000,821034,,part,p_type,"STANDARD %",SSECppCompiled,0.012032,284.246,1.21204,33434
1,1,10000,194749,Q16,supplier,s_comment,"%Customer%Complaints",SSECppCompiled,0.037203,318.2,0.102188,1
1,1,10000,194749,,supplier,s_comment,"Customer%Complaints%",SSECppCompiled,0.043347,304.163,0.100993,2
1,1,10000,194749,,supplier,s_comment,"%usual%packages%",SSECppCompiled,0.083704,348.631,0.469197,180
1,1,10000,194749,,supplier,s_comment,"%Recommends%",SSECppCompiled,0.031917,299.104,0.222544,5
1,1,10000,194749,,supplier,s_comment,"Customer%Account%",SSECppCompiled,0.026346,292.16,0.079135,0
1,10,15000000,229667600,Q13,orders,o_comment,"%special%requests%",SSECppCompiled,0.098071,345.162,567.488,162417
1,10,15000000,229667600,,orders,o_comment,"%regular%deposits%",SSECppCompiled,0.081712,353.268,472.551,397086
1,10,15000000,229667600,,orders,o_comment,"%unusual%packages%",SSECppCompiled,0.079181,350.669,465.594,162134
1,10,15000000,229667600,,orders,o_comment,"%pending%",SSECppCompiled,0.037671,334.929,377.952,1390407
1,10,2000000,22019783,Q9,part,p_name,"%green%",SSECppCompiled,0.034689,302.459,47.8151,108782
1,10,2000000,22019783,Q20,part,p_name,"%forest%",SSECppCompiled,0.028994,297.226,43.3665,108543
1,10,2000000,22019783,,part,p_name,"%blue%",SSECppCompiled,0.033424,297.112,44.9421,109206
1,10,2000000,22019783,,part,p_name,"dark %",SSECppCompiled,0.019902,275.899,11.4198,21499
1,10,2000000,22019783,,part,p_name,"%sky%blue%",SSECppCompiled,0.05621,322.61,50.7158,2402
1,10,2000000,22019783,,part,p_name,"%firebrick%",SSECppCompiled,0.036719,306.99,45.0888,108930
1,10,2000000,8213633,Q2,part,p_type,"%BRASS%",SSECppCompiled,0.03209,298.927,34.3462,399587
1,10,2000000,8213633,Q14,part,p_type,"%PROMO%",SSECppCompiled,0.017492,286.184,27.1953,332975
1,10,2000000,8213633,Q16,part,p_type,"MEDIUM POLISHED%",SSECppCompiled,0.016548,283.278,12.6135,66879
1,10,2000000,8213633,,part,p_type,"%BRASS",SSECppCompiled,0.012369,289.796,22.2043,399587
1,10,2000000,8213633,,part,p_type,"%STEEL%",SSECppCompiled,0.03569,309.417,37.9525,399621
1,10,2000000,8213633,,part,p_type,"PROMO %",SSECppCompiled,0.008254,284.128,7.73536,332975
1,10,2000000,8213633,,part,p_type,"%NICKEL",SSECppCompiled,0.013037,291.957,20.3049,400819
1,10,2000000,8213633,,part,p_type,"STANDARD %",SSECppCompiled,0.012773,293.349,12.0556,332405
1,10,100000,1960972,Q16,supplier,s_comment,"%Customer%Complaints",SSECppCompiled,0.039127,323.995,0.912388,9
1,10,100000,1960972,,supplier,s_comment,"Customer%Complaints%",SSECppCompiled,0.040094,313.875,0.942178,8
1,10,100000,1960972,,supplier,s_comment,"%usual%packages%",SSECppCompiled,0.073931,345.329,4.28581,1804
1,10,100000,1960972,,supplier,s_comment,"%Recommends%",SSECppCompiled,0.042033,305.716,2.07125,51
1,10,100000,1960972,,supplier,s_comment,"Customer%Account%",SSECppCompiled,0.02564,290.424,0.632585,0
1,100,150000000,2346793956,Q13,orders,o_comment,"%special%requests%",SSECppCompiled,0.087773,328.533,6357.38,1617637
1,100,150000000,2346793956,,orders,o_comment,"%regular%deposits%",SSECppCompiled,0.085991,346.613,5020.72,3973055
1,100,150000000,2346793956,,orders,o_comment,"%unusual%packages%",SSECppCompiled,0.084994,353.626,5809.83,1614963
1,100,150000000,2346793956,,orders,o_comment,"%pending%",SSECppCompiled,0.039275,319.919,3805.12,13904481
1,100,20000000,228698483,Q9,part,p_name,"%green%",SSECppCompiled,0.029928,308.999,445.538,1087982
1,100,20000000,228698483,Q20,part,p_name,"%forest%",SSECppCompiled,0.031957,309.018,404.979,1086559
1,100,20000000,228698483,,part,p_name,"%blue%",SSECppCompiled,0.029522,309.315,461.789,1087619
1,100,20000000,228698483,,part,p_name,"dark %",SSECppCompiled,0.021483,287.452,110.297,217370
1,100,20000000,228698483,,part,p_name,"%sky%blue%",SSECppCompiled,0.051551,328.093,478.187,23871
1,100,20000000,228698483,,part,p_name,"%firebrick%",SSECppCompiled,0.025216,294.042,399.786,1088629
1,100,20000000,66531845,Q2,part,p_type,"%BRASS%",SSECppCompiled,0.030184,298.675,251.279,3998906
1,100,20000000,66531845,Q14,part,p_type,"%PROMO%",SSECppCompiled,0.0159,289.106,212.84,3330760
1,100,20000000,66531845,Q16,part,p_type,"MEDIUM POLISHED%",SSECppCompiled,0.008925,272.07,75.6922,668356
1,100,20000000,66531845,,part,p_type,"%BRASS",SSECppCompiled,0.012649,288.915,213.824,3998906
1,100,20000000,66531845,,part,p_type,"%STEEL%",SSECppCompiled,0.034056,303.342,311.814,4001362
1,100,20000000,66531845,,part,p_type,"PROMO %",SSECppCompiled,0.007664,283.287,71.2452,3330760
1,100,20000000,66531845,,part,p_type,"%NICKEL",SSECppCompiled,0.01283,293.325,198.268,3999978
1,100,20000000,66531845,,part,p_type,"STANDARD %",SSECppCompiled,0.011783,289.512,121.273,3333255
1,100,1000000,19710547,Q16,supplier,s_comment,"%Customer%Complaints",SSECppCompiled,0.037669,325.263,9.27529,63
1,100,1000000,19710547,,supplier,s_comment,"Customer%Complaints%",SSECppCompiled,0.042201,316.998,8.84434,63
1,100,1000000,19710547,,supplier,s_comment,"%usual%packages%",SSECppCompiled,0.072375,349.748,47.3613,18481
1,100,1000000,19710547,,supplier,s_comment,"%Recommends%",SSECppCompiled,0.032279,309.878,20.4207,480
1,100,1000000,19710547,,supplier,s_comment,"Customer%Account%",SSECppCompiled,0.025277,296.225,6.13854,0
1,1,1500000,22694323,Q13,orders,o_comment,"%special%requests%",SSEDecoded,0.002526,0,99.287,16082
1,1,1500000,22694323,,orders,o_comment,"%regular%deposits%",SSEDecoded,0.001289,0,104.304,39737
1,1,1500000,22694323,,orders,o_comment,"%unusual%packages%",SSEDecoded,0.00108,0,96.0924,16213
1,1,1500000,22694323,,orders,o_comment,"%pending%",SSEDecoded,0.000912,0,87.3043,139166
1,1,200000,2237473,Q9,part,p_name,"%green%",SSEDecoded,0.000868,0,9.7991,10664
1,1,200000,2237473,Q20,part,p_name,"%forest%",SSEDecoded,0.000737,0,9.56718,10737
1,1,200000,2237473,,part,p_name,"%blue%",SSEDecoded,0.000652,0,9.57296,10871
1,1,200000,2237473,,part,p_name,"dark %",SSEDecoded,0.000556,0,7.89672,2157
1,1,200000,2237473,,part,p_name,"%sky%blue%",SSEDecoded,0.00082,0,10.0235,250
1,1,200000,2237473,,part,p_name,"%firebrick%",SSEDecoded,0.000647,0,10.7669,10904
1,1,200000,821034,Q2,part,p_type,"%BRASS%",SSEDecoded,0.000833,0,11.1393,40058
1,1,200000,821034,Q14,part,p_type,"%PROMO%",SSEDecoded,0.000568,0,11.2286,33174
1,1,200000,821034,Q16,part,p_type,"MEDIUM POLISHED%",SSEDecoded,0.00049,0,9.19313,6710
1,1,200000,821034,,part,p_type,"%BRASS",SSEDecoded,0.00049,0,9.55001,40058
1,1,200000,821034,,part,p_type,"%STEEL%",SSEDecoded,0.000621,0,10.0995,39683
1,1,200000,821034,,part,p_type,"PROMO %",SSEDecoded,0.000415,0,9.02003,33174
1,1,200000,821034,,part,p_type,"%NICKEL",SSEDecoded,0.000311,0,9.26913,40048
1,1,200000,821034,,part,p_type,"STANDARD %",SSEDecoded,0.000335,0,8.98836,33434
1,1,10000,194749,Q16,supplier,s_comment,"%Customer%Complaints",SSEDecoded,0.000901,0,0.541235,1
1,1,10000,194749,,supplier,s_comment,"Customer%Complaints%",SSEDecoded,0.00057,0,0.487839,2
1,1,10000,194749,,supplier,s_comment,"%usual%packages%",SSEDecoded,0.000704,0,0.6809,180
1,1,10000,194749,,supplier,s_comment,"%Recommends%",SSEDecoded,0.000342,0,0.570889,5
1,1,10000,194749,,supplier,s_comment,"Customer%Account%",SSEDecoded,0.000363,0,0.552953,0
1,10,15000000,229667600,Q13,orders,o_comment,"%special%requests%",SSEDecoded,0.000825,0,921.541,162417
1,10,15000000,229667600,,orders,o_comment,"%regular%deposits%",SSEDecoded,0.00128,0,960.942,397086
1,10,15000000,229667600,,orders,o_comment,"%unusual%packages%",SSEDecoded,0.001861,0,904.005,162134
1,10,15000000,229667600,,orders,o_comment,"%pending%",SSEDecoded,0.001657,0,914.673,1390407
1,10,2000000,22019783,Q9,part,p_name,"%green%",SSEDecoded,0.00125,0,106.52,108782
1,10,2000000,22019783,Q20,part,p_name,"%forest%",SSEDecoded,0.000778,0,104.219,108543
1,10,2000000,22019783,,part,p_name,"%blue%",SSEDecoded,0.000821,0,102.861,109206
1,10,2000000,22019783,,part,p_name,"dark %",SSEDecoded,0.000623,0,86.3164,21499
1,10,2000000,22019783,,part,p_name,"%sky%blue%",SSEDecoded,0.000899,0,106.712,2402
1,10,2000000,22019783,,part,p_name,"%firebrick%",SSEDecoded,0.000737,0,105.246,108930
1,10,2000000,8213633,Q2,part,p_type,"%BRASS%",SSEDecoded,0.001035,0,112.292,399587
1,10,2000000,8213633,Q14,part,p_type,"%PROMO%",SSEDecoded,0.000893,0,111.592,332975
1,10,2000000,8213633,Q16,part,p_type,"MEDIUM POLISHED%",SSEDecoded,0.000521,0,98.4713,66879
1,10,2000000,8213633,,part,p_type,"%BRASS",SSEDecoded,0.000544,0,102.925,399587
1,10,2000000,8213633,,part,p_type,"%STEEL%",SSEDecoded,0.000848,0,111.481,399621
1,10,2000000,8213633,,part,p_type,"PROMO %",SSEDecoded,0.000519,0,100.934,332975
1,10,2000000,8213633,,part,p_type,"%NICKEL",SSEDecoded,0.000727,0,103.126,400819
1,10,2000000,8213633,,part,p_type,"STANDARD %",SSEDecoded,0.00053,0,99.2214,332405
1,10,100000,1960972,Q16,supplier,s_comment,"%Customer%Complaints",SSEDecoded,0.001052,0,5.65922,9
1,10,100000,1960972,,supplier,s_comment,"Customer%Complaints%",SSEDecoded,0.000719,0,5.44997,8
1,10,100000,1960972,,supplier,s_comment,"%usual%packages%",SSEDecoded,0.000979,0,7.03661,1804
1,10,100000,1960972,,supplier,s_comment,"%Recommends%",SSEDecoded,0.000757,0,6.38086,51
1,10,100000,1960972,,supplier,s_comment,"Customer%Account%",SSEDecoded,0.000747,0,5.46981,0
1,100,150000000,2346793956,Q13,orders,o_comment,"%special%requests%",SSEDecoded,0.001094,0,9553.34,1617637
1,100,150000000,2346793956,,orders,o_comment,"%regular%deposits%",SSEDecoded,0.005785,0,9975.09,3973055
1,100,150000000,2346793956,,orders,o_comment,"%unusual%packages%",SSEDecoded,0.001706,0,9330.84,1614963
1,100,150000000,2346793956,,orders,o_comment,"%pending%",SSEDecoded,0.001448,0,9196.71,13904481
1,100,20000000,228698483,Q9,part,p_name,"%green%",SSEDecoded,0.001802,0,1002.14,1087982
1,100,20000000,228698483,Q20,part,p_name,"%forest%",SSEDecoded,0.00161,0,1029.87,1086559
1,100,20000000,228698483,,part,p_name,"%blue%",SSEDecoded,0.001355,0,1062.06,1087619
1,100,20000000,228698483,,part,p_name,"dark %",SSEDecoded,0.001017,0,885.731,217370
1,100,20000000,228698483,,part,p_name,"%sky%blue%",SSEDecoded,0.001403,0,1060.71,23871
1,100,20000000,228698483,,part,p_name,"%firebrick%",SSEDecoded,0.002513,0,1018.25,1088629
1,100,20000000,66531845,Q2,part,p_type,"%BRASS%",SSEDecoded,0.001419,0,1124.09,3998906
1,100,20000000,66531845,Q14,part,p_type,"%PROMO%",SSEDecoded,0.001743,0,1117.44,3330760
1,100,20000000,66531845,Q16,part,p_type,"MEDIUM POLISHED%",SSEDecoded,0.001619,0,1012.19,668356
1,100,20000000,66531845,,part,p_type,"%BRASS",SSEDecoded,0.001146,0,1052.26,3998906
1,100,20000000,66531845,,part,p_type,"%STEEL%",SSEDecoded,0.001974,0,1163.68,4001362
1,100,20000000,66531845,,part,p_type,"PROMO %",SSEDecoded,0.001228,0,993.014,3330760
1,100,20000000,66531845,,part,p_type,"%NICKEL",SSEDecoded,0.001457,0,1019.56,3999978
1,100,20000000,66531845,,part,p_type,"STANDARD %",SSEDecoded,0.000915,0,1021.79,3333255
1,100,1000000,19710547,Q16,supplier,s_comment,"%Customer%Complaints",SSEDecoded,0.001648,0,55.9697,63
1,100,1000000,19710547,,supplier,s_comment,"Customer%Complaints%",SSEDecoded,0.001462,0,53.7583,63
1,100,1000000,19710547,,supplier,s_comment,"%usual%packages%",SSEDecoded,0.001431,0,70.135,18481
1,100,1000000,19710547,,supplier,s_comment,"%Recommends%",SSEDecoded,0.000961,0,61.3509,480
1,100,1000000,19710547,,supplier,s_comment,"Customer%Account%",SSEDecoded,0.001005,0,53.3787,0
1,1,1500000,22694323,Q13,orders,o_comment,"%special%requests%",VectorScan,0.916733,0,159.89,16082
1,1,1500000,22694323,,orders,o_comment,"%regular%deposits%",VectorScan,0.566536,0,196.376,39737
1,1,1500000,22694323,,orders,o_comment,"%unusual%packages%",VectorScan,0.506442,0,170.811,16213
1,1,1500000,22694323,,orders,o_comment,"%pending%",VectorScan,0.061663,0,129.442,139166
1,1,200000,2237473,Q9,part,p_name,"%green%",VectorScan,0.073979,0,15.1345,10664
1,1,200000,2237473,Q20,part,p_name,"%forest%",VectorScan,0.050668,0,14.9253,10737
1,1,200000,2237473,,part,p_name,"%blue%",VectorScan,0.047295,0,15.0814,10871
1,1,200000,2237473,,part,p_name,"dark %",VectorScan,0.197236,0,13.1663,2157
1,1,200000,2237473,,part,p_name,"%sky%blue%",VectorScan,0.391296,0,17.4294,250
1,1,200000,2237473,,part,p_name,"%firebrick%",VectorScan,0.057853,0,14.3041,10904
1,1,200000,821034,Q2,part,p_type,"%BRASS%",VectorScan,0.052038,0,16.9876,40058
1,1,200000,821034,Q14,part,p_type,"%PROMO%",VectorScan,0.047414,0,16.1176,33174
1,1,200000,821034,Q16,part,p_type,"MEDIUM POLISHED%",VectorScan,0.256321,0,13.8681,6710
1,1,200000,821034,,part,p_type,"%BRASS",VectorScan,0.245884,0,19.9539,40058
1,1,200000,821034,,part,p_type,"%STEEL%",VectorScan,0.050656,0,16.1227,39683
1,1,200000,821034,,part,p_type,"PROMO %",VectorScan,0.14977,0,13.2917,33174
1,1,200000,821034,,part,p_type,"%NICKEL",VectorScan,0.227599,0,20.1069,40048
1,1,200000,821034,,part,p_type,"STANDARD %",VectorScan,0.193434,0,14.5407,33434
1,1,10000,194749,Q16,supplier,s_comment,"%Customer%Complaints",VectorScan,0.649392,0,1.10375,1
1,1,10000,194749,,supplier,s_comment,"Customer%Complaints%",VectorScan,0.499588,0,0.806698,2
1,1,10000,194749,,supplier,s_comment,"%usual%packages%",VectorScan,0.431573,0,1.33197,180
1,1,10000,194749,,supplier,s_comment,"%Recommends%",VectorScan,0.048364,0,0.852385,5
1,1,10000,194749,,supplier,s_comment,"Customer%Account%",VectorScan,0.372313,0,0.818563,0
1,10,15000000,229667600,Q13,orders,o_comment,"%special%requests%",VectorScan,0.418473,0,1547.68,162417
1,10,15000000,229667600,,orders,o_comment,"%regular%deposits%",VectorScan,0.615344,0,1911.06,397086
1,10,15000000,229667600,,orders,o_comment,"%unusual%packages%",VectorScan,0.58324,0,1703.88,162134
1,10,15000000,229667600,,orders,o_comment,"%pending%",VectorScan,0.114542,0,1284.7,1390407
1,10,2000000,22019783,Q9,part,p_name,"%green%",VectorScan,0.104183,0,139.368,108782
1,10,2000000,22019783,Q20,part,p_name,"%forest%",VectorScan,0.060246,0,138.677,108543
1,10,2000000,22019783,,part,p_name,"%blue%",VectorScan,0.06144,0,143.821,109206
1,10,2000000,22019783,,part,p_name,"dark %",VectorScan,0.200192,0,131.123,21499
1,10,2000000,22019783,,part,p_name,"%sky%blue%",VectorScan,0.424803,0,168.72,2402
1,10,2000000,22019783,,part,p_name,"%firebrick%",VectorScan,0.065007,0,134.568,108930
1,10,2000000,8213633,Q2,part,p_type,"%BRASS%",VectorScan,0.06399,0,159.004,399587
1,10,2000000,8213633,Q14,part,p_type,"%PROMO%",VectorScan,0.057678,0,145.233,332975
1,10,2000000,8213633,Q16,part,p_type,"MEDIUM POLISHED%",VectorScan,0.260406,0,134.114,66879
1,10,2000000,8213633,,part,p_type,"%BRASS",VectorScan,0.263643,0,189.638,399587
1,10,2000000,8213633,,part,p_type,"%STEEL%",VectorScan,0.067172,0,155.868,399621
1,10,2000000,8213633,,part,p_type,"PROMO %",VectorScan,0.175503,0,132.557,332975
1,10,2000000,8213633,,part,p_type,"%NICKEL",VectorScan,0.25731,0,188.907,400819
1,10,2000000,8213633,,part,p_type,"STANDARD %",VectorScan,0.227505,0,138.06,332405
1,10,100000,1960972,Q16,supplier,s_comment,"%Customer%Complaints",VectorScan,0.604782,0,9.88291,9
1,10,100000,1960972,,supplier,s_comment,"Customer%Complaints%",VectorScan,0.470975,0,7.52237,8
1,10,100000,1960972,,supplier,s_comment,"%usual%packages%",VectorScan,0.40175,0,12.0408,1804
1,10,100000,1960972,,supplier,s_comment,"%Recommends%",VectorScan,0.051554,0,8.29074,51
1,10,100000,1960972,,supplier,s_comment,"Customer%Account%",VectorScan,0.38543,0,7.35316,0
1,100,150000000,2346793956,Q13,orders,o_comment,"%special%requests%",VectorScan,0.430756,0,15724.3,1617637
1,100,150000000,2346793956,,orders,o_comment,"%regular%deposits%",VectorScan,0.574524,0,19647.8,3973055
1,100,150000000,2346793956,,orders,o_comment,"%unusual%packages%",VectorScan,0.566313,0,16844.6,1614963
1,100,150000000,2346793956,,orders,o_comment,"%pending%",VectorScan,0.115929,0,12677.2,13904481
1,100,20000000,228698483,Q9,part,p_name,"%green%",VectorScan,0.124142,0,1469.19,1087982
1,100,20000000,228698483,Q20,part,p_name,"%forest%",VectorScan,0.118487,0,1466.1,1086559
1,100,20000000,228698483,,part,p_name,"%blue%",VectorScan,0.120181,0,1483.93,1087619
1,100,20000000,228698483,,part,p_name,"dark %",VectorScan,0.249158,0,1311.08,217370
1,100,20000000,228698483,,part,p_name,"%sky%blue%",VectorScan,0.445707,0,1696.21,23871
1,100,20000000,228698483,,part,p_name,"%firebrick%",VectorScan,0.112917,0,1409.5,1088629
1,100,20000000,66531845,Q2,part,p_type,"%BRASS%",VectorScan,0.107834,0,1672.63,3998906
1,100,20000000,66531845,Q14,part,p_type,"%PROMO%",VectorScan,0.119675,0,1521.63,3330760
1,100,20000000,66531845,Q16,part,p_type,"MEDIUM POLISHED%",VectorScan,0.329226,0,1343.02,668356
1,100,20000000,66531845,,part,p_type,"%BRASS",VectorScan,0.341528,0,1994.11,3998906
1,100,20000000,66531845,,part,p_type,"%STEEL%",VectorScan,0.103449,0,1659.85,4001362
1,100,20000000,66531845,,part,p_type,"PROMO %",VectorScan,0.240025,0,1353.59,3330760
1,100,20000000,66531845,,part,p_type,"%NICKEL",VectorScan,0.321332,0,1986.45,3999978
1,100,20000000,66531845,,part,p_type,"STANDARD %",VectorScan,0.294563,0,1472.34,3333255
1,100,1000000,19710547,Q16,supplier,s_comment,"%Customer%Complaints",VectorScan,0.761912,0,104.893,63
1,100,1000000,19710547,,supplier,s_comment,"Customer%Complaints%",VectorScan,0.540583,0,80.49,63
1,100,1000000,19710547,,supplier,s_comment,"%usual%packages%",VectorScan,0.464049,0,131.52,18481
1,100,1000000,19710547,,supplier,s_comment,"%Recommends%",VectorScan,0.071225,0,87.4809,480
1,100,1000000,19710547,,supplier,s_comment,"Customer%Account%",VectorScan,0.416136,0,80.0817,0
2,1,1500000,22694323,Q13,orders,o_comment,"%special%requests%",InMemory,0.113122,0.000108,498.741,16082
2,1,1500000,22694323,,orders,o_comment,"%regular%deposits%",InMemory,0.065259,3.9e-05,451.797,39737
2,1,1500000,22694323,,orders,o_comment,"%unusual%packages%",InMemory,0.059324,4e-05,435.428,16213
2,1,1500000,22694323,,orders,o_comment,"%pending%",InMemory,0.031265,3.4e-05,434.962,139166
2,1,200000,2237473,Q9,part,p_name,"%green%",InMemory,0.028836,3.9e-05,25.7247,10664
2,1,200000,2237473,Q20,part,p_name,"%forest%",InMemory,0.02112,2.2e-05,32.7112,10737
2,1,200000,2237473,,part,p_name,"%blue%",InMemory,0.019021,4e-05,30.15,10871
2,1,200000,2237473,,part,p_name,"dark %",InMemory,0.006171,4.1e-05,1.45967,2157
2,1,200000,2237473,,part,p_name,"%sky%blue%",InMemory,0.039202,1.9e-05,43.4983,250
2,1,200000,2237473,,part,p_name,"%firebrick%",InMemory,0.028587,4.2e-05,30.5326,10904
2,1,200000,821034,Q2,part,p_type,"%BRASS%",InMemory,0.020503,2.7e-05,14.5378,40058
2,1,200000,821034,Q14,part,p_type,"%PROMO%",InMemory,0.007802,3.2e-05,10.4611,33174
2,1,200000,821034,Q16,part,p_type,"MEDIUM POLISHED%",InMemory,0.025553,2e-05,2.14981,6710
2,1,200000,821034,,part,p_type,"%BRASS",InMemory,0.006698,2.2e-05,5.151,40058
2,1,200000,821034,,part,p_type,"%STEEL%",InMemory,0.021321,1.5e-05,14.3499,39683
2,1,200000,821034,,part,p_type,"PROMO %",InMemory,0.00313,2.3e-05,2.50157,33174
2,1,200000,821034,,part,p_type,"%NICKEL",InMemory,0.006159,3.7e-05,4.81297,40048
2,1,200000,821034,,part,p_type,"STANDARD %",InMemory,0.005488,1.8e-05,3.40799,33434
2,1,10000,194749,Q16,supplier,s_comment,"%Customer%Complaints",InMemory,0.023962,3.7e-05,0.067729,1
2,1,10000,194749,,supplier,s_comment,"Customer%Complaints%",InMemory,0.023304,2.3e-05,0.072453,2
2,1,10000,194749,,supplier,s_comment,"%usual%packages%",InMemory,0.05879,2e-05,4.34816,180
2,1,10000,194749,,supplier,s_comment,"%Recommends%",InMemory,0.017326,1.5e-05,1.04888,5
2,1,10000,194749,,supplier,s_comment,"Customer%Account%",InMemory,0.010896,1.7e-05,0.070886,0
2,10,15000000,229667600,Q13,orders,o_comment,"%special%requests%",InMemory,0.075701,3.2e-05,4296.56,162417
2,10,15000000,229667600,,orders,o_comment,"%regular%deposits%",InMemory,0.076318,0.000102,4887.33,397086
2,10,15000000,229667600,,orders,o_comment,"%unusual%packages%",InMemory,0.074036,0.0001,4523.01,162134
2,10,15000000,229667600,,orders,o_comment,"%pending%",InMemory,0.034273,0.000106,3759.94,1390407
2,10,2000000,22019783,Q9,part,p_name,"%green%",InMemory,0.035158,0.000105,318.05,108782
2,10,2000000,22019783,Q20,part,p_name,"%forest%",InMemory,0.023528,3.4e-05,341.822,108543
2,10,2000000,22019783,,part,p_name,"%blue%",InMemory,0.026192,3.9e-05,316.528,109206
2,10,2000000,22019783,,part,p_name,"dark %",InMemory,0.015518,3.8e-05,21.9082,21499
2,10,2000000,22019783,,part,p_name,"%sky%blue%",InMemory,0.053166,4.3e-05,410.326,2402
2,10,2000000,22019783,,part,p_name,"%firebrick%",InMemory,0.033238,4.4e-05,317.917,108930
2,10,2000000,8213633,Q2,part,p_type,"%BRASS%",InMemory,0.025761,5.1e-05,133.543,399587
2,10,2000000,8213633,Q14,part,p_type,"%PROMO%",InMemory,0.011769,4.9e-05,105.485,332975
2,10,2000000,8213633,Q16,part,p_type,"MEDIUM POLISHED%",InMemory,0.010269,5.5e-05,21.2226,66879
2,10,2000000,8213633,,part,p_type,"%BRASS",InMemory,0.008244,2.6e-05,50.2163,399587
2,10,2000000,8213633,,part,p_type,"%STEEL%",InMemory,0.025627,3.8e-05,141.599,399621
2,10,2000000,8213633,,part,p_type,"PROMO %",InMemory,0.004968,3.5e-05,17.5039,332975
2,10,2000000,8213633,,part,p_type,"%NICKEL",InMemory,0.00777,1.5e-05,44.7803,400819
2,10,2000000,8213633,,part,p_type,"STANDARD %",InMemory,0.006042,3.2e-05,30.0462,332405
2,10,100000,1960972,Q16,supplier,s_comment,"%Customer%Complaints",InMemory,0.032112,3.6e-05,0.696686,9
2,10,100000,1960972,,supplier,s_comment,"Customer%Complaints%",InMemory,0.027978,3.5e-05,0.685476,8
2,10,100000,1960972,,supplier,s_comment,"%usual%packages%",InMemory,0.053945,2e-05,41.2307,1804
2,10,100000,1960972,,supplier,s_comment,"%Recommends%",InMemory,0.018315,2e-05,10.3737,51
2,10,100000,1960972,,supplier,s_comment,"Customer%Account%",InMemory,0.012515,2.8e-05,0.660467,0
2,100,150000000,2346793956,Q13,orders,o_comment,"%special%requests%",InMemory,0.074891,4.6e-05,49872.3,1617637
2,100,150000000,2346793956,,orders,o_comment,"%regular%deposits%",InMemory,0.084713,0.000104,49515.9,3973055
2,100,150000000,2346793956,,orders,o_comment,"%unusual%packages%",InMemory,0.078488,0.000106,48736.4,1614963
2,100,150000000,2346793956,,orders,o_comment,"%pending%",InMemory,0.036632,0.000108,35156.7,13904481
2,100,20000000,228698483,Q9,part,p_name,"%green%",InMemory,0.029988,0.000151,3204.66,1087982
2,100,20000000,228698483,Q20,part,p_name,"%forest%",InMemory,0.029248,9.9e-05,2917.41,1086559
2,100,20000000,228698483,,part,p_name,"%blue%",InMemory,0.026466,9.3e-05,2821.25,1087619
2,100,20000000,228698483,,part,p_name,"dark %",InMemory,0.019558,0.000121,204.454,217370
2,100,20000000,228698483,,part,p_name,"%sky%blue%",InMemory,0.051357,4.4e-05,3418.89,23871
2,100,20000000,228698483,,part,p_name,"%firebrick%",InMemory,0.02244,0.000107,3094.22,1088629
2,100,20000000,66531845,Q2,part,p_type,"%BRASS%",InMemory,0.028113,9.1e-05,1059.02,3998906
2,100,20000000,66531845,Q14,part,p_type,"%PROMO%",InMemory,0.014885,9.9e-05,872.345,3330760
2,100,20000000,66531845,Q16,part,p_type,"MEDIUM POLISHED%",InMemory,0.007541,0.0001,261.491,668356
2,100,20000000,66531845,,part,p_type,"%BRASS",InMemory,0.010753,3.8e-05,516.512,3998906
2,100,20000000,66531845,,part,p_type,"%STEEL%",InMemory,0.028056,2.5e-05,1174.3,4001362
2,100,20000000,66531845,,part,p_type,"PROMO %",InMemory,0.005809,3.8e-05,187.66,3330760
2,100,20000000,66531845,,part,p_type,"%NICKEL",InMemory,0.010958,3.5e-05,502.043,3999978
2,100,20000000,66531845,,part,p_type,"STANDARD %",InMemory,0.00959,4e-05,288.552,3333255
2,100,1000000,19710547,Q16,supplier,s_comment,"%Customer%Complaints",InMemory,0.0344,2.6e-05,7.28759,63
2,100,1000000,19710547,,supplier,s_comment,"Customer%Complaints%",InMemory,0.031809,5e-05,7.25949,63
2,100,1000000,19710547,,supplier,s_comment,"%usual%packages%",InMemory,0.060063,3.2e-05,446.229,18481
2,100,1000000,19710547,,supplier,s_comment,"%Recommends%",InMemory,0.025845,4.1e-05,112.254,480
2,100,1000000,19710547,,supplier,s_comment,"Customer%Account%",InMemory,0.01765,2e-05,7.01445,0
2,1,1500000,22694323,Q13,orders,o_comment,"%special%requests%",SSELLVMCompiled,0.113685,37.207,62.4182,16082
2,1,1500000,22694323,,orders,o_comment,"%regular%deposits%",SSELLVMCompiled,0.075653,36.0221,48.2779,39737
2,1,1500000,22694323,,orders,o_comment,"%unusual%packages%",SSELLVMCompiled,0.085169,32.6455,52.5006,16213
2,1,1500000,22694323,,orders,o_comment,"%pending%",SSELLVMCompiled,0.043398,19.9137,40.3349,139166
2,1,200000,2237473,Q9,part,p_name,"%green%",SSELLVMCompiled,0.031635,19.7386,3.97169,10664
2,1,200000,2237473,Q20,part,p_name,"%forest%",SSELLVMCompiled,0.029733,18.4919,4.14876,10737
2,1,200000,2237473,,part,p_name,"%blue%",SSELLVMCompiled,0.03045,17.4229,4.34685,10871
2,1,200000,2237473,,part,p_name,"dark %",SSELLVMCompiled,0.007679,5.03976,0.793431,2157
2,1,200000,2237473,,part,p_name,"%sky%blue%",SSELLVMCompiled,0.055877,30.1523,5.28893,250
2,1,200000,2237473,,part,p_name,"%firebrick%",SSELLVMCompiled,0.039988,20.832,4.19716,10904
2,1,200000,821034,Q2,part,p_type,"%BRASS%",SSELLVMCompiled,0.028278,18.3225,3.14895,40058
2,1,200000,821034,Q14,part,p_type,"%PROMO%",SSELLVMCompiled,0.011985,12.8732,2.57182,33174
2,1,200000,821034,Q16,part,p_type,"MEDIUM POLISHED%",SSELLVMCompiled,0.031542,8.87224,1.16719,6710
2,1,200000,821034,,part,p_type,"%BRASS",SSELLVMCompiled,0.009253,9.63649,1.87314,40058
2,1,200000,821034,,part,p_type,"%STEEL%",SSELLVMCompiled,0.033236,18.8193,3.5533,39683
2,1,200000,821034,,part,p_type,"PROMO %",SSELLVMCompiled,0.004886,4.65335,0.70631,33174
2,1,200000,821034,,part,p_type,"%NICKEL",SSELLVMCompiled,0.007743,9.69781,1.81722,40048
2,1,200000,821034,,part,p_type,"STANDARD %",SSELLVMCompiled,0.007453,6.90462,1.25432,33434
2,1,10000,194749,Q16,supplier,s_comment,"%Customer%Complaints",SSELLVMCompiled,0.030616,26.454,0.095625,1
2,1,10000,194749,,supplier,s_comment,"Customer%Complaints%",SSELLVMCompiled,0.041753,21.6605,0.092183,2
2,1,10000,194749,,supplier,s_comment,"%usual%packages%",SSELLVMCompiled,0.085336,34.6604,0.393934,180
2,1,10000,194749,,supplier,s_comment,"%Recommends%",SSELLVMCompiled,0.031013,16.4923,0.172625,5
2,1,10000,194749,,supplier,s_comment,"Customer%Account%",SSELLVMCompiled,0.019424,12.3686,0.050504,0
2,10,15000000,229667600,Q13,orders,o_comment,"%special%requests%",SSELLVMCompiled,0.090728,36.0243,517.216,162417
2,10,15000000,229667600,,orders,o_comment,"%regular%deposits%",SSELLVMCompiled,0.081308,33.2441,433.855,397086
2,10,15000000,229667600,,orders,o_comment,"%unusual%packages%",SSELLVMCompiled,0.091703,36.2041,439.127,162134
2,10,15000000,229667600,,orders,o_comment,"%pending%",SSELLVMCompiled,0.042938,21.066,336.256,1390407
2,10,2000000,22019783,Q9,part,p_name,"%green%",SSELLVMCompiled,0.031252,17.5221,41.5763,108782
2,10,2000000,22019783,Q20,part,p_name,"%forest%",SSELLVMCompiled,0.029972,16.5226,38.3891,108543
2,10,2000000,22019783,,part,p_name,"%blue%",SSELLVMCompiled,0.031628,16.314,39.8403,109206
2,10,2000000,22019783,,part,p_name,"dark %",SSELLVMCompiled,0.019583,7.33641,8.61559,21499
2,10,2000000,22019783,,part,p_name,"%sky%blue%",SSELLVMCompiled,0.057713,28.0836,45.9162,2402
2,10,2000000,22019783,,part,p_name,"%firebrick%",SSELLVMCompiled,0.040061,20.0298,38.6838,108930
2,10,2000000,8213633,Q2,part,p_type,"%BRASS%",SSELLVMCompiled,0.02598,17.7734,27.6496,399587
2,10,2000000,8213633,Q14,part,p_type,"%PROMO%",SSELLVMCompiled,0.013326,12.0094,24.4585,332975
2,10,2000000,8213633,Q16,part,p_type,"MEDIUM POLISHED%",SSELLVMCompiled,0.011393,8.23637,10.3406,66879
2,10,2000000,8213633,,part,p_type,"%BRASS",SSELLVMCompiled,0.00824,8.79604,16.7402,399587
2,10,2000000,8213633,,part,p_type,"%STEEL%",SSELLVMCompiled,0.031145,17.19,34.1224,399621
2,10,2000000,8213633,,part,p_type,"PROMO %",SSELLVMCompiled,0.005392,4.42008,6.4843,332975
2,10,2000000,8213633,,part,p_type,"%NICKEL",SSELLVMCompiled,0.007587,8.78212,16.6024,400819
2,10,2000000,8213633,,part,p_type,"STANDARD %",SSELLVMCompiled,0.00795,6.33974,11.2555,332405
2,10,100000,1960972,Q16,supplier,s_comment,"%Customer%Complaints",SSELLVMCompiled,0.041164,23.9194,0.800401,9
2,10,100000,1960972,,supplier,s_comment,"Customer%Complaints%",SSELLVMCompiled,0.038998,20.9488,0.764976,8
2,10,100000,1960972,,supplier,s_comment,"%usual%packages%",SSELLVMCompiled,0.068339,31.4336,3.68834,1804
2,10,100000,1960972,,supplier,s_comment,"%Recommends%",SSELLVMCompiled,0.026551,15.1879,1.90165,51
2,10,100000,1960972,,supplier,s_comment,"Customer%Account%",SSELLVMCompiled,0.020813,11.9257,0.417843,0
2,100,150000000,2346793956,Q13,orders,o_comment,"%special%requests%",SSELLVMCompiled,0.074868,28.5501,5770.44,1617637
2,100,150000000,2346793956,,orders,o_comment,"%regular%deposits%",SSELLVMCompiled,0.113558,39.9514,4897.36,3973055
2,100,150000000,2346793956,,orders,o_comment,"%unusual%packages%",SSELLVMCompiled,0.096626,36.8389,5655.21,1614963
2,100,150000000,2346793956,,orders,o_comment,"%pending%",SSELLVMCompiled,0.0402,22.2064,3648.31,13904481
2,100,20000000,228698483,Q9,part,p_name,"%green%",SSELLVMCompiled,0.030091,17.973,402.274,1087982
2,100,20000000,228698483,Q20,part,p_name,"%forest%",SSELLVMCompiled,0.035606,17.0355,382.391,1086559
2,100,20000000,228698483,,part,p_name,"%blue%",SSELLVMCompiled,0.033794,17.1305,428.287,1087619
2,100,20000000,228698483,,part,p_name,"dark %",SSELLVMCompiled,0.02347,7.53314,82.4249,217370
2,100,20000000,228698483,,part,p_name,"%sky%blue%",SSELLVMCompiled,0.048472,28.525,453.022,23871
2,100,20000000,228698483,,part,p_name,"%firebrick%",SSELLVMCompiled,0.02445,16.429,373.481,1088629
2,100,20000000,66531845,Q2,part,p_type,"%BRASS%",SSELLVMCompiled,0.026382,17.0825,224.628,3998906
2,100,20000000,66531845,Q14,part,p_type,"%PROMO%",SSELLVMCompiled,0.016269,13.016,194.36,3330760
2,100,20000000,66531845,Q16,part,p_type,"MEDIUM POLISHED%",SSELLVMCompiled,0.007927,4.99489,75.1049,668356
2,100,20000000,66531845,,part,p_type,"%BRASS",SSELLVMCompiled,0.008684,8.92089,185.428,3998906
2,100,20000000,66531845,,part,p_type,"%STEEL%",SSELLVMCompiled,0.036537,18.4332,309.205,4001362
2,100,20000000,66531845,,part,p_type,"PROMO %",SSELLVMCompiled,0.005815,4.82014,69.3921,3330760
2,100,20000000,66531845,,part,p_type,"%NICKEL",SSELLVMCompiled,0.00845,9.2722,172.289,3999978
2,100,20000000,66531845,,part,p_type,"STANDARD %",SSELLVMCompiled,0.009191,6.81997,120.763,3333255
2,100,1000000,19710547,Q16,supplier,s_comment,"%Customer%Complaints",SSELLVMCompiled,0.034578,26.6572,8.3275,63
2,100,1000000,19710547,,supplier,s_comment,"Customer%Complaints%",SSELLVMCompiled,0.04101,21.8257,7.99179,63
2,100,1000000,19710547,,supplier,s_comment,"%usual%packages%",SSELLVMCompiled,0.068291,34.0964,45.4921,18481
2,100,1000000,19710547,,supplier,s_comment,"%Recommends%",SSELLVMCompiled,0.033903,17.1142,19.4107,480
2,100,1000000,19710547,,supplier,s_comment,"Customer%Account%",SSELLVMCompiled,0.022923,12.8719,4.71255,0
2,1,1500000,22694323,Q13,orders,o_comment,"%special%requests%",SSECppCompiled,0.114934,344.051,66.0257,16082
2,1,1500000,22694323,,orders,o_comment,"%regular%deposits%",SSECppCompiled,0.076113,349.424,49.3977,39737
2,1,1500000,22694323,,orders,o_comment,"%unusual%packages%",SSECppCompiled,0.06891,335.392,56.0809,16213
2,1,1500000,22694323,,orders,o_comment,"%pending%",SSECppCompiled,0.036881,311.229,42.6878,139166
2,1,200000,2237473,Q9,part,p_name,"%green%",SSECppCompiled,0.037826,314.385,4.60817,10664
2,1,200000,2237473,Q20,part,p_name,"%forest%",SSECppCompiled,0.031479,311.434,4.40251,10737
2,1,200000,2237473,,part,p_name,"%blue%",SSECppCompiled,0.030722,298.344,4.39915,10871
2,1,200000,2237473,,part,p_name,"dark %",SSECppCompiled,0.010771,274.686,0.804546,2157
2,1,200000,2237473,,part,p_name,"%sky%blue%",SSECppCompiled,0.064979,323.254,5.31619,250
2,1,200000,2237473,,part,p_name,"%firebrick%",SSECppCompiled,0.039909,310.109,4.31889,10904
2,1,200000,821034,Q2,part,p_type,"%BRASS%",SSECppCompiled,0.031454,300.507,3.2664,40058
2,1,200000,821034,Q14,part,p_type,"%PROMO%",SSECppCompiled,0.01733,288.739,2.86558,33174
2,1,200000,821034,Q16,part,p_type,"MEDIUM POLISHED%",SSECppCompiled,0.017531,283.953,1.21657,6710
2,1,200000,821034,,part,p_type,"%BRASS",SSECppCompiled,0.012479,290.657,2.19607,40058
2,1,200000,821034,,part,p_type,"%STEEL%",SSECppCompiled,0.033929,306.93,3.71404,39683
2,1,200000,821034,,part,p_type,"PROMO %",SSECppCompiled,0.008204,273.83,0.725294,33174
2,1,200000,821034,,part,p_type,"%NICKEL",SSECppCompiled,0.012343,285.76,2.04871,40048
2,1,200000,821034,,part,p_type,"STANDARD %",SSECppCompiled,0.011372,281.684,1.21071,33434
2,1,10000,194749,Q16,supplier,s_comment,"%Customer%Complaints",SSECppCompiled,0.037593,323.115,0.113506,1
2,1,10000,194749,,supplier,s_comment,"Customer%Complaints%",SSECppCompiled,0.043031,319.105,0.098987,2
2,1,10000,194749,,supplier,s_comment,"%usual%packages%",SSECppCompiled,0.085305,348.743,0.482885,180
2,1,10000,194749,,supplier,s_comment,"%Recommends%",SSECppCompiled,0.032307,311.477,0.206719,5
2,1,10000,194749,,supplier,s_comment,"Customer%Account%",SSECppCompiled,0.024353,297.711,0.078751,0
2,10,15000000,229667600,Q13,orders,o_comment,"%special%requests%",SSECppCompiled,0.099705,344.955,575.197,162417
2,10,15000000,229667600,,orders,o_comment,"%regular%deposits%",SSECppCompiled,0.079361,348.453,476.071,397086
2,10,15000000,229667600,,orders,o_comment,"%unusual%packages%",SSECppCompiled,0.07858,346.733,448.198,162134
2,10,15000000,229667600,,orders,o_comment,"%pending%",SSECppCompiled,0.034571,319.431,362.734,1390407
2,10,2000000,22019783,Q9,part,p_name,"%green%",SSECppCompiled,0.035656,302.106,47.2728,108782
2,10,2000000,22019783,Q20,part,p_name,"%forest%",SSECppCompiled,0.028206,296.572,44.7067,108543
2,10,2000000,22019783,,part,p_name,"%blue%",SSECppCompiled,0.034229,298.614,45.0259,109206
2,10,2000000,22019783,,part,p_name,"dark %",SSECppCompiled,0.020032,276.15,10.9723,21499
2,10,2000000,22019783,,part,p_name,"%sky%blue%",SSECppCompiled,0.056232,323.026,51.1154,2402
2,10,2000000,22019783,,part,p_name,"%firebrick%",SSECppCompiled,0.038352,322.749,43.2616,108930
2,10,2000000,8213633,Q2,part,p_type,"%BRASS%",SSECppCompiled,0.031989,311.768,32.9317,399587
2,10,2000000,8213633,Q14,part,p_type,"%PROMO%",SSECppCompiled,0.016987,291.693,27.7399,332975
2,10,2000000,8213633,Q16,part,p_type,"MEDIUM POLISHED%",SSECppCompiled,0.01817,292.675,12.3337,66879
2,10,2000000,8213633,,part,p_type,"%BRASS",SSECppCompiled,0.011261,299.161,22.3465,399587
2,10,2000000,8213633,,part,p_type,"%STEEL%",SSECppCompiled,0.034275,315.342,38.1087,399621
2,10,2000000,8213633,,part,p_type,"PROMO %",SSECppCompiled,0.007993,280.924,7.14295,332975
2,10,2000000,8213633,,part,p_type,"%NICKEL",SSECppCompiled,0.013426,292.407,20.1673,400819
2,10,2000000,8213633,,part,p_type,"STANDARD %",SSECppCompiled,0.012296,289.666,11.9281,332405
2,10,100000,1960972,Q16,supplier,s_comment,"%Customer%Complaints",SSECppCompiled,0.037142,316.123,0.915761,9
2,10,100000,1960972,,supplier,s_comment,"Customer%Complaints%",SSECppCompiled,0.038076,306.148,0.947385,8
2,10,100000,1960972,,supplier,s_comment,"%usual%packages%",SSECppCompiled,0.073352,331.35,3.99685,1804
2,10,100000,1960972,,supplier,s_comment,"%Recommends%",SSECppCompiled,0.029159,301.119,2.06295,51
2,10,100000,1960972,,supplier,s_comment,"Customer%Account%",SSECppCompiled,0.025324,287.022,0.60788,0
2,100,150000000,2346793956,Q13,orders,o_comment,"%special%requests%",SSECppCompiled,0.087064,322.531,6355.51,1617637
2,100,150000000,2346793956,,orders,o_comment,"%regular%deposits%",SSECppCompiled,0.084676,346.713,4981.27,3973055
2,100,150000000,2346793956,,orders,o_comment,"%unusual%packages%",SSECppCompiled,0.08399,349.323,5729.82,1614963
2,100,150000000,2346793956,,orders,o_comment,"%pending%",SSECppCompiled,0.037868,307.224,3793.78,13904481
2,100,20000000,228698483,Q9,part,p_name,"%green%",SSECppCompiled,0.030227,309.423,438.089,1087982
2,100,20000000,228698483,Q20,part,p_name,"%forest%",SSECppCompiled,0.029441,308.736,402.884,1086559
2,100,20000000,228698483,,part,p_name,"%blue%",SSECppCompiled,0.029479,301.81,435.241,1087619
2,100,20000000,228698483,,part,p_name,"dark %",SSECppCompiled,0.020021,274.231,104.968,217370
2,100,20000000,228698483,,part,p_name,"%sky%blue%",SSECppCompiled,0.049128,324.409,463.582,23871
2,100,20000000,228698483,,part,p_name,"%firebrick%",SSECppCompiled,0.024966,291.498,399.398,1088629
2,100,20000000,66531845,Q2,part,p_type,"%BRASS%",SSECppCompiled,0.038535,299.117,251.361,3998906
2,100,20000000,66531845,Q14,part,p_type,"%PROMO%",SSECppCompiled,0.016841,289.594,222.343,3330760
2,100,20000000,66531845,Q16,part,p_type,"MEDIUM POLISHED%",SSECppCompiled,0.008975,279.688,76.354,668356
2,100,20000000,66531845,,part,p_type,"%BRASS",SSECppCompiled,0.013937,295.393,229.58,3998906
2,100,20000000,66531845,,part,p_type,"%STEEL%",SSECppCompiled,0.034248,313.254,319.254,4001362
2,100,20000000,66531845,,part,p_type,"PROMO %",SSECppCompiled,0.009531,285.494,72.8018,3330760
2,100,20000000,66531845,,part,p_type,"%NICKEL",SSECppCompiled,0.012938,293.39,197.11,3999978
2,100,20000000,66531845,,part,p_type,"STANDARD %",SSECppCompiled,0.012083,281.195,114.565,3333255
2,100,1000000,19710547,Q16,supplier,s_comment,"%Customer%Complaints",SSECppCompiled,0.037969,315.566,9.07575,63
2,100,1000000,19710547,,supplier,s_comment,"Customer%Complaints%",SSECppCompiled,0.041287,306.084,8.80724,63
2,100,1000000,19710547,,supplier,s_comment,"%usual%packages%",SSECppCompiled,0.070514,332.476,47.4515,18481
2,100,1000000,19710547,,supplier,s_comment,"%Recommends%",SSECppCompiled,0.031304,301.29,20.4323,480
2,100,1000000,19710547,,supplier,s_comment,"Customer%Account%",SSECppCompiled,0.025021,284.685,6.09135,0
2,1,1500000,22694323,Q13,orders,o_comment,"%special%requests%",SSEDecoded,0.002083,0,96.7414,16082
2,1,1500000,22694323,,orders,o_comment,"%regular%deposits%",SSEDecoded,0.001191,0,96.143,39737
2,1,1500000,22694323,,orders,o_comment,"%unusual%packages%",SSEDecoded,0.001022,0,89.9446,16213
2,1,1500000,22694323,,orders,o_comment,"%pending%",SSEDecoded,0.000932,0,87.6143,139166
2,1,200000,2237473,Q9,part,p_name,"%green%",SSEDecoded,0.001088,0,10.6251,10664
2,1,200000,2237473,Q20,part,p_name,"%forest%",SSEDecoded,0.000674,0,10.6158,10737
2,1,200000,2237473,,part,p_name,"%blue%",SSEDecoded,0.000686,0,9.90286,10871
2,1,200000,2237473,,part,p_name,"dark %",SSEDecoded,0.000655,0,8.29209,2157
2,1,200000,2237473,,part,p_name,"%sky%blue%",SSEDecoded,0.000904,0,9.63033,250
2,1,200000,2237473,,part,p_name,"%firebrick%",SSEDecoded,0.000657,0,9.70977,10904
2,1,200000,821034,Q2,part,p_type,"%BRASS%",SSEDecoded,0.000807,0,10.4944,40058
2,1,200000,821034,Q14,part,p_type,"%PROMO%",SSEDecoded,0.000648,0,10.4641,33174
2,1,200000,821034,Q16,part,p_type,"MEDIUM POLISHED%",SSEDecoded,0.000462,0,8.79229,6710
2,1,200000,821034,,part,p_type,"%BRASS",SSEDecoded,0.000526,0,9.12237,40058
2,1,200000,821034,,part,p_type,"%STEEL%",SSEDecoded,0.000656,0,10.9413,39683
2,1,200000,821034,,part,p_type,"PROMO %",SSEDecoded,0.000446,0,10.0031,33174
2,1,200000,821034,,part,p_type,"%NICKEL",SSEDecoded,0.000396,0,9.64028,40048
2,1,200000,821034,,part,p_type,"STANDARD %",SSEDecoded,0.000309,0,9.84489,33434
2,1,10000,194749,Q16,supplier,s_comment,"%Customer%Complaints",SSEDecoded,0.000823,0,0.562711,1
2,1,10000,194749,,supplier,s_comment,"Customer%Complaints%",SSEDecoded,0.000523,0,0.562722,2
2,1,10000,194749,,supplier,s_comment,"%usual%packages%",SSEDecoded,0.00061,0,0.724621,180
2,1,10000,194749,,supplier,s_comment,"%Recommends%",SSEDecoded,0.000393,0,0.646962,5
2,1,10000,194749,,supplier,s_comment,"Customer%Account%",SSEDecoded,0.000446,0,0.543729,0
2,10,15000000,229667600,Q13,orders,o_comment,"%special%requests%",SSEDecoded,0.000841,0,949.924,162417
2,10,15000000,229667600,,orders,o_comment,"%regular%deposits%",SSEDecoded,0.001685,0,1008.78,397086
2,10,15000000,229667600,,orders,o_comment,"%unusual%packages%",SSEDecoded,0.001292,0,945.619,162134
2,10,15000000,229667600,,orders,o_comment,"%pending%",SSEDecoded,0.000987,0,868.116,1390407
2,10,2000000,22019783,Q9,part,p_name,"%green%",SSEDecoded,0.001641,0,100.63,108782
2,10,2000000,22019783,Q20,part,p_name,"%forest%",SSEDecoded,0.000815,0,99.1807,108543
2,10,2000000,22019783,,part,p_name,"%blue%",SSEDecoded,0.000786,0,100.425,109206
2,10,2000000,22019783,,part,p_name,"dark %",SSEDecoded,0.000582,0,83.1754,21499
2,10,2000000,22019783,,part,p_name,"%sky%blue%",SSEDecoded,0.00097,0,102.386,2402
2,10,2000000,22019783,,part,p_name,"%firebrick%",SSEDecoded,0.000757,0,97.0897,108930
2,10,2000000,8213633,Q2,part,p_type,"%BRASS%",SSEDecoded,0.001014,0,105.55,399587
2,10,2000000,8213633,Q14,part,p_type,"%PROMO%",SSEDecoded,0.000826,0,105.579,332975
2,10,2000000,8213633,Q16,part,p_type,"MEDIUM POLISHED%",SSEDecoded,0.00057,0,92.0172,66879
2,10,2000000,8213633,,part,p_type,"%BRASS",SSEDecoded,0.000518,0,96.8705,399587
2,10,2000000,8213633,,part,p_type,"%STEEL%",SSEDecoded,0.000774,0,105.142,399621
2,10,2000000,8213633,,part,p_type,"PROMO %",SSEDecoded,0.000597,0,95.9643,332975
2,10,2000000,8213633,,part,p_type,"%NICKEL",SSEDecoded,0.000654,0,100.863,400819
2,10,2000000,8213633,,part,p_type,"STANDARD %",SSEDecoded,0.000724,0,94.2734,332405
2,10,100000,1960972,Q16,supplier,s_comment,"%Customer%Complaints",SSEDecoded,0.001229,0,5.26865,9
2,10,100000,1960972,,supplier,s_comment,"Customer%Complaints%",SSEDecoded,0.000789,0,5.01732,8
2,10,100000,1960972,,supplier,s_comment,"%usual%packages%",SSEDecoded,0.000956,0,6.42147,1804
2,10,100000,1960972,,supplier,s_comment,"%Recommends%",SSEDecoded,0.000763,0,5.70674,51
2,10,100000,1960972,,supplier,s_comment,"Customer%Account%",SSEDecoded,0.000685,0,4.85215,0
2,100,150000000,2346793956,Q13,orders,o_comment,"%special%requests%",SSEDecoded,0.000871,0,9568.09,1617637
2,100,150000000,2346793956,,orders,o_comment,"%regular%deposits%",SSEDecoded,0.001719,0,9897.12,3973055
2,100,150000000,2346793956,,orders,o_comment,"%unusual%packages%",SSEDecoded,0.001812,0,9364.71,1614963
2,100,150000000,2346793956,,orders,o_comment,"%pending%",SSEDecoded,0.001393,0,9239.44,13904481
2,100,20000000,228698483,Q9,part,p_name,"%green%",SSEDecoded,0.001566,0,1003.26,1087982
2,100,20000000,228698483,Q20,part,p_name,"%forest%",SSEDecoded,0.001416,0,998.641,1086559
2,100,20000000,228698483,,part,p_name,"%blue%",SSEDecoded,0.001219,0,1029.81,1087619
2,100,20000000,228698483,,part,p_name,"dark %",SSEDecoded,0.000969,0,878.881,217370
2,100,20000000,228698483,,part,p_name,"%sky%blue%",SSEDecoded,0.001544,0,1061.89,23871
2,100,20000000,228698483,,part,p_name,"%firebrick%",SSEDecoded,0.004005,0,1011.22,1088629
2,100,20000000,66531845,Q2,part,p_type,"%BRASS%",SSEDecoded,0.001404,0,1108.1,3998906
2,100,20000000,66531845,Q14,part,p_type,"%PROMO%",SSEDecoded,0.001301,0,1115.12,3330760
2,100,20000000,66531845,Q16,part,p_type,"MEDIUM POLISHED%",SSEDecoded,0.001699,0,1001.32,668356
2,100,20000000,66531845,,part,p_type,"%BRASS",SSEDecoded,0.001045,0,1054.62,3998906
2,100,20000000,66531845,,part,p_type,"%STEEL%",SSEDecoded,0.001717,0,1168.75,4001362
2,100,20000000,66531845,,part,p_type,"PROMO %",SSEDecoded,0.001682,0,1014.63,3330760
2,100,20000000,66531845,,part,p_type,"%NICKEL",SSEDecoded,0.001147,0,1014.36,3999978
2,100,20000000,66531845,,part,p_type,"STANDARD %",SSEDecoded,0.001208,0,994.594,3333255
2,100,1000000,19710547,Q16,supplier,s_comment,"%Customer%Complaints",SSEDecoded,0.002032,0,51.1847,63
2,100,1000000,19710547,,supplier,s_comment,"Customer%Complaints%",SSEDecoded,0.000938,0,52.4858,63
2,100,1000000,19710547,,supplier,s_comment,"%usual%packages%",SSEDecoded,0.001073,0,64.9887,18481
2,100,1000000,19710547,,supplier,s_comment,"%Recommends%",SSEDecoded,0.000904,0,61.3586,480
2,100,1000000,19710547,,supplier,s_comment,"Customer%Account%",SSEDecoded,0.000995,0,50.0956,0
2,1,1500000,22694323,Q13,orders,o_comment,"%special%requests%",VectorScan,0.917564,0,156.576,16082
2,1,1500000,22694323,,orders,o_comment,"%regular%deposits%",VectorScan,0.521437,0,190.927,39737
2,1,1500000,22694323,,orders,o_comment,"%unusual%packages%",VectorScan,0.458834,0,169.835,16213
2,1,1500000,22694323,,orders,o_comment,"%pending%",VectorScan,0.065659,0,126.666,139166
2,1,200000,2237473,Q9,part,p_name,"%green%",VectorScan,0.066648,0,14.7039,10664
2,1,200000,2237473,Q20,part,p_name,"%forest%",VectorScan,0.050414,0,14.4861,10737
2,1,200000,2237473,,part,p_name,"%blue%",VectorScan,0.046303,0,14.9941,10871
2,1,200000,2237473,,part,p_name,"dark %",VectorScan,0.184184,0,13.811,2157
2,1,200000,2237473,,part,p_name,"%sky%blue%",VectorScan,0.403159,0,18.0976,250
2,1,200000,2237473,,part,p_name,"%firebrick%",VectorScan,0.053329,0,14.1237,10904
2,1,200000,821034,Q2,part,p_type,"%BRASS%",VectorScan,0.050224,0,16.8339,40058
2,1,200000,821034,Q14,part,p_type,"%PROMO%",VectorScan,0.045464,0,15.8484,33174
2,1,200000,821034,Q16,part,p_type,"MEDIUM POLISHED%",VectorScan,0.253436,0,13.2401,6710
2,1,200000,821034,,part,p_type,"%BRASS",VectorScan,0.245229,0,19.377,40058
2,1,200000,821034,,part,p_type,"%STEEL%",VectorScan,0.050974,0,16.8263,39683
2,1,200000,821034,,part,p_type,"PROMO %",VectorScan,0.166234,0,14.0762,33174
2,1,200000,821034,,part,p_type,"%NICKEL",VectorScan,0.234253,0,20.2649,40048
2,1,200000,821034,,part,p_type,"STANDARD %",VectorScan,0.188278,0,14.5949,33434
2,1,10000,194749,Q16,supplier,s_comment,"%Customer%Complaints",VectorScan,0.626534,0,1.07284,1
2,1,10000,194749,,supplier,s_comment,"Customer%Complaints%",VectorScan,0.488994,0,0.820153,2
2,1,10000,194749,,supplier,s_comment,"%usual%packages%",VectorScan,0.423368,0,1.35509,180
2,1,10000,194749,,supplier,s_comment,"%Recommends%",VectorScan,0.048307,0,0.898085,5
2,1,10000,194749,,supplier,s_comment,"Customer%Account%",VectorScan,0.414324,0,0.82407,0
2,10,15000000,229667600,Q13,orders,o_comment,"%special%requests%",VectorScan,0.46638,0,1590.18,162417
2,10,15000000,229667600,,orders,o_comment,"%regular%deposits%",VectorScan,0.552696,0,1921.79,397086
2,10,15000000,229667600,,orders,o_comment,"%unusual%packages%",VectorScan,0.523485,0,1625.81,162134
2,10,15000000,229667600,,orders,o_comment,"%pending%",VectorScan,0.099977,0,1272.27,1390407
2,10,2000000,22019783,Q9,part,p_name,"%green%",VectorScan,0.102596,0,144.504,108782
2,10,2000000,22019783,Q20,part,p_name,"%forest%",VectorScan,0.066938,0,146.342,108543
2,10,2000000,22019783,,part,p_name,"%blue%",VectorScan,0.060955,0,149.753,109206
2,10,2000000,22019783,,part,p_name,"dark %",VectorScan,0.212939,0,138.726,21499
2,10,2000000,22019783,,part,p_name,"%sky%blue%",VectorScan,0.3935,0,176.518,2402
2,10,2000000,22019783,,part,p_name,"%firebrick%",VectorScan,0.072546,0,141.721,108930
2,10,2000000,8213633,Q2,part,p_type,"%BRASS%",VectorScan,0.069479,0,163.775,399587
2,10,2000000,8213633,Q14,part,p_type,"%PROMO%",VectorScan,0.060296,0,157.017,332975
2,10,2000000,8213633,Q16,part,p_type,"MEDIUM POLISHED%",VectorScan,0.261856,0,137.563,66879
2,10,2000000,8213633,,part,p_type,"%BRASS",VectorScan,0.266959,0,197.198,399587
2,10,2000000,8213633,,part,p_type,"%STEEL%",VectorScan,0.06362,0,167.859,399621
2,10,2000000,8213633,,part,p_type,"PROMO %",VectorScan,0.193806,0,136.921,332975
2,10,2000000,8213633,,part,p_type,"%NICKEL",VectorScan,0.239009,0,191.288,400819
2,10,2000000,8213633,,part,p_type,"STANDARD %",VectorScan,0.20479,0,139.24,332405
2,10,100000,1960972,Q16,supplier,s_comment,"%Customer%Complaints",VectorScan,0.683424,0,10.2852,9
2,10,100000,1960972,,supplier,s_comment,"Customer%Complaints%",VectorScan,0.481715,0,7.78364,8
2,10,100000,1960972,,supplier,s_comment,"%usual%packages%",VectorScan,0.436979,0,12.0789,1804
2,10,100000,1960972,,supplier,s_comment,"%Recommends%",VectorScan,0.051065,0,8.08739,51
2,10,100000,1960972,,supplier,s_comment,"Customer%Account%",VectorScan,0.40456,0,7.35766,0
2,100,150000000,2346793956,Q13,orders,o_comment,"%special%requests%",VectorScan,0.43188,0,15630.9,1617637
2,100,150000000,2346793956,,orders,o_comment,"%regular%deposits%",VectorScan,0.60087,0,19792.1,3973055
2,100,150000000,2346793956,,orders,o_comment,"%unusual%packages%",VectorScan,0.563244,0,16847.5,1614963
2,100,150000000,2346793956,,orders,o_comment,"%pending%",VectorScan,0.124036,0,12500.5,13904481
2,100,20000000,228698483,Q9,part,p_name,"%green%",VectorScan,0.12388,0,1469.42,1087982
2,100,20000000,228698483,Q20,part,p_name,"%forest%",VectorScan,0.109274,0,1390.32,1086559
2,100,20000000,228698483,,part,p_name,"%blue%",VectorScan,0.120713,0,1455.6,1087619
2,100,20000000,228698483,,part,p_name,"dark %",VectorScan,0.25075,0,1408,217370
2,100,20000000,228698483,,part,p_name,"%sky%blue%",VectorScan,0.486389,0,1765.95,23871
2,100,20000000,228698483,,part,p_name,"%firebrick%",VectorScan,0.105813,0,1356.15,1088629
2,100,20000000,66531845,Q2,part,p_type,"%BRASS%",VectorScan,0.107681,0,1627.28,3998906
2,100,20000000,66531845,Q14,part,p_type,"%PROMO%",VectorScan,0.105406,0,1616.49,3330760
2,100,20000000,66531845,Q16,part,p_type,"MEDIUM POLISHED%",VectorScan,0.344955,0,1387.33,668356
2,100,20000000,66531845,,part,p_type,"%BRASS",VectorScan,0.323426,0,1930.7,3998906
2,100,20000000,66531845,,part,p_type,"%STEEL%",VectorScan,0.104509,0,1674.71,4001362
2,100,20000000,66531845,,part,p_type,"PROMO %",VectorScan,0.262653,0,1429.66,3330760
2,100,20000000,66531845,,part,p_type,"%NICKEL",VectorScan,0.307819,0,1942.16,3999978
2,100,20000000,66531845,,part,p_type,"STANDARD %",VectorScan,0.266228,0,1446.91,3333255
2,100,1000000,19710547,Q16,supplier,s_comment,"%Customer%Complaints",VectorScan,0.705065,0,106.294,63
2,100,1000000,19710547,,supplier,s_comment,"Customer%Complaints%",VectorScan,0.558245,0,83.4443,63
2,100,1000000,19710547,,supplier,s_comment,"%usual%packages%",VectorScan,0.467101,0,132.95,18481
2,100,1000000,19710547,,supplier,s_comment,"%Recommends%",VectorScan,0.067396,0,88.0027,480
2,100,1000000,19710547,,supplier,s_comment,"Customer%Account%",VectorScan,0.453434,0,83.5047,0
3,1,1500000,22694323,Q13,orders,o_comment,"%special%requests%",InMemory,0.115571,0.000106,499.847,16082
3,1,1500000,22694323,,orders,o_comment,"%regular%deposits%",InMemory,0.070486,4.7e-05,450.996,39737
3,1,1500000,22694323,,orders,o_comment,"%unusual%packages%",InMemory,0.057527,4.5e-05,436.314,16213
3,1,1500000,22694323,,orders,o_comment,"%pending%",InMemory,0.031074,3.7e-05,427.408,139166
3,1,200000,2237473,Q9,part,p_name,"%green%",InMemory,0.029581,4.5e-05,23.5179,10664
3,1,200000,2237473,Q20,part,p_name,"%forest%",InMemory,0.020338,2.8e-05,30.3964,10737
3,1,200000,2237473,,part,p_name,"%blue%",InMemory,0.016115,2.6e-05,30.901,10871
3,1,200000,2237473,,part,p_name,"dark %",InMemory,0.005669,2e-05,1.36734,2157
3,1,200000,2237473,,part,p_name,"%sky%blue%",InMemory,0.037911,2.7e-05,41.3692,250
3,1,200000,2237473,,part,p_name,"%firebrick%",InMemory,0.027255,2.7e-05,29.1333,10904
3,1,200000,821034,Q2,part,p_type,"%BRASS%",InMemory,0.026099,4.3e-05,15.765,40058
3,1,200000,821034,Q14,part,p_type,"%PROMO%",InMemory,0.009268,3.6e-05,11.2125,33174
3,1,200000,821034,Q16,part,p_type,"MEDIUM POLISHED%",InMemory,0.009755,2.8e-05,2.10427,6710
3,1,200000,821034,,part,p_type,"%BRASS",InMemory,0.007259,1.9e-05,5.20431,40058
3,1,200000,821034,,part,p_type,"%STEEL%",InMemory,0.020967,1.5e-05,13.9017,39683
3,1,200000,821034,,part,p_type,"PROMO %",InMemory,0.002481,1.9e-05,2.34445,33174
3,1,200000,821034,,part,p_type,"%NICKEL",InMemory,0.005684,1.7e-05,4.60173,40048
3,1,200000,821034,,part,p_type,"STANDARD %",InMemory,0.004927,2.1e-05,3.34868,33434
3,1,10000,194749,Q16,supplier,s_comment,"%Customer%Complaints",InMemory,0.025349,3.2e-05,0.071341,1
3,1,10000,194749,,supplier,s_comment,"Customer%Complaints%",InMemory,0.023444,1.5e-05,0.067191,2
3,1,10000,194749,,supplier,s_comment,"%usual%packages%",InMemory,0.058546,1.5e-05,4.43694,180
3,1,10000,194749,,supplier,s_comment,"%Recommends%",InMemory,0.017084,1.9e-05,1.08226,5
3,1,10000,194749,,supplier,s_comment,"Customer%Account%",InMemory,0.011772,2e-05,0.110645,0
3,10,15000000,229667600,Q13,orders,o_comment,"%special%requests%",InMemory,0.075698,3.6e-05,4320.03,162417
3,10,15000000,229667600,,orders,o_comment,"%regular%deposits%",InMemory,0.078746,0.000118,4905.27,397086
3,10,15000000,229667600,,orders,o_comment,"%unusual%packages%",InMemory,0.077082,9.7e-05,4512.5,162134
3,10,15000000,229667600,,orders,o_comment,"%pending%",InMemory,0.032988,9.7e-05,3757.64,1390407
3,10,2000000,22019783,Q9,part,p_name,"%green%",InMemory,0.035306,0.000112,320.552,108782
3,10,2000000,22019783,Q20,part,p_name,"%forest%",InMemory,0.023863,9.6e-05,340.571,108543
3,10,2000000,22019783,,part,p_name,"%blue%",InMemory,0.025505,2.8e-05,317.302,109206
3,10,2000000,22019783,,part,p_name,"dark %",InMemory,0.015398,1.7e-05,21.6527,21499
3,10,2000000,22019783,,part,p_name,"%sky%blue%",InMemory,0.047183,2.7e-05,400.862,2402
3,10,2000000,22019783,,part,p_name,"%firebrick%",InMemory,0.031667,3.2e-05,301.911,108930
3,10,2000000,8213633,Q2,part,p_type,"%BRASS%",InMemory,0.025035,3.6e-05,130.404,399587
3,10,2000000,8213633,Q14,part,p_type,"%PROMO%",InMemory,0.010283,2.6e-05,103.673,332975
3,10,2000000,8213633,Q16,part,p_type,"MEDIUM POLISHED%",InMemory,0.011161,1.7e-05,19.6085,66879
3,10,2000000,8213633,,part,p_type,"%BRASS",InMemory,0.00798,3.8e-05,50.6058,399587
3,10,2000000,8213633,,part,p_type,"%STEEL%",InMemory,0.025139,2.8e-05,142.156,399621
3,10,2000000,8213633,,part,p_type,"PROMO %",InMemory,0.004908,2.9e-05,18.149,332975
3,10,2000000,8213633,,part,p_type,"%NICKEL",InMemory,0.009318,1.5e-05,45.7524,400819
3,10,2000000,8213633,,part,p_type,"STANDARD %",InMemory,0.006779,4.3e-05,29.2451,332405
3,10,100000,1960972,Q16,supplier,s_comment,"%Customer%Complaints",InMemory,0.028551,3.5e-05,0.651874,9
3,10,100000,1960972,,supplier,s_comment,"Customer%Complaints%",InMemory,0.025233,2.9e-05,0.67324,8
3,10,100000,1960972,,supplier,s_comment,"%usual%packages%",InMemory,0.055193,1.4e-05,40.3634,1804
3,10,100000,1960972,,supplier,s_comment,"%Recommends%",InMemory,0.018228,1.4e-05,10.5682,51
3,10,100000,1960972,,supplier,s_comment,"Customer%Account%",InMemory,0.014318,2.2e-05,0.699313,0
3,100,150000000,2346793956,Q13,orders,o_comment,"%special%requests%",InMemory,0.076441,3.2e-05,49722.2,1617637
3,100,150000000,2346793956,,orders,o_comment,"%regular%deposits%",InMemory,0.075345,8.7e-05,49747.5,3973055
3,100,150000000,2346793956,,orders,o_comment,"%unusual%packages%",InMemory,0.078252,0.000105,48834.9,1614963
3,100,150000000,2346793956,,orders,o_comment,"%pending%",InMemory,0.035348,0.000103,35114.1,13904481
3,100,20000000,228698483,Q9,part,p_name,"%green%",InMemory,0.030596,0.000106,3183.64,1087982
3,100,20000000,228698483,Q20,part,p_name,"%forest%",InMemory,0.028473,0.000314,2854.1,1086559
3,100,20000000,228698483,,part,p_name,"%blue%",InMemory,0.026302,9.9e-05,2786.31,1087619
3,100,20000000,228698483,,part,p_name,"dark %",InMemory,0.018794,8.6e-05,199.358,217370
3,100,20000000,228698483,,part,p_name,"%sky%blue%",InMemory,0.043593,4.4e-05,3409.93,23871
3,100,20000000,228698483,,part,p_name,"%firebrick%",InMemory,0.024019,0.000101,3006.53,1088629
3,100,20000000,66531845,Q2,part,p_type,"%BRASS%",InMemory,0.030085,0.000106,1094.07,3998906
3,100,20000000,66531845,Q14,part,p_type,"%PROMO%",InMemory,0.016118,0.000103,891.635,3330760
3,100,20000000,66531845,Q16,part,p_type,"MEDIUM POLISHED%",InMemory,0.008689,4.5e-05,262.561,668356
3,100,20000000,66531845,,part,p_type,"%BRASS",InMemory,0.014422,4.5e-05,519.518,3998906
3,100,20000000,66531845,,part,p_type,"%STEEL%",InMemory,0.030452,3.6e-05,1161.44,4001362
3,100,20000000,66531845,,part,p_type,"PROMO %",InMemory,0.007494,0.000107,193.457,3330760
3,100,20000000,66531845,,part,p_type,"%NICKEL",InMemory,0.012279,0.000105,501.757,3999978
3,100,20000000,66531845,,part,p_type,"STANDARD %",InMemory,0.011462,9.2e-05,283.922,3333255
3,100,1000000,19710547,Q16,supplier,s_comment,"%Customer%Complaints",InMemory,0.037258,4.8e-05,7.14994,63
3,100,1000000,19710547,,supplier,s_comment,"Customer%Complaints%",InMemory,0.031893,3.5e-05,7.08288,63
3,100,1000000,19710547,,supplier,s_comment,"%usual%packages%",InMemory,0.060286,1.6e-05,445.718,18481
3,100,1000000,19710547,,supplier,s_comment,"%Recommends%",InMemory,0.026063,4.6e-05,112.587,480
3,100,1000000,19710547,,supplier,s_comment,"Customer%Account%",InMemory,0.019116,6e-05,7.02256,0
3,1,1500000,22694323,Q13,orders,o_comment,"%special%requests%",SSELLVMCompiled,0.113755,36.3827,61.3856,16082
3,1,1500000,22694323,,orders,o_comment,"%regular%deposits%",SSELLVMCompiled,0.07454,35.4831,48.182,39737
3,1,1500000,22694323,,orders,o_comment,"%unusual%packages%",SSELLVMCompiled,0.066518,32.9807,53.2929,16213
3,1,1500000,22694323,,orders,o_comment,"%pending%",SSELLVMCompiled,0.038352,20.1178,39.9539,139166
3,1,200000,2237473,Q9,part,p_name,"%green%",SSELLVMCompiled,0.032455,20.9303,4.24705,10664
3,1,200000,2237473,Q20,part,p_name,"%forest%",SSELLVMCompiled,0.029493,18.9645,4.18341,10737
3,1,200000,2237473,,part,p_name,"%blue%",SSELLVMCompiled,0.031105,17.5694,4.3159,10871
3,1,200000,2237473,,part,p_name,"dark %",SSELLVMCompiled,0.00849,5.06463,0.820242,2157
3,1,200000,2237473,,part,p_name,"%sky%blue%",SSELLVMCompiled,0.054305,29.1173,5.42917,250
3,1,200000,2237473,,part,p_name,"%firebrick%",SSELLVMCompiled,0.043781,21.7411,4.28524,10904
3,1,200000,821034,Q2,part,p_type,"%BRASS%",SSELLVMCompiled,0.029054,18.5827,3.09202,40058
3,1,200000,821034,Q14,part,p_type,"%PROMO%",SSELLVMCompiled,0.011785,12.3162,2.58328,33174
3,1,200000,821034,Q16,part,p_type,"MEDIUM POLISHED%",SSELLVMCompiled,0.015102,8.60664,1.16354,6710
3,1,200000,821034,,part,p_type,"%BRASS",SSELLVMCompiled,0.007916,9.48717,1.83939,40058
3,1,200000,821034,,part,p_type,"%STEEL%",SSELLVMCompiled,0.032941,18.7246,3.59701,39683
3,1,200000,821034,,part,p_type,"PROMO %",SSELLVMCompiled,0.004775,4.69297,0.726392,33174
3,1,200000,821034,,part,p_type,"%NICKEL",SSELLVMCompiled,0.007217,9.66896,1.8626,40048
3,1,200000,821034,,part,p_type,"STANDARD %",SSELLVMCompiled,0.007202,6.86133,1.23161,33434
3,1,10000,194749,Q16,supplier,s_comment,"%Customer%Complaints",SSELLVMCompiled,0.03103,26.3806,0.107684,1
3,1,10000,194749,,supplier,s_comment,"Customer%Complaints%",SSELLVMCompiled,0.041019,21.5041,0.088687,2
3,1,10000,194749,,supplier,s_comment,"%usual%packages%",SSELLVMCompiled,0.085274,34.7719,0.455944,180
3,1,10000,194749,,supplier,s_comment,"%Recommends%",SSELLVMCompiled,0.038008,16.5356,0.170662,5
3,1,10000,194749,,supplier,s_comment,"Customer%Account%",SSELLVMCompiled,0.021742,12.3248,0.051893,0
3,10,15000000,229667600,Q13,orders,o_comment,"%special%requests%",SSELLVMCompiled,0.094965,35.3572,533.434,162417
3,10,15000000,229667600,,orders,o_comment,"%regular%deposits%",SSELLVMCompiled,0.087013,35.9411,447.789,397086
3,10,15000000,229667600,,orders,o_comment,"%unusual%packages%",SSELLVMCompiled,0.07961,37.3212,439.049,162134
3,10,15000000,229667600,,orders,o_comment,"%pending%",SSELLVMCompiled,0.04074,21.884,337.966,1390407
3,10,2000000,22019783,Q9,part,p_name,"%green%",SSELLVMCompiled,0.044519,17.9038,42.315,108782
3,10,2000000,22019783,Q20,part,p_name,"%forest%",SSELLVMCompiled,0.02771,16.3844,40.4213,108543
3,10,2000000,22019783,,part,p_name,"%blue%",SSELLVMCompiled,0.031407,16.4515,39.9104,109206
3,10,2000000,22019783,,part,p_name,"dark %",SSELLVMCompiled,0.019093,7.20034,8.55489,21499
3,10,2000000,22019783,,part,p_name,"%sky%blue%",SSELLVMCompiled,0.056079,28.5642,45.9566,2402
3,10,2000000,22019783,,part,p_name,"%firebrick%",SSELLVMCompiled,0.036001,20.1639,38.4448,108930
3,10,2000000,8213633,Q2,part,p_type,"%BRASS%",SSELLVMCompiled,0.029313,17.3453,27.5152,399587
3,10,2000000,8213633,Q14,part,p_type,"%PROMO%",SSELLVMCompiled,0.023586,11.8535,24.2396,332975
3,10,2000000,8213633,Q16,part,p_type,"MEDIUM POLISHED%",SSELLVMCompiled,0.012522,8.42283,10.4768,66879
3,10,2000000,8213633,,part,p_type,"%BRASS",SSELLVMCompiled,0.00723,10.0114,17.0409,399587
3,10,2000000,8213633,,part,p_type,"%STEEL%",SSELLVMCompiled,0.032858,17.6225,34.1531,399621
3,10,2000000,8213633,,part,p_type,"PROMO %",SSELLVMCompiled,0.005425,4.43293,6.41901,332975
3,10,2000000,8213633,,part,p_type,"%NICKEL",SSELLVMCompiled,0.007851,9.03364,16.6876,400819
3,10,2000000,8213633,,part,p_type,"STANDARD %",SSELLVMCompiled,0.007658,6.29039,11.1743,332405
3,10,100000,1960972,Q16,supplier,s_comment,"%Customer%Complaints",SSELLVMCompiled,0.029145,24.0472,0.840655,9
3,10,100000,1960972,,supplier,s_comment,"Customer%Complaints%",SSELLVMCompiled,0.03932,21.0945,0.69664,8
3,10,100000,1960972,,supplier,s_comment,"%usual%packages%",SSELLVMCompiled,0.067169,32.4464,4.03158,1804
3,10,100000,1960972,,supplier,s_comment,"%Recommends%",SSELLVMCompiled,0.030597,14.7992,1.8578,51
3,10,100000,1960972,,supplier,s_comment,"Customer%Account%",SSELLVMCompiled,0.021561,12.7826,0.494375,0
3,100,150000000,2346793956,Q13,orders,o_comment,"%special%requests%",SSELLVMCompiled,0.088048,29.4938,5834.44,1617637
3,100,150000000,2346793956,,orders,o_comment,"%regular%deposits%",SSELLVMCompiled,0.108861,38.9553,4911.31,3973055
3,100,150000000,2346793956,,orders,o_comment,"%unusual%packages%",SSELLVMCompiled,0.10679,37.6342,5627.16,1614963
3,100,150000000,2346793956,,orders,o_comment,"%pending%",SSELLVMCompiled,0.043159,21.8253,3554.68,13904481
3,100,20000000,228698483,Q9,part,p_name,"%green%",SSELLVMCompiled,0.033577,19.6257,423.45,1087982
3,100,20000000,228698483,Q20,part,p_name,"%forest%",SSELLVMCompiled,0.034305,17.808,404.69,1086559
3,100,20000000,228698483,,part,p_name,"%blue%",SSELLVMCompiled,0.034677,16.3448,446.487,1087619
3,100,20000000,228698483,,part,p_name,"dark %",SSELLVMCompiled,0.022562,7.8647,85.2252,217370
3,100,20000000,228698483,,part,p_name,"%sky%blue%",SSELLVMCompiled,0.053598,30.1544,481.674,23871
3,100,20000000,228698483,,part,p_name,"%firebrick%",SSELLVMCompiled,0.023641,18.1479,392.473,1088629
3,100,20000000,66531845,Q2,part,p_type,"%BRASS%",SSELLVMCompiled,0.029254,18.2252,225.112,3998906
3,100,20000000,66531845,Q14,part,p_type,"%PROMO%",SSELLVMCompiled,0.014718,12.1334,185.125,3330760
3,100,20000000,66531845,Q16,part,p_type,"MEDIUM POLISHED%",SSELLVMCompiled,0.006671,4.44537,71.8718,668356
3,100,20000000,66531845,,part,p_type,"%BRASS",SSELLVMCompiled,0.008452,8.28239,176.528,3998906
3,100,20000000,66531845,,part,p_type,"%STEEL%",SSELLVMCompiled,0.033651,17.9487,297.571,4001362
3,100,20000000,66531845,,part,p_type,"PROMO %",SSELLVMCompiled,0.005978,4.52637,64.9907,3330760
3,100,20000000,66531845,,part,p_type,"%NICKEL",SSELLVMCompiled,0.008528,9.8724,166.996,3999978
3,100,20000000,66531845,,part,p_type,"STANDARD %",SSELLVMCompiled,0.008344,6.6919,115.45,3333255
3,100,1000000,19710547,Q16,supplier,s_comment,"%Customer%Complaints",SSELLVMCompiled,0.032192,26.0664,7.5561,63
3,100,1000000,19710547,,supplier,s_comment,"Customer%Complaints%",SSELLVMCompiled,0.038132,19.7258,7.3313,63
3,100,1000000,19710547,,supplier,s_comment,"%usual%packages%",SSELLVMCompiled,0.06941,31.941,44.2711,18481
3,100,1000000,19710547,,supplier,s_comment,"%Recommends%",SSELLVMCompiled,0.031001,15.6284,19.1517,480
3,100,1000000,19710547,,supplier,s_comment,"Customer%Account%",SSELLVMCompiled,0.018695,12.1158,4.37888,0
3,1,1500000,22694323,Q13,orders,o_comment,"%special%requests%",SSECppCompiled,0.118206,327.251,65.8756,16082
3,1,1500000,22694323,,orders,o_comment,"%regular%deposits%",SSECppCompiled,0.076645,337.237,48.4431,39737
3,1,1500000,22694323,,orders,o_comment,"%unusual%packages%",SSECppCompiled,0.067687,326.476,55.805,16213
3,1,1500000,22694323,,orders,o_comment,"%pending%",SSECppCompiled,0.037743,300.533,41.2211,139166
3,1,200000,2237473,Q9,part,p_name,"%green%",SSECppCompiled,0.038332,304.155,4.6084,10664
3,1,200000,2237473,Q20,part,p_name,"%forest%",SSECppCompiled,0.03212,312.432,4.41705,10737
3,1,200000,2237473,,part,p_name,"%blue%",SSECppCompiled,0.031115,314.568,4.49264,10871
3,1,200000,2237473,,part,p_name,"dark %",SSECppCompiled,0.012103,284.024,0.825559,2157
3,1,200000,2237473,,part,p_name,"%sky%blue%",SSECppCompiled,0.05941,334.823,5.3154,250
3,1,200000,2237473,,part,p_name,"%firebrick%",SSECppCompiled,0.04224,319.468,4.39028,10904
3,1,200000,821034,Q2,part,p_type,"%BRASS%",SSECppCompiled,0.032545,310.938,3.41472,40058
3,1,200000,821034,Q14,part,p_type,"%PROMO%",SSECppCompiled,0.017814,299.427,2.90189,33174
3,1,200000,821034,Q16,part,p_type,"MEDIUM POLISHED%",SSECppCompiled,0.015636,290.926,1.24804,6710
3,1,200000,821034,,part,p_type,"%BRASS",SSECppCompiled,0.012256,292.43,2.21071,40058
3,1,200000,821034,,part,p_type,"%STEEL%",SSECppCompiled,0.036424,302.977,3.77596,39683
3,1,200000,821034,,part,p_type,"PROMO %",SSECppCompiled,0.008903,273.895,0.699026,33174
3,1,200000,821034,,part,p_type,"%NICKEL",SSECppCompiled,0.012599,283.748,2.02606,40048
3,1,200000,821034,,part,p_type,"STANDARD %",SSECppCompiled,0.01176,282.651,1.21128,33434
3,1,10000,194749,Q16,supplier,s_comment,"%Customer%Complaints",SSECppCompiled,0.03711,316.804,0.123307,1
3,1,10000,194749,,supplier,s_comment,"Customer%Complaints%",SSECppCompiled,0.040966,306.313,0.099348,2
3,1,10000,194749,,supplier,s_comment,"%usual%packages%",SSECppCompiled,0.085804,333.633,0.467657,180
3,1,10000,194749,,supplier,s_comment,"%Recommends%",SSECppCompiled,0.030995,296.805,0.210313,5
3,1,10000,194749,,supplier,s_comment,"Customer%Account%",SSECppCompiled,0.02555,295.994,0.089686,0
3,10,15000000,229667600,Q13,orders,o_comment,"%special%requests%",SSECppCompiled,0.109742,344.795,567.801,162417
3,10,15000000,229667600,,orders,o_comment,"%regular%deposits%",SSECppCompiled,0.080092,342.062,473.466,397086
3,10,15000000,229667600,,orders,o_comment,"%unusual%packages%",SSECppCompiled,0.086028,360.913,468.466,162134
3,10,15000000,229667600,,orders,o_comment,"%pending%",SSECppCompiled,0.051663,329.961,369.212,1390407
3,10,2000000,22019783,Q9,part,p_name,"%green%",SSECppCompiled,0.037398,303.084,48.045,108782
3,10,2000000,22019783,Q20,part,p_name,"%forest%",SSECppCompiled,0.030209,299.194,44.9424,108543
3,10,2000000,22019783,,part,p_name,"%blue%",SSECppCompiled,0.034501,300.282,49.3248,109206
3,10,2000000,22019783,,part,p_name,"dark %",SSECppCompiled,0.020067,277.217,10.9825,21499
3,10,2000000,22019783,,part,p_name,"%sky%blue%",SSECppCompiled,0.057607,325.505,51.5747,2402
3,10,2000000,22019783,,part,p_name,"%firebrick%",SSECppCompiled,0.037392,309.403,44.0789,108930
3,10,2000000,8213633,Q2,part,p_type,"%BRASS%",SSECppCompiled,0.03354,305.447,32.8092,399587
3,10,2000000,8213633,Q14,part,p_type,"%PROMO%",SSECppCompiled,0.018126,286.473,27.5081,332975
3,10,2000000,8213633,Q16,part,p_type,"MEDIUM POLISHED%",SSECppCompiled,0.018668,281.904,12.272,66879
3,10,2000000,8213633,,part,p_type,"%BRASS",SSECppCompiled,0.012401,292.118,21.8357,399587
3,10,2000000,8213633,,part,p_type,"%STEEL%",SSECppCompiled,0.036077,315.936,37.7214,399621
3,10,2000000,8213633,,part,p_type,"PROMO %",SSECppCompiled,0.00803,281.093,7.18737,332975
3,10,2000000,8213633,,part,p_type,"%NICKEL",SSECppCompiled,0.013593,291.899,20.9362,400819
3,10,2000000,8213633,,part,p_type,"STANDARD %",SSECppCompiled,0.011619,290.543,12.369,332405
3,10,100000,1960972,Q16,supplier,s_comment,"%Customer%Complaints",SSECppCompiled,0.038139,325.768,0.911645,9
3,10,100000,1960972,,supplier,s_comment,"Customer%Complaints%",SSECppCompiled,0.040404,316.927,0.940629,8
3,10,100000,1960972,,supplier,s_comment,"%usual%packages%",SSECppCompiled,0.074893,342.166,4.16762,1804
3,10,100000,1960972,,supplier,s_comment,"%Recommends%",SSECppCompiled,0.032336,307.52,2.06824,51
3,10,100000,1960972,,supplier,s_comment,"Customer%Account%",SSECppCompiled,0.025869,290.801,0.619509,0
3,100,150000000,2346793956,Q13,orders,o_comment,"%special%requests%",SSECppCompiled,0.086421,318.469,6353.32,1617637
3,100,150000000,2346793956,,orders,o_comment,"%regular%deposits%",SSECppCompiled,0.086399,349.301,5013.84,3973055
3,100,150000000,2346793956,,orders,o_comment,"%unusual%packages%",SSECppCompiled,0.082249,356.352,5788.13,1614963
3,100,150000000,2346793956,,orders,o_comment,"%pending%",SSECppCompiled,0.03851,310.979,3912.12,13904481
3,100,20000000,228698483,Q9,part,p_name,"%green%",SSECppCompiled,0.02903,299.944,423.749,1087982
3,100,20000000,228698483,Q20,part,p_name,"%forest%",SSECppCompiled,0.028065,299.548,388.243,1086559
3,100,20000000,228698483,,part,p_name,"%blue%",SSECppCompiled,0.027849,297.828,440.59,1087619
3,100,20000000,228698483,,part,p_name,"dark %",SSECppCompiled,0.020185,282.77,110.18,217370
3,100,20000000,228698483,,part,p_name,"%sky%blue%",SSECppCompiled,0.053217,326.084,486.039,23871
3,100,20000000,228698483,,part,p_name,"%firebrick%",SSECppCompiled,0.025492,305.753,420.721,1088629
3,100,20000000,66531845,Q2,part,p_type,"%BRASS%",SSECppCompiled,0.03072,316.409,265.177,3998906
3,100,20000000,66531845,Q14,part,p_type,"%PROMO%",SSECppCompiled,0.018053,297.898,212.619,3330760
3,100,20000000,66531845,Q16,part,p_type,"MEDIUM POLISHED%",SSECppCompiled,0.009564,274.018,75.0465,668356
3,100,20000000,66531845,,part,p_type,"%BRASS",SSECppCompiled,0.01294,283.893,214.294,3998906
3,100,20000000,66531845,,part,p_type,"%STEEL%",SSECppCompiled,0.03652,315.525,305.893,4001362
3,100,20000000,66531845,,part,p_type,"PROMO %",SSECppCompiled,0.008963,272.812,70.1201,3330760
3,100,20000000,66531845,,part,p_type,"%NICKEL",SSECppCompiled,0.01219,286.444,190.997,3999978
3,100,20000000,66531845,,part,p_type,"STANDARD %",SSECppCompiled,0.012159,289.046,121.93,3333255
3,100,1000000,19710547,Q16,supplier,s_comment,"%Customer%Complaints",SSECppCompiled,0.038137,329.646,9.15044,63
3,100,1000000,19710547,,supplier,s_comment,"Customer%Complaints%",SSECppCompiled,0.042439,318.26,8.80983,63
3,100,1000000,19710547,,supplier,s_comment,"%usual%packages%",SSECppCompiled,0.076732,345.598,47.6459,18481
3,100,1000000,19710547,,supplier,s_comment,"%Recommends%",SSECppCompiled,0.033388,311.704,20.4523,480
3,100,1000000,19710547,,supplier,s_comment,"Customer%Account%",SSECppCompiled,0.025664,296.913,6.23674,0
3,1,1500000,22694323,Q13,orders,o_comment,"%special%requests%",SSEDecoded,0.002172,0,99.2911,16082
3,1,1500000,22694323,,orders,o_comment,"%regular%deposits%",SSEDecoded,0.001804,0,101.874,39737
3,1,1500000,22694323,,orders,o_comment,"%unusual%packages%",SSEDecoded,0.001206,0,96.716,16213
3,1,1500000,22694323,,orders,o_comment,"%pending%",SSEDecoded,0.001013,0,93.9542,139166
3,1,200000,2237473,Q9,part,p_name,"%green%",SSEDecoded,0.000999,0,10.7719,10664
3,1,200000,2237473,Q20,part,p_name,"%forest%",SSEDecoded,0.000654,0,10.7249,10737
3,1,200000,2237473,,part,p_name,"%blue%",SSEDecoded,0.000603,0,10.6461,10871
3,1,200000,2237473,,part,p_name,"dark %",SSEDecoded,0.000483,0,8.86472,2157
3,1,200000,2237473,,part,p_name,"%sky%blue%",SSEDecoded,0.000868,0,10.7726,250
3,1,200000,2237473,,part,p_name,"%firebrick%",SSEDecoded,0.000667,0,10.4998,10904
3,1,200000,821034,Q2,part,p_type,"%BRASS%",SSEDecoded,0.000897,0,11.1626,40058
3,1,200000,821034,Q14,part,p_type,"%PROMO%",SSEDecoded,0.000601,0,10.9292,33174
3,1,200000,821034,Q16,part,p_type,"MEDIUM POLISHED%",SSEDecoded,0.000518,0,9.73006,6710
3,1,200000,821034,,part,p_type,"%BRASS",SSEDecoded,0.00047,0,10.2398,40058
3,1,200000,821034,,part,p_type,"%STEEL%",SSEDecoded,0.000784,0,11.2054,39683
3,1,200000,821034,,part,p_type,"PROMO %",SSEDecoded,0.000405,0,10.0785,33174
3,1,200000,821034,,part,p_type,"%NICKEL",SSEDecoded,0.000472,0,10.3793,40048
3,1,200000,821034,,part,p_type,"STANDARD %",SSEDecoded,0.000383,0,9.82014,33434
3,1,10000,194749,Q16,supplier,s_comment,"%Customer%Complaints",SSEDecoded,0.000773,0,0.514452,1
3,1,10000,194749,,supplier,s_comment,"Customer%Complaints%",SSEDecoded,0.000572,0,0.486962,2
3,1,10000,194749,,supplier,s_comment,"%usual%packages%",SSEDecoded,0.000596,0,0.694782,180
3,1,10000,194749,,supplier,s_comment,"%Recommends%",SSEDecoded,0.000401,0,0.656174,5
3,1,10000,194749,,supplier,s_comment,"Customer%Account%",SSEDecoded,0.000441,0,0.543398,0
3,10,15000000,229667600,Q13,orders,o_comment,"%special%requests%",SSEDecoded,0.000831,0,946.025,162417
3,10,15000000,229667600,,orders,o_comment,"%regular%deposits%",SSEDecoded,0.00195,0,965.118,397086
3,10,15000000,229667600,,orders,o_comment,"%unusual%packages%",SSEDecoded,0.001337,0,901.502,162134
3,10,15000000,229667600,,orders,o_comment,"%pending%",SSEDecoded,0.001085,0,871.921,1390407
3,10,2000000,22019783,Q9,part,p_name,"%green%",SSEDecoded,0.001701,0,105.242,108782
3,10,2000000,22019783,Q20,part,p_name,"%forest%",SSEDecoded,0.000906,0,103.912,108543
3,10,2000000,22019783,,part,p_name,"%blue%",SSEDecoded,0.000742,0,104.257,109206
3,10,2000000,22019783,,part,p_name,"dark %",SSEDecoded,0.000762,0,89.2849,21499
3,10,2000000,22019783,,part,p_name,"%sky%blue%",SSEDecoded,0.001177,0,109.04,2402
3,10,2000000,22019783,,part,p_name,"%firebrick%",SSEDecoded,0.000887,0,105.83,108930
3,10,2000000,8213633,Q2,part,p_type,"%BRASS%",SSEDecoded,0.00123,0,114.162,399587
3,10,2000000,8213633,Q14,part,p_type,"%PROMO%",SSEDecoded,0.00132,0,111.766,332975
3,10,2000000,8213633,Q16,part,p_type,"MEDIUM POLISHED%",SSEDecoded,0.001349,0,98.7654,66879
3,10,2000000,8213633,,part,p_type,"%BRASS",SSEDecoded,0.000708,0,101.09,399587
3,10,2000000,8213633,,part,p_type,"%STEEL%",SSEDecoded,0.000668,0,110.439,399621
3,10,2000000,8213633,,part,p_type,"PROMO %",SSEDecoded,0.000517,0,99.2852,332975
3,10,2000000,8213633,,part,p_type,"%NICKEL",SSEDecoded,0.000591,0,102.65,400819
3,10,2000000,8213633,,part,p_type,"STANDARD %",SSEDecoded,0.000593,0,99.6936,332405
3,10,100000,1960972,Q16,supplier,s_comment,"%Customer%Complaints",SSEDecoded,0.001423,0,5.34557,9
3,10,100000,1960972,,supplier,s_comment,"Customer%Complaints%",SSEDecoded,0.000752,0,5.23366,8
3,10,100000,1960972,,supplier,s_comment,"%usual%packages%",SSEDecoded,0.000867,0,6.60417,1804
3,10,100000,1960972,,supplier,s_comment,"%Recommends%",SSEDecoded,0.000724,0,6.24226,51
3,10,100000,1960972,,supplier,s_comment,"Customer%Account%",SSEDecoded,0.000692,0,5.26771,0
3,100,150000000,2346793956,Q13,orders,o_comment,"%special%requests%",SSEDecoded,0.001071,0,9493.46,1617637
3,100,150000000,2346793956,,orders,o_comment,"%regular%deposits%",SSEDecoded,0.001734,0,9979.85,3973055
3,100,150000000,2346793956,,orders,o_comment,"%unusual%packages%",SSEDecoded,0.002193,0,9423.54,1614963
3,100,150000000,2346793956,,orders,o_comment,"%pending%",SSEDecoded,0.001354,0,9202.64,13904481
3,100,20000000,228698483,Q9,part,p_name,"%green%",SSEDecoded,0.001816,0,1052.06,1087982
3,100,20000000,228698483,Q20,part,p_name,"%forest%",SSEDecoded,0.001684,0,1022.18,1086559
3,100,20000000,228698483,,part,p_name,"%blue%",SSEDecoded,0.001152,0,1017.01,1087619
3,100,20000000,228698483,,part,p_name,"dark %",SSEDecoded,0.00107,0,845.061,217370
3,100,20000000,228698483,,part,p_name,"%sky%blue%",SSEDecoded,0.002038,0,1022.68,23871
3,100,20000000,228698483,,part,p_name,"%firebrick%",SSEDecoded,0.001495,0,1052.14,1088629
3,100,20000000,66531845,Q2,part,p_type,"%BRASS%",SSEDecoded,0.001624,0,1168.39,3998906
3,100,20000000,66531845,Q14,part,p_type,"%PROMO%",SSEDecoded,0.001566,0,1142.53,3330760
3,100,20000000,66531845,Q16,part,p_type,"MEDIUM POLISHED%",SSEDecoded,0.001094,0,968.746,668356
3,100,20000000,66531845,,part,p_type,"%BRASS",SSEDecoded,0.001202,0,1004.78,3998906
3,100,20000000,66531845,,part,p_type,"%STEEL%",SSEDecoded,0.00155,0,1164.23,4001362
3,100,20000000,66531845,,part,p_type,"PROMO %",SSEDecoded,0.001006,0,1036.83,3330760
3,100,20000000,66531845,,part,p_type,"%NICKEL",SSEDecoded,0.001255,0,1048.04,3999978
3,100,20000000,66531845,,part,p_type,"STANDARD %",SSEDecoded,0.001467,0,994.795,3333255
3,100,1000000,19710547,Q16,supplier,s_comment,"%Customer%Complaints",SSEDecoded,0.00177,0,51.6773,63
3,100,1000000,19710547,,supplier,s_comment,"Customer%Complaints%",SSEDecoded,0.000891,0,51.9115,63
3,100,1000000,19710547,,supplier,s_comment,"%usual%packages%",SSEDecoded,0.001023,0,64.8381,18481
3,100,1000000,19710547,,supplier,s_comment,"%Recommends%",SSEDecoded,0.000808,0,60.2758,480
3,100,1000000,19710547,,supplier,s_comment,"Customer%Account%",SSEDecoded,0.000826,0,50.743,0
3,1,1500000,22694323,Q13,orders,o_comment,"%special%requests%",VectorScan,0.911072,0,154.911,16082
3,1,1500000,22694323,,orders,o_comment,"%regular%deposits%",VectorScan,0.498058,0,188.737,39737
3,1,1500000,22694323,,orders,o_comment,"%unusual%packages%",VectorScan,0.485505,0,163.292,16213
3,1,1500000,22694323,,orders,o_comment,"%pending%",VectorScan,0.059125,0,125.353,139166
3,1,200000,2237473,Q9,part,p_name,"%green%",VectorScan,0.080795,0,15.1866,10664
3,1,200000,2237473,Q20,part,p_name,"%forest%",VectorScan,0.052048,0,14.6914,10737
3,1,200000,2237473,,part,p_name,"%blue%",VectorScan,0.043011,0,15.1948,10871
3,1,200000,2237473,,part,p_name,"dark %",VectorScan,0.214193,0,14.0504,2157
3,1,200000,2237473,,part,p_name,"%sky%blue%",VectorScan,0.396433,0,17.1917,250
3,1,200000,2237473,,part,p_name,"%firebrick%",VectorScan,0.057566,0,13.2574,10904
3,1,200000,821034,Q2,part,p_type,"%BRASS%",VectorScan,0.050267,0,15.6672,40058
3,1,200000,821034,Q14,part,p_type,"%PROMO%",VectorScan,0.043782,0,14.6198,33174
3,1,200000,821034,Q16,part,p_type,"MEDIUM POLISHED%",VectorScan,0.240173,0,12.389,6710
3,1,200000,821034,,part,p_type,"%BRASS",VectorScan,0.225266,0,18.3,40058
3,1,200000,821034,,part,p_type,"%STEEL%",VectorScan,0.050759,0,16.7184,39683
3,1,200000,821034,,part,p_type,"PROMO %",VectorScan,0.149692,0,13.1176,33174
3,1,200000,821034,,part,p_type,"%NICKEL",VectorScan,0.212881,0,18.4884,40048
3,1,200000,821034,,part,p_type,"STANDARD %",VectorScan,0.172692,0,13.3814,33434
3,1,10000,194749,Q16,supplier,s_comment,"%Customer%Complaints",VectorScan,0.577533,0,0.981714,1
3,1,10000,194749,,supplier,s_comment,"Customer%Complaints%",VectorScan,0.450478,0,0.75259,2
3,1,10000,194749,,supplier,s_comment,"%usual%packages%",VectorScan,0.386828,0,1.21939,180
3,1,10000,194749,,supplier,s_comment,"%Recommends%",VectorScan,0.051318,0,0.806572,5
3,1,10000,194749,,supplier,s_comment,"Customer%Account%",VectorScan,0.377705,0,0.733996,0
3,10,15000000,229667600,Q13,orders,o_comment,"%special%requests%",VectorScan,0.4241,0,1602.58,162417
3,10,15000000,229667600,,orders,o_comment,"%regular%deposits%",VectorScan,0.587324,0,1957.53,397086
3,10,15000000,229667600,,orders,o_comment,"%unusual%packages%",VectorScan,0.586837,0,1637.54,162134
3,10,15000000,229667600,,orders,o_comment,"%pending%",VectorScan,0.112384,0,1264.9,1390407
3,10,2000000,22019783,Q9,part,p_name,"%green%",VectorScan,0.110016,0,149.404,108782
3,10,2000000,22019783,Q20,part,p_name,"%forest%",VectorScan,0.068703,0,146.422,108543
3,10,2000000,22019783,,part,p_name,"%blue%",VectorScan,0.065587,0,155.275,109206
3,10,2000000,22019783,,part,p_name,"dark %",VectorScan,0.21845,0,141.252,21499
3,10,2000000,22019783,,part,p_name,"%sky%blue%",VectorScan,0.469015,0,180.895,2402
3,10,2000000,22019783,,part,p_name,"%firebrick%",VectorScan,0.116184,0,139.197,108930
3,10,2000000,8213633,Q2,part,p_type,"%BRASS%",VectorScan,0.087543,0,163.355,399587
3,10,2000000,8213633,Q14,part,p_type,"%PROMO%",VectorScan,0.069654,0,155.303,332975
3,10,2000000,8213633,Q16,part,p_type,"MEDIUM POLISHED%",VectorScan,0.293561,0,137.583,66879
3,10,2000000,8213633,,part,p_type,"%BRASS",VectorScan,0.281447,0,194.201,399587
3,10,2000000,8213633,,part,p_type,"%STEEL%",VectorScan,0.063639,0,158.604,399621
3,10,2000000,8213633,,part,p_type,"PROMO %",VectorScan,0.180441,0,132.975,332975
3,10,2000000,8213633,,part,p_type,"%NICKEL",VectorScan,0.240908,0,189.839,400819
3,10,2000000,8213633,,part,p_type,"STANDARD %",VectorScan,0.235219,0,137.206,332405
3,10,100000,1960972,Q16,supplier,s_comment,"%Customer%Complaints",VectorScan,0.682977,0,10.0262,9
3,10,100000,1960972,,supplier,s_comment,"Customer%Complaints%",VectorScan,0.51268,0,7.64909,8
3,10,100000,1960972,,supplier,s_comment,"%usual%packages%",VectorScan,0.453106,0,12.0999,1804
3,10,100000,1960972,,supplier,s_comment,"%Recommends%",VectorScan,0.051641,0,8.0724,51
3,10,100000,1960972,,supplier,s_comment,"Customer%Account%",VectorScan,0.384935,0,7.63931,0
3,100,150000000,2346793956,Q13,orders,o_comment,"%special%requests%",VectorScan,0.471919,0,15641.3,1617637
3,100,150000000,2346793956,,orders,o_comment,"%regular%deposits%",VectorScan,0.56205,0,19546.6,3973055
3,100,150000000,2346793956,,orders,o_comment,"%unusual%packages%",VectorScan,0.601914,0,16875.8,1614963
3,100,150000000,2346793956,,orders,o_comment,"%pending%",VectorScan,0.108997,0,12615,13904481
3,100,20000000,228698483,Q9,part,p_name,"%green%",VectorScan,0.111756,0,1473.67,1087982
3,100,20000000,228698483,Q20,part,p_name,"%forest%",VectorScan,0.113227,0,1460.42,1086559
3,100,20000000,228698483,,part,p_name,"%blue%",VectorScan,0.099391,0,1490.5,1087619
3,100,20000000,228698483,,part,p_name,"dark %",VectorScan,0.255046,0,1328.52,217370
3,100,20000000,228698483,,part,p_name,"%sky%blue%",VectorScan,0.464802,0,1732.8,23871
3,100,20000000,228698483,,part,p_name,"%firebrick%",VectorScan,0.113288,0,1432.48,1088629
3,100,20000000,66531845,Q2,part,p_type,"%BRASS%",VectorScan,0.112695,0,1646.31,3998906
3,100,20000000,66531845,Q14,part,p_type,"%PROMO%",VectorScan,0.105271,0,1543.93,3330760
3,100,20000000,66531845,Q16,part,p_type,"MEDIUM POLISHED%",VectorScan,0.332434,0,1426.35,668356
3,100,20000000,66531845,,part,p_type,"%BRASS",VectorScan,0.358316,0,2028.7,3998906
3,100,20000000,66531845,,part,p_type,"%STEEL%",VectorScan,0.106953,0,1605.61,4001362
3,100,20000000,66531845,,part,p_type,"PROMO %",VectorScan,0.24049,0,1371.59,3330760
3,100,20000000,66531845,,part,p_type,"%NICKEL",VectorScan,0.319625,0,2048.62,3999978
3,100,20000000,66531845,,part,p_type,"STANDARD %",VectorScan,0.276288,0,1490.4,3333255
3,100,1000000,19710547,Q16,supplier,s_comment,"%Customer%Complaints",VectorScan,0.77483,0,99.2622,63
3,100,1000000,19710547,,supplier,s_comment,"Customer%Complaints%",VectorScan,0.493576,0,78.2473,63
3,100,1000000,19710547,,supplier,s_comment,"%usual%packages%",VectorScan,0.432353,0,126.894,18481
3,100,1000000,19710547,,supplier,s_comment,"%Recommends%",VectorScan,0.067062,0,84.7057,480
3,100,1000000,19710547,,supplier,s_comment,"Customer%Account%",VectorScan,0.56697,0,80.2604,0
4,1,1500000,22694323,Q13,orders,o_comment,"%special%requests%",InMemory,0.115932,0.000101,476.111,16082
4,1,1500000,22694323,,orders,o_comment,"%regular%deposits%",InMemory,0.080679,4e-05,433.353,39737
4,1,1500000,22694323,,orders,o_comment,"%unusual%packages%",InMemory,0.052515,3.4e-05,412.305,16213
4,1,1500000,22694323,,orders,o_comment,"%pending%",InMemory,0.027897,3e-05,416.637,139166
4,1,200000,2237473,Q9,part,p_name,"%green%",InMemory,0.027047,3.7e-05,23.4326,10664
4,1,200000,2237473,Q20,part,p_name,"%forest%",InMemory,0.01909,2.9e-05,31.6368,10737
4,1,200000,2237473,,part,p_name,"%blue%",InMemory,0.016304,1.5e-05,29.2258,10871
4,1,200000,2237473,,part,p_name,"dark %",InMemory,0.005384,2.1e-05,1.43699,2157
4,1,200000,2237473,,part,p_name,"%sky%blue%",InMemory,0.040876,3.1e-05,40.974,250
4,1,200000,2237473,,part,p_name,"%firebrick%",InMemory,0.02547,1.8e-05,30.802,10904
4,1,200000,821034,Q2,part,p_type,"%BRASS%",InMemory,0.020471,3.7e-05,14.5742,40058
4,1,200000,821034,Q14,part,p_type,"%PROMO%",InMemory,0.007711,2.5e-05,10.3578,33174
4,1,200000,821034,Q16,part,p_type,"MEDIUM POLISHED%",InMemory,0.008227,1.5e-05,1.91601,6710
4,1,200000,821034,,part,p_type,"%BRASS",InMemory,0.006345,1.8e-05,4.95298,40058
4,1,200000,821034,,part,p_type,"%STEEL%",InMemory,0.020448,2.1e-05,13.8504,39683
4,1,200000,821034,,part,p_type,"PROMO %",InMemory,0.002477,1.9e-05,2.27313,33174
4,1,200000,821034,,part,p_type,"%NICKEL",InMemory,0.005243,1.9e-05,4.33167,40048
4,1,200000,821034,,part,p_type,"STANDARD %",InMemory,0.004324,1.9e-05,3.02512,33434
4,1,10000,194749,Q16,supplier,s_comment,"%Customer%Complaints",InMemory,0.024862,3.6e-05,0.07396,1
4,1,10000,194749,,supplier,s_comment,"Customer%Complaints%",InMemory,0.028942,1.5e-05,0.065106,2
4,1,10000,194749,,supplier,s_comment,"%usual%packages%",InMemory,0.058339,2e-05,4.22167,180
4,1,10000,194749,,supplier,s_comment,"%Recommends%",InMemory,0.021552,1.9e-05,1.07056,5
4,1,10000,194749,,supplier,s_comment,"Customer%Account%",InMemory,0.011703,1.6e-05,0.070613,0
4,10,15000000,229667600,Q13,orders,o_comment,"%special%requests%",InMemory,0.087729,3.8e-05,4423.2,162417
4,10,15000000,229667600,,orders,o_comment,"%regular%deposits%",InMemory,0.071028,9.9e-05,4940.36,397086
4,10,15000000,229667600,,orders,o_comment,"%unusual%packages%",InMemory,0.074308,0.000101,4443.34,162134
4,10,15000000,229667600,,orders,o_comment,"%pending%",InMemory,0.037056,0.000158,3737.3,1390407
4,10,2000000,22019783,Q9,part,p_name,"%green%",InMemory,0.035923,9.2e-05,319.348,108782
4,10,2000000,22019783,Q20,part,p_name,"%forest%",InMemory,0.02348,3.5e-05,344.047,108543
4,10,2000000,22019783,,part,p_name,"%blue%",InMemory,0.027588,3.4e-05,312.951,109206
4,10,2000000,22019783,,part,p_name,"dark %",InMemory,0.01438,1.6e-05,21.4092,21499
4,10,2000000,22019783,,part,p_name,"%sky%blue%",InMemory,0.063776,3.9e-05,407.433,2402
4,10,2000000,22019783,,part,p_name,"%firebrick%",InMemory,0.032395,3.2e-05,320.454,108930
4,10,2000000,8213633,Q2,part,p_type,"%BRASS%",InMemory,0.028003,4.1e-05,138.831,399587
4,10,2000000,8213633,Q14,part,p_type,"%PROMO%",InMemory,0.01491,3.5e-05,108.686,332975
4,10,2000000,8213633,Q16,part,p_type,"MEDIUM POLISHED%",InMemory,0.011346,3.4e-05,21.3909,66879
4,10,2000000,8213633,,part,p_type,"%BRASS",InMemory,0.008265,2.4e-05,54.0662,399587
4,10,2000000,8213633,,part,p_type,"%STEEL%",InMemory,0.02631,2.6e-05,151.196,399621
4,10,2000000,8213633,,part,p_type,"PROMO %",InMemory,0.005928,2.7e-05,19.2688,332975
4,10,2000000,8213633,,part,p_type,"%NICKEL",InMemory,0.00905,1.6e-05,49.3786,400819
4,10,2000000,8213633,,part,p_type,"STANDARD %",InMemory,0.008236,1.6e-05,31.9717,332405
4,10,100000,1960972,Q16,supplier,s_comment,"%Customer%Complaints",InMemory,0.031113,3.9e-05,0.74918,9
4,10,100000,1960972,,supplier,s_comment,"Customer%Complaints%",InMemory,0.027263,1.7e-05,0.759607,8
4,10,100000,1960972,,supplier,s_comment,"%usual%packages%",InMemory,0.061106,2.3e-05,44.5997,1804
4,10,100000,1960972,,supplier,s_comment,"%Recommends%",InMemory,0.019482,3.3e-05,11.5196,51
4,10,100000,1960972,,supplier,s_comment,"Customer%Account%",InMemory,0.013542,2.1e-05,0.705687,0
4,100,150000000,2346793956,Q13,orders,o_comment,"%special%requests%",InMemory,0.072554,3.3e-05,49754.7,1617637
4,100,150000000,2346793956,,orders,o_comment,"%regular%deposits%",InMemory,0.084374,0.000101,49689,3973055
4,100,150000000,2346793956,,orders,o_comment,"%unusual%packages%",InMemory,0.073768,0.000101,48922.6,1614963
4,100,150000000,2346793956,,orders,o_comment,"%pending%",InMemory,0.035603,0.000105,35127.4,13904481
4,100,20000000,228698483,Q9,part,p_name,"%green%",InMemory,0.02997,3.2e-05,3213.71,1087982
4,100,20000000,228698483,Q20,part,p_name,"%forest%",InMemory,0.029008,0.000154,2913.99,1086559
4,100,20000000,228698483,,part,p_name,"%blue%",InMemory,0.026687,8.9e-05,2866.19,1087619
4,100,20000000,228698483,,part,p_name,"dark %",InMemory,0.019501,0.000105,192.721,217370
4,100,20000000,228698483,,part,p_name,"%sky%blue%",InMemory,0.04895,4.2e-05,3458.09,23871
4,100,20000000,228698483,,part,p_name,"%firebrick%",InMemory,0.022692,8.2e-05,3027.27,1088629
4,100,20000000,66531845,Q2,part,p_type,"%BRASS%",InMemory,0.028443,0.000103,1046.22,3998906
4,100,20000000,66531845,Q14,part,p_type,"%PROMO%",InMemory,0.01655,8.5e-05,917.437,3330760
4,100,20000000,66531845,Q16,part,p_type,"MEDIUM POLISHED%",InMemory,0.007663,9.5e-05,273.768,668356
4,100,20000000,66531845,,part,p_type,"%BRASS",InMemory,0.010081,7.5e-05,562.924,3998906
4,100,20000000,66531845,,part,p_type,"%STEEL%",InMemory,0.032015,9.5e-05,1181.89,4001362
4,100,20000000,66531845,,part,p_type,"PROMO %",InMemory,0.005792,8.9e-05,178.841,3330760
4,100,20000000,66531845,,part,p_type,"%NICKEL",InMemory,0.011078,6.6e-05,503.112,3999978
4,100,20000000,66531845,,part,p_type,"STANDARD %",InMemory,0.009456,9.9e-05,268.885,3333255
4,100,1000000,19710547,Q16,supplier,s_comment,"%Customer%Complaints",InMemory,0.032317,0.000104,7.0244,63
4,100,1000000,19710547,,supplier,s_comment,"Customer%Complaints%",InMemory,0.030571,2.3e-05,6.92784,63
4,100,1000000,19710547,,supplier,s_comment,"%usual%packages%",InMemory,0.060566,3.3e-05,419.767,18481
4,100,1000000,19710547,,supplier,s_comment,"%Recommends%",InMemory,0.024945,3.3e-05,104.394,480
4,100,1000000,19710547,,supplier,s_comment,"Customer%Account%",InMemory,0.016397,1.5e-05,6.67009,0
4,1,1500000,22694323,Q13,orders,o_comment,"%special%requests%",SSELLVMCompiled,0.109259,36.8293,59.0068,16082
4,1,1500000,22694323,,orders,o_comment,"%regular%deposits%",SSELLVMCompiled,0.068151,34.0212,44.607,39737
4,1,1500000,22694323,,orders,o_comment,"%unusual%packages%",SSELLVMCompiled,0.065641,30.579,51.9513,16213
4,1,1500000,22694323,,orders,o_comment,"%pending%",SSELLVMCompiled,0.037806,19.4656,39.58,139166
4,1,200000,2237473,Q9,part,p_name,"%green%",SSELLVMCompiled,0.031902,19.4613,4.14922,10664
4,1,200000,2237473,Q20,part,p_name,"%forest%",SSELLVMCompiled,0.029745,18.1074,4.134,10737
4,1,200000,2237473,,part,p_name,"%blue%",SSELLVMCompiled,0.028757,17.3502,4.36952,10871
4,1,200000,2237473,,part,p_name,"dark %",SSELLVMCompiled,0.008191,4.99452,0.815776,2157
4,1,200000,2237473,,part,p_name,"%sky%blue%",SSELLVMCompiled,0.056154,29.713,5.31846,250
4,1,200000,2237473,,part,p_name,"%firebrick%",SSELLVMCompiled,0.039871,20.7272,3.90896,10904
4,1,200000,821034,Q2,part,p_type,"%BRASS%",SSELLVMCompiled,0.028699,18.1371,3.15735,40058
4,1,200000,821034,Q14,part,p_type,"%PROMO%",SSELLVMCompiled,0.01187,12.3341,2.34819,33174
4,1,200000,821034,Q16,part,p_type,"MEDIUM POLISHED%",SSELLVMCompiled,0.012356,8.27155,1.01925,6710
4,1,200000,821034,,part,p_type,"%BRASS",SSELLVMCompiled,0.007789,9.19751,1.77728,40058
4,1,200000,821034,,part,p_type,"%STEEL%",SSELLVMCompiled,0.030167,18.6609,3.65173,39683
4,1,200000,821034,,part,p_type,"PROMO %",SSELLVMCompiled,0.005036,4.66576,0.688774,33174
4,1,200000,821034,,part,p_type,"%NICKEL",SSELLVMCompiled,0.007796,9.61894,1.7935,40048
4,1,200000,821034,,part,p_type,"STANDARD %",SSELLVMCompiled,0.007169,6.6713,1.22387,33434
4,1,10000,194749,Q16,supplier,s_comment,"%Customer%Complaints",SSELLVMCompiled,0.030464,25.866,0.095278,1
4,1,10000,194749,,supplier,s_comment,"Customer%Complaints%",SSELLVMCompiled,0.039031,21.5393,0.087789,2
4,1,10000,194749,,supplier,s_comment,"%usual%packages%",SSELLVMCompiled,0.084991,34.7369,0.442439,180
4,1,10000,194749,,supplier,s_comment,"%Recommends%",SSELLVMCompiled,0.044188,15.8932,0.17961,5
4,1,10000,194749,,supplier,s_comment,"Customer%Account%",SSELLVMCompiled,0.019439,11.968,0.05311,0
4,10,15000000,229667600,Q13,orders,o_comment,"%special%requests%",SSELLVMCompiled,0.091259,34.5619,526.664,162417
4,10,15000000,229667600,,orders,o_comment,"%regular%deposits%",SSELLVMCompiled,0.088131,35.84,455.257,397086
4,10,15000000,229667600,,orders,o_comment,"%unusual%packages%",SSELLVMCompiled,0.084392,38.1438,465.085,162134
4,10,15000000,229667600,,orders,o_comment,"%pending%",SSELLVMCompiled,0.037838,22.453,351.064,1390407
4,10,2000000,22019783,Q9,part,p_name,"%green%",SSELLVMCompiled,0.034142,18.3482,46.1973,108782
4,10,2000000,22019783,Q20,part,p_name,"%forest%",SSELLVMCompiled,0.031043,17.3607,39.4116,108543
4,10,2000000,22019783,,part,p_name,"%blue%",SSELLVMCompiled,0.031111,17.1315,43.7312,109206
4,10,2000000,22019783,,part,p_name,"dark %",SSELLVMCompiled,0.020763,7.24517,8.24639,21499
4,10,2000000,22019783,,part,p_name,"%sky%blue%",SSELLVMCompiled,0.074288,27.9289,49.1325,2402
4,10,2000000,22019783,,part,p_name,"%firebrick%",SSELLVMCompiled,0.046086,20.408,39.2359,108930
4,10,2000000,8213633,Q2,part,p_type,"%BRASS%",SSELLVMCompiled,0.02718,18.0132,28.982,399587
4,10,2000000,8213633,Q14,part,p_type,"%PROMO%",SSELLVMCompiled,0.012823,12.1388,23.9104,332975
4,10,2000000,8213633,Q16,part,p_type,"MEDIUM POLISHED%",SSELLVMCompiled,0.012342,8.33052,11.2358,66879
4,10,2000000,8213633,,part,p_type,"%BRASS",SSELLVMCompiled,0.008017,9.81359,18.5275,399587
4,10,2000000,8213633,,part,p_type,"%STEEL%",SSELLVMCompiled,0.032786,19.4553,35.4647,399621
4,10,2000000,8213633,,part,p_type,"PROMO %",SSELLVMCompiled,0.004949,4.46205,6.89574,332975
4,10,2000000,8213633,,part,p_type,"%NICKEL",SSELLVMCompiled,0.007911,9.65052,18.1137,400819
4,10,2000000,8213633,,part,p_type,"STANDARD %",SSELLVMCompiled,0.007791,6.97023,12.4006,332405
4,10,100000,1960972,Q16,supplier,s_comment,"%Customer%Complaints",SSELLVMCompiled,0.030257,25.7807,0.7906,9
4,10,100000,1960972,,supplier,s_comment,"Customer%Complaints%",SSELLVMCompiled,0.035078,19.6309,0.699654,8
4,10,100000,1960972,,supplier,s_comment,"%usual%packages%",SSELLVMCompiled,0.066955,32.0756,3.88439,1804
4,10,100000,1960972,,supplier,s_comment,"%Recommends%",SSELLVMCompiled,0.028014,15.6184,1.77584,51
4,10,100000,1960972,,supplier,s_comment,"Customer%Account%",SSELLVMCompiled,0.019334,12.4765,0.504051,0
4,100,150000000,2346793956,Q13,orders,o_comment,"%special%requests%",SSELLVMCompiled,0.083478,28.4841,5733.82,1617637
4,100,150000000,2346793956,,orders,o_comment,"%regular%deposits%",SSELLVMCompiled,0.097147,38.5103,4864.05,3973055
4,100,150000000,2346793956,,orders,o_comment,"%unusual%packages%",SSELLVMCompiled,0.117683,36.6883,5661.94,1614963
4,100,150000000,2346793956,,orders,o_comment,"%pending%",SSELLVMCompiled,0.045192,22.0572,3633.45,13904481
4,100,20000000,228698483,Q9,part,p_name,"%green%",SSELLVMCompiled,0.031652,18.6758,404.961,1087982
4,100,20000000,228698483,Q20,part,p_name,"%forest%",SSELLVMCompiled,0.034178,16.7424,385.115,1086559
4,100,20000000,228698483,,part,p_name,"%blue%",SSELLVMCompiled,0.033383,15.7097,424.579,1087619
4,100,20000000,228698483,,part,p_name,"dark %",SSELLVMCompiled,0.019096,7.14554,81.0406,217370
4,100,20000000,228698483,,part,p_name,"%sky%blue%",SSELLVMCompiled,0.049113,27.704,455.752,23871
4,100,20000000,228698483,,part,p_name,"%firebrick%",SSELLVMCompiled,0.023187,16.0339,387.191,1088629
4,100,20000000,66531845,Q2,part,p_type,"%BRASS%",SSELLVMCompiled,0.029361,18.2102,235.962,3998906
4,100,20000000,66531845,Q14,part,p_type,"%PROMO%",SSELLVMCompiled,0.015962,13.3135,191.702,3330760
4,100,20000000,66531845,Q16,part,p_type,"MEDIUM POLISHED%",SSELLVMCompiled,0.007398,4.97318,73.9884,668356
4,100,20000000,66531845,,part,p_type,"%BRASS",SSELLVMCompiled,0.009314,8.94944,180.974,3998906
4,100,20000000,66531845,,part,p_type,"%STEEL%",SSELLVMCompiled,0.033292,18.4515,306.692,4001362
4,100,20000000,66531845,,part,p_type,"PROMO %",SSELLVMCompiled,0.006009,4.89323,68.4015,3330760
4,100,20000000,66531845,,part,p_type,"%NICKEL",SSELLVMCompiled,0.008367,9.57224,175.287,3999978
4,100,20000000,66531845,,part,p_type,"STANDARD %",SSELLVMCompiled,0.009015,7.22013,123.33,3333255
4,100,1000000,19710547,Q16,supplier,s_comment,"%Customer%Complaints",SSELLVMCompiled,0.032382,26.037,8.37649,63
4,100,1000000,19710547,,supplier,s_comment,"Customer%Complaints%",SSELLVMCompiled,0.039781,21.7404,7.97724,63
4,100,1000000,19710547,,supplier,s_comment,"%usual%packages%",SSELLVMCompiled,0.0851,34.8194,45.501,18481
4,100,1000000,19710547,,supplier,s_comment,"%Recommends%",SSELLVMCompiled,0.033341,17.1895,19.1831,480
4,100,1000000,19710547,,supplier,s_comment,"Customer%Account%",SSELLVMCompiled,0.020937,12.7347,4.61701,0
4,1,1500000,22694323,Q13,orders,o_comment,"%special%requests%",SSECppCompiled,0.115133,341.964,66.1847,16082
4,1,1500000,22694323,,orders,o_comment,"%regular%deposits%",SSECppCompiled,0.076342,350.123,49.767,39737
4,1,1500000,22694323,,orders,o_comment,"%unusual%packages%",SSECppCompiled,0.069317,327.675,52.8876,16213
4,1,1500000,22694323,,orders,o_comment,"%pending%",SSECppCompiled,0.038287,299.938,42.1763,139166
4,1,200000,2237473,Q9,part,p_name,"%green%",SSECppCompiled,0.03435,299.298,7.19647,10664
4,1,200000,2237473,Q20,part,p_name,"%forest%",SSECppCompiled,0.030765,303.785,4.50804,10737
4,1,200000,2237473,,part,p_name,"%blue%",SSECppCompiled,0.030901,300.207,4.49388,10871
4,1,200000,2237473,,part,p_name,"dark %",SSECppCompiled,0.011433,275.16,0.829776,2157
4,1,200000,2237473,,part,p_name,"%sky%blue%",SSECppCompiled,0.057234,324.801,5.30666,250
4,1,200000,2237473,,part,p_name,"%firebrick%",SSECppCompiled,0.041981,311.373,4.3968,10904
4,1,200000,821034,Q2,part,p_type,"%BRASS%",SSECppCompiled,0.032088,301.939,3.3477,40058
4,1,200000,821034,Q14,part,p_type,"%PROMO%",SSECppCompiled,0.017948,294.108,2.90438,33174
4,1,200000,821034,Q16,part,p_type,"MEDIUM POLISHED%",SSECppCompiled,0.017091,289.607,1.26832,6710
4,1,200000,821034,,part,p_type,"%BRASS",SSECppCompiled,0.012436,297.317,2.2427,40058
4,1,200000,821034,,part,p_type,"%STEEL%",SSECppCompiled,0.035544,312.928,3.76483,39683
4,1,200000,821034,,part,p_type,"PROMO %",SSECppCompiled,0.008563,282.416,0.724055,33174
4,1,200000,821034,,part,p_type,"%NICKEL",SSECppCompiled,0.012633,290.05,2.03651,40048
4,1,200000,821034,,part,p_type,"STANDARD %",SSECppCompiled,0.012371,288.754,1.20487,33434
4,1,10000,194749,Q16,supplier,s_comment,"%Customer%Complaints",SSECppCompiled,0.039081,328.307,0.105242,1
4,1,10000,194749,,supplier,s_comment,"Customer%Complaints%",SSECppCompiled,0.043304,318.078,0.098574,2
4,1,10000,194749,,supplier,s_comment,"%usual%packages%",SSECppCompiled,0.094246,347.707,0.499345,180
4,1,10000,194749,,supplier,s_comment,"%Recommends%",SSECppCompiled,0.032062,301.176,0.204903,5
4,1,10000,194749,,supplier,s_comment,"Customer%Account%",SSECppCompiled,0.025183,290.111,0.105562,0
4,10,15000000,229667600,Q13,orders,o_comment,"%special%requests%",SSECppCompiled,0.098916,334.094,542.075,162417
4,10,15000000,229667600,,orders,o_comment,"%regular%deposits%",SSECppCompiled,0.078608,331.902,450.733,397086
4,10,15000000,229667600,,orders,o_comment,"%unusual%packages%",SSECppCompiled,0.084447,346.13,446.986,162134
4,10,15000000,229667600,,orders,o_comment,"%pending%",SSECppCompiled,0.033409,314.747,384.764,1390407
4,10,2000000,22019783,Q9,part,p_name,"%green%",SSECppCompiled,0.038507,314.144,48.1397,108782
4,10,2000000,22019783,Q20,part,p_name,"%forest%",SSECppCompiled,0.028813,306.837,45.0285,108543
4,10,2000000,22019783,,part,p_name,"%blue%",SSECppCompiled,0.034014,310.566,47.206,109206
4,10,2000000,22019783,,part,p_name,"dark %",SSECppCompiled,0.020791,288.087,11.0771,21499
4,10,2000000,22019783,,part,p_name,"%sky%blue%",SSECppCompiled,0.057278,337.74,51.3681,2402
4,10,2000000,22019783,,part,p_name,"%firebrick%",SSECppCompiled,0.038683,320.788,43.4775,108930
4,10,2000000,8213633,Q2,part,p_type,"%BRASS%",SSECppCompiled,0.032132,314.071,32.9492,399587
4,10,2000000,8213633,Q14,part,p_type,"%PROMO%",SSECppCompiled,0.016565,293.195,27.0204,332975
4,10,2000000,8213633,Q16,part,p_type,"MEDIUM POLISHED%",SSECppCompiled,0.016488,286.007,12.3344,66879
4,10,2000000,8213633,,part,p_type,"%BRASS",SSECppCompiled,0.012985,288.308,22.285,399587
4,10,2000000,8213633,,part,p_type,"%STEEL%",SSECppCompiled,0.036589,305.802,38.6464,399621
4,10,2000000,8213633,,part,p_type,"PROMO %",SSECppCompiled,0.009009,271.44,7.04265,332975
4,10,2000000,8213633,,part,p_type,"%NICKEL",SSECppCompiled,0.012923,281.027,19.7637,400819
4,10,2000000,8213633,,part,p_type,"STANDARD %",SSECppCompiled,0.012334,280.737,11.8738,332405
4,10,100000,1960972,Q16,supplier,s_comment,"%Customer%Complaints",SSECppCompiled,0.042568,318.166,0.950353,9
4,10,100000,1960972,,supplier,s_comment,"Customer%Complaints%",SSECppCompiled,0.039721,298.952,0.935372,8
4,10,100000,1960972,,supplier,s_comment,"%usual%packages%",SSECppCompiled,0.072659,328.897,4.22621,1804
4,10,100000,1960972,,supplier,s_comment,"%Recommends%",SSECppCompiled,0.03071,297.842,2.05204,51
4,10,100000,1960972,,supplier,s_comment,"Customer%Account%",SSECppCompiled,0.025421,297.163,0.625133,0
4,100,150000000,2346793956,Q13,orders,o_comment,"%special%requests%",SSECppCompiled,0.084554,329.628,6359.9,1617637
4,100,150000000,2346793956,,orders,o_comment,"%regular%deposits%",SSECppCompiled,0.091785,361.243,4922.54,3973055
4,100,150000000,2346793956,,orders,o_comment,"%unusual%packages%",SSECppCompiled,0.081063,366.485,5792.98,1614963
4,100,150000000,2346793956,,orders,o_comment,"%pending%",SSECppCompiled,0.036242,313.642,3936.37,13904481
4,100,20000000,228698483,Q9,part,p_name,"%green%",SSECppCompiled,0.029295,300.295,427.247,1087982
4,100,20000000,228698483,Q20,part,p_name,"%forest%",SSECppCompiled,0.030098,301.205,391.174,1086559
4,100,20000000,228698483,,part,p_name,"%blue%",SSECppCompiled,0.028902,297.582,443.41,1087619
4,100,20000000,228698483,,part,p_name,"dark %",SSECppCompiled,0.021265,278.297,105.781,217370
4,100,20000000,228698483,,part,p_name,"%sky%blue%",SSECppCompiled,0.052393,319.088,493.31,23871
4,100,20000000,228698483,,part,p_name,"%firebrick%",SSECppCompiled,0.025437,301.082,420.524,1088629
4,100,20000000,66531845,Q2,part,p_type,"%BRASS%",SSECppCompiled,0.032376,311.436,264.436,3998906
4,100,20000000,66531845,Q14,part,p_type,"%PROMO%",SSECppCompiled,0.018264,298.067,221.926,3330760
4,100,20000000,66531845,Q16,part,p_type,"MEDIUM POLISHED%",SSECppCompiled,0.009516,281.323,73.6218,668356
4,100,20000000,66531845,,part,p_type,"%BRASS",SSECppCompiled,0.013246,287.416,217.497,3998906
4,100,20000000,66531845,,part,p_type,"%STEEL%",SSECppCompiled,0.032531,319.837,307.107,4001362
4,100,20000000,66531845,,part,p_type,"PROMO %",SSECppCompiled,0.008452,272.739,68.2525,3330760
4,100,20000000,66531845,,part,p_type,"%NICKEL",SSECppCompiled,0.013037,305.464,191.479,3999978
4,100,20000000,66531845,,part,p_type,"STANDARD %",SSECppCompiled,0.012239,279.254,116.039,3333255
4,100,1000000,19710547,Q16,supplier,s_comment,"%Customer%Complaints",SSECppCompiled,0.038951,319.328,9.16064,63
4,100,1000000,19710547,,supplier,s_comment,"Customer%Complaints%",SSECppCompiled,0.043106,316.339,8.83939,63
4,100,1000000,19710547,,supplier,s_comment,"%usual%packages%",SSECppCompiled,0.069886,341.366,47.4804,18481
4,100,1000000,19710547,,supplier,s_comment,"%Recommends%",SSECppCompiled,0.033063,306.759,20.5622,480
4,100,1000000,19710547,,supplier,s_comment,"Customer%Account%",SSECppCompiled,0.025431,293.189,6.20052,0
4,1,1500000,22694323,Q13,orders,o_comment,"%special%requests%",SSEDecoded,0.002286,0,97.9322,16082
4,1,1500000,22694323,,orders,o_comment,"%regular%deposits%",SSEDecoded,0.001107,0,102.265,39737
4,1,1500000,22694323,,orders,o_comment,"%unusual%packages%",SSEDecoded,0.000934,0,95.2367,16213
4,1,1500000,22694323,,orders,o_comment,"%pending%",SSEDecoded,0.000888,0,92.2533,139166
4,1,200000,2237473,Q9,part,p_name,"%green%",SSEDecoded,0.000917,0,10.3469,10664
4,1,200000,2237473,Q20,part,p_name,"%forest%",SSEDecoded,0.000669,0,10.6895,10737
4,1,200000,2237473,,part,p_name,"%blue%",SSEDecoded,0.000704,0,10.7561,10871
4,1,200000,2237473,,part,p_name,"dark %",SSEDecoded,0.000659,0,8.90783,2157
4,1,200000,2237473,,part,p_name,"%sky%blue%",SSEDecoded,0.000925,0,10.6063,250
4,1,200000,2237473,,part,p_name,"%firebrick%",SSEDecoded,0.000814,0,10.2142,10904
4,1,200000,821034,Q2,part,p_type,"%BRASS%",SSEDecoded,0.00074,0,10.9713,40058
4,1,200000,821034,Q14,part,p_type,"%PROMO%",SSEDecoded,0.000597,0,11.1008,33174
4,1,200000,821034,Q16,part,p_type,"MEDIUM POLISHED%",SSEDecoded,0.000511,0,9.49372,6710
4,1,200000,821034,,part,p_type,"%BRASS",SSEDecoded,0.000449,0,9.93164,40058
4,1,200000,821034,,part,p_type,"%STEEL%",SSEDecoded,0.000639,0,11.289,39683
4,1,200000,821034,,part,p_type,"PROMO %",SSEDecoded,0.00052,0,10.1506,33174
4,1,200000,821034,,part,p_type,"%NICKEL",SSEDecoded,0.000478,0,10.384,40048
4,1,200000,821034,,part,p_type,"STANDARD %",SSEDecoded,0.000459,0,9.68883,33434
4,1,10000,194749,Q16,supplier,s_comment,"%Customer%Complaints",SSEDecoded,0.000885,0,0.575833,1
4,1,10000,194749,,supplier,s_comment,"Customer%Complaints%",SSEDecoded,0.000593,0,0.549353,2
4,1,10000,194749,,supplier,s_comment,"%usual%packages%",SSEDecoded,0.000651,0,0.716312,180
4,1,10000,194749,,supplier,s_comment,"%Recommends%",SSEDecoded,0.000394,0,0.630488,5
4,1,10000,194749,,supplier,s_comment,"Customer%Account%",SSEDecoded,0.000446,0,0.53672,0
4,10,15000000,229667600,Q13,orders,o_comment,"%special%requests%",SSEDecoded,0.000935,0,957.478,162417
4,10,15000000,229667600,,orders,o_comment,"%regular%deposits%",SSEDecoded,0.001175,0,959.112,397086
4,10,15000000,229667600,,orders,o_comment,"%unusual%packages%",SSEDecoded,0.001288,0,904.435,162134
4,10,15000000,229667600,,orders,o_comment,"%pending%",SSEDecoded,0.00111,0,877.828,1390407
4,10,2000000,22019783,Q9,part,p_name,"%green%",SSEDecoded,0.001076,0,107.805,108782
4,10,2000000,22019783,Q20,part,p_name,"%forest%",SSEDecoded,0.001031,0,105.756,108543
4,10,2000000,22019783,,part,p_name,"%blue%",SSEDecoded,0.000912,0,105.582,109206
4,10,2000000,22019783,,part,p_name,"dark %",SSEDecoded,0.000802,0,89.6111,21499
4,10,2000000,22019783,,part,p_name,"%sky%blue%",SSEDecoded,0.001289,0,107.058,2402
4,10,2000000,22019783,,part,p_name,"%firebrick%",SSEDecoded,0.001028,0,106.286,108930
4,10,2000000,8213633,Q2,part,p_type,"%BRASS%",SSEDecoded,0.000972,0,113.021,399587
4,10,2000000,8213633,Q14,part,p_type,"%PROMO%",SSEDecoded,0.00075,0,112.402,332975
4,10,2000000,8213633,Q16,part,p_type,"MEDIUM POLISHED%",SSEDecoded,0.000619,0,98.5732,66879
4,10,2000000,8213633,,part,p_type,"%BRASS",SSEDecoded,0.000599,0,102.743,399587
4,10,2000000,8213633,,part,p_type,"%STEEL%",SSEDecoded,0.001114,0,111.893,399621
4,10,2000000,8213633,,part,p_type,"PROMO %",SSEDecoded,0.000545,0,100.381,332975
4,10,2000000,8213633,,part,p_type,"%NICKEL",SSEDecoded,0.000951,0,103.796,400819
4,10,2000000,8213633,,part,p_type,"STANDARD %",SSEDecoded,0.000601,0,99.6702,332405
4,10,100000,1960972,Q16,supplier,s_comment,"%Customer%Complaints",SSEDecoded,0.001006,0,5.32721,9
4,10,100000,1960972,,supplier,s_comment,"Customer%Complaints%",SSEDecoded,0.000622,0,5.20975,8
4,10,100000,1960972,,supplier,s_comment,"%usual%packages%",SSEDecoded,0.000921,0,7.04913,1804
4,10,100000,1960972,,supplier,s_comment,"%Recommends%",SSEDecoded,0.000659,0,6.23074,51
4,10,100000,1960972,,supplier,s_comment,"Customer%Account%",SSEDecoded,0.000643,0,5.34727,0
4,100,150000000,2346793956,Q13,orders,o_comment,"%special%requests%",SSEDecoded,0.001378,0,9592.58,1617637
4,100,150000000,2346793956,,orders,o_comment,"%regular%deposits%",SSEDecoded,0.001708,0,9917.77,3973055
4,100,150000000,2346793956,,orders,o_comment,"%unusual%packages%",SSEDecoded,0.0023,0,9343.86,1614963
4,100,150000000,2346793956,,orders,o_comment,"%pending%",SSEDecoded,0.001568,0,9233.66,13904481
4,100,20000000,228698483,Q9,part,p_name,"%green%",SSEDecoded,0.001681,0,1008.68,1087982
4,100,20000000,228698483,Q20,part,p_name,"%forest%",SSEDecoded,0.001268,0,1049.31,1086559
4,100,20000000,228698483,,part,p_name,"%blue%",SSEDecoded,0.001129,0,1062.79,1087619
4,100,20000000,228698483,,part,p_name,"dark %",SSEDecoded,0.000856,0,889.031,217370
4,100,20000000,228698483,,part,p_name,"%sky%blue%",SSEDecoded,0.001498,0,1050.86,23871
4,100,20000000,228698483,,part,p_name,"%firebrick%",SSEDecoded,0.001531,0,1002.21,1088629
4,100,20000000,66531845,Q2,part,p_type,"%BRASS%",SSEDecoded,0.001243,0,1106.88,3998906
4,100,20000000,66531845,Q14,part,p_type,"%PROMO%",SSEDecoded,0.001239,0,1125.76,3330760
4,100,20000000,66531845,Q16,part,p_type,"MEDIUM POLISHED%",SSEDecoded,0.000891,0,1020.12,668356
4,100,20000000,66531845,,part,p_type,"%BRASS",SSEDecoded,0.001075,0,1057.34,3998906
4,100,20000000,66531845,,part,p_type,"%STEEL%",SSEDecoded,0.001494,0,1154.85,4001362
4,100,20000000,66531845,,part,p_type,"PROMO %",SSEDecoded,0.000747,0,999.635,3330760
4,100,20000000,66531845,,part,p_type,"%NICKEL",SSEDecoded,0.001213,0,1011.31,3999978
4,100,20000000,66531845,,part,p_type,"STANDARD %",SSEDecoded,0.001136,0,1052.46,3333255
4,100,1000000,19710547,Q16,supplier,s_comment,"%Customer%Complaints",SSEDecoded,0.001535,0,55.9208,63
4,100,1000000,19710547,,supplier,s_comment,"Customer%Complaints%",SSEDecoded,0.001001,0,54.7706,63
4,100,1000000,19710547,,supplier,s_comment,"%usual%packages%",SSEDecoded,0.001139,0,70.1337,18481
4,100,1000000,19710547,,supplier,s_comment,"%Recommends%",SSEDecoded,0.000989,0,64.0366,480
4,100,1000000,19710547,,supplier,s_comment,"Customer%Account%",SSEDecoded,0.000951,0,54.4133,0
4,1,1500000,22694323,Q13,orders,o_comment,"%special%requests%",VectorScan,0.917587,0,162.36,16082
4,1,1500000,22694323,,orders,o_comment,"%regular%deposits%",VectorScan,0.542064,0,198.584,39737
4,1,1500000,22694323,,orders,o_comment,"%unusual%packages%",VectorScan,0.484712,0,172.327,16213
4,1,1500000,22694323,,orders,o_comment,"%pending%",VectorScan,0.071696,0,128.982,139166
4,1,200000,2237473,Q9,part,p_name,"%green%",VectorScan,0.069357,0,14.7237,10664
4,1,200000,2237473,Q20,part,p_name,"%forest%",VectorScan,0.051815,0,14.6744,10737
4,1,200000,2237473,,part,p_name,"%blue%",VectorScan,0.047017,0,14.8044,10871
4,1,200000,2237473,,part,p_name,"dark %",VectorScan,0.199849,0,13.6115,2157
4,1,200000,2237473,,part,p_name,"%sky%blue%",VectorScan,0.361575,0,18.202,250
4,1,200000,2237473,,part,p_name,"%firebrick%",VectorScan,0.079311,0,14.3949,10904
4,1,200000,821034,Q2,part,p_type,"%BRASS%",VectorScan,0.052133,0,16.7954,40058
4,1,200000,821034,Q14,part,p_type,"%PROMO%",VectorScan,0.046608,0,15.7626,33174
4,1,200000,821034,Q16,part,p_type,"MEDIUM POLISHED%",VectorScan,0.251431,0,13.3308,6710
4,1,200000,821034,,part,p_type,"%BRASS",VectorScan,0.229536,0,19.2501,40058
4,1,200000,821034,,part,p_type,"%STEEL%",VectorScan,0.050274,0,16.1862,39683
4,1,200000,821034,,part,p_type,"PROMO %",VectorScan,0.171654,0,14.0187,33174
4,1,200000,821034,,part,p_type,"%NICKEL",VectorScan,0.229189,0,20.398,40048
4,1,200000,821034,,part,p_type,"STANDARD %",VectorScan,0.189049,0,14.2324,33434
4,1,10000,194749,Q16,supplier,s_comment,"%Customer%Complaints",VectorScan,0.625035,0,1.09054,1
4,1,10000,194749,,supplier,s_comment,"Customer%Complaints%",VectorScan,0.505005,0,0.820109,2
4,1,10000,194749,,supplier,s_comment,"%usual%packages%",VectorScan,0.425653,0,1.32575,180
4,1,10000,194749,,supplier,s_comment,"%Recommends%",VectorScan,0.045049,0,0.814797,5
4,1,10000,194749,,supplier,s_comment,"Customer%Account%",VectorScan,0.406104,0,0.808356,0
4,10,15000000,229667600,Q13,orders,o_comment,"%special%requests%",VectorScan,0.419538,0,1583.42,162417
4,10,15000000,229667600,,orders,o_comment,"%regular%deposits%",VectorScan,0.522257,0,1903.16,397086
4,10,15000000,229667600,,orders,o_comment,"%unusual%packages%",VectorScan,0.531633,0,1654.43,162134
4,10,15000000,229667600,,orders,o_comment,"%pending%",VectorScan,0.102608,0,1252.73,1390407
4,10,2000000,22019783,Q9,part,p_name,"%green%",VectorScan,0.1043,0,146.924,108782
4,10,2000000,22019783,Q20,part,p_name,"%forest%",VectorScan,0.064528,0,143.675,108543
4,10,2000000,22019783,,part,p_name,"%blue%",VectorScan,0.062071,0,148.25,109206
4,10,2000000,22019783,,part,p_name,"dark %",VectorScan,0.201156,0,135.524,21499
4,10,2000000,22019783,,part,p_name,"%sky%blue%",VectorScan,0.383773,0,178.322,2402
4,10,2000000,22019783,,part,p_name,"%firebrick%",VectorScan,0.074023,0,141.665,108930
4,10,2000000,8213633,Q2,part,p_type,"%BRASS%",VectorScan,0.075147,0,164.271,399587
4,10,2000000,8213633,Q14,part,p_type,"%PROMO%",VectorScan,0.059297,0,156.657,332975
4,10,2000000,8213633,Q16,part,p_type,"MEDIUM POLISHED%",VectorScan,0.281516,0,139.841,66879
4,10,2000000,8213633,,part,p_type,"%BRASS",VectorScan,0.263971,0,189.817,399587
4,10,2000000,8213633,,part,p_type,"%STEEL%",VectorScan,0.059791,0,155.626,399621
4,10,2000000,8213633,,part,p_type,"PROMO %",VectorScan,0.190288,0,135.866,332975
4,10,2000000,8213633,,part,p_type,"%NICKEL",VectorScan,0.23897,0,188.281,400819
4,10,2000000,8213633,,part,p_type,"STANDARD %",VectorScan,0.198893,0,136.988,332405
4,10,100000,1960972,Q16,supplier,s_comment,"%Customer%Complaints",VectorScan,0.598215,0,9.95852,9
4,10,100000,1960972,,supplier,s_comment,"Customer%Complaints%",VectorScan,0.466998,0,7.52964,8
4,10,100000,1960972,,supplier,s_comment,"%usual%packages%",VectorScan,0.402202,0,12.0333,1804
4,10,100000,1960972,,supplier,s_comment,"%Recommends%",VectorScan,0.051198,0,8.35236,51
4,10,100000,1960972,,supplier,s_comment,"Customer%Account%",VectorScan,0.425771,0,8.30644,0
4,100,150000000,2346793956,Q13,orders,o_comment,"%special%requests%",VectorScan,0.48777,0,15637.7,1617637
4,100,150000000,2346793956,,orders,o_comment,"%regular%deposits%",VectorScan,0.610525,0,19612.6,3973055
4,100,150000000,2346793956,,orders,o_comment,"%unusual%packages%",VectorScan,0.569156,0,16717.9,1614963
4,100,150000000,2346793956,,orders,o_comment,"%pending%",VectorScan,0.120632,0,12333.1,13904481
4,100,20000000,228698483,Q9,part,p_name,"%green%",VectorScan,0.113231,0,1385.15,1087982
4,100,20000000,228698483,Q20,part,p_name,"%forest%",VectorScan,0.104013,0,1375.51,1086559
4,100,20000000,228698483,,part,p_name,"%blue%",VectorScan,0.107181,0,1489.98,1087619
4,100,20000000,228698483,,part,p_name,"dark %",VectorScan,0.25355,0,1356.78,217370
4,100,20000000,228698483,,part,p_name,"%sky%blue%",VectorScan,0.454206,0,1708.32,23871
4,100,20000000,228698483,,part,p_name,"%firebrick%",VectorScan,0.114724,0,1407.97,1088629
4,100,20000000,66531845,Q2,part,p_type,"%BRASS%",VectorScan,0.107813,0,1662.09,3998906
4,100,20000000,66531845,Q14,part,p_type,"%PROMO%",VectorScan,0.1058,0,1533.37,3330760
4,100,20000000,66531845,Q16,part,p_type,"MEDIUM POLISHED%",VectorScan,0.330827,0,1362.3,668356
4,100,20000000,66531845,,part,p_type,"%BRASS",VectorScan,0.325866,0,2011.45,3998906
4,100,20000000,66531845,,part,p_type,"%STEEL%",VectorScan,0.105308,0,1614.27,4001362
4,100,20000000,66531845,,part,p_type,"PROMO %",VectorScan,0.242268,0,1362.4,3330760
4,100,20000000,66531845,,part,p_type,"%NICKEL",VectorScan,0.309639,0,2004.31,3999978
4,100,20000000,66531845,,part,p_type,"STANDARD %",VectorScan,0.286138,0,1476.79,3333255
4,100,1000000,19710547,Q16,supplier,s_comment,"%Customer%Complaints",VectorScan,0.67623,0,100.565,63
4,100,1000000,19710547,,supplier,s_comment,"Customer%Complaints%",VectorScan,0.493546,0,78.476,63
4,100,1000000,19710547,,supplier,s_comment,"%usual%packages%",VectorScan,0.42615,0,124.355,18481
4,100,1000000,19710547,,supplier,s_comment,"%Recommends%",VectorScan,0.062626,0,83.0542,480
4,100,1000000,19710547,,supplier,s_comment,"Customer%Account%",VectorScan,0.402345,0,77.3615,0
5,1,1500000,22694323,Q13,orders,o_comment,"%special%requests%",InMemory,0.117631,0.000104,494.058,16082
5,1,1500000,22694323,,orders,o_comment,"%regular%deposits%",InMemory,0.097591,6.5e-05,447.965,39737
5,1,1500000,22694323,,orders,o_comment,"%unusual%packages%",InMemory,0.059892,4.5e-05,432.02,16213
5,1,1500000,22694323,,orders,o_comment,"%pending%",InMemory,0.033603,4.4e-05,433.053,139166
5,1,200000,2237473,Q9,part,p_name,"%green%",InMemory,0.03205,4.6e-05,25.351,10664
5,1,200000,2237473,Q20,part,p_name,"%forest%",InMemory,0.018795,1.4e-05,32.8657,10737
5,1,200000,2237473,,part,p_name,"%blue%",InMemory,0.019021,1.6e-05,29.9676,10871
5,1,200000,2237473,,part,p_name,"dark %",InMemory,0.006238,1.5e-05,1.36426,2157
5,1,200000,2237473,,part,p_name,"%sky%blue%",InMemory,0.037893,1.5e-05,41.5454,250
5,1,200000,2237473,,part,p_name,"%firebrick%",InMemory,0.02856,1.7e-05,31.068,10904
5,1,200000,821034,Q2,part,p_type,"%BRASS%",InMemory,0.022431,4.4e-05,15.5626,40058
5,1,200000,821034,Q14,part,p_type,"%PROMO%",InMemory,0.00745,1.5e-05,10.5781,33174
5,1,200000,821034,Q16,part,p_type,"MEDIUM POLISHED%",InMemory,0.00872,1.9e-05,1.9117,6710
5,1,200000,821034,,part,p_type,"%BRASS",InMemory,0.00713,1.5e-05,5.06735,40058
5,1,200000,821034,,part,p_type,"%STEEL%",InMemory,0.023093,2.1e-05,13.8724,39683
5,1,200000,821034,,part,p_type,"PROMO %",InMemory,0.002418,1.4e-05,2.32653,33174
5,1,200000,821034,,part,p_type,"%NICKEL",InMemory,0.00565,1.5e-05,4.70676,40048
5,1,200000,821034,,part,p_type,"STANDARD %",InMemory,0.004374,1.5e-05,3.31059,33434
5,1,10000,194749,Q16,supplier,s_comment,"%Customer%Complaints",InMemory,0.029447,2.1e-05,0.075292,1
5,1,10000,194749,,supplier,s_comment,"Customer%Complaints%",InMemory,0.022981,1.9e-05,0.066342,2
5,1,10000,194749,,supplier,s_comment,"%usual%packages%",InMemory,0.058302,1.8e-05,4.52519,180
5,1,10000,194749,,supplier,s_comment,"%Recommends%",InMemory,0.017409,2e-05,0.979029,5
5,1,10000,194749,,supplier,s_comment,"Customer%Account%",InMemory,0.009222,1.5e-05,0.064744,0
5,10,15000000,229667600,Q13,orders,o_comment,"%special%requests%",InMemory,0.082876,4.4e-05,4329.34,162417
5,10,15000000,229667600,,orders,o_comment,"%regular%deposits%",InMemory,0.067663,9.8e-05,4935.28,397086
5,10,15000000,229667600,,orders,o_comment,"%unusual%packages%",InMemory,0.078544,0.000417,4512.67,162134
5,10,15000000,229667600,,orders,o_comment,"%pending%",InMemory,0.03538,0.000108,3742.06,1390407
5,10,2000000,22019783,Q9,part,p_name,"%green%",InMemory,0.035726,0.000108,320.922,108782
5,10,2000000,22019783,Q20,part,p_name,"%forest%",InMemory,0.024598,2.1e-05,340.824,108543
5,10,2000000,22019783,,part,p_name,"%blue%",InMemory,0.024446,3.3e-05,316.812,109206
5,10,2000000,22019783,,part,p_name,"dark %",InMemory,0.015271,2.2e-05,21.3203,21499
5,10,2000000,22019783,,part,p_name,"%sky%blue%",InMemory,0.042989,3.4e-05,406.081,2402
5,10,2000000,22019783,,part,p_name,"%firebrick%",InMemory,0.031317,1.6e-05,319.765,108930
5,10,2000000,8213633,Q2,part,p_type,"%BRASS%",InMemory,0.029189,4.1e-05,136.599,399587
5,10,2000000,8213633,Q14,part,p_type,"%PROMO%",InMemory,0.011391,1.9e-05,104.799,332975
5,10,2000000,8213633,Q16,part,p_type,"MEDIUM POLISHED%",InMemory,0.012499,2.3e-05,19.9279,66879
5,10,2000000,8213633,,part,p_type,"%BRASS",InMemory,0.008439,1.4e-05,50.3068,399587
5,10,2000000,8213633,,part,p_type,"%STEEL%",InMemory,0.027168,2e-05,142.129,399621
5,10,2000000,8213633,,part,p_type,"PROMO %",InMemory,0.004537,1.5e-05,17.2042,332975
5,10,2000000,8213633,,part,p_type,"%NICKEL",InMemory,0.00743,1.4e-05,46.7688,400819
5,10,2000000,8213633,,part,p_type,"STANDARD %",InMemory,0.006719,1.6e-05,32.301,332405
5,10,100000,1960972,Q16,supplier,s_comment,"%Customer%Complaints",InMemory,0.031078,3.9e-05,0.649673,9
5,10,100000,1960972,,supplier,s_comment,"Customer%Complaints%",InMemory,0.02551,1.8e-05,0.667176,8
5,10,100000,1960972,,supplier,s_comment,"%usual%packages%",InMemory,0.054822,3.1e-05,40.8468,1804
5,10,100000,1960972,,supplier,s_comment,"%Recommends%",InMemory,0.018666,1.4e-05,10.6313,51
5,10,100000,1960972,,supplier,s_comment,"Customer%Account%",InMemory,0.030506,2.7e-05,0.716371,0
5,100,150000000,2346793956,Q13,orders,o_comment,"%special%requests%",InMemory,0.074652,4.1e-05,49668.7,1617637
5,100,150000000,2346793956,,orders,o_comment,"%regular%deposits%",InMemory,0.082862,0.000103,49475,3973055
5,100,150000000,2346793956,,orders,o_comment,"%unusual%packages%",InMemory,0.079769,0.00011,48780.3,1614963
5,100,150000000,2346793956,,orders,o_comment,"%pending%",InMemory,0.035939,0.000107,35216.2,13904481
5,100,20000000,228698483,Q9,part,p_name,"%green%",InMemory,0.029618,0.000106,3110.27,1087982
5,100,20000000,228698483,Q20,part,p_name,"%forest%",InMemory,0.027905,0.000135,2996.84,1086559
5,100,20000000,228698483,,part,p_name,"%blue%",InMemory,0.030481,2.1e-05,2788.1,1087619
5,100,20000000,228698483,,part,p_name,"dark %",InMemory,0.020984,0.0001,192.609,217370
5,100,20000000,228698483,,part,p_name,"%sky%blue%",InMemory,0.046154,1.9e-05,3456.53,23871
5,100,20000000,228698483,,part,p_name,"%firebrick%",InMemory,0.025866,4.8e-05,2979.77,1088629
5,100,20000000,66531845,Q2,part,p_type,"%BRASS%",InMemory,0.029764,0.000103,1095.16,3998906
5,100,20000000,66531845,Q14,part,p_type,"%PROMO%",InMemory,0.016624,0.000105,927.346,3330760
5,100,20000000,66531845,Q16,part,p_type,"MEDIUM POLISHED%",InMemory,0.009966,1.6e-05,277.856,668356
5,100,20000000,66531845,,part,p_type,"%BRASS",InMemory,0.016941,1.7e-05,557.824,3998906
5,100,20000000,66531845,,part,p_type,"%STEEL%",InMemory,0.032931,1.9e-05,1167.62,4001362
5,100,20000000,66531845,,part,p_type,"PROMO %",InMemory,0.007183,1.5e-05,178.628,3330760
5,100,20000000,66531845,,part,p_type,"%NICKEL",InMemory,0.012229,2e-05,486.198,3999978
5,100,20000000,66531845,,part,p_type,"STANDARD %",InMemory,0.010529,1.6e-05,265.599,3333255
5,100,1000000,19710547,Q16,supplier,s_comment,"%Customer%Complaints",InMemory,0.033603,3.7e-05,6.9574,63
5,100,1000000,19710547,,supplier,s_comment,"Customer%Complaints%",InMemory,0.030249,3.4e-05,6.66434,63
5,100,1000000,19710547,,supplier,s_comment,"%usual%packages%",InMemory,0.05979,1.6e-05,420.553,18481
5,100,1000000,19710547,,supplier,s_comment,"%Recommends%",InMemory,0.025501,2.1e-05,106.037,480
5,100,1000000,19710547,,supplier,s_comment,"Customer%Account%",InMemory,0.016747,2.1e-05,6.80307,0
5,1,1500000,22694323,Q13,orders,o_comment,"%special%requests%",SSELLVMCompiled,0.110538,36.1773,60.2469,16082
5,1,1500000,22694323,,orders,o_comment,"%regular%deposits%",SSELLVMCompiled,0.077491,32.4532,45.4861,39737
5,1,1500000,22694323,,orders,o_comment,"%unusual%packages%",SSELLVMCompiled,0.068191,32.345,50.9367,16213
5,1,1500000,22694323,,orders,o_comment,"%pending%",SSELLVMCompiled,0.038771,19.4585,40.2135,139166
5,1,200000,2237473,Q9,part,p_name,"%green%",SSELLVMCompiled,0.031503,19.3541,4.18604,10664
5,1,200000,2237473,Q20,part,p_name,"%forest%",SSELLVMCompiled,0.02989,19.0568,4.14684,10737
5,1,200000,2237473,,part,p_name,"%blue%",SSELLVMCompiled,0.029168,17.7157,4.34341,10871
5,1,200000,2237473,,part,p_name,"dark %",SSELLVMCompiled,0.007699,5.00431,0.810192,2157
5,1,200000,2237473,,part,p_name,"%sky%blue%",SSELLVMCompiled,0.055694,29.7797,5.27032,250
5,1,200000,2237473,,part,p_name,"%firebrick%",SSELLVMCompiled,0.042238,21.0264,4.1353,10904
5,1,200000,821034,Q2,part,p_type,"%BRASS%",SSELLVMCompiled,0.029021,18.3734,3.24764,40058
5,1,200000,821034,Q14,part,p_type,"%PROMO%",SSELLVMCompiled,0.013199,12.816,2.52656,33174
5,1,200000,821034,Q16,part,p_type,"MEDIUM POLISHED%",SSELLVMCompiled,0.012189,8.78675,1.15305,6710
5,1,200000,821034,,part,p_type,"%BRASS",SSELLVMCompiled,0.008038,9.61002,1.8794,40058
5,1,200000,821034,,part,p_type,"%STEEL%",SSELLVMCompiled,0.033127,18.3145,3.45414,39683
5,1,200000,821034,,part,p_type,"PROMO %",SSELLVMCompiled,0.004721,4.52527,0.637005,33174
5,1,200000,821034,,part,p_type,"%NICKEL",SSELLVMCompiled,0.007368,9.35949,1.84979,40048
5,1,200000,821034,,part,p_type,"STANDARD %",SSELLVMCompiled,0.007191,6.95097,1.17563,33434
5,1,10000,194749,Q16,supplier,s_comment,"%Customer%Complaints",SSELLVMCompiled,0.029318,25.9163,0.097854,1
5,1,10000,194749,,supplier,s_comment,"Customer%Complaints%",SSELLVMCompiled,0.042362,21.3971,0.09184,2
5,1,10000,194749,,supplier,s_comment,"%usual%packages%",SSELLVMCompiled,0.084257,33.8583,0.455209,180
5,1,10000,194749,,supplier,s_comment,"%Recommends%",SSELLVMCompiled,0.032883,16.3431,0.192642,5
5,1,10000,194749,,supplier,s_comment,"Customer%Account%",SSELLVMCompiled,0.0188,12.199,0.052016,0
5,10,15000000,229667600,Q13,orders,o_comment,"%special%requests%",SSELLVMCompiled,0.082922,35.7454,531.7,162417
5,10,15000000,229667600,,orders,o_comment,"%regular%deposits%",SSELLVMCompiled,0.088645,35.7312,458.927,397086
5,10,15000000,229667600,,orders,o_comment,"%unusual%packages%",SSELLVMCompiled,0.093683,38.434,469.354,162134
5,10,15000000,229667600,,orders,o_comment,"%pending%",SSELLVMCompiled,0.044616,22.4818,352.347,1390407
5,10,2000000,22019783,Q9,part,p_name,"%green%",SSELLVMCompiled,0.035544,18.2853,43.5359,108782
5,10,2000000,22019783,Q20,part,p_name,"%forest%",SSELLVMCompiled,0.027009,17.4593,41.2328,108543
5,10,2000000,22019783,,part,p_name,"%blue%",SSELLVMCompiled,0.03363,16.7814,41.2146,109206
5,10,2000000,22019783,,part,p_name,"dark %",SSELLVMCompiled,0.020218,7.43477,8.26386,21499
5,10,2000000,22019783,,part,p_name,"%sky%blue%",SSELLVMCompiled,0.056715,27.4767,46.1327,2402
5,10,2000000,22019783,,part,p_name,"%firebrick%",SSELLVMCompiled,0.036885,20.6276,37.9585,108930
5,10,2000000,8213633,Q2,part,p_type,"%BRASS%",SSELLVMCompiled,0.025989,16.9221,27.4666,399587
5,10,2000000,8213633,Q14,part,p_type,"%PROMO%",SSELLVMCompiled,0.01206,12.8778,23.4494,332975
5,10,2000000,8213633,Q16,part,p_type,"MEDIUM POLISHED%",SSELLVMCompiled,0.012379,8.21465,10.3145,66879
5,10,2000000,8213633,,part,p_type,"%BRASS",SSELLVMCompiled,0.00768,8.65043,16.9787,399587
5,10,2000000,8213633,,part,p_type,"%STEEL%",SSELLVMCompiled,0.029281,17.0015,34.2136,399621
5,10,2000000,8213633,,part,p_type,"PROMO %",SSELLVMCompiled,0.004839,4.40014,6.63249,332975
5,10,2000000,8213633,,part,p_type,"%NICKEL",SSELLVMCompiled,0.00762,8.88374,16.5151,400819
5,10,2000000,8213633,,part,p_type,"STANDARD %",SSELLVMCompiled,0.007014,6.35277,11.4553,332405
5,10,100000,1960972,Q16,supplier,s_comment,"%Customer%Complaints",SSELLVMCompiled,0.02707,24.3888,0.815932,9
5,10,100000,1960972,,supplier,s_comment,"Customer%Complaints%",SSELLVMCompiled,0.038572,20.3682,0.772632,8
5,10,100000,1960972,,supplier,s_comment,"%usual%packages%",SSELLVMCompiled,0.072935,30.8495,4.07473,1804
5,10,100000,1960972,,supplier,s_comment,"%Recommends%",SSELLVMCompiled,0.027088,15.0905,1.74517,51
5,10,100000,1960972,,supplier,s_comment,"Customer%Account%",SSELLVMCompiled,0.020389,11.8016,0.420037,0
5,100,150000000,2346793956,Q13,orders,o_comment,"%special%requests%",SSELLVMCompiled,0.072167,28.6752,5773.39,1617637
5,100,150000000,2346793956,,orders,o_comment,"%regular%deposits%",SSELLVMCompiled,0.093766,36.6158,4848.12,3973055
5,100,150000000,2346793956,,orders,o_comment,"%unusual%packages%",SSELLVMCompiled,0.100728,37.4224,5655.89,1614963
5,100,150000000,2346793956,,orders,o_comment,"%pending%",SSELLVMCompiled,0.050019,20.9943,3572.4,13904481
5,100,20000000,228698483,Q9,part,p_name,"%green%",SSELLVMCompiled,0.030948,19.624,419.239,1087982
5,100,20000000,228698483,Q20,part,p_name,"%forest%",SSELLVMCompiled,0.031433,18.3257,406.318,1086559
5,100,20000000,228698483,,part,p_name,"%blue%",SSELLVMCompiled,0.030114,16.6203,453.857,1087619
5,100,20000000,228698483,,part,p_name,"dark %",SSELLVMCompiled,0.020285,7.73695,86.8048,217370
5,100,20000000,228698483,,part,p_name,"%sky%blue%",SSELLVMCompiled,0.053938,30.3685,487.388,23871
5,100,20000000,228698483,,part,p_name,"%firebrick%",SSELLVMCompiled,0.025977,18.0285,398.69,1088629
5,100,20000000,66531845,Q2,part,p_type,"%BRASS%",SSELLVMCompiled,0.029282,18.3739,244.769,3998906
5,100,20000000,66531845,Q14,part,p_type,"%PROMO%",SSELLVMCompiled,0.015252,13.4685,199.065,3330760
5,100,20000000,66531845,Q16,part,p_type,"MEDIUM POLISHED%",SSELLVMCompiled,0.007847,5.03049,74.9903,668356
5,100,20000000,66531845,,part,p_type,"%BRASS",SSELLVMCompiled,0.016253,9.29276,177.102,3998906
5,100,20000000,66531845,,part,p_type,"%STEEL%",SSELLVMCompiled,0.033778,19.3753,296.692,4001362
5,100,20000000,66531845,,part,p_type,"PROMO %",SSELLVMCompiled,0.006575,4.91045,70.1138,3330760
5,100,20000000,66531845,,part,p_type,"%NICKEL",SSELLVMCompiled,0.008933,9.43723,168.541,3999978
5,100,20000000,66531845,,part,p_type,"STANDARD %",SSELLVMCompiled,0.0086,6.81181,116.615,3333255
5,100,1000000,19710547,Q16,supplier,s_comment,"%Customer%Complaints",SSELLVMCompiled,0.030524,26.0408,8.19892,63
5,100,1000000,19710547,,supplier,s_comment,"Customer%Complaints%",SSELLVMCompiled,0.041956,20.2649,7.45342,63
5,100,1000000,19710547,,supplier,s_comment,"%usual%packages%",SSELLVMCompiled,0.067,31.7244,42.947,18481
5,100,1000000,19710547,,supplier,s_comment,"%Recommends%",SSELLVMCompiled,0.030617,15.993,17.5127,480
5,100,1000000,19710547,,supplier,s_comment,"Customer%Account%",SSELLVMCompiled,0.020978,11.6741,4.27242,0
5,1,1500000,22694323,Q13,orders,o_comment,"%special%requests%",SSECppCompiled,0.112761,329.453,64.9221,16082
5,1,1500000,22694323,,orders,o_comment,"%regular%deposits%",SSECppCompiled,0.0709,341.205,48.6151,39737
5,1,1500000,22694323,,orders,o_comment,"%unusual%packages%",SSECppCompiled,0.062749,320.183,55.372,16213
5,1,1500000,22694323,,orders,o_comment,"%pending%",SSECppCompiled,0.039198,298.616,42.8151,139166
5,1,200000,2237473,Q9,part,p_name,"%green%",SSECppCompiled,0.035943,302.327,4.57063,10664
5,1,200000,2237473,Q20,part,p_name,"%forest%",SSECppCompiled,0.031672,299.322,4.38928,10737
5,1,200000,2237473,,part,p_name,"%blue%",SSECppCompiled,0.031629,297.594,4.43998,10871
5,1,200000,2237473,,part,p_name,"dark %",SSECppCompiled,0.01099,281.2,0.803363,2157
5,1,200000,2237473,,part,p_name,"%sky%blue%",SSECppCompiled,0.058563,332.069,5.31088,250
5,1,200000,2237473,,part,p_name,"%firebrick%",SSECppCompiled,0.04099,320.02,4.45407,10904
5,1,200000,821034,Q2,part,p_type,"%BRASS%",SSECppCompiled,0.033928,309.885,3.36738,40058
5,1,200000,821034,Q14,part,p_type,"%PROMO%",SSECppCompiled,0.018112,294.038,2.86193,33174
5,1,200000,821034,Q16,part,p_type,"MEDIUM POLISHED%",SSECppCompiled,0.016771,292.132,1.26454,6710
5,1,200000,821034,,part,p_type,"%BRASS",SSECppCompiled,0.013588,302.211,2.24279,40058
5,1,200000,821034,,part,p_type,"%STEEL%",SSECppCompiled,0.035495,317.853,3.75996,39683
5,1,200000,821034,,part,p_type,"PROMO %",SSECppCompiled,0.009103,282.825,0.714665,33174
5,1,200000,821034,,part,p_type,"%NICKEL",SSECppCompiled,0.013708,284.098,2.02014,40048
5,1,200000,821034,,part,p_type,"STANDARD %",SSECppCompiled,0.012185,280.153,1.2146,33434
5,1,10000,194749,Q16,supplier,s_comment,"%Customer%Complaints",SSECppCompiled,0.038154,315.204,0.106902,1
5,1,10000,194749,,supplier,s_comment,"Customer%Complaints%",SSECppCompiled,0.043527,308.237,0.097046,2
5,1,10000,194749,,supplier,s_comment,"%usual%packages%",SSECppCompiled,0.084575,337.489,0.465624,180
5,1,10000,194749,,supplier,s_comment,"%Recommends%",SSECppCompiled,0.032216,297.708,0.207374,5
5,1,10000,194749,,supplier,s_comment,"Customer%Account%",SSECppCompiled,0.028002,286.023,0.157058,0
5,10,15000000,229667600,Q13,orders,o_comment,"%special%requests%",SSECppCompiled,0.139431,336.523,558.333,162417
5,10,15000000,229667600,,orders,o_comment,"%regular%deposits%",SSECppCompiled,0.080676,344.722,478.039,397086
5,10,15000000,229667600,,orders,o_comment,"%unusual%packages%",SSECppCompiled,0.084167,354.261,472.478,162134
5,10,15000000,229667600,,orders,o_comment,"%pending%",SSECppCompiled,0.037608,320.876,379.887,1390407
5,10,2000000,22019783,Q9,part,p_name,"%green%",SSECppCompiled,0.037835,316.38,47.0896,108782
5,10,2000000,22019783,Q20,part,p_name,"%forest%",SSECppCompiled,0.027124,293.314,43.21,108543
5,10,2000000,22019783,,part,p_name,"%blue%",SSECppCompiled,0.034327,298.695,46.2312,109206
5,10,2000000,22019783,,part,p_name,"dark %",SSECppCompiled,0.020188,276.765,11.0534,21499
5,10,2000000,22019783,,part,p_name,"%sky%blue%",SSECppCompiled,0.058689,319.788,50.2793,2402
5,10,2000000,22019783,,part,p_name,"%firebrick%",SSECppCompiled,0.055977,309.464,43.8518,108930
5,10,2000000,8213633,Q2,part,p_type,"%BRASS%",SSECppCompiled,0.034731,300.512,32.3571,399587
5,10,2000000,8213633,Q14,part,p_type,"%PROMO%",SSECppCompiled,0.018134,286.937,27.0445,332975
5,10,2000000,8213633,Q16,part,p_type,"MEDIUM POLISHED%",SSECppCompiled,0.016325,291.443,12.2226,66879
5,10,2000000,8213633,,part,p_type,"%BRASS",SSECppCompiled,0.013594,295.881,22.3986,399587
5,10,2000000,8213633,,part,p_type,"%STEEL%",SSECppCompiled,0.036174,313.009,37.7905,399621
5,10,2000000,8213633,,part,p_type,"PROMO %",SSECppCompiled,0.007944,279.494,7.18963,332975
5,10,2000000,8213633,,part,p_type,"%NICKEL",SSECppCompiled,0.013567,293.407,20.5216,400819
5,10,2000000,8213633,,part,p_type,"STANDARD %",SSECppCompiled,0.011534,291.013,11.9247,332405
5,10,100000,1960972,Q16,supplier,s_comment,"%Customer%Complaints",SSECppCompiled,0.039526,325.924,0.907078,9
5,10,100000,1960972,,supplier,s_comment,"Customer%Complaints%",SSECppCompiled,0.040697,314.286,0.940136,8
5,10,100000,1960972,,supplier,s_comment,"%usual%packages%",SSECppCompiled,0.074027,341.744,4.16048,1804
5,10,100000,1960972,,supplier,s_comment,"%Recommends%",SSECppCompiled,0.031384,297.843,2.16779,51
5,10,100000,1960972,,supplier,s_comment,"Customer%Account%",SSECppCompiled,0.025414,288.509,0.646399,0
5,100,150000000,2346793956,Q13,orders,o_comment,"%special%requests%",SSECppCompiled,0.084863,319.999,6378.52,1617637
5,100,150000000,2346793956,,orders,o_comment,"%regular%deposits%",SSECppCompiled,0.087322,354.316,4994.63,3973055
5,100,150000000,2346793956,,orders,o_comment,"%unusual%packages%",SSECppCompiled,0.084161,351.1,5782.45,1614963
5,100,150000000,2346793956,,orders,o_comment,"%pending%",SSECppCompiled,0.037226,310.805,3910.77,13904481
5,100,20000000,228698483,Q9,part,p_name,"%green%",SSECppCompiled,0.029266,298.64,427.6,1087982
5,100,20000000,228698483,Q20,part,p_name,"%forest%",SSECppCompiled,0.029789,297.157,393.853,1086559
5,100,20000000,228698483,,part,p_name,"%blue%",SSECppCompiled,0.036863,316.665,442.19,1087619
5,100,20000000,228698483,,part,p_name,"dark %",SSECppCompiled,0.021666,274.535,113.526,217370
5,100,20000000,228698483,,part,p_name,"%sky%blue%",SSECppCompiled,0.054041,323.596,483.082,23871
5,100,20000000,228698483,,part,p_name,"%firebrick%",SSECppCompiled,0.025586,300.579,407.829,1088629
5,100,20000000,66531845,Q2,part,p_type,"%BRASS%",SSECppCompiled,0.031108,303.826,259.23,3998906
5,100,20000000,66531845,Q14,part,p_type,"%PROMO%",SSECppCompiled,0.017993,291.801,214.887,3330760
5,100,20000000,66531845,Q16,part,p_type,"MEDIUM POLISHED%",SSECppCompiled,0.009002,278.937,73.1635,668356
5,100,20000000,66531845,,part,p_type,"%BRASS",SSECppCompiled,0.013419,282.35,207.351,3998906
5,100,20000000,66531845,,part,p_type,"%STEEL%",SSECppCompiled,0.036358,297.127,306.366,4001362
5,100,20000000,66531845,,part,p_type,"PROMO %",SSECppCompiled,0.007753,267.743,67.9715,3330760
5,100,20000000,66531845,,part,p_type,"%NICKEL",SSECppCompiled,0.013178,276.934,186.663,3999978
5,100,20000000,66531845,,part,p_type,"STANDARD %",SSECppCompiled,0.012476,279.82,111.168,3333255
5,100,1000000,19710547,Q16,supplier,s_comment,"%Customer%Complaints",SSECppCompiled,0.038846,310.205,9.01752,63
5,100,1000000,19710547,,supplier,s_comment,"Customer%Complaints%",SSECppCompiled,0.042188,298.595,8.64093,63
5,100,1000000,19710547,,supplier,s_comment,"%usual%packages%",SSECppCompiled,0.07007,342.644,47.7315,18481
5,100,1000000,19710547,,supplier,s_comment,"%Recommends%",SSECppCompiled,0.032863,304.156,20.9024,480
5,100,1000000,19710547,,supplier,s_comment,"Customer%Account%",SSECppCompiled,0.025937,296.027,6.16585,0
5,1,1500000,22694323,Q13,orders,o_comment,"%special%requests%",SSEDecoded,0.001862,0,97.131,16082
5,1,1500000,22694323,,orders,o_comment,"%regular%deposits%",SSEDecoded,0.001345,0,98.7373,39737
5,1,1500000,22694323,,orders,o_comment,"%unusual%packages%",SSEDecoded,0.001011,0,92.3156,16213
5,1,1500000,22694323,,orders,o_comment,"%pending%",SSEDecoded,0.000987,0,90.3569,139166
5,1,200000,2237473,Q9,part,p_name,"%green%",SSEDecoded,0.001078,0,10.8545,10664
5,1,200000,2237473,Q20,part,p_name,"%forest%",SSEDecoded,0.000856,0,10.3017,10737
5,1,200000,2237473,,part,p_name,"%blue%",SSEDecoded,0.000715,0,10.6958,10871
5,1,200000,2237473,,part,p_name,"dark %",SSEDecoded,0.00059,0,8.40411,2157
5,1,200000,2237473,,part,p_name,"%sky%blue%",SSEDecoded,0.000955,0,10.2447,250
5,1,200000,2237473,,part,p_name,"%firebrick%",SSEDecoded,0.000843,0,9.72813,10904
5,1,200000,821034,Q2,part,p_type,"%BRASS%",SSEDecoded,0.000816,0,10.5788,40058
5,1,200000,821034,Q14,part,p_type,"%PROMO%",SSEDecoded,0.000658,0,10.4633,33174
5,1,200000,821034,Q16,part,p_type,"MEDIUM POLISHED%",SSEDecoded,0.000497,0,9.53449,6710
5,1,200000,821034,,part,p_type,"%BRASS",SSEDecoded,0.000554,0,9.98706,40058
5,1,200000,821034,,part,p_type,"%STEEL%",SSEDecoded,0.00067,0,10.7823,39683
5,1,200000,821034,,part,p_type,"PROMO %",SSEDecoded,0.000449,0,9.6181,33174
5,1,200000,821034,,part,p_type,"%NICKEL",SSEDecoded,0.000471,0,10.2119,40048
5,1,200000,821034,,part,p_type,"STANDARD %",SSEDecoded,0.000468,0,9.19977,33434
5,1,10000,194749,Q16,supplier,s_comment,"%Customer%Complaints",SSEDecoded,0.000916,0,0.563754,1
5,1,10000,194749,,supplier,s_comment,"Customer%Complaints%",SSEDecoded,0.000634,0,0.524042,2
5,1,10000,194749,,supplier,s_comment,"%usual%packages%",SSEDecoded,0.000653,0,0.674654,180
5,1,10000,194749,,supplier,s_comment,"%Recommends%",SSEDecoded,0.000428,0,0.625317,5
5,1,10000,194749,,supplier,s_comment,"Customer%Account%",SSEDecoded,0.000388,0,0.509643,0
5,10,15000000,229667600,Q13,orders,o_comment,"%special%requests%",SSEDecoded,0.000808,0,940.897,162417
5,10,15000000,229667600,,orders,o_comment,"%regular%deposits%",SSEDecoded,0.00158,0,975.311,397086
5,10,15000000,229667600,,orders,o_comment,"%unusual%packages%",SSEDecoded,0.001336,0,892.759,162134
5,10,15000000,229667600,,orders,o_comment,"%pending%",SSEDecoded,0.001131,0,863.788,1390407
5,10,2000000,22019783,Q9,part,p_name,"%green%",SSEDecoded,0.001234,0,97.843,108782
5,10,2000000,22019783,Q20,part,p_name,"%forest%",SSEDecoded,0.000778,0,97.4908,108543
5,10,2000000,22019783,,part,p_name,"%blue%",SSEDecoded,0.000753,0,98.2518,109206
5,10,2000000,22019783,,part,p_name,"dark %",SSEDecoded,0.000646,0,82.1384,21499
5,10,2000000,22019783,,part,p_name,"%sky%blue%",SSEDecoded,0.001182,0,100.125,2402
5,10,2000000,22019783,,part,p_name,"%firebrick%",SSEDecoded,0.000823,0,97.6575,108930
5,10,2000000,8213633,Q2,part,p_type,"%BRASS%",SSEDecoded,0.000959,0,104.445,399587
5,10,2000000,8213633,Q14,part,p_type,"%PROMO%",SSEDecoded,0.000627,0,105.284,332975
5,10,2000000,8213633,Q16,part,p_type,"MEDIUM POLISHED%",SSEDecoded,0.000637,0,93.3225,66879
5,10,2000000,8213633,,part,p_type,"%BRASS",SSEDecoded,0.000571,0,101.542,399587
5,10,2000000,8213633,,part,p_type,"%STEEL%",SSEDecoded,0.00065,0,110.518,399621
5,10,2000000,8213633,,part,p_type,"PROMO %",SSEDecoded,0.000509,0,99.5619,332975
5,10,2000000,8213633,,part,p_type,"%NICKEL",SSEDecoded,0.000484,0,102.582,400819
5,10,2000000,8213633,,part,p_type,"STANDARD %",SSEDecoded,0.000573,0,97.3901,332405
5,10,100000,1960972,Q16,supplier,s_comment,"%Customer%Complaints",SSEDecoded,0.00093,0,5.55797,9
5,10,100000,1960972,,supplier,s_comment,"Customer%Complaints%",SSEDecoded,0.00069,0,5.28864,8
5,10,100000,1960972,,supplier,s_comment,"%usual%packages%",SSEDecoded,0.000984,0,7.04769,1804
5,10,100000,1960972,,supplier,s_comment,"%Recommends%",SSEDecoded,0.000671,0,6.31276,51
5,10,100000,1960972,,supplier,s_comment,"Customer%Account%",SSEDecoded,0.00063,0,5.24779,0
5,100,150000000,2346793956,Q13,orders,o_comment,"%special%requests%",SSEDecoded,0.001035,0,9500.4,1617637
5,100,150000000,2346793956,,orders,o_comment,"%regular%deposits%",SSEDecoded,0.00155,0,9924.27,3973055
5,100,150000000,2346793956,,orders,o_comment,"%unusual%packages%",SSEDecoded,0.001935,0,9408.54,1614963
5,100,150000000,2346793956,,orders,o_comment,"%pending%",SSEDecoded,0.001558,0,9191.62,13904481
5,100,20000000,228698483,Q9,part,p_name,"%green%",SSEDecoded,0.001419,0,1055.06,1087982
5,100,20000000,228698483,Q20,part,p_name,"%forest%",SSEDecoded,0.001766,0,1034.76,1086559
5,100,20000000,228698483,,part,p_name,"%blue%",SSEDecoded,0.001585,0,1002.4,1087619
5,100,20000000,228698483,,part,p_name,"dark %",SSEDecoded,0.001171,0,846.843,217370
5,100,20000000,228698483,,part,p_name,"%sky%blue%",SSEDecoded,0.00163,0,1032.91,23871
5,100,20000000,228698483,,part,p_name,"%firebrick%",SSEDecoded,0.001462,0,1037.92,1088629
5,100,20000000,66531845,Q2,part,p_type,"%BRASS%",SSEDecoded,0.001803,0,1176.46,3998906
5,100,20000000,66531845,Q14,part,p_type,"%PROMO%",SSEDecoded,0.001145,0,1143.34,3330760
5,100,20000000,66531845,Q16,part,p_type,"MEDIUM POLISHED%",SSEDecoded,0.001036,0,962.13,668356
5,100,20000000,66531845,,part,p_type,"%BRASS",SSEDecoded,0.000883,0,996.563,3998906
5,100,20000000,66531845,,part,p_type,"%STEEL%",SSEDecoded,0.001096,0,1179.67,4001362
5,100,20000000,66531845,,part,p_type,"PROMO %",SSEDecoded,0.000717,0,1065.34,3330760
5,100,20000000,66531845,,part,p_type,"%NICKEL",SSEDecoded,0.000866,0,1041.37,3999978
5,100,20000000,66531845,,part,p_type,"STANDARD %",SSEDecoded,0.001312,0,993.922,3333255
5,100,1000000,19710547,Q16,supplier,s_comment,"%Customer%Complaints",SSEDecoded,0.002248,0,52.9186,63
5,100,1000000,19710547,,supplier,s_comment,"Customer%Complaints%",SSEDecoded,0.001013,0,50.2045,63
5,100,1000000,19710547,,supplier,s_comment,"%usual%packages%",SSEDecoded,0.001024,0,65.8387,18481
5,100,1000000,19710547,,supplier,s_comment,"%Recommends%",SSEDecoded,0.000712,0,59.3238,480
5,100,1000000,19710547,,supplier,s_comment,"Customer%Account%",SSEDecoded,0.00077,0,51.5534,0
5,1,1500000,22694323,Q13,orders,o_comment,"%special%requests%",VectorScan,0.923821,0,155.494,16082
5,1,1500000,22694323,,orders,o_comment,"%regular%deposits%",VectorScan,0.504244,0,190.138,39737
5,1,1500000,22694323,,orders,o_comment,"%unusual%packages%",VectorScan,0.517223,0,165.172,16213
5,1,1500000,22694323,,orders,o_comment,"%pending%",VectorScan,0.085839,0,123.031,139166
5,1,200000,2237473,Q9,part,p_name,"%green%",VectorScan,0.082748,0,14.6986,10664
5,1,200000,2237473,Q20,part,p_name,"%forest%",VectorScan,0.051951,0,14.7351,10737
5,1,200000,2237473,,part,p_name,"%blue%",VectorScan,0.047541,0,13.9435,10871
5,1,200000,2237473,,part,p_name,"dark %",VectorScan,0.189738,0,12.5392,2157
5,1,200000,2237473,,part,p_name,"%sky%blue%",VectorScan,0.367458,0,16.4665,250
5,1,200000,2237473,,part,p_name,"%firebrick%",VectorScan,0.053997,0,12.8325,10904
5,1,200000,821034,Q2,part,p_type,"%BRASS%",VectorScan,0.047426,0,15.3065,40058
5,1,200000,821034,Q14,part,p_type,"%PROMO%",VectorScan,0.04409,0,15.7293,33174
5,1,200000,821034,Q16,part,p_type,"MEDIUM POLISHED%",VectorScan,0.255734,0,13.8668,6710
5,1,200000,821034,,part,p_type,"%BRASS",VectorScan,0.261106,0,18.2835,40058
5,1,200000,821034,,part,p_type,"%STEEL%",VectorScan,0.046548,0,15.0355,39683
5,1,200000,821034,,part,p_type,"PROMO %",VectorScan,0.161623,0,12.6141,33174
5,1,200000,821034,,part,p_type,"%NICKEL",VectorScan,0.209357,0,18.2945,40048
5,1,200000,821034,,part,p_type,"STANDARD %",VectorScan,0.173698,0,13.8261,33434
5,1,10000,194749,Q16,supplier,s_comment,"%Customer%Complaints",VectorScan,0.617782,0,1.08689,1
5,1,10000,194749,,supplier,s_comment,"Customer%Complaints%",VectorScan,0.4919,0,0.821109,2
5,1,10000,194749,,supplier,s_comment,"%usual%packages%",VectorScan,0.422921,0,1.33779,180
5,1,10000,194749,,supplier,s_comment,"%Recommends%",VectorScan,0.047912,0,0.874923,5
5,1,10000,194749,,supplier,s_comment,"Customer%Account%",VectorScan,0.405457,0,0.813113,0
5,10,15000000,229667600,Q13,orders,o_comment,"%special%requests%",VectorScan,0.457295,0,1606.28,162417
5,10,15000000,229667600,,orders,o_comment,"%regular%deposits%",VectorScan,0.585195,0,1982.2,397086
5,10,15000000,229667600,,orders,o_comment,"%unusual%packages%",VectorScan,0.539733,0,1623.59,162134
5,10,15000000,229667600,,orders,o_comment,"%pending%",VectorScan,0.101044,0,1244.51,1390407
5,10,2000000,22019783,Q9,part,p_name,"%green%",VectorScan,0.103058,0,149.408,108782
5,10,2000000,22019783,Q20,part,p_name,"%forest%",VectorScan,0.069952,0,147.646,108543
5,10,2000000,22019783,,part,p_name,"%blue%",VectorScan,0.066233,0,153.834,109206
5,10,2000000,22019783,,part,p_name,"dark %",VectorScan,0.217838,0,139.926,21499
5,10,2000000,22019783,,part,p_name,"%sky%blue%",VectorScan,0.428557,0,179.541,2402
5,10,2000000,22019783,,part,p_name,"%firebrick%",VectorScan,0.068925,0,143.14,108930
5,10,2000000,8213633,Q2,part,p_type,"%BRASS%",VectorScan,0.070402,0,167.414,399587
5,10,2000000,8213633,Q14,part,p_type,"%PROMO%",VectorScan,0.062135,0,159.772,332975
5,10,2000000,8213633,Q16,part,p_type,"MEDIUM POLISHED%",VectorScan,0.296198,0,138.855,66879
5,10,2000000,8213633,,part,p_type,"%BRASS",VectorScan,0.272635,0,201.056,399587
5,10,2000000,8213633,,part,p_type,"%STEEL%",VectorScan,0.064654,0,164.693,399621
5,10,2000000,8213633,,part,p_type,"PROMO %",VectorScan,0.178863,0,132.783,332975
5,10,2000000,8213633,,part,p_type,"%NICKEL",VectorScan,0.235222,0,188.832,400819
5,10,2000000,8213633,,part,p_type,"STANDARD %",VectorScan,0.193453,0,140.449,332405
5,10,100000,1960972,Q16,supplier,s_comment,"%Customer%Complaints",VectorScan,0.661461,0,10.4645,9
5,10,100000,1960972,,supplier,s_comment,"Customer%Complaints%",VectorScan,0.524094,0,7.81969,8
5,10,100000,1960972,,supplier,s_comment,"%usual%packages%",VectorScan,0.417674,0,12.0247,1804
5,10,100000,1960972,,supplier,s_comment,"%Recommends%",VectorScan,0.051504,0,8.12877,51
5,10,100000,1960972,,supplier,s_comment,"Customer%Account%",VectorScan,0.382661,0,7.37477,0
5,100,150000000,2346793956,Q13,orders,o_comment,"%special%requests%",VectorScan,0.423875,0,15618.4,1617637
5,100,150000000,2346793956,,orders,o_comment,"%regular%deposits%",VectorScan,0.562906,0,19605.6,3973055
5,100,150000000,2346793956,,orders,o_comment,"%unusual%packages%",VectorScan,0.621927,0,16803.2,1614963
5,100,150000000,2346793956,,orders,o_comment,"%pending%",VectorScan,0.110487,0,12598.4,13904481
5,100,20000000,228698483,Q9,part,p_name,"%green%",VectorScan,0.117739,0,1477.98,1087982
5,100,20000000,228698483,Q20,part,p_name,"%forest%",VectorScan,0.103966,0,1452.53,1086559
5,100,20000000,228698483,,part,p_name,"%blue%",VectorScan,0.113417,0,1435.62,1087619
5,100,20000000,228698483,,part,p_name,"dark %",VectorScan,0.235117,0,1332.29,217370
5,100,20000000,228698483,,part,p_name,"%sky%blue%",VectorScan,0.469419,0,1794.83,23871
5,100,20000000,228698483,,part,p_name,"%firebrick%",VectorScan,0.103993,0,1423.39,1088629
5,100,20000000,66531845,Q2,part,p_type,"%BRASS%",VectorScan,0.109434,0,1589.42,3998906
5,100,20000000,66531845,Q14,part,p_type,"%PROMO%",VectorScan,0.107119,0,1519.54,3330760
5,100,20000000,66531845,Q16,part,p_type,"MEDIUM POLISHED%",VectorScan,0.308116,0,1419.09,668356
5,100,20000000,66531845,,part,p_type,"%BRASS",VectorScan,0.331259,0,1975.1,3998906
5,100,20000000,66531845,,part,p_type,"%STEEL%",VectorScan,0.113644,0,1589.64,4001362
5,100,20000000,66531845,,part,p_type,"PROMO %",VectorScan,0.244313,0,1410.52,3330760
5,100,20000000,66531845,,part,p_type,"%NICKEL",VectorScan,0.329889,0,2015.97,3999978
5,100,20000000,66531845,,part,p_type,"STANDARD %",VectorScan,0.279841,0,1417.24,3333255
5,100,1000000,19710547,Q16,supplier,s_comment,"%Customer%Complaints",VectorScan,0.769027,0,100.57,63
5,100,1000000,19710547,,supplier,s_comment,"Customer%Complaints%",VectorScan,0.493893,0,79.0247,63
5,100,1000000,19710547,,supplier,s_comment,"%usual%packages%",VectorScan,0.422943,0,125.051,18481
5,100,1000000,19710547,,supplier,s_comment,"%Recommends%",VectorScan,0.063236,0,87.4582,480
5,100,1000000,19710547,,supplier,s_comment,"Customer%Account%",VectorScan,0.408011,0,78.4999,0
6,1,1500000,22694323,Q13,orders,o_comment,"%special%requests%",InMemory,0.116489,0.000108,499.77,16082
6,1,1500000,22694323,,orders,o_comment,"%regular%deposits%",InMemory,0.073036,4.4e-05,453.102,39737
6,1,1500000,22694323,,orders,o_comment,"%unusual%packages%",InMemory,0.059103,7.7e-05,437.739,16213
6,1,1500000,22694323,,orders,o_comment,"%pending%",InMemory,0.030699,9.1e-05,430.844,139166
6,1,200000,2237473,Q9,part,p_name,"%green%",InMemory,0.027487,1.5e-05,24.4669,10664
6,1,200000,2237473,Q20,part,p_name,"%forest%",InMemory,0.02052,1.6e-05,33.4941,10737
6,1,200000,2237473,,part,p_name,"%blue%",InMemory,0.017702,1.7e-05,31.7744,10871
6,1,200000,2237473,,part,p_name,"dark %",InMemory,0.00614,1.7e-05,1.49697,2157
6,1,200000,2237473,,part,p_name,"%sky%blue%",InMemory,0.041029,3e-05,44.0679,250
6,1,200000,2237473,,part,p_name,"%firebrick%",InMemory,0.027905,2.2e-05,31.7586,10904
6,1,200000,821034,Q2,part,p_type,"%BRASS%",InMemory,0.022457,1.7e-05,15.1302,40058
6,1,200000,821034,Q14,part,p_type,"%PROMO%",InMemory,0.007824,1.5e-05,10.8336,33174
6,1,200000,821034,Q16,part,p_type,"MEDIUM POLISHED%",InMemory,0.011042,1.6e-05,2.11833,6710
6,1,200000,821034,,part,p_type,"%BRASS",InMemory,0.007007,1.6e-05,5.42661,40058
6,1,200000,821034,,part,p_type,"%STEEL%",InMemory,0.021378,1.5e-05,14.1112,39683
6,1,200000,821034,,part,p_type,"PROMO %",InMemory,0.002575,1.5e-05,2.45368,33174
6,1,200000,821034,,part,p_type,"%NICKEL",InMemory,0.006153,1.7e-05,4.76891,40048
6,1,200000,821034,,part,p_type,"STANDARD %",InMemory,0.005085,2.2e-05,3.38609,33434
6,1,10000,194749,Q16,supplier,s_comment,"%Customer%Complaints",InMemory,0.02795,1.6e-05,0.077399,1
6,1,10000,194749,,supplier,s_comment,"Customer%Complaints%",InMemory,0.031067,1.7e-05,0.076136,2
6,1,10000,194749,,supplier,s_comment,"%usual%packages%",InMemory,0.065558,2.2e-05,4.7545,180
6,1,10000,194749,,supplier,s_comment,"%Recommends%",InMemory,0.019638,1.7e-05,1.10321,5
6,1,10000,194749,,supplier,s_comment,"Customer%Account%",InMemory,0.012078,1.7e-05,0.075442,0
6,10,15000000,229667600,Q13,orders,o_comment,"%special%requests%",InMemory,0.084823,2.2e-05,4320.03,162417
6,10,15000000,229667600,,orders,o_comment,"%regular%deposits%",InMemory,0.07754,2.4e-05,4909.32,397086
6,10,15000000,229667600,,orders,o_comment,"%unusual%packages%",InMemory,0.081078,9.9e-05,4493.1,162134
6,10,15000000,229667600,,orders,o_comment,"%pending%",InMemory,0.034243,9.9e-05,3786.83,1390407
6,10,2000000,22019783,Q9,part,p_name,"%green%",InMemory,0.032687,0.000168,316.301,108782
6,10,2000000,22019783,Q20,part,p_name,"%forest%",InMemory,0.024613,8.5e-05,335.789,108543
6,10,2000000,22019783,,part,p_name,"%blue%",InMemory,0.023081,2.6e-05,299.327,109206
6,10,2000000,22019783,,part,p_name,"dark %",InMemory,0.014029,2.5e-05,19.718,21499
6,10,2000000,22019783,,part,p_name,"%sky%blue%",InMemory,0.042821,1.9e-05,386.795,2402
6,10,2000000,22019783,,part,p_name,"%firebrick%",InMemory,0.02991,1.6e-05,306.026,108930
6,10,2000000,8213633,Q2,part,p_type,"%BRASS%",InMemory,0.025804,2.9e-05,132.501,399587
6,10,2000000,8213633,Q14,part,p_type,"%PROMO%",InMemory,0.011607,1.7e-05,104,332975
6,10,2000000,8213633,Q16,part,p_type,"MEDIUM POLISHED%",InMemory,0.011816,1.7e-05,20.6288,66879
6,10,2000000,8213633,,part,p_type,"%BRASS",InMemory,0.008523,2.8e-05,52.0425,399587
6,10,2000000,8213633,,part,p_type,"%STEEL%",InMemory,0.028034,2.8e-05,141.037,399621
6,10,2000000,8213633,,part,p_type,"PROMO %",InMemory,0.004829,1.6e-05,17.6458,332975
6,10,2000000,8213633,,part,p_type,"%NICKEL",InMemory,0.009026,1.7e-05,47.0151,400819
6,10,2000000,8213633,,part,p_type,"STANDARD %",InMemory,0.00783,1.5e-05,29.3795,332405
6,10,100000,1960972,Q16,supplier,s_comment,"%Customer%Complaints",InMemory,0.029732,2.5e-05,0.634057,9
6,10,100000,1960972,,supplier,s_comment,"Customer%Complaints%",InMemory,0.025657,2.8e-05,0.668467,8
6,10,100000,1960972,,supplier,s_comment,"%usual%packages%",InMemory,0.054403,1.9e-05,41.9685,1804
6,10,100000,1960972,,supplier,s_comment,"%Recommends%",InMemory,0.018575,2e-05,10.3614,51
6,10,100000,1960972,,supplier,s_comment,"Customer%Account%",InMemory,0.013666,1.5e-05,0.648794,0
6,100,150000000,2346793956,Q13,orders,o_comment,"%special%requests%",InMemory,0.066111,2.8e-05,49642,1617637
6,100,150000000,2346793956,,orders,o_comment,"%regular%deposits%",InMemory,0.083077,0.000106,49574.5,3973055
6,100,150000000,2346793956,,orders,o_comment,"%unusual%packages%",InMemory,0.071679,0.000102,48836.6,1614963
6,100,150000000,2346793956,,orders,o_comment,"%pending%",InMemory,0.034709,0.000104,34933.7,13904481
6,100,20000000,228698483,Q9,part,p_name,"%green%",InMemory,0.03138,0.000107,3244.19,1087982
6,100,20000000,228698483,Q20,part,p_name,"%forest%",InMemory,0.027911,0.000102,2845.92,1086559
6,100,20000000,228698483,,part,p_name,"%blue%",InMemory,0.026555,0.0001,2882.45,1087619
6,100,20000000,228698483,,part,p_name,"dark %",InMemory,0.019241,0.000106,202.781,217370
6,100,20000000,228698483,,part,p_name,"%sky%blue%",InMemory,0.050466,9.9e-05,3388.32,23871
6,100,20000000,228698483,,part,p_name,"%firebrick%",InMemory,0.024722,0.000102,3094.81,1088629
6,100,20000000,66531845,Q2,part,p_type,"%BRASS%",InMemory,0.028589,9.2e-05,1068.21,3998906
6,100,20000000,66531845,Q14,part,p_type,"%PROMO%",InMemory,0.015585,8.8e-05,879.265,3330760
6,100,20000000,66531845,Q16,part,p_type,"MEDIUM POLISHED%",InMemory,0.007078,9e-05,260.026,668356
6,100,20000000,66531845,,part,p_type,"%BRASS",InMemory,0.011157,1.5e-05,516.798,3998906
6,100,20000000,66531845,,part,p_type,"%STEEL%",InMemory,0.031183,2.9e-05,1172.9,4001362
6,100,20000000,66531845,,part,p_type,"PROMO %",InMemory,0.006766,8.7e-05,182.753,3330760
6,100,20000000,66531845,,part,p_type,"%NICKEL",InMemory,0.012526,2.9e-05,486.639,3999978
6,100,20000000,66531845,,part,p_type,"STANDARD %",InMemory,0.010234,3.1e-05,277.593,3333255
6,100,1000000,19710547,Q16,supplier,s_comment,"%Customer%Complaints",InMemory,0.042127,9.2e-05,7.37576,63
6,100,1000000,19710547,,supplier,s_comment,"Customer%Complaints%",InMemory,0.032665,1.7e-05,7.19198,63
6,100,1000000,19710547,,supplier,s_comment,"%usual%packages%",InMemory,0.072446,3.8e-05,443.372,18481
6,100,1000000,19710547,,supplier,s_comment,"%Recommends%",InMemory,0.027204,2.3e-05,111.859,480
6,100,1000000,19710547,,supplier,s_comment,"Customer%Account%",InMemory,0.021043,1.7e-05,7.15105,0
6,1,1500000,22694323,Q13,orders,o_comment,"%special%requests%",SSELLVMCompiled,0.110072,37.4049,61.2779,16082
6,1,1500000,22694323,,orders,o_comment,"%regular%deposits%",SSELLVMCompiled,0.074272,34.285,47.758,39737
6,1,1500000,22694323,,orders,o_comment,"%unusual%packages%",SSELLVMCompiled,0.062457,32.0246,50.9708,16213
6,1,1500000,22694323,,orders,o_comment,"%pending%",SSELLVMCompiled,0.039258,18.9775,38.637,139166
6,1,200000,2237473,Q9,part,p_name,"%green%",SSELLVMCompiled,0.030196,19.8635,4.25107,10664
6,1,200000,2237473,Q20,part,p_name,"%forest%",SSELLVMCompiled,0.030706,18.6779,3.97164,10737
6,1,200000,2237473,,part,p_name,"%blue%",SSELLVMCompiled,0.028748,17.2701,4.17724,10871
6,1,200000,2237473,,part,p_name,"dark %",SSELLVMCompiled,0.007236,4.88327,0.710543,2157
6,1,200000,2237473,,part,p_name,"%sky%blue%",SSELLVMCompiled,0.04944,28.4291,5.25931,250
6,1,200000,2237473,,part,p_name,"%firebrick%",SSELLVMCompiled,0.037067,21.2722,4.294,10904
6,1,200000,821034,Q2,part,p_type,"%BRASS%",SSELLVMCompiled,0.029345,18.7832,3.17865,40058
6,1,200000,821034,Q14,part,p_type,"%PROMO%",SSELLVMCompiled,0.012252,12.682,2.49663,33174
6,1,200000,821034,Q16,part,p_type,"MEDIUM POLISHED%",SSELLVMCompiled,0.010784,8.70118,1.12402,6710
6,1,200000,821034,,part,p_type,"%BRASS",SSELLVMCompiled,0.008128,9.57339,1.84098,40058
6,1,200000,821034,,part,p_type,"%STEEL%",SSELLVMCompiled,0.031796,18.7148,3.57729,39683
6,1,200000,821034,,part,p_type,"PROMO %",SSELLVMCompiled,0.004525,4.68699,0.715439,33174
6,1,200000,821034,,part,p_type,"%NICKEL",SSELLVMCompiled,0.007559,9.83262,1.84186,40048
6,1,200000,821034,,part,p_type,"STANDARD %",SSELLVMCompiled,0.007082,6.99897,1.25114,33434
6,1,10000,194749,Q16,supplier,s_comment,"%Customer%Complaints",SSELLVMCompiled,0.028807,25.6685,0.093637,1
6,1,10000,194749,,supplier,s_comment,"Customer%Complaints%",SSELLVMCompiled,0.038955,20.4473,0.084181,2
6,1,10000,194749,,supplier,s_comment,"%usual%packages%",SSELLVMCompiled,0.075615,34.6011,0.440111,180
6,1,10000,194749,,supplier,s_comment,"%Recommends%",SSELLVMCompiled,0.03312,16.7294,0.192438,5
6,1,10000,194749,,supplier,s_comment,"Customer%Account%",SSELLVMCompiled,0.020972,12.4934,0.050556,0
6,10,15000000,229667600,Q13,orders,o_comment,"%special%requests%",SSELLVMCompiled,0.097595,35.276,510.145,162417
6,10,15000000,229667600,,orders,o_comment,"%regular%deposits%",SSELLVMCompiled,0.085517,34.2672,435.901,397086
6,10,15000000,229667600,,orders,o_comment,"%unusual%packages%",SSELLVMCompiled,0.113685,34.8555,439.575,162134
6,10,15000000,229667600,,orders,o_comment,"%pending%",SSELLVMCompiled,0.041257,21.0752,335.281,1390407
6,10,2000000,22019783,Q9,part,p_name,"%green%",SSELLVMCompiled,0.034277,17.9687,43.2183,108782
6,10,2000000,22019783,Q20,part,p_name,"%forest%",SSELLVMCompiled,0.026886,16.4709,37.0395,108543
6,10,2000000,22019783,,part,p_name,"%blue%",SSELLVMCompiled,0.030276,16.721,42.3801,109206
6,10,2000000,22019783,,part,p_name,"dark %",SSELLVMCompiled,0.017882,6.94276,8.01713,21499
6,10,2000000,22019783,,part,p_name,"%sky%blue%",SSELLVMCompiled,0.051636,26.9663,48.2868,2402
6,10,2000000,22019783,,part,p_name,"%firebrick%",SSELLVMCompiled,0.04055,19.6955,37.8075,108930
6,10,2000000,8213633,Q2,part,p_type,"%BRASS%",SSELLVMCompiled,0.024423,17.6046,29.0756,399587
6,10,2000000,8213633,Q14,part,p_type,"%PROMO%",SSELLVMCompiled,0.012136,11.9694,24.677,332975
6,10,2000000,8213633,Q16,part,p_type,"MEDIUM POLISHED%",SSELLVMCompiled,0.013424,8.55641,10.4902,66879
6,10,2000000,8213633,,part,p_type,"%BRASS",SSELLVMCompiled,0.007703,8.98874,18.1517,399587
6,10,2000000,8213633,,part,p_type,"%STEEL%",SSELLVMCompiled,0.039476,17.6351,32.9288,399621
6,10,2000000,8213633,,part,p_type,"PROMO %",SSELLVMCompiled,0.005238,4.33979,6.94762,332975
6,10,2000000,8213633,,part,p_type,"%NICKEL",SSELLVMCompiled,0.007616,9.03183,16.7001,400819
6,10,2000000,8213633,,part,p_type,"STANDARD %",SSELLVMCompiled,0.007735,6.9961,12.4344,332405
6,10,100000,1960972,Q16,supplier,s_comment,"%Customer%Complaints",SSELLVMCompiled,0.029942,25.0314,0.843374,9
6,10,100000,1960972,,supplier,s_comment,"Customer%Complaints%",SSELLVMCompiled,0.040237,19.4098,0.690272,8
6,10,100000,1960972,,supplier,s_comment,"%usual%packages%",SSELLVMCompiled,0.067855,30.6523,3.97605,1804
6,10,100000,1960972,,supplier,s_comment,"%Recommends%",SSELLVMCompiled,0.025881,16.3425,1.85014,51
6,10,100000,1960972,,supplier,s_comment,"Customer%Account%",SSELLVMCompiled,0.021443,11.7384,0.473823,0
6,100,150000000,2346793956,Q13,orders,o_comment,"%special%requests%",SSELLVMCompiled,0.079549,26.7859,5788.28,1617637
6,100,150000000,2346793956,,orders,o_comment,"%regular%deposits%",SSELLVMCompiled,0.117759,38.4876,4890.09,3973055
6,100,150000000,2346793956,,orders,o_comment,"%unusual%packages%",SSELLVMCompiled,0.081542,36.8914,5717.28,1614963
6,100,150000000,2346793956,,orders,o_comment,"%pending%",SSELLVMCompiled,0.041447,22.1218,3593.45,13904481
6,100,20000000,228698483,Q9,part,p_name,"%green%",SSELLVMCompiled,0.032845,19.5078,425.489,1087982
6,100,20000000,228698483,Q20,part,p_name,"%forest%",SSELLVMCompiled,0.033292,18.6802,406.292,1086559
6,100,20000000,228698483,,part,p_name,"%blue%",SSELLVMCompiled,0.034356,16.9551,452.651,1087619
6,100,20000000,228698483,,part,p_name,"dark %",SSELLVMCompiled,0.01965,7.79861,84.4237,217370
6,100,20000000,228698483,,part,p_name,"%sky%blue%",SSELLVMCompiled,0.052639,30.3316,477.274,23871
6,100,20000000,228698483,,part,p_name,"%firebrick%",SSELLVMCompiled,0.023756,18.0754,379.895,1088629
6,100,20000000,66531845,Q2,part,p_type,"%BRASS%",SSELLVMCompiled,0.029715,18.0918,223.684,3998906
6,100,20000000,66531845,Q14,part,p_type,"%PROMO%",SSELLVMCompiled,0.014214,12.2572,184.926,3330760
6,100,20000000,66531845,Q16,part,p_type,"MEDIUM POLISHED%",SSELLVMCompiled,0.006848,4.85132,72.751,668356
6,100,20000000,66531845,,part,p_type,"%BRASS",SSELLVMCompiled,0.010882,8.42194,174.065,3998906
6,100,20000000,66531845,,part,p_type,"%STEEL%",SSELLVMCompiled,0.036254,19.4172,297.999,4001362
6,100,20000000,66531845,,part,p_type,"PROMO %",SSELLVMCompiled,0.014791,4.82735,64.4216,3330760
6,100,20000000,66531845,,part,p_type,"%NICKEL",SSELLVMCompiled,0.008302,9.31228,170.011,3999978
6,100,20000000,66531845,,part,p_type,"STANDARD %",SSELLVMCompiled,0.00908,6.6157,117.391,3333255
6,100,1000000,19710547,Q16,supplier,s_comment,"%Customer%Complaints",SSELLVMCompiled,0.034016,26.8118,8.16282,63
6,100,1000000,19710547,,supplier,s_comment,"Customer%Complaints%",SSELLVMCompiled,0.041476,20.5856,7.4813,63
6,100,1000000,19710547,,supplier,s_comment,"%usual%packages%",SSELLVMCompiled,0.072758,32.4839,44.4038,18481
6,100,1000000,19710547,,supplier,s_comment,"%Recommends%",SSELLVMCompiled,0.031114,15.4683,17.6947,480
6,100,1000000,19710547,,supplier,s_comment,"Customer%Account%",SSELLVMCompiled,0.021548,12.8513,4.29176,0
6,1,1500000,22694323,Q13,orders,o_comment,"%special%requests%",SSECppCompiled,0.119849,338.466,65.8126,16082
6,1,1500000,22694323,,orders,o_comment,"%regular%deposits%",SSECppCompiled,0.069689,339.065,49.6447,39737
6,1,1500000,22694323,,orders,o_comment,"%unusual%packages%",SSECppCompiled,0.06813,326.242,56.3849,16213
6,1,1500000,22694323,,orders,o_comment,"%pending%",SSECppCompiled,0.035623,313.143,42.7892,139166
6,1,200000,2237473,Q9,part,p_name,"%green%",SSECppCompiled,0.033838,313.776,4.62516,10664
6,1,200000,2237473,Q20,part,p_name,"%forest%",SSECppCompiled,0.03116,311.403,4.46168,10737
6,1,200000,2237473,,part,p_name,"%blue%",SSECppCompiled,0.04026,308.759,4.72466,10871
6,1,200000,2237473,,part,p_name,"dark %",SSECppCompiled,0.012293,284.031,0.83086,2157
6,1,200000,2237473,,part,p_name,"%sky%blue%",SSECppCompiled,0.058035,333.989,5.32936,250
6,1,200000,2237473,,part,p_name,"%firebrick%",SSECppCompiled,0.040796,321.394,4.36385,10904
6,1,200000,821034,Q2,part,p_type,"%BRASS%",SSECppCompiled,0.031563,312.643,3.44648,40058
6,1,200000,821034,Q14,part,p_type,"%PROMO%",SSECppCompiled,0.016691,299.165,2.88288,33174
6,1,200000,821034,Q16,part,p_type,"MEDIUM POLISHED%",SSECppCompiled,0.016227,292.795,1.24865,6710
6,1,200000,821034,,part,p_type,"%BRASS",SSECppCompiled,0.01226,287.685,2.19705,40058
6,1,200000,821034,,part,p_type,"%STEEL%",SSECppCompiled,0.035591,301.859,3.73359,39683
6,1,200000,821034,,part,p_type,"PROMO %",SSECppCompiled,0.007897,275.586,0.737005,33174
6,1,200000,821034,,part,p_type,"%NICKEL",SSECppCompiled,0.02271,286.955,2.03767,40048
6,1,200000,821034,,part,p_type,"STANDARD %",SSECppCompiled,0.011777,279.704,1.22081,33434
6,1,10000,194749,Q16,supplier,s_comment,"%Customer%Complaints",SSECppCompiled,0.048728,315.51,0.115854,1
6,1,10000,194749,,supplier,s_comment,"Customer%Complaints%",SSECppCompiled,0.044746,304.411,0.097007,2
6,1,10000,194749,,supplier,s_comment,"%usual%packages%",SSECppCompiled,0.084776,335.685,0.472826,180
6,1,10000,194749,,supplier,s_comment,"%Recommends%",SSECppCompiled,0.03157,296.085,0.21816,5
6,1,10000,194749,,supplier,s_comment,"Customer%Account%",SSECppCompiled,0.025995,291.019,0.073443,0
6,10,15000000,229667600,Q13,orders,o_comment,"%special%requests%",SSECppCompiled,0.09795,335.191,575.958,162417
6,10,15000000,229667600,,orders,o_comment,"%regular%deposits%",SSECppCompiled,0.077004,346.384,470.31,397086
6,10,15000000,229667600,,orders,o_comment,"%unusual%packages%",SSECppCompiled,0.084355,357.663,469.317,162134
6,10,15000000,229667600,,orders,o_comment,"%pending%",SSECppCompiled,0.036713,320.914,380.813,1390407
6,10,2000000,22019783,Q9,part,p_name,"%green%",SSECppCompiled,0.034991,321.271,47.2582,108782
6,10,2000000,22019783,Q20,part,p_name,"%forest%",SSECppCompiled,0.027504,299.711,42.7434,108543
6,10,2000000,22019783,,part,p_name,"%blue%",SSECppCompiled,0.033811,297.664,46.8541,109206
6,10,2000000,22019783,,part,p_name,"dark %",SSECppCompiled,0.019841,276.385,11.0971,21499
6,10,2000000,22019783,,part,p_name,"%sky%blue%",SSECppCompiled,0.057889,323.681,50.3708,2402
6,10,2000000,22019783,,part,p_name,"%firebrick%",SSECppCompiled,0.037508,306.894,43.1664,108930
6,10,2000000,8213633,Q2,part,p_type,"%BRASS%",SSECppCompiled,0.032329,302.937,32.6451,399587
6,10,2000000,8213633,Q14,part,p_type,"%PROMO%",SSECppCompiled,0.016457,287.14,28.631,332975
6,10,2000000,8213633,Q16,part,p_type,"MEDIUM POLISHED%",SSECppCompiled,0.017588,280.973,12.2236,66879
6,10,2000000,8213633,,part,p_type,"%BRASS",SSECppCompiled,0.012855,285.759,22.5271,399587
6,10,2000000,8213633,,part,p_type,"%STEEL%",SSECppCompiled,0.040563,314.008,38.5268,399621
6,10,2000000,8213633,,part,p_type,"PROMO %",SSECppCompiled,0.008157,282.627,7.16378,332975
6,10,2000000,8213633,,part,p_type,"%NICKEL",SSECppCompiled,0.013356,289.082,20.1843,400819
6,10,2000000,8213633,,part,p_type,"STANDARD %",SSECppCompiled,0.013713,287.392,11.963,332405
6,10,100000,1960972,Q16,supplier,s_comment,"%Customer%Complaints",SSECppCompiled,0.036004,327.865,1.00242,9
6,10,100000,1960972,,supplier,s_comment,"Customer%Complaints%",SSECppCompiled,0.038607,315.904,0.939682,8
6,10,100000,1960972,,supplier,s_comment,"%usual%packages%",SSECppCompiled,0.072716,341.724,4.15813,1804
6,10,100000,1960972,,supplier,s_comment,"%Recommends%",SSECppCompiled,0.031589,307.054,2.05407,51
6,10,100000,1960972,,supplier,s_comment,"Customer%Account%",SSECppCompiled,0.025353,292.319,0.609012,0
6,100,150000000,2346793956,Q13,orders,o_comment,"%special%requests%",SSECppCompiled,0.088111,325.399,6335.47,1617637
6,100,150000000,2346793956,,orders,o_comment,"%regular%deposits%",SSECppCompiled,0.087041,358.831,4929.07,3973055
6,100,150000000,2346793956,,orders,o_comment,"%unusual%packages%",SSECppCompiled,0.085562,365.676,5748.05,1614963
6,100,150000000,2346793956,,orders,o_comment,"%pending%",SSECppCompiled,0.037549,324.144,3928.27,13904481
6,100,20000000,228698483,Q9,part,p_name,"%green%",SSECppCompiled,0.028721,302.272,424.726,1087982
6,100,20000000,228698483,Q20,part,p_name,"%forest%",SSECppCompiled,0.028248,297.1,408,1086559
6,100,20000000,228698483,,part,p_name,"%blue%",SSECppCompiled,0.029456,308.564,465.564,1087619
6,100,20000000,228698483,,part,p_name,"dark %",SSECppCompiled,0.02205,286.465,111.321,217370
6,100,20000000,228698483,,part,p_name,"%sky%blue%",SSECppCompiled,0.059044,327.679,494.595,23871
6,100,20000000,228698483,,part,p_name,"%firebrick%",SSECppCompiled,0.02504,306.787,409.253,1088629
6,100,20000000,66531845,Q2,part,p_type,"%BRASS%",SSECppCompiled,0.030033,300.796,248.235,3998906
6,100,20000000,66531845,Q14,part,p_type,"%PROMO%",SSECppCompiled,0.016712,289.213,212.974,3330760
6,100,20000000,66531845,Q16,part,p_type,"MEDIUM POLISHED%",SSECppCompiled,0.007988,272.147,75.0525,668356
6,100,20000000,66531845,,part,p_type,"%BRASS",SSECppCompiled,0.012274,283.085,207.973,3998906
6,100,20000000,66531845,,part,p_type,"%STEEL%",SSECppCompiled,0.035181,316.399,315.346,4001362
6,100,20000000,66531845,,part,p_type,"PROMO %",SSECppCompiled,0.008032,274.949,71.4295,3330760
6,100,20000000,66531845,,part,p_type,"%NICKEL",SSECppCompiled,0.013137,292.246,200.076,3999978
6,100,20000000,66531845,,part,p_type,"STANDARD %",SSECppCompiled,0.012618,288.831,118.963,3333255
6,100,1000000,19710547,Q16,supplier,s_comment,"%Customer%Complaints",SSECppCompiled,0.037464,321.557,9.12514,63
6,100,1000000,19710547,,supplier,s_comment,"Customer%Complaints%",SSECppCompiled,0.041554,316.398,8.7988,63
6,100,1000000,19710547,,supplier,s_comment,"%usual%packages%",SSECppCompiled,0.073023,346.842,47.5713,18481
6,100,1000000,19710547,,supplier,s_comment,"%Recommends%",SSECppCompiled,0.032368,309.097,20.429,480
6,100,1000000,19710547,,supplier,s_comment,"Customer%Account%",SSECppCompiled,0.025414,291.559,6.05118,0
6,1,1500000,22694323,Q13,orders,o_comment,"%special%requests%",SSEDecoded,0.002346,0,96.6503,16082
6,1,1500000,22694323,,orders,o_comment,"%regular%deposits%",SSEDecoded,0.00125,0,95.3324,39737
6,1,1500000,22694323,,orders,o_comment,"%unusual%packages%",SSEDecoded,0.000842,0,90.2148,16213
6,1,1500000,22694323,,orders,o_comment,"%pending%",SSEDecoded,0.001151,0,86.8823,139166
6,1,200000,2237473,Q9,part,p_name,"%green%",SSEDecoded,0.000904,0,9.69557,10664
6,1,200000,2237473,Q20,part,p_name,"%forest%",SSEDecoded,0.000637,0,9.59202,10737
6,1,200000,2237473,,part,p_name,"%blue%",SSEDecoded,0.000652,0,9.73052,10871
6,1,200000,2237473,,part,p_name,"dark %",SSEDecoded,0.000628,0,8.68043,2157
6,1,200000,2237473,,part,p_name,"%sky%blue%",SSEDecoded,0.000928,0,10.6182,250
6,1,200000,2237473,,part,p_name,"%firebrick%",SSEDecoded,0.000849,0,10.4637,10904
6,1,200000,821034,Q2,part,p_type,"%BRASS%",SSEDecoded,0.000811,0,11.2082,40058
6,1,200000,821034,Q14,part,p_type,"%PROMO%",SSEDecoded,0.000576,0,12.0282,33174
6,1,200000,821034,Q16,part,p_type,"MEDIUM POLISHED%",SSEDecoded,0.00055,0,9.80715,6710
6,1,200000,821034,,part,p_type,"%BRASS",SSEDecoded,0.000498,0,10.1912,40058
6,1,200000,821034,,part,p_type,"%STEEL%",SSEDecoded,0.000631,0,10.1508,39683
6,1,200000,821034,,part,p_type,"PROMO %",SSEDecoded,0.000342,0,9.10594,33174
6,1,200000,821034,,part,p_type,"%NICKEL",SSEDecoded,0.000286,0,9.4139,40048
6,1,200000,821034,,part,p_type,"STANDARD %",SSEDecoded,0.0003,0,9.05749,33434
6,1,10000,194749,Q16,supplier,s_comment,"%Customer%Complaints",SSEDecoded,0.000751,0,0.509093,1
6,1,10000,194749,,supplier,s_comment,"Customer%Complaints%",SSEDecoded,0.000439,0,0.49924,2
6,1,10000,194749,,supplier,s_comment,"%usual%packages%",SSEDecoded,0.000576,0,0.632373,180
6,1,10000,194749,,supplier,s_comment,"%Recommends%",SSEDecoded,0.000297,0,0.582412,5
6,1,10000,194749,,supplier,s_comment,"Customer%Account%",SSEDecoded,0.000375,0,0.487767,0
6,10,15000000,229667600,Q13,orders,o_comment,"%special%requests%",SSEDecoded,0.000899,0,920.175,162417
6,10,15000000,229667600,,orders,o_comment,"%regular%deposits%",SSEDecoded,0.001361,0,965.542,397086
6,10,15000000,229667600,,orders,o_comment,"%unusual%packages%",SSEDecoded,0.001746,0,956.132,162134
6,10,15000000,229667600,,orders,o_comment,"%pending%",SSEDecoded,0.001186,0,921.134,1390407
6,10,2000000,22019783,Q9,part,p_name,"%green%",SSEDecoded,0.001725,0,105.083,108782
6,10,2000000,22019783,Q20,part,p_name,"%forest%",SSEDecoded,0.001028,0,107.353,108543
6,10,2000000,22019783,,part,p_name,"%blue%",SSEDecoded,0.000903,0,106.2,109206
6,10,2000000,22019783,,part,p_name,"dark %",SSEDecoded,0.000788,0,86.6525,21499
6,10,2000000,22019783,,part,p_name,"%sky%blue%",SSEDecoded,0.001111,0,106.859,2402
6,10,2000000,22019783,,part,p_name,"%firebrick%",SSEDecoded,0.000995,0,105.951,108930
6,10,2000000,8213633,Q2,part,p_type,"%BRASS%",SSEDecoded,0.001235,0,114.152,399587
6,10,2000000,8213633,Q14,part,p_type,"%PROMO%",SSEDecoded,0.000897,0,114.322,332975
6,10,2000000,8213633,Q16,part,p_type,"MEDIUM POLISHED%",SSEDecoded,0.000944,0,97.7861,66879
6,10,2000000,8213633,,part,p_type,"%BRASS",SSEDecoded,0.000826,0,102.171,399587
6,10,2000000,8213633,,part,p_type,"%STEEL%",SSEDecoded,0.000918,0,112.649,399621
6,10,2000000,8213633,,part,p_type,"PROMO %",SSEDecoded,0.000573,0,103.195,332975
6,10,2000000,8213633,,part,p_type,"%NICKEL",SSEDecoded,0.000585,0,105.422,400819
6,10,2000000,8213633,,part,p_type,"STANDARD %",SSEDecoded,0.00083,0,100.069,332405
6,10,100000,1960972,Q16,supplier,s_comment,"%Customer%Complaints",SSEDecoded,0.00113,0,5.73847,9
6,10,100000,1960972,,supplier,s_comment,"Customer%Complaints%",SSEDecoded,0.000794,0,5.508,8
6,10,100000,1960972,,supplier,s_comment,"%usual%packages%",SSEDecoded,0.000974,0,7.17743,1804
6,10,100000,1960972,,supplier,s_comment,"%Recommends%",SSEDecoded,0.000784,0,6.29693,51
6,10,100000,1960972,,supplier,s_comment,"Customer%Account%",SSEDecoded,0.000679,0,5.29502,0
6,100,150000000,2346793956,Q13,orders,o_comment,"%special%requests%",SSEDecoded,0.001024,0,9529.44,1617637
6,100,150000000,2346793956,,orders,o_comment,"%regular%deposits%",SSEDecoded,0.001534,0,10006.6,3973055
6,100,150000000,2346793956,,orders,o_comment,"%unusual%packages%",SSEDecoded,0.001548,0,9356.34,1614963
6,100,150000000,2346793956,,orders,o_comment,"%pending%",SSEDecoded,0.001277,0,9251.68,13904481
6,100,20000000,228698483,Q9,part,p_name,"%green%",SSEDecoded,0.001428,0,1049.38,1087982
6,100,20000000,228698483,Q20,part,p_name,"%forest%",SSEDecoded,0.001126,0,1007.79,1086559
6,100,20000000,228698483,,part,p_name,"%blue%",SSEDecoded,0.001283,0,1001.01,1087619
6,100,20000000,228698483,,part,p_name,"dark %",SSEDecoded,0.001317,0,842.047,217370
6,100,20000000,228698483,,part,p_name,"%sky%blue%",SSEDecoded,0.00142,0,1044.29,23871
6,100,20000000,228698483,,part,p_name,"%firebrick%",SSEDecoded,0.001096,0,1070.04,1088629
6,100,20000000,66531845,Q2,part,p_type,"%BRASS%",SSEDecoded,0.001457,0,1194.9,3998906
6,100,20000000,66531845,Q14,part,p_type,"%PROMO%",SSEDecoded,0.001332,0,1154.47,3330760
6,100,20000000,66531845,Q16,part,p_type,"MEDIUM POLISHED%",SSEDecoded,0.001175,0,972.14,668356
6,100,20000000,66531845,,part,p_type,"%BRASS",SSEDecoded,0.001152,0,1006.84,3998906
6,100,20000000,66531845,,part,p_type,"%STEEL%",SSEDecoded,0.001215,0,1160.24,4001362
6,100,20000000,66531845,,part,p_type,"PROMO %",SSEDecoded,0.001101,0,1049.41,3330760
6,100,20000000,66531845,,part,p_type,"%NICKEL",SSEDecoded,0.001142,0,1078.41,3999978
6,100,20000000,66531845,,part,p_type,"STANDARD %",SSEDecoded,0.000792,0,990.205,3333255
6,100,1000000,19710547,Q16,supplier,s_comment,"%Customer%Complaints",SSEDecoded,0.001455,0,51.3333,63
6,100,1000000,19710547,,supplier,s_comment,"Customer%Complaints%",SSEDecoded,0.000991,0,53.238,63
6,100,1000000,19710547,,supplier,s_comment,"%usual%packages%",SSEDecoded,0.001006,0,65.682,18481
6,100,1000000,19710547,,supplier,s_comment,"%Recommends%",SSEDecoded,0.001077,0,60.0618,480
6,100,1000000,19710547,,supplier,s_comment,"Customer%Account%",SSEDecoded,0.000781,0,52.232,0
6,1,1500000,22694323,Q13,orders,o_comment,"%special%requests%",VectorScan,0.924592,0,155.162,16082
6,1,1500000,22694323,,orders,o_comment,"%regular%deposits%",VectorScan,0.484007,0,193.929,39737
6,1,1500000,22694323,,orders,o_comment,"%unusual%packages%",VectorScan,0.454729,0,164.236,16213
6,1,1500000,22694323,,orders,o_comment,"%pending%",VectorScan,0.059391,0,124.481,139166
6,1,200000,2237473,Q9,part,p_name,"%green%",VectorScan,0.064349,0,13.6725,10664
6,1,200000,2237473,Q20,part,p_name,"%forest%",VectorScan,0.046098,0,13.4882,10737
6,1,200000,2237473,,part,p_name,"%blue%",VectorScan,0.043065,0,14.4789,10871
6,1,200000,2237473,,part,p_name,"dark %",VectorScan,0.203003,0,13.9963,2157
6,1,200000,2237473,,part,p_name,"%sky%blue%",VectorScan,0.389327,0,16.5302,250
6,1,200000,2237473,,part,p_name,"%firebrick%",VectorScan,0.053744,0,12.8325,10904
6,1,200000,821034,Q2,part,p_type,"%BRASS%",VectorScan,0.047118,0,15.3769,40058
6,1,200000,821034,Q14,part,p_type,"%PROMO%",VectorScan,0.043352,0,14.4584,33174
6,1,200000,821034,Q16,part,p_type,"MEDIUM POLISHED%",VectorScan,0.230685,0,12.5605,6710
6,1,200000,821034,,part,p_type,"%BRASS",VectorScan,0.227522,0,19.8351,40058
6,1,200000,821034,,part,p_type,"%STEEL%",VectorScan,0.053596,0,16.6669,39683
6,1,200000,821034,,part,p_type,"PROMO %",VectorScan,0.17197,0,13.1978,33174
6,1,200000,821034,,part,p_type,"%NICKEL",VectorScan,0.215952,0,18.371,40048
6,1,200000,821034,,part,p_type,"STANDARD %",VectorScan,0.174668,0,13.0467,33434
6,1,10000,194749,Q16,supplier,s_comment,"%Customer%Complaints",VectorScan,0.576788,0,0.983116,1
6,1,10000,194749,,supplier,s_comment,"Customer%Complaints%",VectorScan,0.448625,0,0.74787,2
6,1,10000,194749,,supplier,s_comment,"%usual%packages%",VectorScan,0.391498,0,1.21198,180
6,1,10000,194749,,supplier,s_comment,"%Recommends%",VectorScan,0.044577,0,0.803988,5
6,1,10000,194749,,supplier,s_comment,"Customer%Account%",VectorScan,0.377135,0,0.733857,0
6,10,15000000,229667600,Q13,orders,o_comment,"%special%requests%",VectorScan,0.426452,0,1575.67,162417
6,10,15000000,229667600,,orders,o_comment,"%regular%deposits%",VectorScan,0.597432,0,2012.89,397086
6,10,15000000,229667600,,orders,o_comment,"%unusual%packages%",VectorScan,0.589895,0,1668.06,162134
6,10,15000000,229667600,,orders,o_comment,"%pending%",VectorScan,0.104032,0,1213.16,1390407
6,10,2000000,22019783,Q9,part,p_name,"%green%",VectorScan,0.100615,0,140.603,108782
6,10,2000000,22019783,Q20,part,p_name,"%forest%",VectorScan,0.060971,0,144.732,108543
6,10,2000000,22019783,,part,p_name,"%blue%",VectorScan,0.08179,0,145.29,109206
6,10,2000000,22019783,,part,p_name,"dark %",VectorScan,0.210428,0,130.852,21499
6,10,2000000,22019783,,part,p_name,"%sky%blue%",VectorScan,0.380279,0,171.457,2402
6,10,2000000,22019783,,part,p_name,"%firebrick%",VectorScan,0.066031,0,137.615,108930
6,10,2000000,8213633,Q2,part,p_type,"%BRASS%",VectorScan,0.08017,0,157.985,399587
6,10,2000000,8213633,Q14,part,p_type,"%PROMO%",VectorScan,0.058835,0,148.993,332975
6,10,2000000,8213633,Q16,part,p_type,"MEDIUM POLISHED%",VectorScan,0.26372,0,136.048,66879
6,10,2000000,8213633,,part,p_type,"%BRASS",VectorScan,0.284432,0,200.862,399587
6,10,2000000,8213633,,part,p_type,"%STEEL%",VectorScan,0.067493,0,166.872,399621
6,10,2000000,8213633,,part,p_type,"PROMO %",VectorScan,0.197359,0,141.172,332975
6,10,2000000,8213633,,part,p_type,"%NICKEL",VectorScan,0.261193,0,201.047,400819
6,10,2000000,8213633,,part,p_type,"STANDARD %",VectorScan,0.21806,0,144.188,332405
6,10,100000,1960972,Q16,supplier,s_comment,"%Customer%Complaints",VectorScan,0.670452,0,10.3792,9
6,10,100000,1960972,,supplier,s_comment,"Customer%Complaints%",VectorScan,0.481005,0,8.07905,8
6,10,100000,1960972,,supplier,s_comment,"%usual%packages%",VectorScan,0.407963,0,12.8602,1804
6,10,100000,1960972,,supplier,s_comment,"%Recommends%",VectorScan,0.055721,0,8.74972,51
6,10,100000,1960972,,supplier,s_comment,"Customer%Account%",VectorScan,0.383075,0,8.21789,0
6,100,150000000,2346793956,Q13,orders,o_comment,"%special%requests%",VectorScan,0.475619,0,15681.2,1617637
6,100,150000000,2346793956,,orders,o_comment,"%regular%deposits%",VectorScan,0.603873,0,19629.1,3973055
6,100,150000000,2346793956,,orders,o_comment,"%unusual%packages%",VectorScan,0.562602,0,16879.7,1614963
6,100,150000000,2346793956,,orders,o_comment,"%pending%",VectorScan,0.113177,0,12581.7,13904481
6,100,20000000,228698483,Q9,part,p_name,"%green%",VectorScan,0.137958,0,1467.19,1087982
6,100,20000000,228698483,Q20,part,p_name,"%forest%",VectorScan,0.112862,0,1413.58,1086559
6,100,20000000,228698483,,part,p_name,"%blue%",VectorScan,0.09565,0,1435.83,1087619
6,100,20000000,228698483,,part,p_name,"dark %",VectorScan,0.236584,0,1322.3,217370
6,100,20000000,228698483,,part,p_name,"%sky%blue%",VectorScan,0.455558,0,1787.05,23871
6,100,20000000,228698483,,part,p_name,"%firebrick%",VectorScan,0.122522,0,1392.52,1088629
6,100,20000000,66531845,Q2,part,p_type,"%BRASS%",VectorScan,0.106204,0,1598.83,3998906
6,100,20000000,66531845,Q14,part,p_type,"%PROMO%",VectorScan,0.098807,0,1584.01,3330760
6,100,20000000,66531845,Q16,part,p_type,"MEDIUM POLISHED%",VectorScan,0.328376,0,1432.89,668356
6,100,20000000,66531845,,part,p_type,"%BRASS",VectorScan,0.341565,0,1967.77,3998906
6,100,20000000,66531845,,part,p_type,"%STEEL%",VectorScan,0.099963,0,1588.49,4001362
6,100,20000000,66531845,,part,p_type,"PROMO %",VectorScan,0.22766,0,1408.41,3330760
6,100,20000000,66531845,,part,p_type,"%NICKEL",VectorScan,0.334795,0,2048.44,3999978
6,100,20000000,66531845,,part,p_type,"STANDARD %",VectorScan,0.266379,0,1416.62,3333255
6,100,1000000,19710547,Q16,supplier,s_comment,"%Customer%Complaints",VectorScan,0.70679,0,101.108,63
6,100,1000000,19710547,,supplier,s_comment,"Customer%Complaints%",VectorScan,0.513227,0,77.0776,63
6,100,1000000,19710547,,supplier,s_comment,"%usual%packages%",VectorScan,0.433494,0,124.475,18481
6,100,1000000,19710547,,supplier,s_comment,"%Recommends%",VectorScan,0.064152,0,84.3548,480
6,100,1000000,19710547,,supplier,s_comment,"Customer%Account%",VectorScan,0.409108,0,78.5816,0
7,1,1500000,22694323,Q13,orders,o_comment,"%special%requests%",InMemory,0.141311,6.7e-05,493.011,16082
7,1,1500000,22694323,,orders,o_comment,"%regular%deposits%",InMemory,0.068485,3.9e-05,448.384,39737
7,1,1500000,22694323,,orders,o_comment,"%unusual%packages%",InMemory,0.058399,4.4e-05,434.376,16213
7,1,1500000,22694323,,orders,o_comment,"%pending%",InMemory,0.02997,3.4e-05,423.068,139166
7,1,200000,2237473,Q9,part,p_name,"%green%",InMemory,0.028837,3.8e-05,23.1997,10664
7,1,200000,2237473,Q20,part,p_name,"%forest%",InMemory,0.020077,2.2e-05,32.1806,10737
7,1,200000,2237473,,part,p_name,"%blue%",InMemory,0.018342,5e-05,29.385,10871
7,1,200000,2237473,,part,p_name,"dark %",InMemory,0.005534,1.8e-05,1.36439,2157
7,1,200000,2237473,,part,p_name,"%sky%blue%",InMemory,0.037575,3.4e-05,40.7809,250
7,1,200000,2237473,,part,p_name,"%firebrick%",InMemory,0.025687,3.2e-05,30.5682,10904
7,1,200000,821034,Q2,part,p_type,"%BRASS%",InMemory,0.020341,3.1e-05,14.5861,40058
7,1,200000,821034,Q14,part,p_type,"%PROMO%",InMemory,0.007813,3.1e-05,10.2321,33174
7,1,200000,821034,Q16,part,p_type,"MEDIUM POLISHED%",InMemory,0.008304,1.9e-05,1.91614,6710
7,1,200000,821034,,part,p_type,"%BRASS",InMemory,0.006449,1.5e-05,5.26827,40058
7,1,200000,821034,,part,p_type,"%STEEL%",InMemory,0.020604,1.5e-05,13.4473,39683
7,1,200000,821034,,part,p_type,"PROMO %",InMemory,0.002423,1.6e-05,2.33072,33174
7,1,200000,821034,,part,p_type,"%NICKEL",InMemory,0.00583,1.7e-05,4.52652,40048
7,1,200000,821034,,part,p_type,"STANDARD %",InMemory,0.004593,1.5e-05,3.04979,33434
7,1,10000,194749,Q16,supplier,s_comment,"%Customer%Complaints",InMemory,0.024653,3e-05,0.066649,1
7,1,10000,194749,,supplier,s_comment,"Customer%Complaints%",InMemory,0.023196,1.5e-05,0.067843,2
7,1,10000,194749,,supplier,s_comment,"%usual%packages%",InMemory,0.057984,1.9e-05,4.21416,180
7,1,10000,194749,,supplier,s_comment,"%Recommends%",InMemory,0.016985,1.5e-05,1.09293,5
7,1,10000,194749,,supplier,s_comment,"Customer%Account%",InMemory,0.012,2.4e-05,0.073205,0
7,10,15000000,229667600,Q13,orders,o_comment,"%special%requests%",InMemory,0.082292,2.4e-05,4339.04,162417
7,10,15000000,229667600,,orders,o_comment,"%regular%deposits%",InMemory,0.082116,0.000347,4871.13,397086
7,10,15000000,229667600,,orders,o_comment,"%unusual%packages%",InMemory,0.076669,0.000102,4497.72,162134
7,10,15000000,229667600,,orders,o_comment,"%pending%",InMemory,0.037224,8.8e-05,3789.49,1390407
7,10,2000000,22019783,Q9,part,p_name,"%green%",InMemory,0.037622,9.3e-05,322.132,108782
7,10,2000000,22019783,Q20,part,p_name,"%forest%",InMemory,0.026834,4.1e-05,352.867,108543
7,10,2000000,22019783,,part,p_name,"%blue%",InMemory,0.030962,0.000107,322.145,109206
7,10,2000000,22019783,,part,p_name,"dark %",InMemory,0.018455,0.000105,21.8122,21499
7,10,2000000,22019783,,part,p_name,"%sky%blue%",InMemory,0.05065,4.3e-05,413.339,2402
7,10,2000000,22019783,,part,p_name,"%firebrick%",InMemory,0.040026,0.000104,316.814,108930
7,10,2000000,8213633,Q2,part,p_type,"%BRASS%",InMemory,0.033801,0.000109,136.063,399587
7,10,2000000,8213633,Q14,part,p_type,"%PROMO%",InMemory,0.016648,7e-05,111.641,332975
7,10,2000000,8213633,Q16,part,p_type,"MEDIUM POLISHED%",InMemory,0.016433,6.6e-05,19.9845,66879
7,10,2000000,8213633,,part,p_type,"%BRASS",InMemory,0.009121,1.9e-05,49.7094,399587
7,10,2000000,8213633,,part,p_type,"%STEEL%",InMemory,0.028171,3.5e-05,150.47,399621
7,10,2000000,8213633,,part,p_type,"PROMO %",InMemory,0.008585,8.2e-05,17.5808,332975
7,10,2000000,8213633,,part,p_type,"%NICKEL",InMemory,0.010092,1.7e-05,45.6952,400819
7,10,2000000,8213633,,part,p_type,"STANDARD %",InMemory,0.009035,4.6e-05,30.8581,332405
7,10,100000,1960972,Q16,supplier,s_comment,"%Customer%Complaints",InMemory,0.029326,4.3e-05,0.687942,9
7,10,100000,1960972,,supplier,s_comment,"Customer%Complaints%",InMemory,0.042994,2.3e-05,0.714356,8
7,10,100000,1960972,,supplier,s_comment,"%usual%packages%",InMemory,0.059889,3.2e-05,41.2364,1804
7,10,100000,1960972,,supplier,s_comment,"%Recommends%",InMemory,0.01861,3.7e-05,10.4579,51
7,10,100000,1960972,,supplier,s_comment,"Customer%Account%",InMemory,0.012808,2e-05,0.642504,0
7,100,150000000,2346793956,Q13,orders,o_comment,"%special%requests%",InMemory,0.067008,3.5e-05,49653.4,1617637
7,100,150000000,2346793956,,orders,o_comment,"%regular%deposits%",InMemory,0.076044,0.000225,49428.3,3973055
7,100,150000000,2346793956,,orders,o_comment,"%unusual%packages%",InMemory,0.077577,9.4e-05,48892.3,1614963
7,100,150000000,2346793956,,orders,o_comment,"%pending%",InMemory,0.038077,0.000101,35173,13904481
7,100,20000000,228698483,Q9,part,p_name,"%green%",InMemory,0.029778,0.000103,3224.61,1087982
7,100,20000000,228698483,Q20,part,p_name,"%forest%",InMemory,0.029209,0.000102,2913.25,1086559
7,100,20000000,228698483,,part,p_name,"%blue%",InMemory,0.027046,9.4e-05,2791.43,1087619
7,100,20000000,228698483,,part,p_name,"dark %",InMemory,0.019967,3.2e-05,203.564,217370
7,100,20000000,228698483,,part,p_name,"%sky%blue%",InMemory,0.049616,3.8e-05,3477.13,23871
7,100,20000000,228698483,,part,p_name,"%firebrick%",InMemory,0.023524,9.3e-05,3043.95,1088629
7,100,20000000,66531845,Q2,part,p_type,"%BRASS%",InMemory,0.030664,0.000102,1101.25,3998906
7,100,20000000,66531845,Q14,part,p_type,"%PROMO%",InMemory,0.016336,0.0001,927.999,3330760
7,100,20000000,66531845,Q16,part,p_type,"MEDIUM POLISHED%",InMemory,0.008447,3.5e-05,265.038,668356
7,100,20000000,66531845,,part,p_type,"%BRASS",InMemory,0.010817,3.3e-05,518.293,3998906
7,100,20000000,66531845,,part,p_type,"%STEEL%",InMemory,0.031949,2.8e-05,1162.91,4001362
7,100,20000000,66531845,,part,p_type,"PROMO %",InMemory,0.007197,0.000345,176.65,3330760
7,100,20000000,66531845,,part,p_type,"%NICKEL",InMemory,0.010295,2.3e-05,473.752,3999978
7,100,20000000,66531845,,part,p_type,"STANDARD %",InMemory,0.008702,3.1e-05,271.424,3333255
7,100,1000000,19710547,Q16,supplier,s_comment,"%Customer%Complaints",InMemory,0.036151,3.3e-05,6.81996,63
7,100,1000000,19710547,,supplier,s_comment,"Customer%Complaints%",InMemory,0.031376,3.3e-05,6.59949,63
7,100,1000000,19710547,,supplier,s_comment,"%usual%packages%",InMemory,0.056619,4.1e-05,420.436,18481
7,100,1000000,19710547,,supplier,s_comment,"%Recommends%",InMemory,0.023916,4.6e-05,105.395,480
7,100,1000000,19710547,,supplier,s_comment,"Customer%Account%",InMemory,0.017632,4.9e-05,6.86854,0
7,1,1500000,22694323,Q13,orders,o_comment,"%special%requests%",SSELLVMCompiled,0.112605,36.2842,59.6219,16082
7,1,1500000,22694323,,orders,o_comment,"%regular%deposits%",SSELLVMCompiled,0.079856,35.3452,47.8453,39737
7,1,1500000,22694323,,orders,o_comment,"%unusual%packages%",SSELLVMCompiled,0.072354,33.0714,53.8828,16213
7,1,1500000,22694323,,orders,o_comment,"%pending%",SSELLVMCompiled,0.043245,21.6948,44.3584,139166
7,1,200000,2237473,Q9,part,p_name,"%green%",SSELLVMCompiled,0.031495,19.3544,4.16474,10664
7,1,200000,2237473,Q20,part,p_name,"%forest%",SSELLVMCompiled,0.031155,18.4252,4.21727,10737
7,1,200000,2237473,,part,p_name,"%blue%",SSELLVMCompiled,0.028961,17.6408,4.37981,10871
7,1,200000,2237473,,part,p_name,"dark %",SSELLVMCompiled,0.007985,5.03641,0.796605,2157
7,1,200000,2237473,,part,p_name,"%sky%blue%",SSELLVMCompiled,0.066701,29.7974,5.32238,250
7,1,200000,2237473,,part,p_name,"%firebrick%",SSELLVMCompiled,0.038017,20.7117,4.26957,10904
7,1,200000,821034,Q2,part,p_type,"%BRASS%",SSELLVMCompiled,0.028585,18.3341,3.15762,40058
7,1,200000,821034,Q14,part,p_type,"%PROMO%",SSELLVMCompiled,0.012928,12.6996,2.5624,33174
7,1,200000,821034,Q16,part,p_type,"MEDIUM POLISHED%",SSELLVMCompiled,0.012244,8.7584,1.11902,6710
7,1,200000,821034,,part,p_type,"%BRASS",SSELLVMCompiled,0.008458,9.66305,1.91354,40058
7,1,200000,821034,,part,p_type,"%STEEL%",SSELLVMCompiled,0.03246,18.6351,3.58931,39683
7,1,200000,821034,,part,p_type,"PROMO %",SSELLVMCompiled,0.004755,4.58594,0.686991,33174
7,1,200000,821034,,part,p_type,"%NICKEL",SSELLVMCompiled,0.007823,9.4089,1.82039,40048
7,1,200000,821034,,part,p_type,"STANDARD %",SSELLVMCompiled,0.007718,6.87674,1.21682,33434
7,1,10000,194749,Q16,supplier,s_comment,"%Customer%Complaints",SSELLVMCompiled,0.02897,26.0724,0.099892,1
7,1,10000,194749,,supplier,s_comment,"Customer%Complaints%",SSELLVMCompiled,0.04268,21.4863,0.088984,2
7,1,10000,194749,,supplier,s_comment,"%usual%packages%",SSELLVMCompiled,0.086001,34.667,0.442967,180
7,1,10000,194749,,supplier,s_comment,"%Recommends%",SSELLVMCompiled,0.029535,15.703,0.187763,5
7,1,10000,194749,,supplier,s_comment,"Customer%Account%",SSELLVMCompiled,0.020426,12.0733,0.061356,0
7,10,15000000,229667600,Q13,orders,o_comment,"%special%requests%",SSELLVMCompiled,0.102871,35.8727,526.273,162417
7,10,15000000,229667600,,orders,o_comment,"%regular%deposits%",SSELLVMCompiled,0.084773,35.0656,460.051,397086
7,10,15000000,229667600,,orders,o_comment,"%unusual%packages%",SSELLVMCompiled,0.090928,36.353,464.092,162134
7,10,15000000,229667600,,orders,o_comment,"%pending%",SSELLVMCompiled,0.040359,21.1938,346.969,1390407
7,10,2000000,22019783,Q9,part,p_name,"%green%",SSELLVMCompiled,0.035148,18.9828,41.821,108782
7,10,2000000,22019783,Q20,part,p_name,"%forest%",SSELLVMCompiled,0.02918,16.2215,38.9263,108543
7,10,2000000,22019783,,part,p_name,"%blue%",SSELLVMCompiled,0.03138,15.9297,40.0214,109206
7,10,2000000,22019783,,part,p_name,"dark %",SSELLVMCompiled,0.014079,6.76379,7.81861,21499
7,10,2000000,22019783,,part,p_name,"%sky%blue%",SSELLVMCompiled,0.049884,28.6605,46.3303,2402
7,10,2000000,22019783,,part,p_name,"%firebrick%",SSELLVMCompiled,0.045383,19.4051,39.479,108930
7,10,2000000,8213633,Q2,part,p_type,"%BRASS%",SSELLVMCompiled,0.028639,17.3545,27.8815,399587
7,10,2000000,8213633,Q14,part,p_type,"%PROMO%",SSELLVMCompiled,0.013199,11.6823,22.4861,332975
7,10,2000000,8213633,Q16,part,p_type,"MEDIUM POLISHED%",SSELLVMCompiled,0.029153,8.88204,11.3128,66879
7,10,2000000,8213633,,part,p_type,"%BRASS",SSELLVMCompiled,0.008288,9.56113,16.7145,399587
7,10,2000000,8213633,,part,p_type,"%STEEL%",SSELLVMCompiled,0.030191,17.0865,32.6621,399621
7,10,2000000,8213633,,part,p_type,"PROMO %",SSELLVMCompiled,0.004636,4.20067,7.08385,332975
7,10,2000000,8213633,,part,p_type,"%NICKEL",SSELLVMCompiled,0.008507,9.61584,17.0624,400819
7,10,2000000,8213633,,part,p_type,"STANDARD %",SSELLVMCompiled,0.007355,6.47006,11.6576,332405
7,10,100000,1960972,Q16,supplier,s_comment,"%Customer%Complaints",SSELLVMCompiled,0.027687,23.5557,0.752119,9
7,10,100000,1960972,,supplier,s_comment,"Customer%Complaints%",SSELLVMCompiled,0.034964,19.205,0.711783,8
7,10,100000,1960972,,supplier,s_comment,"%usual%packages%",SSELLVMCompiled,0.067007,31.9189,3.87686,1804
7,10,100000,1960972,,supplier,s_comment,"%Recommends%",SSELLVMCompiled,0.025558,14.7364,1.81823,51
7,10,100000,1960972,,supplier,s_comment,"Customer%Account%",SSELLVMCompiled,0.019647,11.6172,0.470484,0
7,100,150000000,2346793956,Q13,orders,o_comment,"%special%requests%",SSELLVMCompiled,0.080786,28.7752,5822.89,1617637
7,100,150000000,2346793956,,orders,o_comment,"%regular%deposits%",SSELLVMCompiled,0.092135,36.3629,4836.41,3973055
7,100,150000000,2346793956,,orders,o_comment,"%unusual%packages%",SSELLVMCompiled,0.09263,36.997,5668.97,1614963
7,100,150000000,2346793956,,orders,o_comment,"%pending%",SSELLVMCompiled,0.050843,21.3765,3609.95,13904481
7,100,20000000,228698483,Q9,part,p_name,"%green%",SSELLVMCompiled,0.037663,17.5009,396.555,1087982
7,100,20000000,228698483,Q20,part,p_name,"%forest%",SSELLVMCompiled,0.033028,16.5275,389.656,1086559
7,100,20000000,228698483,,part,p_name,"%blue%",SSELLVMCompiled,0.030086,16.3113,441.195,1087619
7,100,20000000,228698483,,part,p_name,"dark %",SSELLVMCompiled,0.024431,7.89316,83.4112,217370
7,100,20000000,228698483,,part,p_name,"%sky%blue%",SSELLVMCompiled,0.054344,29.234,479.106,23871
7,100,20000000,228698483,,part,p_name,"%firebrick%",SSELLVMCompiled,0.024719,17.1583,398.23,1088629
7,100,20000000,66531845,Q2,part,p_type,"%BRASS%",SSELLVMCompiled,0.031445,18.2347,238.13,3998906
7,100,20000000,66531845,Q14,part,p_type,"%PROMO%",SSELLVMCompiled,0.016575,13.1444,196.959,3330760
7,100,20000000,66531845,Q16,part,p_type,"MEDIUM POLISHED%",SSELLVMCompiled,0.008313,4.9607,75.2843,668356
7,100,20000000,66531845,,part,p_type,"%BRASS",SSELLVMCompiled,0.00972,9.04583,189.678,3998906
7,100,20000000,66531845,,part,p_type,"%STEEL%",SSELLVMCompiled,0.042159,19.7415,311.916,4001362
7,100,20000000,66531845,,part,p_type,"PROMO %",SSELLVMCompiled,0.008236,5.22325,64.492,3330760
7,100,20000000,66531845,,part,p_type,"%NICKEL",SSELLVMCompiled,0.00992,9.50821,173.749,3999978
7,100,20000000,66531845,,part,p_type,"STANDARD %",SSELLVMCompiled,0.010663,7.06547,115.055,3333255
7,100,1000000,19710547,Q16,supplier,s_comment,"%Customer%Complaints",SSELLVMCompiled,0.033085,24.9103,8.07966,63
7,100,1000000,19710547,,supplier,s_comment,"Customer%Complaints%",SSELLVMCompiled,0.039488,20.0741,7.61854,63
7,100,1000000,19710547,,supplier,s_comment,"%usual%packages%",SSELLVMCompiled,0.064499,31.7208,43.3986,18481
7,100,1000000,19710547,,supplier,s_comment,"%Recommends%",SSELLVMCompiled,0.03019,15.457,17.6227,480
7,100,1000000,19710547,,supplier,s_comment,"Customer%Account%",SSELLVMCompiled,0.02078,11.8124,4.62952,0
7,1,1500000,22694323,Q13,orders,o_comment,"%special%requests%",SSECppCompiled,0.114113,328.711,65.0299,16082
7,1,1500000,22694323,,orders,o_comment,"%regular%deposits%",SSECppCompiled,0.073371,338.344,48.6687,39737
7,1,1500000,22694323,,orders,o_comment,"%unusual%packages%",SSECppCompiled,0.068965,324.92,55.8644,16213
7,1,1500000,22694323,,orders,o_comment,"%pending%",SSECppCompiled,0.039339,301.15,41.9833,139166
7,1,200000,2237473,Q9,part,p_name,"%green%",SSECppCompiled,0.036729,303.505,4.55536,10664
7,1,200000,2237473,Q20,part,p_name,"%forest%",SSECppCompiled,0.033013,312.414,4.44284,10737
7,1,200000,2237473,,part,p_name,"%blue%",SSECppCompiled,0.032392,309.468,4.44688,10871
7,1,200000,2237473,,part,p_name,"dark %",SSECppCompiled,0.01182,283.499,0.824717,2157
7,1,200000,2237473,,part,p_name,"%sky%blue%",SSECppCompiled,0.059364,331.659,5.29662,250
7,1,200000,2237473,,part,p_name,"%firebrick%",SSECppCompiled,0.040912,317.851,4.38127,10904
7,1,200000,821034,Q2,part,p_type,"%BRASS%",SSECppCompiled,0.032285,312.177,3.37074,40058
7,1,200000,821034,Q14,part,p_type,"%PROMO%",SSECppCompiled,0.017668,296.64,2.86883,33174
7,1,200000,821034,Q16,part,p_type,"MEDIUM POLISHED%",SSECppCompiled,0.017334,291.4,1.25876,6710
7,1,200000,821034,,part,p_type,"%BRASS",SSECppCompiled,0.013109,296.05,2.20861,40058
7,1,200000,821034,,part,p_type,"%STEEL%",SSECppCompiled,0.037234,311.037,3.79031,39683
7,1,200000,821034,,part,p_type,"PROMO %",SSECppCompiled,0.009226,282.107,0.728381,33174
7,1,200000,821034,,part,p_type,"%NICKEL",SSECppCompiled,0.012403,284.788,2.0288,40048
7,1,200000,821034,,part,p_type,"STANDARD %",SSECppCompiled,0.012811,283.995,1.21385,33434
7,1,10000,194749,Q16,supplier,s_comment,"%Customer%Complaints",SSECppCompiled,0.03874,316.867,0.104923,1
7,1,10000,194749,,supplier,s_comment,"Customer%Complaints%",SSECppCompiled,0.043106,308.306,0.098495,2
7,1,10000,194749,,supplier,s_comment,"%usual%packages%",SSECppCompiled,0.084717,337.903,0.483815,180
7,1,10000,194749,,supplier,s_comment,"%Recommends%",SSECppCompiled,0.032531,297.675,0.211921,5
7,1,10000,194749,,supplier,s_comment,"Customer%Account%",SSECppCompiled,0.024613,287.211,0.085584,0
7,10,15000000,229667600,Q13,orders,o_comment,"%special%requests%",SSECppCompiled,0.107971,331.58,544.904,162417
7,10,15000000,229667600,,orders,o_comment,"%regular%deposits%",SSECppCompiled,0.080275,333.949,479.256,397086
7,10,15000000,229667600,,orders,o_comment,"%unusual%packages%",SSECppCompiled,0.093936,357.82,477.616,162134
7,10,15000000,229667600,,orders,o_comment,"%pending%",SSECppCompiled,0.039637,313.046,381.604,1390407
7,10,2000000,22019783,Q9,part,p_name,"%green%",SSECppCompiled,0.036953,326.667,47.9693,108782
7,10,2000000,22019783,Q20,part,p_name,"%forest%",SSECppCompiled,0.034606,309.093,45.3912,108543
7,10,2000000,22019783,,part,p_name,"%blue%",SSECppCompiled,0.034052,308.219,46.6728,109206
7,10,2000000,22019783,,part,p_name,"dark %",SSECppCompiled,0.021879,276.596,10.828,21499
7,10,2000000,22019783,,part,p_name,"%sky%blue%",SSECppCompiled,0.057865,326.065,49.9593,2402
7,10,2000000,22019783,,part,p_name,"%firebrick%",SSECppCompiled,0.040004,306.991,42.3774,108930
7,10,2000000,8213633,Q2,part,p_type,"%BRASS%",SSECppCompiled,0.031365,302.989,35.0429,399587
7,10,2000000,8213633,Q14,part,p_type,"%PROMO%",SSECppCompiled,0.018179,289.545,27.5626,332975
7,10,2000000,8213633,Q16,part,p_type,"MEDIUM POLISHED%",SSECppCompiled,0.016935,283.8,12.1456,66879
7,10,2000000,8213633,,part,p_type,"%BRASS",SSECppCompiled,0.012067,289.983,21.8891,399587
7,10,2000000,8213633,,part,p_type,"%STEEL%",SSECppCompiled,0.034882,307.003,36.8351,399621
7,10,2000000,8213633,,part,p_type,"PROMO %",SSECppCompiled,0.008814,274.497,7.12614,332975
7,10,2000000,8213633,,part,p_type,"%NICKEL",SSECppCompiled,0.013333,284.25,19.9012,400819
7,10,2000000,8213633,,part,p_type,"STANDARD %",SSECppCompiled,0.013586,291.801,11.9315,332405
7,10,100000,1960972,Q16,supplier,s_comment,"%Customer%Complaints",SSECppCompiled,0.039133,321.794,0.91521,9
7,10,100000,1960972,,supplier,s_comment,"Customer%Complaints%",SSECppCompiled,0.040084,312.862,0.941668,8
7,10,100000,1960972,,supplier,s_comment,"%usual%packages%",SSECppCompiled,0.074674,338.947,4.15898,1804
7,10,100000,1960972,,supplier,s_comment,"%Recommends%",SSECppCompiled,0.03192,307.602,2.07044,51
7,10,100000,1960972,,supplier,s_comment,"Customer%Account%",SSECppCompiled,0.026587,297.1,0.645486,0
7,100,150000000,2346793956,Q13,orders,o_comment,"%special%requests%",SSECppCompiled,0.08716,323.47,6377.47,1617637
7,100,150000000,2346793956,,orders,o_comment,"%regular%deposits%",SSECppCompiled,0.09648,354.159,4922.78,3973055
7,100,150000000,2346793956,,orders,o_comment,"%unusual%packages%",SSECppCompiled,0.087269,365.545,5747.18,1614963
7,100,150000000,2346793956,,orders,o_comment,"%pending%",SSECppCompiled,0.040563,321.555,3808.44,13904481
7,100,20000000,228698483,Q9,part,p_name,"%green%",SSECppCompiled,0.029599,304.787,446.836,1087982
7,100,20000000,228698483,Q20,part,p_name,"%forest%",SSECppCompiled,0.031869,311.04,407.465,1086559
7,100,20000000,228698483,,part,p_name,"%blue%",SSECppCompiled,0.031757,308.63,465.584,1087619
7,100,20000000,228698483,,part,p_name,"dark %",SSECppCompiled,0.020859,284.031,110.16,217370
7,100,20000000,228698483,,part,p_name,"%sky%blue%",SSECppCompiled,0.056257,313.646,472.649,23871
7,100,20000000,228698483,,part,p_name,"%firebrick%",SSECppCompiled,0.027328,296.023,398.576,1088629
7,100,20000000,66531845,Q2,part,p_type,"%BRASS%",SSECppCompiled,0.038485,301.607,252.554,3998906
7,100,20000000,66531845,Q14,part,p_type,"%PROMO%",SSECppCompiled,0.017687,287.095,222.393,3330760
7,100,20000000,66531845,Q16,part,p_type,"MEDIUM POLISHED%",SSECppCompiled,0.010122,283.026,77.0093,668356
7,100,20000000,66531845,,part,p_type,"%BRASS",SSECppCompiled,0.014871,296.804,227.707,3998906
7,100,20000000,66531845,,part,p_type,"%STEEL%",SSECppCompiled,0.038423,325.268,324.557,4001362
7,100,20000000,66531845,,part,p_type,"PROMO %",SSECppCompiled,0.009056,283.099,71.3762,3330760
7,100,20000000,66531845,,part,p_type,"%NICKEL",SSECppCompiled,0.012175,291.763,197.723,3999978
7,100,20000000,66531845,,part,p_type,"STANDARD %",SSECppCompiled,0.011353,290.606,118.613,3333255
7,100,1000000,19710547,Q16,supplier,s_comment,"%Customer%Complaints",SSECppCompiled,0.045743,327.057,9.1296,63
7,100,1000000,19710547,,supplier,s_comment,"Customer%Complaints%",SSECppCompiled,0.044489,317.321,8.76081,63
7,100,1000000,19710547,,supplier,s_comment,"%usual%packages%",SSECppCompiled,0.071599,332.344,47.2863,18481
7,100,1000000,19710547,,supplier,s_comment,"%Recommends%",SSECppCompiled,0.033432,296.078,20.2101,480
7,100,1000000,19710547,,supplier,s_comment,"Customer%Account%",SSECppCompiled,0.02732,285.055,6.24525,0
7,1,1500000,22694323,Q13,orders,o_comment,"%special%requests%",SSEDecoded,0.002198,0,95.935,16082
7,1,1500000,22694323,,orders,o_comment,"%regular%deposits%",SSEDecoded,0.001595,0,96.3522,39737
7,1,1500000,22694323,,orders,o_comment,"%unusual%packages%",SSEDecoded,0.000937,0,90.1523,16213
7,1,1500000,22694323,,orders,o_comment,"%pending%",SSEDecoded,0.000885,0,86.163,139166
7,1,200000,2237473,Q9,part,p_name,"%green%",SSEDecoded,0.000919,0,10.6663,10664
7,1,200000,2237473,Q20,part,p_name,"%forest%",SSEDecoded,0.000673,0,10.1069,10737
7,1,200000,2237473,,part,p_name,"%blue%",SSEDecoded,0.000619,0,9.90792,10871
7,1,200000,2237473,,part,p_name,"dark %",SSEDecoded,0.000549,0,8.54038,2157
7,1,200000,2237473,,part,p_name,"%sky%blue%",SSEDecoded,0.000812,0,10.7817,250
7,1,200000,2237473,,part,p_name,"%firebrick%",SSEDecoded,0.000692,0,9.70931,10904
7,1,200000,821034,Q2,part,p_type,"%BRASS%",SSEDecoded,0.000765,0,10.2661,40058
7,1,200000,821034,Q14,part,p_type,"%PROMO%",SSEDecoded,0.000506,0,10.6389,33174
7,1,200000,821034,Q16,part,p_type,"MEDIUM POLISHED%",SSEDecoded,0.000441,0,8.80979,6710
7,1,200000,821034,,part,p_type,"%BRASS",SSEDecoded,0.000398,0,10.051,40058
7,1,200000,821034,,part,p_type,"%STEEL%",SSEDecoded,0.000606,0,10.8918,39683
7,1,200000,821034,,part,p_type,"PROMO %",SSEDecoded,0.000353,0,9.26866,33174
7,1,200000,821034,,part,p_type,"%NICKEL",SSEDecoded,0.000351,0,9.28535,40048
7,1,200000,821034,,part,p_type,"STANDARD %",SSEDecoded,0.000315,0,9.09902,33434
7,1,10000,194749,Q16,supplier,s_comment,"%Customer%Complaints",SSEDecoded,0.000732,0,0.514966,1
7,1,10000,194749,,supplier,s_comment,"Customer%Complaints%",SSEDecoded,0.000488,0,0.484295,2
7,1,10000,194749,,supplier,s_comment,"%usual%packages%",SSEDecoded,0.000623,0,0.691318,180
7,1,10000,194749,,supplier,s_comment,"%Recommends%",SSEDecoded,0.000379,0,0.630814,5
7,1,10000,194749,,supplier,s_comment,"Customer%Account%",SSEDecoded,0.000388,0,0.48749,0
7,10,15000000,229667600,Q13,orders,o_comment,"%special%requests%",SSEDecoded,0.000739,0,916.379,162417
7,10,15000000,229667600,,orders,o_comment,"%regular%deposits%",SSEDecoded,0.001894,0,960.803,397086
7,10,15000000,229667600,,orders,o_comment,"%unusual%packages%",SSEDecoded,0.001475,0,959.117,162134
7,10,15000000,229667600,,orders,o_comment,"%pending%",SSEDecoded,0.001656,0,928.687,1390407
7,10,2000000,22019783,Q9,part,p_name,"%green%",SSEDecoded,0.001419,0,105.238,108782
7,10,2000000,22019783,Q20,part,p_name,"%forest%",SSEDecoded,0.000977,0,106.757,108543
7,10,2000000,22019783,,part,p_name,"%blue%",SSEDecoded,0.000895,0,107.313,109206
7,10,2000000,22019783,,part,p_name,"dark %",SSEDecoded,0.000571,0,88.8269,21499
7,10,2000000,22019783,,part,p_name,"%sky%blue%",SSEDecoded,0.001077,0,108.199,2402
7,10,2000000,22019783,,part,p_name,"%firebrick%",SSEDecoded,0.001066,0,104.244,108930
7,10,2000000,8213633,Q2,part,p_type,"%BRASS%",SSEDecoded,0.000999,0,111.875,399587
7,10,2000000,8213633,Q14,part,p_type,"%PROMO%",SSEDecoded,0.000777,0,111.177,332975
7,10,2000000,8213633,Q16,part,p_type,"MEDIUM POLISHED%",SSEDecoded,0.000649,0,96.974,66879
7,10,2000000,8213633,,part,p_type,"%BRASS",SSEDecoded,0.000875,0,103.006,399587
7,10,2000000,8213633,,part,p_type,"%STEEL%",SSEDecoded,0.000854,0,112.463,399621
7,10,2000000,8213633,,part,p_type,"PROMO %",SSEDecoded,0.000582,0,101.504,332975
7,10,2000000,8213633,,part,p_type,"%NICKEL",SSEDecoded,0.000752,0,102.556,400819
7,10,2000000,8213633,,part,p_type,"STANDARD %",SSEDecoded,0.000596,0,96.6173,332405
7,10,100000,1960972,Q16,supplier,s_comment,"%Customer%Complaints",SSEDecoded,0.001155,0,5.30214,9
7,10,100000,1960972,,supplier,s_comment,"Customer%Complaints%",SSEDecoded,0.000712,0,5.05219,8
7,10,100000,1960972,,supplier,s_comment,"%usual%packages%",SSEDecoded,0.000945,0,6.51586,1804
7,10,100000,1960972,,supplier,s_comment,"%Recommends%",SSEDecoded,0.000629,0,5.69849,51
7,10,100000,1960972,,supplier,s_comment,"Customer%Account%",SSEDecoded,0.000617,0,4.85395,0
7,100,150000000,2346793956,Q13,orders,o_comment,"%special%requests%",SSEDecoded,0.001094,0,9505.41,1617637
7,100,150000000,2346793956,,orders,o_comment,"%regular%deposits%",SSEDecoded,0.001567,0,9952.18,3973055
7,100,150000000,2346793956,,orders,o_comment,"%unusual%packages%",SSEDecoded,0.00159,0,9326.18,1614963
7,100,150000000,2346793956,,orders,o_comment,"%pending%",SSEDecoded,0.001644,0,9110.49,13904481
7,100,20000000,228698483,Q9,part,p_name,"%green%",SSEDecoded,0.001538,0,1051.21,1087982
7,100,20000000,228698483,Q20,part,p_name,"%forest%",SSEDecoded,0.002084,0,1062.26,1086559
7,100,20000000,228698483,,part,p_name,"%blue%",SSEDecoded,0.001327,0,1020.34,1087619
7,100,20000000,228698483,,part,p_name,"dark %",SSEDecoded,0.001504,0,837.024,217370
7,100,20000000,228698483,,part,p_name,"%sky%blue%",SSEDecoded,0.001855,0,1020.14,23871
7,100,20000000,228698483,,part,p_name,"%firebrick%",SSEDecoded,0.001159,0,1022,1088629
7,100,20000000,66531845,Q2,part,p_type,"%BRASS%",SSEDecoded,0.001305,0,1168.43,3998906
7,100,20000000,66531845,Q14,part,p_type,"%PROMO%",SSEDecoded,0.001777,0,1165.49,3330760
7,100,20000000,66531845,Q16,part,p_type,"MEDIUM POLISHED%",SSEDecoded,0.00098,0,986.223,668356
7,100,20000000,66531845,,part,p_type,"%BRASS",SSEDecoded,0.001295,0,1004.23,3998906
7,100,20000000,66531845,,part,p_type,"%STEEL%",SSEDecoded,0.001752,0,1123.25,4001362
7,100,20000000,66531845,,part,p_type,"PROMO %",SSEDecoded,0.00089,0,1015.18,3330760
7,100,20000000,66531845,,part,p_type,"%NICKEL",SSEDecoded,0.001131,0,1061.22,3999978
7,100,20000000,66531845,,part,p_type,"STANDARD %",SSEDecoded,0.001575,0,1033.19,3333255
7,100,1000000,19710547,Q16,supplier,s_comment,"%Customer%Complaints",SSEDecoded,0.002524,0,55.7057,63
7,100,1000000,19710547,,supplier,s_comment,"Customer%Complaints%",SSEDecoded,0.000883,0,54.112,63
7,100,1000000,19710547,,supplier,s_comment,"%usual%packages%",SSEDecoded,0.001166,0,69.9261,18481
7,100,1000000,19710547,,supplier,s_comment,"%Recommends%",SSEDecoded,0.000927,0,64.7593,480
7,100,1000000,19710547,,supplier,s_comment,"Customer%Account%",SSEDecoded,0.00087,0,53.3446,0
7,1,1500000,22694323,Q13,orders,o_comment,"%special%requests%",VectorScan,0.924268,0,155.055,16082
7,1,1500000,22694323,,orders,o_comment,"%regular%deposits%",VectorScan,0.535815,0,190.66,39737
7,1,1500000,22694323,,orders,o_comment,"%unusual%packages%",VectorScan,0.451053,0,163.463,16213
7,1,1500000,22694323,,orders,o_comment,"%pending%",VectorScan,0.060572,0,121.079,139166
7,1,200000,2237473,Q9,part,p_name,"%green%",VectorScan,0.079324,0,13.626,10664
7,1,200000,2237473,Q20,part,p_name,"%forest%",VectorScan,0.049307,0,13.367,10737
7,1,200000,2237473,,part,p_name,"%blue%",VectorScan,0.044022,0,13.7552,10871
7,1,200000,2237473,,part,p_name,"dark %",VectorScan,0.185773,0,13.6457,2157
7,1,200000,2237473,,part,p_name,"%sky%blue%",VectorScan,0.392441,0,16.8812,250
7,1,200000,2237473,,part,p_name,"%firebrick%",VectorScan,0.05287,0,13.0896,10904
7,1,200000,821034,Q2,part,p_type,"%BRASS%",VectorScan,0.050476,0,15.3327,40058
7,1,200000,821034,Q14,part,p_type,"%PROMO%",VectorScan,0.043177,0,14.5191,33174
7,1,200000,821034,Q16,part,p_type,"MEDIUM POLISHED%",VectorScan,0.22958,0,12.474,6710
7,1,200000,821034,,part,p_type,"%BRASS",VectorScan,0.232952,0,18.3913,40058
7,1,200000,821034,,part,p_type,"%STEEL%",VectorScan,0.0496,0,16.4342,39683
7,1,200000,821034,,part,p_type,"PROMO %",VectorScan,0.171134,0,14.0025,33174
7,1,200000,821034,,part,p_type,"%NICKEL",VectorScan,0.210968,0,18.0475,40048
7,1,200000,821034,,part,p_type,"STANDARD %",VectorScan,0.172684,0,13.2877,33434
7,1,10000,194749,Q16,supplier,s_comment,"%Customer%Complaints",VectorScan,0.565966,0,0.988028,1
7,1,10000,194749,,supplier,s_comment,"Customer%Complaints%",VectorScan,0.455962,0,0.731977,2
7,1,10000,194749,,supplier,s_comment,"%usual%packages%",VectorScan,0.41676,0,1.38044,180
7,1,10000,194749,,supplier,s_comment,"%Recommends%",VectorScan,0.04807,0,0.904274,5
7,1,10000,194749,,supplier,s_comment,"Customer%Account%",VectorScan,0.413338,0,0.794449,0
7,10,15000000,229667600,Q13,orders,o_comment,"%special%requests%",VectorScan,0.47712,0,1521.36,162417
7,10,15000000,229667600,,orders,o_comment,"%regular%deposits%",VectorScan,0.535109,0,2013.71,397086
7,10,15000000,229667600,,orders,o_comment,"%unusual%packages%",VectorScan,0.560205,0,1662.21,162134
7,10,15000000,229667600,,orders,o_comment,"%pending%",VectorScan,0.109464,0,1218.77,1390407
7,10,2000000,22019783,Q9,part,p_name,"%green%",VectorScan,0.110184,0,144.622,108782
7,10,2000000,22019783,Q20,part,p_name,"%forest%",VectorScan,0.074658,0,148.348,108543
7,10,2000000,22019783,,part,p_name,"%blue%",VectorScan,0.094864,0,152,109206
7,10,2000000,22019783,,part,p_name,"dark %",VectorScan,0.224401,0,141.682,21499
7,10,2000000,22019783,,part,p_name,"%sky%blue%",VectorScan,0.468333,0,180.071,2402
7,10,2000000,22019783,,part,p_name,"%firebrick%",VectorScan,0.087698,0,141.704,108930
7,10,2000000,8213633,Q2,part,p_type,"%BRASS%",VectorScan,0.073886,0,160.956,399587
7,10,2000000,8213633,Q14,part,p_type,"%PROMO%",VectorScan,0.068689,0,158.328,332975
7,10,2000000,8213633,Q16,part,p_type,"MEDIUM POLISHED%",VectorScan,0.31507,0,136.976,66879
7,10,2000000,8213633,,part,p_type,"%BRASS",VectorScan,0.2751,0,199.753,399587
7,10,2000000,8213633,,part,p_type,"%STEEL%",VectorScan,0.066014,0,169.358,399621
7,10,2000000,8213633,,part,p_type,"PROMO %",VectorScan,0.199828,0,140.365,332975
7,10,2000000,8213633,,part,p_type,"%NICKEL",VectorScan,0.26785,0,199.742,400819
7,10,2000000,8213633,,part,p_type,"STANDARD %",VectorScan,0.221004,0,146.02,332405
7,10,100000,1960972,Q16,supplier,s_comment,"%Customer%Complaints",VectorScan,0.65632,0,10.7912,9
7,10,100000,1960972,,supplier,s_comment,"Customer%Complaints%",VectorScan,0.521451,0,8.24852,8
7,10,100000,1960972,,supplier,s_comment,"%usual%packages%",VectorScan,0.436815,0,13.3763,1804
7,10,100000,1960972,,supplier,s_comment,"%Recommends%",VectorScan,0.054373,0,8.89656,51
7,10,100000,1960972,,supplier,s_comment,"Customer%Account%",VectorScan,0.380882,0,7.98707,0
7,100,150000000,2346793956,Q13,orders,o_comment,"%special%requests%",VectorScan,0.423126,0,15699.6,1617637
7,100,150000000,2346793956,,orders,o_comment,"%regular%deposits%",VectorScan,0.593154,0,19767,3973055
7,100,150000000,2346793956,,orders,o_comment,"%unusual%packages%",VectorScan,0.623399,0,16901.8,1614963
7,100,150000000,2346793956,,orders,o_comment,"%pending%",VectorScan,0.128974,0,12419.9,13904481
7,100,20000000,228698483,Q9,part,p_name,"%green%",VectorScan,0.112694,0,1379.24,1087982
7,100,20000000,228698483,Q20,part,p_name,"%forest%",VectorScan,0.10539,0,1443.72,1086559
7,100,20000000,228698483,,part,p_name,"%blue%",VectorScan,0.108516,0,1496.84,1087619
7,100,20000000,228698483,,part,p_name,"dark %",VectorScan,0.24584,0,1324.74,217370
7,100,20000000,228698483,,part,p_name,"%sky%blue%",VectorScan,0.459187,0,1710.7,23871
7,100,20000000,228698483,,part,p_name,"%firebrick%",VectorScan,0.113965,0,1416.93,1088629
7,100,20000000,66531845,Q2,part,p_type,"%BRASS%",VectorScan,0.108683,0,1683.17,3998906
7,100,20000000,66531845,Q14,part,p_type,"%PROMO%",VectorScan,0.11194,0,1541.23,3330760
7,100,20000000,66531845,Q16,part,p_type,"MEDIUM POLISHED%",VectorScan,0.32141,0,1362.59,668356
7,100,20000000,66531845,,part,p_type,"%BRASS",VectorScan,0.30817,0,1975.11,3998906
7,100,20000000,66531845,,part,p_type,"%STEEL%",VectorScan,0.106032,0,1664.23,4001362
7,100,20000000,66531845,,part,p_type,"PROMO %",VectorScan,0.263618,0,1382.27,3330760
7,100,20000000,66531845,,part,p_type,"%NICKEL",VectorScan,0.340949,0,1947.31,3999978
7,100,20000000,66531845,,part,p_type,"STANDARD %",VectorScan,0.28494,0,1460.74,3333255
7,100,1000000,19710547,Q16,supplier,s_comment,"%Customer%Complaints",VectorScan,0.745209,0,106.712,63
7,100,1000000,19710547,,supplier,s_comment,"Customer%Complaints%",VectorScan,0.497312,0,82.5458,63
7,100,1000000,19710547,,supplier,s_comment,"%usual%packages%",VectorScan,0.42801,0,132.403,18481
7,100,1000000,19710547,,supplier,s_comment,"%Recommends%",VectorScan,0.063688,0,89.7366,480
7,100,1000000,19710547,,supplier,s_comment,"Customer%Account%",VectorScan,0.454569,0,81.1826,0
